{"type": "block", "layer": 1, "block": 0, "features": [{"geom": {"triangles": {"v": [-1.0727371503598988, 38.37212724983692, 3.0, -8.947737150359899, -15.627872750163078, 3.0, 8.817887849640101, 36.37212724983692, 3.0, 11.489762849640101, -18.62787275016308, 3.0, 21.6460128496401, 50.37212724983692, 3.0, 11.083512849640101, 51.37212724983692, 3.0], "f": [0, 1, 2, 2, 1, 3, 2, 3, 4, 5, 2, 4]}, "centroids": [[6.496411055151839, 14.089572113007307, 3.0]]}, "mtl": 0}], "featureCount": 1, "startIndex": 0}