{"type": "block", "layer": 1, "block": 0, "features": [{"geom": {"triangles": {"v": [-11.66827049019048, 4.991145584732294, 3.0, -12.57452049019048, -2.008854415267706, 3.0, 1.94110450980952, -4.008854415267706, 3.0, 2.92547950980952, 2.991145584732294, 3.0], "f": [0, 1, 2, 0, 2, 3]}, "centroids": [[-4.8404929203679785, 0.4796065930277109, 3.0]]}, "mtl": 0}], "featureCount": 1, "startIndex": 0}