{"type": "block", "layer": 1, "block": 0, "features": [{"geom": {"triangles": {"v": [-7.037563505698927, 5.871291778981686, 3.0, -7.896938505698927, -4.128708221018314, 3.0, 16.868686494301073, 3.8712917789816856, 3.0, 15.962436494301073, -6.128708221018314, 3.0], "f": [0, 1, 2, 1, 3, 2]}, "centroids": [[4.475218072795542, -0.4207866694778204, 3.0]]}, "mtl": 0}], "featureCount": 1, "startIndex": 0}