{"type": "block", "layer": 0, "block": 0, "features": [{"geom": {"polygons": [[[[-4.29649487286224, -6.1017940528690815], [-4.24349311349215, -5.530215723440051], [1.92048692406388, -6.1017940528690815], [-4.29649487286224, -6.1017940528690815]]]], "centroids": [[-2.206500354077434, -5.911267941817641, 3.0]], "h": 3.0}, "mtl": {"face": 0}}, {"geom": {"polygons": [[[[-6.101794052257901, -6.1017940528690815], [-6.101794052257901, -5.357897745445371], [-5.234817960328655, -5.4382913783192635], [-5.29634375180467, -6.1017940528690815], [-6.101794052257901, -6.1017940528690815]]]], "centroids": [[-5.691140571609139, -5.745024919509888, 3.0]], "h": 3.0}, "mtl": {"face": 0}}, {"geom": {"polygons": [[[[-6.101794052257901, -6.1017940528690815], [-6.101794052257901, -5.357897745445371], [-5.234817960328655, -5.4382913783192635], [-5.29634375180467, -6.1017940528690815], [-6.101794052257901, -6.1017940528690815]]]], "centroids": [[-5.691140571609139, -5.745024919509888, 6.0]], "h": 6.0}, "mtl": {"face": 1}}, {"geom": {"polygons": [[[[-3.0329717062413692, -5.642465893179178], [-1.9439408453181386, 6.1017940528690815], [-1.9375639364297967, 6.1017940528690815], [3.0329717062413692, 5.621878845617175], [1.9271254165214486, -6.1017940528690815], [1.92048692406388, -6.1017940528690815], [-3.0329717062413692, -5.642465893179178]]]], "centroids": [[-0.0045264820801094174, -0.0014275070279836655, 3.0]], "h": 3.0}, "mtl": {"face": 0}}], "featureCount": 4, "startIndex": 0}