{"type": "block", "layer": 0, "block": 0, "features": [{"geom": {"polygons": [[[[-4.255972841492621, -4.317094219848514], [-2.7228553661552723, 5.272428618744016], [-2.7196671312558465, 5.272428618744016], [4.255972841521725, 4.087407037615776], [2.700513518124353, -5.272428618744016], [2.696588427905226, -5.272428618744016], [-4.255972841492621, -4.317094219848514]]]], "centroids": [[-0.018034847307717428, -0.04873399995267391, 3.0]], "h": 3.0}, "mtl": {"face": 0}}, {"geom": {"polygons": [[[[3.0793911729124375, 5.272428618744016], [4.45290502437274, 5.272428618744016], [4.415193437074777, 5.045502556487918], [3.0793911729124375, 5.272428618744016]]]], "centroids": [[3.98249654477695, 5.1967865992337465, 3.0]], "h": 3.0}, "mtl": {"face": 0}}, {"geom": {"polygons": [[[[-5.272428619355196, -4.9275455288589], [-5.272428619355196, -4.678779654204845], [-3.663687062158715, 5.272428618744016], [3.0793911729124375, 5.272428618744016], [4.415193437074777, 5.045502556487918], [2.700513518124353, -5.272428618744016], [-3.4723270215908997, -5.272428618744016], [-5.272428619355196, -4.9275455288589]]]], "centroids": [[-0.4599915885482915, 0.016235031187534332, 6.0]], "h": 6.0}, "mtl": {"face": 1}}], "featureCount": 3, "startIndex": 0}