{"type": "block", "layer": 1, "block": 0, "features": [{"geom": {"triangles": {"v": [-4.536095062212553, 12.645517280325294, 3.0, -7.504845062212553, -5.3544827196747065, 3.0, 2.370154937787447, -7.3544827196747065, 3.0, 5.432654937787447, 11.645517280325294, 3.0], "f": [0, 1, 2, 0, 2, 3]}, "centroids": [[-1.0602568216854706, 2.8014863207936287, 3.0]]}, "mtl": 0}], "featureCount": 1, "startIndex": 0}