{"type": "block", "layer": 0, "block": 0, "features": [{"geom": {"polygons": [[[[-2.922372265573358, -5.332805385813117], [-1.8903136996959802, 5.766384186223149], [-1.8838420762040187, 5.766384186223149], [2.922372265573358, 5.334517238661647], [1.8901544081163593, -5.766384186223149], [1.883708302048035, -5.766384186223149], [-2.922372265573358, -5.332805385813117]]]], "centroids": [[2.202601172029972e-05, 0.00042241625487804413, 3.0]], "h": 3.0}, "mtl": {"face": 0}}], "featureCount": 1, "startIndex": 0}