{"type": "block", "layer": 1, "block": 0, "features": [{"geom": {"triangles": {"v": [-1.3417088135902304, 3.925737116485834, 3.0, -4.45108381359023, -13.074262883514166, 3.0, 4.72079118640977, 2.925737116485834, 3.0, 1.6582911864097696, -14.074262883514166, 3.0], "f": [0, 1, 2, 1, 3, 2]}, "centroids": [[0.14864488915191032, -5.194889618083835, 3.0]]}, "mtl": 0}], "featureCount": 1, "startIndex": 0}