{"type": "block", "layer": 1, "block": 0, "features": [{"geom": {"triangles": {"v": [-4.622460288315779, 11.237514276057482, 3.0, -4.466210288315779, -4.762485723942518, 3.0, 4.580664711684221, 11.237514276057482, 3.0, 4.549414711684221, -4.762485723942518, 3.0], "f": [0, 1, 2, 1, 3, 2]}, "centroids": [[0.023494281282182783, 2.972014581784606, 3.0]]}, "mtl": 0}], "featureCount": 1, "startIndex": 0}