{"type": "block", "layer": 1, "block": 0, "features": [{"geom": {"triangles": {"v": [-2.4851767546206247, 5.339702572673559, 3.0, -4.219551754620625, -4.660297427326441, 3.0, 4.311698245379375, 4.339702572673559, 3.0, 11.764823245379375, 3.339702572673559, 3.0, 20.514823245379375, -8.66029742732644, 3.0, 22.124198245379375, 1.3397025726735592, 3.0], "f": [0, 1, 2, 2, 1, 3, 3, 1, 4, 3, 4, 5]}, "centroids": [[8.995470786787337, -1.3536526523530483, 3.0]]}, "mtl": 0}], "featureCount": 1, "startIndex": 0}