{"type": "block", "layer": 0, "block": 0, "features": [{"geom": {"polygons": [[[[-5.229377010604367, 4.072043819352984], [-5.229377010604367, 4.112962864339352], [5.175799999909941, 3.3740000054240227], [5.229377010604367, -4.0406225156039], [5.229377010604367, -4.11296759173274], [-5.096899999858579, -3.4729999974370003], [-5.152899999986403, -1.9169999994337559], [-5.229377010604367, 4.072043819352984]]]], "centroids": [[0.0017079558747354895, -0.01989086903631687, 3.0]], "h": 3.0}, "mtl": {"face": 0}}], "featureCount": 1, "startIndex": 0}