{"type": "block", "layer": 1, "block": 0, "features": [{"geom": {"triangles": {"v": [-5.487775000045076, 11.455000005662441, 3.0, -5.222150000045076, 4.455000005662441, 3.0, 5.074724999954924, 10.455000005662441, 3.0, 5.168474999954924, 3.4550000056624413, 3.0, -5.159650000045076, -1.5449999943375587, 3.0, 5.230974999954924, -4.544999994337559, 3.0, -5.097150000045076, -3.5449999943375587, 3.0], "f": [0, 1, 2, 2, 1, 3, 1, 4, 3, 3, 4, 5, 5, 4, 6]}, "centroids": [[-0.05313364675384946, 3.758482553064823, 3.0]]}, "mtl": 0}], "featureCount": 1, "startIndex": 0}