{"type": "block", "layer": 0, "block": 0, "features": [{"geom": {"polygons": [[[[-10.752444772137096, -2.887454880401492], [-10.752444772137096, -0.4555831830948591], [-10.538146291248268, -0.4325028397142887], [-10.059424187173136, 1.9361852258443832], [-10.312814187811455, 2.0473000649362803], [-9.304852732893778, 6.922853644937277], [-8.809520124137634, 6.821562418714166], [10.752444772137096, 2.8952007833868265], [10.752444772137096, 2.8898560497909784], [8.716296264290577, -6.821562418714166], [-10.752444772137096, -2.887454880401492]]]], "centroids": [[-0.206221372471191, 0.06032605655491352, 6.0]], "h": 6.0}, "mtl": {"face": 0}}, {"geom": {"polygons": [[[[-10.752444772137096, -2.887454880401492], [-10.752444772137096, -2.881867015734315], [-8.809520124137634, 6.821562418714166], [10.752444772137096, 2.8952007833868265], [10.752444772137096, 2.8898560497909784], [8.716296264290577, -6.821562418714166], [-10.752444772137096, -2.887454880401492]]]], "centroids": [[-0.01829294828348793, 0.004727613180875778, 3.0]], "h": 3.0}, "mtl": {"face": 1}}], "featureCount": 2, "startIndex": 0}