{"type": "block", "layer": 1, "block": 0, "features": [{"geom": {"triangles": {"v": [-8.812495124147972, 6.72356241941452, 3.0, -10.749995124147972, -3.2764375805854797, 3.0, 8.718754875852028, -7.27643758058548, 3.0, 10.750004875852028, 2.7235624194145203, 3.0], "f": [0, 1, 2, 0, 2, 3]}, "centroids": [[-0.018288356193806976, 0.004736289381980896, 3.0]]}, "mtl": 0}], "featureCount": 1, "startIndex": 0}