{"type": "block", "layer": 0, "block": 0, "features": [{"geom": {"polygons": [[[[-6.294222873984836, -0.6520522106438875], [-6.294222873984836, -0.6491033062338829], [-5.420232103351736, 3.2512963227927685], [6.294222873984836, 0.6520522125065327], [6.294222873984836, 0.649103308096528], [5.420232103293529, -3.2512963209301233], [-6.294222873984836, -0.6520522106438875]]]], "centroids": [[0.0, -1.862645149230957e-09, 3.0]], "h": 3.0}, "mtl": {"face": 0}}, {"geom": {"polygons": [[[[-6.294222873984836, -0.6491033062338829], [-6.294222873984836, 3.4452204424887896], [-5.420232103351736, 3.2512963227927685], [-6.294222873984836, -0.6491033062338829]]]], "centroids": [[-6.00289261713624, 2.015804486349225, 3.0]], "h": 3.0}, "mtl": {"face": 0}}], "featureCount": 2, "startIndex": 0}