{"type": "block", "layer": 1, "block": 0, "features": [{"geom": {"triangles": {"v": [-12.403517896716949, 8.991703677922487, 3.0, -14.153517896716949, 0.9917036779224873, 3.0, 5.424607103283051, -3.0082963220775127, 3.0, 7.205857103283051, 4.991703677922487, 3.0], "f": [0, 1, 2, 0, 2, 3]}, "centroids": [[-3.4830770945409313, 2.9028438962996006, 3.0]]}, "mtl": 0}], "featureCount": 1, "startIndex": 0}