{"type": "block", "layer": 0, "block": 0, "features": [{"geom": {"polygons": [[[[-4.429238700133283, -6.343835588544607], [-4.403500000742497, -6.074548216536641], [-3.1813633675919846, 6.7118769604712725], [4.481423128308961, 6.7118769604712725], [4.403499999258202, 6.034451784566045], [4.403500000713393, 5.934451784938574], [3.1965640622074716, -6.7118769604712725], [-4.249193370487774, -6.7118769604712725], [-4.3214465218479745, -6.629928730428219], [-4.388575919001596, -6.4980160892009735], [-4.429238700133283, -6.343835588544607]]]], "centroids": [[0.008322622306877747, 0.0015777722001075745, 6.0]], "h": 6.0}, "mtl": {"face": 0}}, {"geom": {"polygons": [[[[-4.429238700133283, -6.343835588544607], [-4.403500000742497, -6.074548216536641], [-3.1813633675919846, 6.7118769604712725], [4.481423128308961, 6.7118769604712725], [4.403499999258202, 6.034451784566045], [4.403500000713393, 5.934451784938574], [3.1965640622074716, -6.7118769604712725], [-4.249193370487774, -6.7118769604712725], [-4.3214465218479745, -6.629928730428219], [-4.388575919001596, -6.4980160892009735], [-4.429238700133283, -6.343835588544607]]]], "centroids": [[0.008322622306877747, 0.0015777722001075745, 9.0]], "h": 9.0}, "mtl": {"face": 1}}, {"geom": {"polygons": [[[[-4.429238700133283, -6.343835588544607], [-4.403500000742497, -6.074548216536641], [-3.1813633675919846, 6.7118769604712725], [4.481423128308961, 6.7118769604712725], [4.403499999258202, 6.034451784566045], [4.403500000713393, 5.934451784938574], [3.1965640622074716, -6.7118769604712725], [-4.249193370487774, -6.7118769604712725], [-4.3214465218479745, -6.629928730428219], [-4.388575919001596, -6.4980160892009735], [-4.429238700133283, -6.343835588544607]]]], "centroids": [[0.008322622306877747, 0.0015777722001075745, 12.0]], "h": 12.0}, "mtl": {"face": 2}}, {"geom": {"polygons": [[[[-4.403500000742497, -6.074548216536641], [-3.1813633675919846, 6.7118769604712725], [-3.173790939588798, 6.7118769604712725], [4.403499999258202, 6.034451784566045], [4.403500000713393, 5.934451784938574], [3.1965640622074716, -6.7118769604712725], [3.1885038644832093, -6.7118769604712725], [-4.403500000742497, -6.074548216536641]]]], "centroids": [[0.004082289553480223, -0.010341834276914597, 3.0]], "h": 3.0}, "mtl": {"face": 3}}], "featureCount": 4, "startIndex": 0}