{"type": "block", "layer": 1, "block": 0, "features": [{"geom": {"triangles": {"v": [-3.1540610867668875, 5.401964467018843, 3.0, -4.7634360867668875, -4.598035532981157, 3.0, 18.470938913233113, -7.598035532981157, 3.0, 20.049063913233113, 2.4019644670188427, 3.0], "f": [0, 1, 2, 0, 2, 3]}, "centroids": [[7.6034562258573715, -1.0499982424080372, 3.0]]}, "mtl": 0}], "featureCount": 1, "startIndex": 0}