{"type": "block", "layer": 1, "block": 0, "features": [{"geom": {"triangles": {"v": [-0.7809297927014995, 14.2322598695755, 3.0, -4.5934297927014995, -4.7677401304244995, 3.0, 5.2346952072985005, -6.7677401304244995, 3.0, 9.5003202072985, 12.2322598695755, 3.0], "f": [0, 1, 2, 0, 2, 3]}, "centroids": [[2.3592385655501857, 4.182041333988309, 3.0]]}, "mtl": 0}], "featureCount": 1, "startIndex": 0}