{"type": "block", "layer": 1, "block": 0, "features": [{"geom": {"triangles": {"v": [6.15448143746471, 1.7094649784266949, 3.0, -17.75176856253529, 9.709464978426695, 3.0, -19.72051856253529, -0.29053502157330513, 3.0, 6.88885643746471, 3.709464978426695, 3.0, 6.73260643746471, 1.7094649784266949, 3.0, 6.63885643746471, 1.7094649784266949, 3.0, 5.46698143746471, -2.290535021573305, 3.0, 5.43573143746471, -7.290535021573305, 3.0, 5.81073143746471, -2.290535021573305, 3.0, 5.93573143746471, -2.290535021573305, 3.0], "f": [0, 1, 2, 0, 3, 1, 3, 0, 4, 4, 0, 5, 0, 2, 6, 2, 7, 6, 6, 7, 8, 6, 8, 9]}, "centroids": [[-6.464027269859798, 1.3877526354044676, 3.0]]}, "mtl": 0}], "featureCount": 1, "startIndex": 0}