{"type": "block", "layer": 0, "block": 0, "features": [{"geom": {"polygons": [[[[-6.874290783714969, -0.7075120154768229], [-6.874290783714969, -0.6838021390140057], [-6.709021720220335, 5.013224605470896], [6.874290783714969, 5.338208166882396], [6.874290783714969, 5.333667146041989], [5.553978279756848, -3.4187753945589066], [3.58049276919337, -3.2187826577574015], [3.338978279964067, -5.194775395095348], [-2.3925579045317136, -5.338224615901709], [-2.3229765894648153, -0.7802571095526218], [-6.874290783714969, -0.7075120154768229]]]], "centroids": [[0.2873217294109054, 0.7648076470941305, 3.0]], "h": 3.0}, "mtl": {"face": 0}}, {"geom": {"polygons": [[[[-6.874290783714969, -0.7075120154768229], [-6.874290783714969, -0.6838021390140057], [-6.812509012816008, 1.4458910636603832], [-6.874290783714969, 1.4458910636603832], [-6.874290783714969, 5.005246097221971], [-6.70902172033675, 5.0132246017456055], [6.874290783714969, 5.338208155706525], [6.874290783714969, 5.333667146041989], [5.553978279756848, -3.4187753945589066], [5.2530428058234975, -4.8056244645267725], [4.737739522766788, -5.423272579908371], [4.070652234368026, -5.856547616422176], [3.519978279742645, -5.9937753938138485], [2.6602664035744965, -6.042505394667387], [1.7366670583724044, -5.691347550600767], [1.119503207883099, -5.250324545428157], [1.1193787761440035, -6.033310119062662], [-2.9727330307359807, -6.102012939751148], [-2.936176797375083, -0.7704561371356249], [-6.874290783714969, -0.7075120154768229]]]], "centroids": [[0.33611986960750073, 0.2677769735455513, 6.0]], "h": 6.0}, "mtl": {"face": 1}}, {"geom": {"polygons": [[[[-6.874290783714969, 1.4458910636603832], [-6.874290783714969, 5.0052461717277765], [-6.7090217204531655, 5.0132246017456055], [6.874290783714969, 5.338208155706525], [6.874290783714969, 5.333667146041989], [5.553978279756848, -3.4187753945589066], [2.6146638423379045, -3.060061566531658], [3.213628698111279, 1.4462038725614548], [-6.812509012816008, 1.4458910636603832], [-6.874290783714969, 1.4458910636603832]]]], "centroids": [[0.9426354798779357, 2.393821768462658, 9.0]], "h": 9.0}, "mtl": {"face": 2}}], "featureCount": 3, "startIndex": 0}