{"type": "block", "layer": 1, "block": 0, "features": [{"geom": {"triangles": {"v": [-6.716271720244549, 5.3642246052622795, 3.0, -6.981896720244549, -4.6357753947377205, 3.0, -5.575646720244549, -5.6357753947377205, 3.0, 3.346228279755451, -5.6357753947377205, 3.0, 5.549353279755451, -3.6357753947377205, 3.0, 6.877478279755451, 5.3642246052622795, 3.0], "f": [0, 1, 2, 0, 2, 3, 0, 3, 4, 5, 0, 4]}, "centroids": [[-0.4171890220895875, 0.1072472333908081, 3.0]]}, "mtl": 0}], "featureCount": 1, "startIndex": 0}