{"type": "block", "layer": 0, "block": 0, "features": [{"geom": {"polygons": [[[[-4.087661699188175, 1.1228445637971163], [-4.087661699188175, 4.0205535758286715], [-3.019655879761558, 3.798751974478364], [-3.600952715263702, 1.020713808014989], [-4.087661699188175, 1.1228445637971163]]]], "centroids": [[-3.6808433174155653, 2.6675086300820112, 3.0]], "h": 3.0}, "mtl": {"face": 0}}, {"geom": {"polygons": [[[[-4.087661699188175, -1.307331070303917], [-4.087661699188175, -1.3052856642752886], [-3.019655879761558, 3.798751974478364], [4.087661699188175, 2.3227165564894676], [4.087661699188175, 2.320670621469617], [2.8119778152322397, -3.798751972615719], [-0.7712012643751223, -3.0643026307225227], [-0.5618076860264409, -2.0982566569000483], [-4.087661699188175, -1.307331070303917]]]], "centroids": [[0.09900804903008975, 0.18933432921767235, 3.0]], "h": 3.0}, "mtl": {"face": 0}}, {"geom": {"polygons": [[[[-4.087661699188175, -1.3049522563815117], [-4.087661699188175, 0.8920322544872761], [-3.460255107813282, 3.8902548607438803], [4.087661699188175, 2.3227165564894676], [4.087661699188175, -0.1292326059192419], [3.3017678771575447, -3.8991449419409037], [-0.7712012643751223, -3.0643026307225227], [-0.5618076860264409, -2.0982566569000483], [-4.087661699188175, -1.3049522563815117]]]], "centroids": [[0.13731081859441474, 0.17034458927810192, 6.0]], "h": 6.0}, "mtl": {"face": 1}}, {"geom": {"polygons": [[[[-4.087661699188175, -1.3042724840342999], [-4.087661699188175, 1.6241896320134401], [-3.6071041190589312, 3.9207522086799145], [4.087661699188175, 2.3227165564894676], [4.087661699188175, -0.1292326059192419], [3.30176787727396, -3.8991449419409037], [2.8119778152322397, -3.798751972615719], [-0.7712012643751223, -3.0643026307225227], [-0.5618076860264409, -2.0982566569000483], [-4.087661699188175, -1.3042724840342999]]]], "centroids": [[0.10301973228342831, 0.19131817109882832, 9.0]], "h": 9.0}, "mtl": {"face": 2}}], "featureCount": 4, "startIndex": 0}