{"type": "block", "layer": 0, "block": 0, "features": [{"geom": {"polygons": [[[[-2.2217627034406178, -1.9905727077275515], [-1.2054871316358913, 2.700525103136897], [-1.2041253467323259, 2.700525103136897], [2.2217627034406178, 1.9905727077275515], [1.2054871317523066, -2.700525103136897], [1.2041253468487412, -2.700525103136897], [-2.2217627034406178, -1.9905727077275515]]]], "centroids": [[5.820766091346741e-11, 0.0, 3.0]], "h": 3.0}, "mtl": {"face": 0}}, {"geom": {"polygons": [[[[-2.375566206581425, -2.700525103136897], [-2.2217627034406178, -1.9905727077275515], [1.2041253466450144, -2.700525103136897], [-2.375566206581425, -2.700525103136897]]]], "centroids": [[-1.1310678544687107, -2.463874304667115, 3.0]], "h": 3.0}, "mtl": {"face": 0}}], "featureCount": 2, "startIndex": 0}