{"type": "block", "layer": 0, "block": 0, "features": [{"geom": {"polygons": [[[[-9.729085584083805, -0.8087284713983536], [-9.729085584083805, -0.8055394701659679], [-7.1796585897682235, 6.657612169161439], [9.729085584083805, 1.2147476002573967], [9.729085584083805, 1.2116514816880226], [6.97770816468983, -6.657612169161439], [-9.729085584083805, -0.8087284713983536]]]], "centroids": [[0.027785378915723413, 0.07756001688539982, 3.0]], "h": 3.0}, "mtl": {"face": 0}}, {"geom": {"polygons": [[[[-9.729085584083805, -0.8087284713983536], [-9.729085584083805, 1.581800201907754], [-9.486213405500166, 2.284782636910677], [-9.064074830996105, 2.1389387156814337], [-8.393542391597293, 4.079764261841774], [-8.815680963598425, 4.225608181208372], [-7.93455858976813, 6.91161216981709], [-7.1796585897682235, 6.657612169161439], [9.729085584083805, 1.2147476002573967], [9.729085584083805, 1.2116514816880226], [6.97770816468983, -6.657612169161439], [-9.729085584083805, -0.8087284713983536]]]], "centroids": [[-0.2215187749825418, 0.18106178753077984, 6.0]], "h": 6.0}, "mtl": {"face": 1}}, {"geom": {"polygons": [[[[-2.5372818044852465, -3.3265080358833075], [-0.029262428724905476, 4.355925094336271], [9.729085584083805, 1.2147476002573967], [9.729085584083805, 1.2116514816880226], [6.97770816468983, -6.657612169161439], [-2.5372818044852465, -3.3265080358833075]]]], "centroids": [[3.564177639549598, -1.1010169833898544, 9.0]], "h": 9.0}, "mtl": {"face": 2}}, {"geom": {"polygons": [[[[-9.729085584083805, -0.8087284713983536], [-9.729085584083805, 1.581800201907754], [-9.486213405500166, 2.284782636910677], [-9.064074830996105, 2.1389387156814337], [-8.393542391597293, 4.079764261841774], [-8.815680963598425, 4.225608181208372], [-7.93455858976813, 6.91161216981709], [-7.1796585897682235, 6.657612169161439], [-0.029262428812216967, 4.355925094336271], [-2.537281804252416, -3.3265080358833075], [-9.729085584083805, -0.8087284713983536]]]], "centroids": [[-5.103675273043336, 1.8344720229506493, 9.0]], "h": 9.0}, "mtl": {"face": 2}}], "featureCount": 4, "startIndex": 0}