{"type": "block", "layer": 1, "block": 0, "features": [{"geom": {"triangles": {"v": [-7.172833589778747, 6.681612169370055, 3.0, -9.735333589778747, -0.3183878306299448, 3.0, 6.983416410221253, -6.318387830629945, 3.0, 9.733416410221253, 1.6816121693700552, 3.0], "f": [0, 1, 2, 3, 0, 2]}, "centroids": [[0.027781259414041415, 0.07754241675138474, 3.0]]}, "mtl": 0}], "featureCount": 1, "startIndex": 0}