{"type": "block", "layer": 0, "block": 0, "features": [{"geom": {"polygons": [[[[-10.055317332415143, 1.7830244973301888], [-10.055317332415143, 1.7880641669034958], [-9.146677035692846, 6.159500000998378], [10.055317332415143, 1.7907287999987602], [10.055317332415143, 1.7855496760457754], [8.441322964732535, -6.159499999135733], [-7.554621347138891, -2.252068281173706], [-6.841142253309954, 1.1386469285935163], [-10.055317332415143, 1.7830244973301888]]]], "centroids": [[0.36637439724290743, 0.08301735110580921, 3.0]], "h": 3.0}, "mtl": {"face": 0}}, {"geom": {"polygons": [[[[-10.055317332415143, 1.7830244973301888], [-10.055317332415143, 1.788064168766141], [-9.146677035285393, 6.159500000998378], [-9.048677035258152, 6.642500001937151], [-5.258438739751, 5.775523221120238], [-5.356517201609677, 5.297175973653793], [-5.356487168202875, 5.297182684764266], [-5.131228150363313, 5.342166937887669], [-4.605153225187678, 5.406549956649542], [-4.07522682895069, 5.415382541716099], [-3.547298497229349, 5.368567196652293], [-3.02719570993213, 5.266620688140392], [-2.520659566129325, 5.110668338835239], [-2.033281408948824, 4.90243161842227], [-1.5704411142796744, 4.644209112972021], [-1.1343378334422596, 4.336560357362032], [-1.036257698549889, 4.8149072248488665], [2.689176511892583, 3.967309346422553], [2.5910963770293165, 3.4889624789357185], [3.0814050709595904, 3.5870099142193794], [3.5797170857258607, 3.628060322254896], [4.079445206443779, 3.611573802307248], [4.573968028562376, 3.537768801674247], [5.0567331183410715, 3.4076232369989157], [5.521343833854189, 3.2228615432977676], [5.961644071765477, 2.985931806266308], [6.3717998530191835, 2.6999733559787273], [6.492768023774261, 2.601267669349909], [6.590848158521112, 3.0796145368367434], [10.055317332415143, 2.2913905195891857], [10.055317332415143, -0.49888872541487217], [9.995683446904877, -0.7243650145828724], [9.80972025776282, -1.1992520447820425], [9.569873598957201, -1.649333793669939], [9.267322782921838, -2.0931636784225702], [9.72560492195771, -2.184218041598797], [8.899496897560311, -6.261479711160064], [8.441322964645224, -6.159499999135733], [-7.554621347167995, -2.252068281173706], [-6.841142253309954, 1.1386469285935163], [-10.055317332415143, 1.7830244973301888]]]], "centroids": [[0.5394424344704021, 0.24381094239652157, 6.0]], "h": 6.0}, "mtl": {"face": 1}}, {"geom": {"polygons": [[[[-10.055317332415143, 1.7830244973301888], [-10.055317332415143, 1.788064168766141], [-9.146677035256289, 6.159500000998378], [-9.048677035229048, 6.642500001937151], [-5.258438739721896, 5.775523221120238], [-5.356517201580573, 5.297175973653793], [-5.356487168173771, 5.297182684764266], [-5.131228150334209, 5.342166937887669], [-4.605153225158574, 5.406549956649542], [-4.075226828921586, 5.415382541716099], [-3.547298497200245, 5.368567196652293], [-3.027195709903026, 5.266620688140392], [-2.520659566100221, 5.110668338835239], [-2.03328140891972, 4.90243161842227], [-1.5704411142505705, 4.644209112972021], [-1.1343378334131557, 4.336560357362032], [-1.0362576985207852, 4.8149072248488665], [2.689176511921687, 3.967309346422553], [2.5910963770584203, 3.4889624789357185], [3.081405070988694, 3.5870099142193794], [3.5797170857549645, 3.628060322254896], [4.079445206472883, 3.611573802307248], [4.57396802859148, 3.537768801674247], [5.056733118370175, 3.4076232369989157], [5.521343833883293, 3.2228615432977676], [5.961644071794581, 2.985931806266308], [6.371799853048287, 2.6999733559787273], [6.4927680238033645, 2.601267669349909], [6.590848158550216, 3.0796145368367434], [10.055317332415143, 2.2913905195891857], [10.055317332415143, -0.49888872541487217], [9.995683446933981, -0.7243650145828724], [9.809720257791923, -1.1992520447820425], [9.569873598986305, -1.649333793669939], [9.267322782950941, -2.0931636784225702], [9.725604921986815, -2.184218041598797], [8.899496897589415, -6.261479711160064], [8.441322964674328, -6.159499999135733], [-7.554621347138891, -2.252068281173706], [-6.84114225328085, 1.1386469285935163], [-10.055317332415143, 1.7830244973301888]]]], "centroids": [[0.5394424344412982, 0.24381094239652157, 9.0]], "h": 9.0}, "mtl": {"face": 2}}, {"geom": {"polygons": [[[[-10.055317332415143, 1.7830244973301888], [-10.055317332415143, 1.788064168766141], [-9.146677035285393, 6.159500000998378], [-9.048677035258152, 6.642500001937151], [-5.258438739751, 5.775523221120238], [-5.356517201609677, 5.297175973653793], [-5.356487168202875, 5.297182684764266], [-5.131228150363313, 5.342166937887669], [-4.605153225187678, 5.406549956649542], [-4.07522682895069, 5.415382541716099], [-3.547298497229349, 5.368567196652293], [-3.02719570993213, 5.266620688140392], [-2.520659566129325, 5.110668338835239], [-2.033281408948824, 4.90243161842227], [-1.5704411142796744, 4.644209112972021], [-1.1343378334422596, 4.336560357362032], [-1.036257698549889, 4.8149072248488665], [2.689176511892583, 3.967309346422553], [2.5910963770293165, 3.4889624789357185], [3.0814050709595904, 3.5870099142193794], [3.5797170857258607, 3.628060322254896], [4.079445206443779, 3.611573802307248], [4.573968028562376, 3.537768801674247], [5.0567331183410715, 3.4076232369989157], [5.521343833854189, 3.2228615432977676], [5.961644071765477, 2.985931806266308], [6.3717998530191835, 2.6999733559787273], [6.492768023774261, 2.601267669349909], [6.590848158521112, 3.0796145368367434], [10.055317332415143, 2.2913905195891857], [10.055317332415143, -0.49888872541487217], [9.995683446904877, -0.7243650145828724], [9.80972025776282, -1.1992520447820425], [9.569873598957201, -1.649333793669939], [9.267322782921838, -2.0931636784225702], [9.72560492195771, -2.184218041598797], [8.899496897560311, -6.261479711160064], [8.441322964645224, -6.159499999135733], [-7.554621347167995, -2.252068281173706], [-6.841142253309954, 1.1386469285935163], [-10.055317332415143, 1.7830244973301888]]]], "centroids": [[0.5394424344704021, 0.24381094239652157, 12.0]], "h": 12.0}, "mtl": {"face": 3}}, {"geom": {"polygons": [[[[-10.055317332415143, 1.7830244973301888], [-10.055317332415143, 1.788064168766141], [-9.146677035285393, 6.159500000998378], [-9.048677035258152, 6.642500001937151], [-5.258438739751, 5.775523221120238], [-5.356517201609677, 5.297175973653793], [-5.356487168202875, 5.297182684764266], [-5.131228150363313, 5.342166937887669], [-4.605153225187678, 5.406549956649542], [-4.07522682895069, 5.415382541716099], [-3.547298497229349, 5.368567196652293], [-3.02719570993213, 5.266620688140392], [-2.520659566129325, 5.110668338835239], [-2.033281408948824, 4.90243161842227], [-1.5704411142796744, 4.644209112972021], [-1.1343378334422596, 4.336560357362032], [-1.036257698549889, 4.8149072248488665], [2.689176511892583, 3.967309346422553], [2.591096377116628, 3.4889624789357185], [1.7202600157179404, -0.7581956852227449], [0.986178951949114, -4.338384244590998], [-7.554621347167995, -2.252068281173706], [-6.841142253309954, 1.1386469285935163], [-10.055317332415143, 1.7830244973301888]]]], "centroids": [[-3.414705761766527, 1.334147285670042, 15.0]], "h": 15.0}, "mtl": {"face": 4}}], "featureCount": 5, "startIndex": 0}