{"type": "block", "layer": 1, "block": 0, "features": [{"geom": {"triangles": {"v": [-9.150302035268396, 5.684500001370907, 3.0, -10.728427035268396, -1.3154999986290932, 3.0, 10.052822964731604, 1.6845000013709068, 3.0, 8.443447964731604, -6.315499998629093, 3.0], "f": [0, 1, 2, 1, 3, 2]}, "centroids": [[-0.2829234619275667, 0.06272363290190697, 3.0]]}, "mtl": 0}], "featureCount": 1, "startIndex": 0}