{"type": "block", "layer": 1, "block": 0, "features": [{"geom": {"triangles": {"v": [14.921264977368992, -0.3194028064608574, 3.0, -4.797485022631008, 7.680597193539143, 3.0, -6.766235022631008, -5.319402806460857, 3.0, 15.311889977368992, 2.6805971935391426, 3.0, 15.624389977368992, 4.680597193539143, 3.0, 14.843139977368992, -4.319402806460857, 3.0, 15.155639977368992, -8.319402806460857, 3.0], "f": [0, 1, 2, 1, 0, 3, 1, 3, 4, 0, 2, 5, 5, 2, 6]}, "centroids": [[4.643915775872301, -0.574979754164815, 3.0]]}, "mtl": 0}], "featureCount": 1, "startIndex": 0}