{"type": "block", "layer": 0, "block": 0, "features": [{"geom": {"polygons": [[[[-5.307250205281889, -2.9354281928390265], [-5.307250205281889, -2.9326921235769987], [-3.7221118987945374, 4.888620607554913], [5.307250205281889, 2.8474993761628866], [5.307250205281889, 2.845051670446992], [3.5437809831055347, -4.888620607554913], [-5.307250205281889, -2.9354281928390265]]]], "centroids": [[-0.04603915920597501, -0.007353359833359718, 3.0]], "h": 3.0}, "mtl": {"face": 0}}, {"geom": {"polygons": [[[[-5.307250205281889, -2.9354281928390265], [-5.307250205281889, -2.9326921235769987], [-3.7221118987945374, 4.888620607554913], [5.307250205281889, 2.8474993780255318], [5.307250205281889, 0.03946268931031227], [4.132509717484936, -5.018537729978561], [-5.307250205281889, -2.9354281928390265]]]], "centroids": [[0.19615116811473854, -0.0953565239906311, 6.0]], "h": 6.0}, "mtl": {"face": 1}}, {"geom": {"polygons": [[[[-4.1435512964380905, 2.8091747239232063], [-3.7221118987945374, 4.888620607554913], [5.307250205281889, 2.8474993780255318], [5.307250205281889, 0.03946268931031227], [4.132509717484936, -5.018537729978561], [-0.9699468190956395, -3.8925582598894835], [0.29410973080666736, 1.8356044441461563], [-4.1435512964380905, 2.8091747239232063]]]], "centroids": [[1.6148917337413877, 0.13356197625398636, 9.0]], "h": 9.0}, "mtl": {"face": 2}}], "featureCount": 3, "startIndex": 0}