{"type": "block", "layer": 0, "block": 0, "features": [{"geom": {"polygons": [[[[-6.256702002836391, 0.3997913748025894], [0.6916222688741982, 6.257143270224333], [2.196167274058098, 7.525456201285124], [2.197623741463758, 7.525456201285124], [6.256702002836391, 2.105679839849472], [3.5973555661039427, 0.021318502724170685], [5.557118943950627, -2.5953957866877317], [-0.6037618865957484, -7.525456201285124], [-0.6052390976983588, -7.525456201285124], [-6.256702002836391, 0.3997913748025894]]]], "centroids": [[0.3606308123562485, 0.007014285773038864, 3.0]], "h": 3.0}, "mtl": {"face": 0}}, {"geom": {"polygons": [[[[-6.263990517996717, -0.008087452501058578], [-6.256702037586365, 0.39979141019284725], [0.6916222703002859, 6.257143272086978], [2.1961672711768188, 7.525456201285124], [2.197623742191354, 7.525456201285124], [6.256702002108796, 2.105679841712117], [3.597355565056205, 0.021318504586815834], [5.557118942786474, -2.5953957848250866], [-0.6037618906411808, -7.525456201285124], [-1.5937333985348232, -7.525456201285124], [-1.7351694305543788, -7.470885934308171], [-1.9309976415825076, -7.358071241527796], [-2.1276840817008633, -7.19679955765605], [-5.23521051555872, -2.826173985376954], [-5.538062690320658, -2.400223156437278], [-5.772591326123802, -1.9828342758119106], [-5.972549173544394, -1.5199076645076275], [-6.123045227432158, -1.03403852134943], [-6.221207897877321, -0.5288256965577602], [-6.263990517996717, -0.008087452501058578]]]], "centroids": [[0.03193525646929629, -0.32255908101797104, 6.0]], "h": 6.0}, "mtl": {"face": 1}}, {"geom": {"polygons": [[[[-6.263990517996717, -0.008087452501058578], [-6.256702037586365, 0.39979141019284725], [0.6916222703002859, 6.257143272086978], [2.1961672711768188, 7.525456201285124], [2.197623742191354, 7.525456201285124], [6.256702002108796, 2.105679841712117], [3.597355565056205, 0.021318504586815834], [5.557118942786474, -2.5953957848250866], [-0.6037618906411808, -7.525456201285124], [-1.5937333985348232, -7.525456201285124], [-1.7351694305543788, -7.470885934308171], [-1.9309976415825076, -7.358071241527796], [-2.1276840817008633, -7.19679955765605], [-5.23521051555872, -2.826173985376954], [-5.538062690320658, -2.400223156437278], [-5.772591326123802, -1.9828342758119106], [-5.972549173544394, -1.5199076645076275], [-6.123045227432158, -1.03403852134943], [-6.221207897877321, -0.5288256965577602], [-6.263990517996717, -0.008087452501058578]]]], "centroids": [[0.03193525646929629, -0.32255908101797104, 9.0]], "h": 9.0}, "mtl": {"face": 2}}, {"geom": {"polygons": [[[[-6.2639905172691215, -0.008087452501058578], [-6.256702036858769, 0.39979141019284725], [0.6916222703002859, 6.257143272086978], [2.1961672719044145, 7.525456201285124], [2.1976237429189496, 7.525456201285124], [6.256702002836391, 2.105679841712117], [3.5973555657838006, 0.021318504586815834], [5.5571189435140695, -2.5953957848250866], [-0.603761889913585, -7.525456201285124], [-1.5937333978072274, -7.525456201285124], [-1.735169429826783, -7.470885934308171], [-1.9309976408549119, -7.358071241527796], [-2.1276840809732676, -7.19679955765605], [-5.235210514831124, -2.826173985376954], [-5.538062689593062, -2.400223156437278], [-5.772591325396206, -1.9828342758119106], [-5.972549172816798, -1.5199076645076275], [-6.123045226704562, -1.03403852134943], [-6.221207897149725, -0.5288256965577602], [-6.2639905172691215, -0.008087452501058578]]]], "centroids": [[0.031935257255099714, -0.3225590791553259, 12.0]], "h": 12.0}, "mtl": {"face": 3}}, {"geom": {"polygons": [[[[-6.741545113967732, -0.4276490546762943], [-6.701011583674699, -0.19056068360805511], [-6.60747023584554, 0.031033264473080635], [-6.465852328081382, 0.2254509348422289], [-6.256702036858769, 0.3997914083302021], [0.6916222703002859, 6.257143272086978], [2.1961672741454095, 7.525456201285124], [2.1976237415510695, 7.525456201285124], [6.256702002108796, 2.105679841712117], [3.5973555657838006, 0.021318502724170685], [5.5571189435140695, -2.5953957866877317], [-0.6037618875852786, -7.525456201285124], [-1.5937333974288777, -7.525456201285124], [-1.7351694305543788, -7.470885934308171], [-1.9309976415825076, -7.358071241527796], [-2.1276840809732676, -7.196799559518695], [-6.707395008823369, -0.7555987760424614], [-6.726934004022041, -0.6677331607788801], [-6.741545113967732, -0.4276490546762943]]]], "centroids": [[-0.014181884762365371, -0.32529296539723873, 15.0]], "h": 15.0}, "mtl": {"face": 4}}], "featureCount": 5, "startIndex": 0}