{"type": "block", "layer": 0, "block": 0, "features": [{"geom": {"polygons": [[[[-6.560302358790068, -4.452041344717145], [-6.560302358790068, -4.447209559381008], [-5.209258454648079, 5.374021042138338], [4.239130727975862, 4.4587049055844545], [4.0467470931471325, 2.7440265472978354], [6.560302358790068, 2.4741726592183113], [6.560302358790068, 2.469764744862914], [5.821826745261205, -2.412327978760004], [3.49941664270591, -2.1342245526611805], [3.1359176685800776, -5.374021040275693], [-6.560302358790068, -4.452041344717145]]]], "centroids": [[-0.42200923210475594, 0.005171181634068489, 3.0]], "h": 3.0}, "mtl": {"face": 0}}, {"geom": {"polygons": [[[[3.135917668667389, -5.374021040275693], [3.4490816313191317, -2.5828508343547583], [6.374383704533102, -2.823234533891082], [6.5130890614236705, -1.3645064663141966], [6.560302358790068, -1.3681155815720558], [6.560302358790068, -5.6996338199824095], [3.135917668667389, -5.374021040275693]]]], "centroids": [[4.957569680234883, -4.112348027527332, 3.0]], "h": 3.0}, "mtl": {"face": 0}}, {"geom": {"polygons": [[[[-6.560302358790068, -4.452041344717145], [-6.560302358790068, -0.1928438227623701], [-5.793958454654785, 5.435021040961146], [-5.209258454648079, 5.374021042138338], [4.239130727975862, 4.4587049055844545], [4.046747093176236, 2.7440265472978354], [6.560302358790068, 2.4741726592183113], [6.560302358790068, 2.469764744862914], [5.821826745261205, -2.412327978760004], [3.49941664270591, -2.1342245526611805], [3.1359176685800776, -5.374021040275693], [-6.560302358790068, -4.452041344717145]]]], "centroids": [[-0.6494150947837625, 0.06409605778753757, 6.0]], "h": 6.0}, "mtl": {"face": 1}}], "featureCount": 3, "startIndex": 0}