{"type": "block", "layer": 1, "block": 0, "features": [{"geom": {"triangles": {"v": [4.348464272130514, 10.965936824679375, 3.0, -3.0734107278694864, 11.965936824679375, 3.0, -3.6359107278694864, -2.0340631753206253, 3.0, 3.2547142721305136, -3.0340631753206253, 3.0], "f": [0, 1, 2, 0, 2, 3]}, "centroids": [[0.2110701431229245, 4.815686639398336, 3.0]]}, "mtl": 0}], "featureCount": 1, "startIndex": 0}