{"type": "block", "layer": 1, "block": 0, "features": [{"geom": {"triangles": {"v": [5.5833091991371475, 4.048565294593573, 3.0, -4.1979408008628525, 6.048565294593573, 3.0, -8.260440800862852, -12.951434705406427, 3.0, 1.5051841991371475, -14.951434705406427, 3.0], "f": [0, 1, 2, 0, 2, 3]}, "centroids": [[-1.3471582495840266, -4.433415304869413, 3.0]]}, "mtl": 0}], "featureCount": 1, "startIndex": 0}