{"type": "block", "layer": 1, "block": 0, "features": [{"geom": {"triangles": {"v": [-2.7874535665032454, -5.279604729264975, 3.0, -3.0530785665032454, -11.279604729264975, 3.0, 7.650046433496755, -11.279604729264975, 3.0, -2.7249535665032454, -3.2796047292649746, 3.0, 9.743796433496755, 4.720395270735025, 3.0, -2.4437035665032454, 5.720395270735025, 3.0], "f": [0, 1, 2, 3, 0, 2, 3, 2, 4, 5, 3, 4]}, "centroids": [[2.9551751773396973, -2.9583525229245424, 3.0]]}, "mtl": 0}], "featureCount": 1, "startIndex": 0}