{"type": "block", "layer": 1, "block": 0, "features": [{"geom": {"triangles": {"v": [-4.225957599526737, 15.846748882904649, 3.0, -9.022832599526737, -4.153251117095351, 3.0, 3.039667400473263, -6.153251117095351, 3.0, 6.789667400473263, 12.846748882904649, 3.0], "f": [0, 1, 2, 3, 0, 2]}, "centroids": [[-0.8842407866322901, 4.350249860435724, 3.0]]}, "mtl": 0}], "featureCount": 1, "startIndex": 0}