{"type": "block", "layer": 0, "block": 0, "features": [{"geom": {"polygons": [[[[-6.570672652596841, -4.1981554459780455], [-6.570672652596841, -4.194844204932451], [-5.271336174628232, 2.4411200899630785], [-5.02649954293156, 3.6164908725768328], [6.3935630661435425, 4.198200311511755], [6.570672652596841, 1.1022536102682352], [6.570672652596841, 1.0907468628138304], [-1.8869330316665582, 0.8359109293669462], [-2.670196435181424, -3.931850578635931], [-6.570672652596841, -4.1981554459780455]]]], "centroids": [[-0.9974588365876116, 1.010669108480215, 3.0]], "h": 3.0}, "mtl": {"face": 0}}, {"geom": {"polygons": [[[[6.3935630661435425, 4.198200311511755], [6.570672652596841, 4.207221830263734], [6.570672652596841, 1.1022536102682352], [6.3935630661435425, 4.198200311511755]]]], "centroids": [[6.511636123788776, 3.169225249439478, 3.0]], "h": 3.0}, "mtl": {"face": 0}}, {"geom": {"polygons": [[[[6.393563065998023, 4.198200311511755], [6.570672652596841, 4.207221830263734], [6.570672652596841, 1.10225360840559], [6.393563065998023, 4.198200311511755]]]], "centroids": [[6.511636123730568, 3.169225249439478, 6.0]], "h": 6.0}, "mtl": {"face": 1}}], "featureCount": 3, "startIndex": 0}