{"type": "block", "layer": 0, "block": 0, "features": [{"geom": {"polygons": [[[[-5.613383585121483, 0.08759770914912224], [-4.768571723776404, 5.719706619158387], [-4.76469240579172, 5.719706619158387], [5.613383585092379, 4.154786640778184], [4.032924279454164, -5.719706619158387], [4.029038316832157, -5.719706619158387], [-1.4339898841863032, -4.896125173196197], [-0.8535531853558496, -0.5792848207056522], [-5.613383585121483, 0.08759770914912224]]]], "centroids": [[0.45814386746496893, 0.6056612376123667, 3.0]], "h": 3.0}, "mtl": {"face": 0}}, {"geom": {"polygons": [[[[-5.7197066189255565, -4.250029884278774], [-5.7197066189255565, -1.6550634279847145], [-4.345798961730907, -1.8676106482744217], [-4.768531097477535, -4.393424807116389], [-5.7197066189255565, -4.250029884278774]]]], "centroids": [[-5.132191260374384, -2.963854718953371, 3.0]], "h": 3.0}, "mtl": {"face": 0}}, {"geom": {"polygons": [[[[-5.613383585121483, 0.08759770914912224], [-4.768571724416688, 5.719706619158387], [-4.764692406432005, 5.719706619158387], [5.613383585092379, 4.154786640778184], [4.032924279454164, -5.719706619158387], [4.029038316832157, -5.719706619158387], [-1.4339898841863032, -4.896125173196197], [-0.8535531853558496, -0.5792848207056522], [-5.613383585121483, 0.08759770914912224]]]], "centroids": [[0.4581438673485536, 0.6056612376123667, 6.0]], "h": 6.0}, "mtl": {"face": 1}}], "featureCount": 3, "startIndex": 0}