{"type": "block", "layer": 1, "block": 0, "features": [{"geom": {"triangles": {"v": [-6.150835786131211, -4.3389999978244305, 3.0, -9.07271078613121, -22.33899999782443, 3.0, 1.8179142138687894, -24.33899999782443, 3.0, 5.771039213868789, 1.6610000021755695, 3.0, -5.072710786131211, 2.6610000021755695, 3.0], "f": [0, 1, 2, 0, 2, 3, 4, 0, 3]}, "centroids": [[-1.6375610637769569, -10.643937719985843, 3.0]]}, "mtl": 0}], "featureCount": 1, "startIndex": 0}