{"type": "block", "layer": 1, "block": 0, "features": [{"geom": {"triangles": {"v": [-12.66824802919291, 1.453916985541582, 3.0, -9.74637302919291, -5.546083014458418, 3.0, 9.67550197080709, 10.453916985541582, 3.0, 12.67550197080709, 3.453916985541582, 3.0], "f": [0, 1, 2, 2, 1, 3]}, "centroids": [[0.033792539266869426, 2.2568994518369436, 3.0]]}, "mtl": 0}], "featureCount": 1, "startIndex": 0}