{"type": "block", "layer": 0, "block": 0, "features": [{"geom": {"polygons": [[[[-4.577050613850588, -2.181769145652652], [-4.577050613850588, -2.179364439100027], [-3.375787921308074, 3.870176423341036], [4.577050613850588, 2.5928671043366194], [4.577050613850588, 2.590658161789179], [3.1921003324678168, -3.8701764214783907], [-4.577050613850588, -2.181769145652652]]]], "centroids": [[0.000299444334814325, 0.10060865804553032, 3.0]], "h": 3.0}, "mtl": {"face": 0}}, {"geom": {"polygons": [[[[-4.577050613850588, -2.181769145652652], [-4.577050613850588, -2.179364439100027], [-3.638736006891122, 2.5459738168865442], [1.1041424644645303, 1.635133907198906], [1.34142967153457, 3.11254177801311], [4.577050613850588, 2.5928671024739742], [4.577050613850588, -1.0843612477183342], [3.9564003324776422, -3.9661764204502106], [3.1921003324678168, -3.8701764214783907], [-4.577050613850588, -2.181769145652652]]]], "centroids": [[0.4679733914381359, -0.40131258592009544, 6.0]], "h": 6.0}, "mtl": {"face": 1}}, {"geom": {"polygons": [[[[-3.375787921308074, 3.870176423341036], [1.34142967153457, 3.11254177801311], [1.1041424644645303, 1.635133907198906], [-3.638736006891122, 2.5459738168865442], [-3.375787921308074, 3.870176423341036]]]], "centroids": [[-1.1019049923634157, 2.782534573227167, 6.0]], "h": 6.0}, "mtl": {"face": 1}}], "featureCount": 3, "startIndex": 0}