{"type": "block", "layer": 0, "block": 0, "features": [{"geom": {"polygons": [[[[-4.849449360975996, 1.6368103008717299], [-4.849449360975996, 1.6378521732985973], [-2.631716711912304, 4.469640193507075], [4.849449360975996, -2.0633483845740557], [4.849449360975996, -2.064205478876829], [2.1587143720244057, -4.4696401953697205], [-4.849449360975996, 1.6368103008717299]]]], "centroids": [[-0.10645929427118972, -0.09062840975821018, 3.0]], "h": 3.0}, "mtl": {"face": 0}}], "featureCount": 1, "startIndex": 0}