{"type": "block", "layer": 1, "block": 0, "features": [{"geom": {"triangles": {"v": [-6.400273474107962, 7.85166073590517, 3.0, -12.744023474107962, -5.14833926409483, 3.0, 0.3966015258920379, -6.14833926409483, 3.0, 5.865351525892038, -1.1483392640948296, 3.0, -6.540898474107962, -13.14833926409483, 3.0], "f": [0, 1, 2, 0, 2, 3, 1, 4, 2]}, "centroids": [[-4.488214637065539, -2.5832592267543077, 3.0]]}, "mtl": 0}], "featureCount": 1, "startIndex": 0}