{"type": "block", "layer": 1, "block": 0, "features": [{"geom": {"triangles": {"v": [-4.963657461805269, 5.30558480322361, 3.0, -1.0730324618052691, -3.69441519677639, 3.0, 16.88009253819473, 1.30558480322361, 3.0, 15.05196753819473, -7.69441519677639, 3.0], "f": [0, 1, 2, 1, 3, 2]}, "centroids": [[6.508149910601787, -1.099594732746482, 3.0]]}, "mtl": 0}], "featureCount": 1, "startIndex": 0}