{"type": "block", "layer": 0, "block": 0, "features": [{"geom": {"polygons": [[[[-7.314768450480187, -2.621935162693262], [-7.314768450480187, -2.617069534957409], [-6.204691611928865, 4.60382816568017], [7.314768450480187, 2.59628046490252], [7.314768450480187, 2.591294838115573], [6.235500000009779, -4.603828163817525], [-7.314768450480187, -2.621935162693262]]]], "centroids": [[0.0029056817293167114, -0.006902271881699562, 3.0]], "h": 3.0}, "mtl": {"face": 0}}], "featureCount": 1, "startIndex": 0}