{"type": "block", "layer": 1, "block": 0, "features": [{"geom": {"triangles": {"v": [-6.21074999999837, 4.641171835362911, 3.0, -7.32012499999837, -2.3588281646370888, 3.0, 6.24237500000163, -4.358828164637089, 3.0, 7.32050000000163, 2.6411718353629112, 3.0], "f": [0, 1, 2, 0, 2, 3]}, "centroids": [[0.0028617840143851936, -0.006911620497703552, 3.0]]}, "mtl": 0}], "featureCount": 1, "startIndex": 0}