{"type": "block", "layer": 0, "block": 0, "features": [{"geom": {"polygons": [[[[-4.82439393477398, -1.1208051200956106], [-4.82439393477398, -1.118419824168086], [-3.913822712522233, 3.16771562024951], [4.82439393477398, 1.223324853926897], [4.82439393477398, 1.2210992146283388], [3.8247382712143008, -3.167715622112155], [-4.82439393477398, -1.1208051200956106]]]], "centroids": [[-0.002148096275050193, 0.02377880923449993, 3.0]], "h": 3.0}, "mtl": {"face": 0}}, {"geom": {"polygons": [[[[-2.570598001999315, 2.868826976045966], [-2.200151743774768, 4.8243939355015755], [4.613041702454211, 4.8243939355015755], [4.82439393477398, 4.776565594598651], [4.82439393477398, 1.223324853926897], [-2.570598001999315, 2.868826976045966]]]], "centroids": [[1.5617719739384484, 3.380309471860528, 3.0]], "h": 3.0}, "mtl": {"face": 0}}, {"geom": {"polygons": [[[[-4.82439393477398, -1.1208051200956106], [-4.82439393477398, -1.118419824168086], [-3.913822712667752, 3.16771562024951], [4.82439393477398, 1.223324853926897], [4.82439393477398, 1.2210992146283388], [3.8247382712143008, -3.167715622112155], [-4.82439393477398, -1.1208051200956106]]]], "centroids": [[-0.002148096333257854, 0.023778807371854782, 6.0]], "h": 6.0}, "mtl": {"face": 1}}], "featureCount": 3, "startIndex": 0}