{"type": "block", "layer": 1, "block": 0, "features": [{"geom": {"triangles": {"v": [-3.288815258536488, 4.57953261770308, 3.0, -5.070065258536488, -3.42046738229692, 3.0, 13.898684741463512, -7.42046738229692, 3.0, 15.945559741463512, 0.5795326177030802, 3.0], "f": [0, 1, 2, 0, 2, 3]}, "centroids": [[5.415599383413792, -1.0841493029147387, 3.0]]}, "mtl": 0}], "featureCount": 1, "startIndex": 0}