{"type": "block", "layer": 1, "block": 0, "features": [{"geom": {"triangles": {"v": [-6.372968938667327, 3.158833831548691, 3.0, -9.076093938667327, -8.84116616845131, 3.0, 0.15828106133267283, -3.841166168451309, 3.0, 1.2520310613326728, 2.158833831548691, 3.0, 13.736406061332673, -12.84116616845131, 3.0, 14.814531061332673, -5.841166168451309, 3.0], "f": [0, 1, 2, 0, 2, 3, 2, 1, 4, 2, 4, 5]}, "centroids": [[1.514464023814071, -5.910959757864475, 3.0]]}, "mtl": 0}], "featureCount": 1, "startIndex": 0}