{"type": "block", "layer": 0, "block": 0, "features": [{"geom": {"polygons": [[[[-4.296891669975594, 4.316253304481506], [3.642017486708937, 5.3557176776230335], [3.646188432961935, 5.3557176776230335], [4.296891669975594, 1.004646584391594], [0.6390635253046639, 0.508083226159215], [1.2579220679181162, -4.792547903954983], [-2.9001223313098308, -5.3557176776230335], [-2.904154126503272, -5.3557176776230335], [-4.296891669975594, 4.316253304481506]]]], "centroids": [[-0.4638810473261401, 0.6672301031649113, 3.0]], "h": 3.0}, "mtl": {"face": 0}}, {"geom": {"polygons": [[[[-4.296891669975594, 4.316253304481506], [3.642017486708937, 5.3557176776230335], [3.646188432961935, 5.3557176776230335], [4.296891669975594, 1.004646584391594], [0.6390635253046639, 0.508083226159215], [1.2579220679181162, -4.792547903954983], [-2.9001223313098308, -5.3557176776230335], [-2.904154126503272, -5.3557176776230335], [-4.296891669975594, 4.316253304481506]]]], "centroids": [[-0.4638810473261401, 0.6672301031649113, 6.0]], "h": 6.0}, "mtl": {"face": 1}}], "featureCount": 2, "startIndex": 0}