{"type": "block", "layer": 1, "block": 0, "features": [{"geom": {"triangles": {"v": [3.6412333300104365, 5.397253304719925, 3.0, -4.2962666699895635, 4.397253304719925, 3.0, 5.8443583300104365, -9.602746695280075, 3.0, -0.030641669989563525, -25.602746695280075, 3.0, 7.9068583300104365, -24.602746695280075, 3.0], "f": [0, 1, 2, 1, 3, 2, 2, 3, 4]}, "centroids": [[1.8243127457099035, -9.948335973545909, 3.0]]}, "mtl": 0}], "featureCount": 1, "startIndex": 0}