{"type": "block", "layer": 1, "block": 0, "features": [{"geom": {"triangles": {"v": [-2.973749999771826, 9.125000005587935, 3.0, -6.176874999771826, -8.874999994412065, 3.0, 2.666875000228174, -9.874999994412065, 3.0, 6.182500000228174, 9.125000005587935, 3.0, -1.551874999771826, 10.125000005587935, 3.0], "f": [0, 1, 2, 3, 0, 2, 4, 0, 3]}, "centroids": [[0.0057104118168354034, 0.14551084488630295, 3.0]]}, "mtl": 0}], "featureCount": 1, "startIndex": 0}