{"type": "block", "layer": 1, "block": 0, "features": [{"geom": {"triangles": {"v": [-2.8928555585152935, 5.267057714983821, 3.0, -5.0022305585152935, -3.732942285016179, 3.0, -2.6116055585152935, 5.267057714983821, 3.0, 4.9977694414847065, 4.267057714983821, 3.0, 13.388394441484706, -7.732942285016179, 3.0, 8.560269441484706, 3.267057714983821, 3.0, 15.935269441484706, -2.732942285016179, 3.0, 16.716519441484706, 1.267057714983821, 3.0, 14.529019441484706, -7.732942285016179, 3.0], "f": [0, 1, 2, 2, 1, 3, 4, 3, 1, 5, 3, 4, 6, 5, 4, 5, 6, 7, 6, 4, 8]}, "centroids": [[5.887781640514731, -1.1908623706549406, 3.0]]}, "mtl": 0}], "featureCount": 1, "startIndex": 0}