{"type": "block", "layer": 1, "block": 0, "features": [{"geom": {"triangles": {"v": [-18.019618800317403, 12.396144196391106, 3.0, -21.957118800317403, -2.6038558036088943, 3.0, -10.691493800317403, 10.396144196391106, 3.0, 1.402256199682597, -8.603855803608894, 3.0, 3.667881199682597, 2.3961441963911057, 3.0, 4.761631199682597, 7.396144196391106, 3.0], "f": [0, 1, 2, 2, 1, 3, 4, 2, 3, 2, 4, 5]}, "centroids": [[-8.426031752955168, 2.0068088695406914, 3.0]]}, "mtl": 0}], "featureCount": 1, "startIndex": 0}