{"type": "block", "layer": 1, "block": 0, "features": [{"geom": {"triangles": {"v": [-3.5614224218879826, 5.0752789452672005, 3.0, -5.280172421887983, -7.9247210547327995, 3.0, 3.0479525781120174, -8.9247210547328, 3.0, 4.672952578112017, 4.0752789452672005, 3.0], "f": [0, 1, 2, 3, 0, 2]}, "centroids": [[-0.2562127454439178, -2.1749310307204723, 3.0]]}, "mtl": 0}], "featureCount": 1, "startIndex": 0}