{"type": "block", "layer": 1, "block": 0, "features": [{"geom": {"triangles": {"v": [-5.5933876190683804, -3.218636406585574, 3.0, 0.10973738093161955, -5.218636406585574, 3.0, 6.1878623809316196, 15.781363593414426, 3.0, 12.35973738093162, 15.781363593414426, 3.0], "f": [0, 1, 2, 3, 2, 1]}, "centroids": [[3.230695255595492, 5.687512010335922, 3.0]]}, "mtl": 0}], "featureCount": 1, "startIndex": 0}