{"type": "block", "layer": 1, "block": 0, "features": [{"geom": {"triangles": {"v": [-7.687999991845572, 5.612500002607703, 3.0, -9.000499991845572, -1.3874999973922968, 3.0, 9.015125008154428, 0.6125000026077032, 3.0, 7.265125008154428, -6.387499997392297, 3.0], "f": [0, 1, 2, 1, 3, 2]}, "centroids": [[-0.2288641784398351, -0.1523795910179615, 3.0]]}, "mtl": 0}], "featureCount": 1, "startIndex": 0}