{"type": "block", "layer": 0, "block": 0, "features": [{"geom": {"polygons": [[[[-4.709595792955952, -10.871822107583284], [-1.3808293676411267, 12.056822251528502], [-1.3595303822366986, 12.056822251528502], [4.709595792955952, 11.710383230820298], [2.9962262199551333, -1.455917451530695], [1.6166991859208792, -12.056822251528502], [1.6101116260397248, -12.056822251528502], [-4.709595792955952, -10.871822107583284]]]], "centroids": [[0.061722169659333304, 0.09922492876648903, 3.0]], "h": 3.0}, "mtl": {"face": 0}}, {"geom": {"polygons": [[[[-4.75345772865694, -11.308028053492308], [-4.709595792955952, -10.871822107583284], [-1.3808293676411267, 12.056822251528502], [-1.3595303822366986, 12.056822251528502], [4.709595792955952, 11.710383230820298], [2.9962262199551333, -1.455917451530695], [1.6166991859208792, -12.056822251528502], [-1.4749500070756767, -12.056822251528502], [-1.4642433843109757, -12.000533113256097], [-2.826920492690988, -11.741341549903154], [-2.8049316635006107, -11.603927673771977], [-4.75345772865694, -11.308028053492308]]]], "centroids": [[0.02823331012041308, -0.08578738942742348, 6.0]], "h": 6.0}, "mtl": {"face": 1}}], "featureCount": 2, "startIndex": 0}