{"type": "block", "layer": 0, "block": 0, "features": [{"geom": {"polygons": [[[[-5.832294704596279, -0.45789099484682083], [-1.4687154124840163, 6.2185291815549135], [-1.467357390705729, 6.2185291815549135], [5.832294704625383, 1.44761754386127], [3.5727306951011997, -2.0694781485944986], [5.056542968581198, -3.038099776953459], [2.9830286527285352, -6.2185291815549135], [2.981671638583066, -6.2185291815549135], [-5.832294704596279, -0.45789099484682083]]]], "centroids": [[0.2964842055225745, 0.07838183082640171, 3.0]], "h": 3.0}, "mtl": {"face": 0}}, {"geom": {"polygons": [[[[-5.832294704334345, -0.45789099484682083], [-1.4687154122220818, 6.2185291815549135], [-1.4673573904437944, 6.2185291815549135], [6.218529181322083, 1.1951821483671665], [6.218529181322083, 1.1237925998866558], [3.9914174350560643, -2.3427937421947718], [5.056542968843132, -3.038099776953459], [2.9830286529904697, -6.2185291815549135], [2.9816716388450004, -6.2185291815549135], [-5.832294704334345, -0.45789099484682083]]]], "centroids": [[0.41914371063467115, 0.06437598913908005, 6.0]], "h": 6.0}, "mtl": {"face": 1}}], "featureCount": 2, "startIndex": 0}