{"type": "block", "layer": 0, "block": 0, "features": [{"geom": {"polygons": [[[[-5.516259716474451, 5.012402292340994], [-0.3125766068988014, 5.673404773697257], [-0.3081031624751631, 5.673404773697257], [-0.24158917882596143, 0.007880937308073044], [5.457487622508779, 0.7544121537357569], [5.516259716474451, -4.245469657704234], [-5.386468043201603, -5.673404773697257], [-5.390806957468158, -5.673404773697257], [-5.516259716474451, 5.012402292340994]]]], "centroids": [[-0.9909105562255718, -0.7146024964749813, 3.0]], "h": 3.0}, "mtl": {"face": 0}}, {"geom": {"polygons": [[[[3.659947851469042, 5.673404773697257], [5.526119177317014, 5.673404773697257], [5.629620602383511, 4.903894629329443], [3.7878881998476572, 4.635420009493828], [3.659947851469042, 5.673404773697257]]]], "centroids": [[4.605171214410802, 5.217816734686494, 3.0]], "h": 3.0}, "mtl": {"face": 0}}, {"geom": {"polygons": [[[[-5.5162597165908664, 5.01240230165422], [-0.31257660695700906, 5.673404773697257], [-0.3081031624751631, 5.673404773697257], [-0.24158917882596143, 0.007880937308073044], [5.457487622508779, 0.7544121537357569], [5.516259716474451, -4.245469657704234], [-5.386468043201603, -5.673404773697257], [-5.390806957468158, -5.673404773697257], [-5.5162597165908664, 5.01240230165422]]]], "centroids": [[-0.990910557040479, -0.714602492749691, 6.0]], "h": 6.0}, "mtl": {"face": 1}}], "featureCount": 3, "startIndex": 0}