{"type": "block", "layer": 1, "block": 0, "features": [{"geom": {"triangles": {"v": [-2.93895241105929, 10.199647463858128, 3.0, -4.12645241105929, -1.8003525361418724, 3.0, 3.60792258894071, -2.8003525361418724, 3.0, 4.99854758894071, 10.199647463858128, 3.0, -2.81395241105929, 11.199647463858128, 3.0, 5.09229758894071, 10.199647463858128, 3.0], "f": [0, 1, 2, 0, 2, 3, 0, 3, 3, 4, 0, 3, 3, 2, 5]}, "centroids": [[0.44327011654968373, 4.3913732916116714, 3.0]]}, "mtl": 0}], "featureCount": 1, "startIndex": 0}