{"type": "block", "layer": 0, "block": 0, "features": [{"geom": {"polygons": [[[[-4.198160289670341, 0.3137379754334688], [-4.198160289670341, 0.3146526888012886], [-1.9914675324689597, 3.697050478309393], [4.198160289670341, -0.3657488841563463], [4.198160289670341, -0.36666410975158215], [2.0120894504070748, -3.697050480172038], [-4.198160289670341, 0.3137379754334688]]]], "centroids": [[-0.0016298734408337623, -0.007980549708008766, 3.0]], "h": 3.0}, "mtl": {"face": 0}}, {"geom": {"polygons": [[[[-1.402113507327158, 4.1981602888554335], [4.198160289670341, 4.1981602888554335], [4.198160289670341, 0.5222060233354568], [-1.402113507327158, 4.1981602888554335]]]], "centroids": [[2.3314023573475424, 2.972842199727893, 3.0]], "h": 3.0}, "mtl": {"face": 0}}], "featureCount": 2, "startIndex": 0}