{"type": "block", "layer": 1, "block": 0, "features": [{"geom": {"triangles": {"v": [6.82152394898003, 16.91576514020562, 3.0, -4.19410105101997, -0.08423485979437828, 3.0, 13.02464894898003, 12.915765140205622, 3.0, 2.0090239489800297, -4.084234859794378, 3.0], "f": [0, 1, 2, 2, 1, 3]}, "centroids": [[4.418955689819995, 6.737108673900366, 3.0]]}, "mtl": 0}], "featureCount": 1, "startIndex": 0}