{"type": "block", "layer": 1, "block": 0, "features": [{"geom": {"triangles": {"v": [-3.830944477871526, 18.387989528477192, 3.0, -7.112194477871526, -17.612010471522808, 3.0, 7.122180522128474, 17.387989528477192, 3.0, 3.840930522128474, -18.612010471522808, 3.0], "f": [0, 1, 2, 1, 3, 2]}, "centroids": [[2.1017331164330244e-06, -0.0007945355027914047, 3.0]]}, "mtl": 0}], "featureCount": 1, "startIndex": 0}