{"type": "block", "layer": 0, "block": 0, "features": [{"geom": {"polygons": [[[[-5.814335433533415, -8.220420463010669], [-4.299913395778276, 8.713376788422465], [-4.290159905649489, 8.713376788422465], [5.814335433533415, 7.803319109603763], [5.278892115689814, 2.228999502956867], [0.7146308890951332, 2.6674212850630283], [-0.27272227278444916, -8.713376788422465], [-0.2825766416499391, -8.713376788422465], [-5.814335433533415, -8.220420463010669]]]], "centroids": [[-1.1065589416830335, 1.1148470509797335, 3.0]], "h": 3.0}, "mtl": {"face": 0}}, {"geom": {"polygons": [[[[-5.814335432514781, -8.220420463010669], [-4.299913394759642, 8.713376788422465], [-4.290159904630855, 8.713376788422465], [5.814335434552049, 7.803319109603763], [5.278892116708448, 2.228999502956867], [0.7146308901137672, 2.6674212850630283], [-0.2727222717658151, -8.713376788422465], [-0.28257664063130505, -8.713376788422465], [-5.814335432514781, -8.220420463010669]]]], "centroids": [[-1.1065589406643994, 1.1148470509797335, 6.0]], "h": 6.0}, "mtl": {"face": 1}}], "featureCount": 2, "startIndex": 0}