{"type": "block", "layer": 1, "block": 0, "features": [{"geom": {"triangles": {"v": [6.197915092750918, 22.474112344905734, 3.0, -7.145834907249082, 1.474112344905734, 3.0, 16.088540092750918, 15.474112344905734, 3.0, 2.588540092750918, -5.525887655094266, 3.0], "f": [0, 1, 2, 1, 3, 2]}, "centroids": [[4.448054792970652, 8.291296638548374, 3.0]]}, "mtl": 0}], "featureCount": 1, "startIndex": 0}