{"type": "block", "layer": 0, "block": 0, "features": [{"geom": {"polygons": [[[[-3.4050560423056595, -3.5543674044311047], [-3.140464935073396, -0.5948166642338037], [-1.7066538532963023, -0.740107037127018], [-1.2786511210724711, 4.09488433226943], [-1.2725836493482348, 4.09488433226943], [3.4050560423056595, 3.7772643100470304], [2.681291980028618, -4.09488433226943], [2.6766464590327814, -4.09488433226943], [-3.4050560423056595, -3.5543674044311047]]]], "centroids": [[0.37478824792196974, -0.19884379766881466, 3.0]], "h": 3.0}, "mtl": {"face": 0}}, {"geom": {"polygons": [[[[-4.094884331483627, 2.2390739489346743], [-4.094884331483627, 4.09488433226943], [-3.4915568584983703, 4.09488433226943], [-3.6176623949140776, 2.1964091360569], [-4.094884331483627, 2.2390739489346743]]]], "centroids": [[-3.8223948750819545, 3.1923171300441027, 3.0]], "h": 3.0}, "mtl": {"face": 0}}, {"geom": {"polygons": [[[[-3.4472889562894125, -4.026758382096887], [-3.140464935073396, -0.5948166642338037], [-1.7066538532963023, -0.740107037127018], [-1.2786511210724711, 4.09488433226943], [-1.2725836493482348, 4.09488433226943], [3.405056042392971, 3.7772643100470304], [2.681291980028618, -4.09488433226943], [-2.7750442551914603, -4.09488433226943], [-3.4472889562894125, -4.026758382096887]]]], "centroids": [[0.3080756604031194, -0.3409969098865986, 6.0]], "h": 6.0}, "mtl": {"face": 1}}, {"geom": {"polygons": [[[[-1.7066538532963023, -0.740107037127018], [-1.2786511210724711, 4.09488433226943], [-1.2725836493482348, 4.09488433226943], [3.405056042392971, 3.7772643100470304], [2.9463800814119168, -1.211606414988637], [-1.7066538532963023, -0.740107037127018]]]], "centroids": [[0.8539398028515279, 1.4806344639509916, 9.0]], "h": 9.0}, "mtl": {"face": 2}}], "featureCount": 4, "startIndex": 0}