{"type": "block", "layer": 1, "block": 0, "features": [{"geom": {"triangles": {"v": [-5.302163956279401, 18.99424161761999, 3.0, -7.442788956279401, -5.005758382380009, 3.0, 4.713461043720599, 17.99424161761999, 3.0, 2.4947110437205993, -6.005758382380009, 3.0], "f": [0, 1, 2, 1, 3, 2]}, "centroids": [[-1.3800640078552533, 6.445589862763882, 3.0]]}, "mtl": 0}], "featureCount": 1, "startIndex": 0}