{"type": "block", "layer": 1, "block": 0, "features": [{"geom": {"triangles": {"v": [10.458507991628721, 15.668082298710942, 3.0, -4.603992008371279, 2.6680822987109423, 3.0, 16.58350799162872, 7.668082298710942, 3.0, 1.5835079916287214, -5.331917701289058, 3.0], "f": [0, 1, 2, 1, 3, 2]}, "centroids": [[5.998634431307437, 5.143768418580294, 3.0]]}, "mtl": 0}], "featureCount": 1, "startIndex": 0}