{"type": "block", "layer": 0, "block": 0, "features": [{"geom": {"polygons": [[[[-8.869626962317852, 1.4743784330785275], [-8.869626962317852, 1.478694699704647], [-7.8279983754619025, 6.3231468461453915], [5.838974810700165, 3.571743020787835], [8.869626962317852, 2.9316052105277777], [8.869626962317852, 2.9272399470210075], [6.905585554341087, -6.323146848008037], [3.9487063273845706, -5.6906704511493444], [4.774327394872671, -1.459272775799036], [-8.869626962317852, 1.4743784330785275]]]], "centroids": [[0.820482647191966, 1.3493399564176798, 3.0]], "h": 3.0}, "mtl": {"face": 0}}, {"geom": {"polygons": [[[[1.4624666561721824, -8.869626961648464], [2.0957912137382664, -6.002734055742621], [6.761425288423197, -7.0021234806627035], [6.364917093975237, -8.869626961648464], [1.4624666561721824, -8.869626961648464]]]], "centroids": [[4.0023339820618276, -7.6691960617899895, 3.0]], "h": 3.0}, "mtl": {"face": 0}}, {"geom": {"polygons": [[[[-8.869626962317852, -8.869626961648464], [-8.869626962317852, -3.6608982402831316], [-5.936150406778324, -4.308668535202742], [-6.901227672235109, -8.869626961648464], [-8.869626962317852, -8.869626961648464]]]], "centroids": [[-7.648963951738551, -6.25565504655242, 3.0]], "h": 3.0}, "mtl": {"face": 0}}, {"geom": {"polygons": [[[[-5.595580311462982, -8.869626961648464], [-4.6676534394791815, -4.5539888348430395], [0.8631437623116653, -5.738698169589043], [0.15058137287269346, -8.869626961648464], [-5.595580311462982, -8.869626961648464]]]], "centroids": [[-2.4607539665303193, -6.989886546507478, 3.0]], "h": 3.0}, "mtl": {"face": 0}}], "featureCount": 4, "startIndex": 0}