{"type": "block", "layer": 0, "block": 0, "features": [{"geom": {"polygons": [[[[-3.547274272335926, -4.369895724579692], [-1.5755676501139533, 5.438543489202857], [-1.5728556763206143, 5.438543489202857], [3.250089957989985, 4.430625414475799], [3.547274272335926, 4.368518672883511], [1.575783692765981, -5.438543489202857], [1.5730682629800867, -5.438543489202857], [-3.547274272335926, -4.369895724579692]]]], "centroids": [[-3.5249104257673025e-06, -0.0003225468099117279, 3.0]], "h": 3.0}, "mtl": {"face": 0}}, {"geom": {"polygons": [[[[2.595789630082436, -5.438543489202857], [3.392266933253268, -1.4765147063881159], [5.438543489610311, -1.903547989204526], [5.438543489610311, -5.438543489202857], [2.595789630082436, -5.438543489202857]]]], "centroids": [[4.17944337107474, -3.6570510677993298, 3.0]], "h": 3.0}, "mtl": {"face": 0}}, {"geom": {"polygons": [[[[-3.547274272335926, -4.369895724579692], [-1.5755676501139533, 5.438543489202857], [-1.5728556763497181, 5.438543489202857], [3.250089956476586, 4.430625407025218], [3.547274272335926, 4.368518672883511], [1.575783692765981, -5.438543489202857], [1.5730682257853914, -5.438543489202857], [-3.547274272335926, -4.369895724579692]]]], "centroids": [[-3.525608917698264e-06, -0.0003225523978471756, 6.0]], "h": 6.0}, "mtl": {"face": 1}}, {"geom": {"polygons": [[[[2.595789630082436, -5.438543489202857], [3.392266933253268, -1.4765147063881159], [5.438543489610311, -1.903547989204526], [5.438543489610311, -5.438543489202857], [2.595789630082436, -5.438543489202857]]]], "centroids": [[4.17944337107474, -3.6570510677993298, 6.0]], "h": 6.0}, "mtl": {"face": 1}}], "featureCount": 4, "startIndex": 0}