{"type": "block", "layer": 0, "block": 0, "features": [{"geom": {"polygons": [[[[-5.328075119614368, -1.2299598380923271], [-5.328075119614368, -1.2273259703069925], [-4.37481325402041, 3.2833652198314667], [5.328075119614368, 1.1188442017883062], [5.328075119614368, 1.116193249821663], [4.402215376961976, -3.2833652198314667], [-5.328075119614368, -1.2299598380923271]]]], "centroids": [[-0.013515636761439964, -0.023511739447712898, 3.0]], "h": 3.0}, "mtl": {"face": 0}}, {"geom": {"polygons": [[[[-5.328075119614368, -5.328075120225549], [-5.328075119614368, -4.104022806510329], [-0.08494441185030155, -5.144060777500272], [-0.12377737803035416, -5.328075120225549], [-5.328075119614368, -5.328075120225549]]]], "centroids": [[-3.3551166698744055, -4.9116980116814375, 3.0]], "h": 3.0}, "mtl": {"face": 0}}, {"geom": {"polygons": [[[[2.796755206771195, -5.328075120225549], [3.1085075259034056, -3.846675183624029], [4.232291516265832, -4.090819908306003], [3.9719188356830273, -5.328075120225549], [2.796755206771195, -5.328075120225549]]]], "centroids": [[3.5101637883635703, -4.646584324538708, 3.0]], "h": 3.0}, "mtl": {"face": 0}}], "featureCount": 3, "startIndex": 0}