{"type": "block", "layer": 0, "block": 0, "features": [{"geom": {"polygons": [[[[-5.460047088214196, -7.1054999977350235], [-4.471814472577535, -0.30130828358232975], [-1.8689889977977145, -0.6793395224958658], [-1.6010476867086254, 1.5503422413021326], [-4.1491328903939575, 1.9204230662435293], [-2.993890518817352, 9.874512450769544], [-2.9891062117822003, 9.874512450769544], [5.460047088214196, 8.076584085822105], [3.8418928736646194, 0.47225826047360897], [1.4883942417509388, 0.8108428958803415], [1.1746111990942154, -1.3702606465667486], [3.3935148804448545, -1.6348414774984121], [2.695375397161115, -4.91566594876349], [2.1565168386732694, -4.858423106372356], [1.9534501752641518, -5.9237689804285765], [2.4646151374618057, -6.000096697360277], [1.6401630560867488, -9.874512450769544], [1.637421650608303, -9.874512450769544], [-5.460047088214196, -7.1054999977350235]]]], "centroids": [[-0.24464088547392748, 0.4886245857924223, 3.0]], "h": 3.0}, "mtl": {"face": 0}}, {"geom": {"polygons": [[[[-5.567047088232357, -7.71849999576807], [-5.460047088214196, -7.1054999977350235], [-4.471814472577535, -0.30130828358232975], [-1.8689889977977145, -0.6793395224958658], [-1.6010476867086254, 1.5503422413021326], [-4.149132886523148, 1.9204230681061745], [-2.993890518817352, 9.874512450769544], [-2.9891062117822003, 9.874512450769544], [5.460047088214196, 8.076584085822105], [3.8418928736646194, 0.47225826047360897], [1.4883942417509388, 0.8108428958803415], [1.1746111990942154, -1.3702606465667486], [3.3935148804448545, -1.6348414774984121], [2.695375397161115, -4.91566594876349], [2.1565168386732694, -4.858423106372356], [1.9534501752641518, -5.9237689804285765], [2.4646151374618057, -6.000096697360277], [1.6401630560867488, -9.874512450769544], [1.6329245321976487, -9.874512450769544], [-1.5840470881666988, -9.422499995678663], [-1.5640470882353839, -9.136499997228384], [-2.8670470881916117, -8.887499999254942], [-2.8300470882095397, -8.628499997779727], [-5.567047088232357, -7.71849999576807]]]], "centroids": [[-0.3044856759952381, 0.24519173242151737, 6.0]], "h": 6.0}, "mtl": {"face": 1}}, {"geom": {"polygons": [[[[-5.567047087592073, -7.71849999576807], [-5.460047088214196, -7.1054999977350235], [-4.471814472577535, -0.30130828358232975], [-1.8689889977977145, -0.6793395224958658], [-1.6010476867086254, 1.5503422413021326], [-4.149132886523148, 1.9204230681061745], [-2.993890518817352, 9.874512450769544], [-2.9891062117822003, 9.874512450769544], [5.460047088214196, 8.076584085822105], [3.8418928736646194, 0.47225826047360897], [1.4883942417509388, 0.8108428958803415], [1.1746111990942154, -1.3702606465667486], [3.3935148804448545, -1.6348414774984121], [2.695375397161115, -4.91566594876349], [2.1565168386732694, -4.858423106372356], [1.9534501752641518, -5.9237689804285765], [2.4646151374618057, -6.000096697360277], [1.6401630560867488, -9.874512450769544], [1.6329245321976487, -9.874512450769544], [-1.5840470875264145, -9.422499995678663], [-1.5640470875950996, -9.136499997228384], [-2.8670470875513274, -8.887499999254942], [-2.8300470875692554, -8.628499997779727], [-5.567047087592073, -7.71849999576807]]]], "centroids": [[-0.3044856760534458, 0.24519172869622707, 9.0]], "h": 9.0}, "mtl": {"face": 2}}, {"geom": {"polygons": [[[[-5.567047088203253, -7.71849999576807], [-5.460047088214196, -7.1054999977350235], [-4.471814472577535, -0.30130828358232975], [-1.8689889977977145, -0.6793395224958658], [-1.6010476867086254, 1.5503422413021326], [-4.149132886523148, 1.9204230681061745], [-2.993890518817352, 9.874512450769544], [-2.9891062117822003, 9.874512450769544], [5.460047088214196, 8.076584085822105], [3.841892859665677, 0.4722582623362541], [1.4883942417509388, 0.8108428958803415], [1.1746111990942154, -1.3702606465667486], [3.3935148804448545, -1.6348414774984121], [2.695375396986492, -4.91566594876349], [2.1565168386732694, -4.858423106372356], [1.9534501752641518, -5.9237689804285765], [2.4646151374618057, -6.000096697360277], [1.6401630560867488, -9.874512450769544], [1.6329245321976487, -9.874512450769544], [-1.584047088137595, -9.422499995678663], [-1.56404708820628, -9.136499997228384], [-2.867047088162508, -8.887499999254942], [-2.830047088180436, -8.628499997779727], [-5.567047088203253, -7.71849999576807]]]], "centroids": [[-0.30448567782877944, 0.24519172869622707, 12.0]], "h": 12.0}, "mtl": {"face": 3}}, {"geom": {"polygons": [[[[-5.567047088174149, -7.71849999576807], [-5.460047088214196, -7.1054999977350235], [-4.471814472577535, -0.30130828358232975], [-1.8689889977977145, -0.6793395224958658], [-1.6010476867086254, 1.5503422413021326], [-4.149132886523148, 1.9204230681061745], [-2.993890518817352, 9.874512450769544], [-2.9891062117822003, 9.874512450769544], [5.460047088388819, 8.076584085822105], [3.841892859665677, 0.4722582623362541], [1.4883942417509388, 0.8108428958803415], [1.1746111990942154, -1.3702606465667486], [3.3935148804448545, -1.6348414774984121], [2.695375396986492, -4.91566594876349], [2.1565168386732694, -4.858423106372356], [1.9534501752641518, -5.9237689804285765], [2.4646151374618057, -6.000096697360277], [1.6401630560867488, -9.874512450769544], [1.6329245321976487, -9.874512450769544], [-1.5840470881084912, -9.422499995678663], [-1.5640470881771762, -9.136499997228384], [-2.867047088133404, -8.887499999254942], [-2.830047088151332, -8.628499997779727], [-5.567047088174149, -7.71849999576807]]]], "centroids": [[-0.30448567782877944, 0.24519173242151737, 15.0]], "h": 15.0}, "mtl": {"face": 4}}, {"geom": {"polygons": [[[[3.841892859665677, 0.4722582623362541], [1.4883942417509388, 0.8108428958803415], [1.1746111990942154, -1.3702606465667486], [-0.3058398568537086, -1.1923545394092798], [-0.26732024061493576, -0.8718123864382505], [-1.8689889977977145, -0.6793395224958658], [-1.6010476867086254, 1.5503422413021326], [-4.1491328903939575, 1.9204230662435293], [-3.298771414149087, 7.775342641398311], [1.3184767050552182, 6.68536913767457], [1.5097137536213268, 7.495470391586423], [5.153357304632664, 6.635331446304917], [3.841892859665677, 0.4722582623362541]]]], "centroids": [[0.4088841161574237, 3.6919965986162424, 18.0]], "h": 18.0}, "mtl": {"face": 5}}], "featureCount": 6, "startIndex": 0}