{"type": "block", "layer": 1, "block": 0, "features": [{"geom": {"triangles": {"v": [-0.17396836713305674, 10.973711520433426, 3.0, -5.548968367133057, -3.026288479566574, 3.0, 0.46665663286694326, 10.973711520433426, 3.0, 7.232281632866943, 7.973711520433426, 3.0, 1.5291566328669433, -7.026288479566574, 3.0], "f": [0, 1, 2, 2, 1, 3, 1, 4, 3]}, "centroids": [[0.78569632594008, 2.237592574208975, 3.0]]}, "mtl": 0}], "featureCount": 1, "startIndex": 0}