{"type": "block", "layer": 0, "block": 0, "features": [{"geom": {"polygons": [[[[-2.030607517226599, -0.3209594804793596], [-2.030607517226599, -0.3199974447488785], [-1.7067652571131475, 1.1436647102236748], [2.030607517226599, 0.33012441359460354], [2.030607517226599, 0.3290091007947922], [1.7513899193436373, -1.1436647102236748], [-2.030607517226599, -0.3209594804793596]]]], "centroids": [[0.010747066786279902, 0.0008658803999423981, 3.0]], "h": 3.0}, "mtl": {"face": 0}}], "featureCount": 1, "startIndex": 0}