{"type": "block", "layer": 1, "block": 0, "features": [{"geom": {"triangles": {"v": [-2.939249999995809, 5.786949999630451, 3.0, -4.861124999995809, -4.213050000369549, 3.0, 0.795125000004191, -6.213050000369549, 3.0, 4.873250000004191, 2.786949999630451, 3.0, 3.263875000004191, -5.213050000369549, 3.0], "f": [0, 1, 2, 3, 0, 2, 3, 2, 4]}, "centroids": [[-0.07118233529035933, -0.27592734806239605, 3.0]]}, "mtl": 0}], "featureCount": 1, "startIndex": 0}