{"type": "block", "layer": 1, "block": 0, "features": [{"geom": {"triangles": {"v": [-3.757210921670776, 4.978098686784506, 3.0, -4.944710921670776, -3.021901313215494, 3.0, 15.758414078329224, 0.9780986867845058, 3.0, 14.914664078329224, -6.021901313215494, 3.0], "f": [0, 1, 2, 1, 3, 2]}, "centroids": [[5.44958861352643, -0.9661924466490746, 3.0]]}, "mtl": 0}], "featureCount": 1, "startIndex": 0}