{"type": "block", "layer": 1, "block": 0, "features": [{"geom": {"triangles": {"v": [-10.664545292966068, 2.768525656312704, 3.0, -11.602045292966068, -0.2314743436872959, 3.0, 2.366704707033932, -5.231474343687296, 3.0, -9.758295292966068, 5.768525656312704, 3.0, 9.069829707033932, -0.2314743436872959, 3.0, 9.069829707033932, -8.231474343687296, 3.0, 18.788579707033932, -3.231474343687296, 3.0, 17.429204707033932, -10.231474343687296, 3.0], "f": [0, 1, 2, 3, 0, 2, 3, 2, 4, 2, 5, 4, 4, 5, 6, 5, 7, 6]}, "centroids": [[3.6955679246457294, -2.234091719612479, 3.0]]}, "mtl": 0}], "featureCount": 1, "startIndex": 0}