{"type": "block", "layer": 0, "block": 0, "features": [{"geom": {"polygons": [[[[-2.8233242263959255, 6.0928500927984715], [2.6497462277766317, 6.129811501130462], [2.740526887093438, 6.129811501130462], [2.8233200863178354, -6.129811501130462], [2.8146397684758995, -6.129811501130462], [-2.5769837787083816, -5.749213481321931], [-2.8233242263959255, 6.0928500927984715]]]], "centroids": [[0.056536170886829495, 0.11642342805862427, 3.0]], "h": 3.0}, "mtl": {"face": 0}}, {"geom": {"polygons": [[[[-5.670101179217454, -5.530868422240019], [-5.608530752710067, -3.419841166585684], [-2.623628751025535, -3.506899109110236], [-2.576983780047158, -5.749213481321931], [-5.670101179217454, -5.530868422240019]]]], "centroids": [[-4.105193549446994, -4.558925949037075, 3.0]], "h": 3.0}, "mtl": {"face": 0}}], "featureCount": 2, "startIndex": 0}