{"type": "block", "layer": 1, "block": 0, "features": [{"geom": {"triangles": {"v": [4.402901516412385, 7.256134880706668, 3.0, -3.097098483587615, 8.256134880706668, 3.0, -4.190848483587615, -5.743865119293332, 3.0, 4.465401516412385, 8.256134880706668, 3.0, -2.581473483587615, 11.256134880706668, 3.0, 3.137276516412385, -5.743865119293332, 3.0], "f": [0, 1, 2, 1, 0, 3, 4, 1, 3, 0, 2, 5]}, "centroids": [[0.024416075902990997, 2.1005585100501776, 3.0]]}, "mtl": 0}], "featureCount": 1, "startIndex": 0}