{"type": "block", "layer": 1, "block": 0, "features": [{"geom": {"triangles": {"v": [-7.874756625795271, 5.562771070748568, 3.0, -8.687256625795271, -3.4372289292514324, 3.0, 9.125243374204729, 3.5627710707485676, 3.0, 8.328368374204729, -5.437228929251432, 3.0], "f": [0, 1, 2, 1, 3, 2]}, "centroids": [[0.20371986797545105, -0.029729153960943222, 3.0]]}, "mtl": 0}], "featureCount": 1, "startIndex": 0}