{"type": "block", "layer": 1, "block": 0, "features": [{"geom": {"triangles": {"v": [-4.052409890806302, 5.194560429081321, 3.0, -6.302409890806302, -4.805439570918679, 3.0, 3.4632151091936976, -6.805439570918679, 3.0, 7.666340109193698, 12.19456042908132, 3.0, -2.1461598908063024, 14.19456042908132, 3.0], "f": [0, 1, 2, 0, 2, 3, 4, 0, 3]}, "centroids": [[0.6833379261952359, 3.8468330819159746, 3.0]]}, "mtl": 0}], "featureCount": 1, "startIndex": 0}