{"type": "block", "layer": 1, "block": 0, "features": [{"geom": {"triangles": {"v": [-6.558893311797874, -7.66268315166235, 3.0, -5.230768311797874, -7.66268315166235, 3.0, -3.918268311797874, 1.3373168483376503, 3.0, 0.769231688202126, -10.66268315166235, 3.0, 7.956731688202126, 2.3373168483376503, 3.0, -2.324518311797874, 5.33731684833765, 3.0, -4.762018311797874, 2.3373168483376503, 3.0, -3.949518311797874, 5.33731684833765, 3.0, 23.081731688202126, -12.66268315166235, 3.0, 23.909856688202126, -8.66268315166235, 3.0, 24.878606688202126, -3.6626831516623497, 3.0, 21.956731688202126, -17.66268315166235, 3.0], "f": [0, 1, 2, 2, 1, 3, 2, 3, 4, 5, 2, 4, 5, 6, 2, 5, 7, 6, 4, 3, 8, 4, 8, 9, 4, 9, 10, 3, 11, 8]}, "centroids": [[9.343935400480404, -5.8974105305969715, 3.0]]}, "mtl": 0}], "featureCount": 1, "startIndex": 0}