{"type": "block", "layer": 0, "block": 0, "features": [{"geom": {"polygons": [[[[3.9478303816285916, -4.908889338374138], [6.02988809873932, -0.2235341314226389], [6.414030585292494, -0.387549452483654], [6.414030585292494, -5.8686613291502], [3.9478303816285916, -4.908889338374138]]]], "centroids": [[5.5744534761761315, -3.4643780943006277, 3.0]], "h": 3.0}, "mtl": {"face": 0}}, {"geom": {"polygons": [[[[3.9478303816285916, -4.908889338374138], [6.02988809873932, -0.2235341314226389], [6.414030585292494, -0.387549452483654], [6.414030585292494, -5.8686613291502], [3.9478303816285916, -4.908889338374138]]]], "centroids": [[5.5744534761761315, -3.4643780943006277, 6.0]], "h": 6.0}, "mtl": {"face": 1}}, {"geom": {"polygons": [[[[-6.414030585292494, -0.8763603009283543], [-6.414030585292494, -0.8744224365800619], [-4.216572052449919, 4.908889338374138], [6.414030585292494, 0.6426212470978498], [6.414030585292494, 0.640920290723443], [3.9478303813375533, -4.908889338374138], [-6.414030585292494, -0.8763603009283543]]]], "centroids": [[-0.07829786001821049, -0.03762239217758179, 3.0]], "h": 3.0}, "mtl": {"face": 0}}], "featureCount": 3, "startIndex": 0}