{"type": "block", "layer": 1, "block": 0, "features": [{"geom": {"triangles": {"v": [-3.9732293506967835, 3.806694645434618, 3.0, -13.020104350696784, 1.806694645434618, 3.0, -10.488854350696784, -8.193305354565382, 3.0, 4.1205206493032165, -4.193305354565382, 3.0, 1.7142706493032165, 5.806694645434618, 3.0], "f": [0, 1, 2, 3, 0, 2, 4, 0, 3]}, "centroids": [[-4.430176796944579, -1.16978052072227, 3.0]]}, "mtl": 0}], "featureCount": 1, "startIndex": 0}