{"type": "block", "layer": 0, "block": 0, "features": [{"geom": {"polygons": [[[[-5.2457857461995445, -5.649434998631477], [-4.292881046334514, 5.649434998631477], [-4.28773955986253, 5.649434998631477], [5.245833396184025, 4.591983405873179], [3.6111666038050316, -5.615000000223517], [-0.9808333961991593, -4.939000001177192], [-5.242444191564573, -5.649434998631477], [-5.2457857461995445, -5.649434998631477]]]], "centroids": [[-0.21538733525085263, -0.006341729313135147, 3.0]], "h": 3.0}, "mtl": {"face": 0}}, {"geom": {"polygons": [[[[-5.2457857461995445, -5.649434998631477], [-4.292881046334514, 5.649434998631477], [-0.6439411595638376, 5.649434998631477], [5.2991666037996765, 4.924999998882413], [5.245833396184025, 4.591983405873179], [3.6111666038050316, -5.615000000223517], [-0.9808333961991593, -4.939000001177192], [-5.242444191564573, -5.649434998631477], [-5.2457857461995445, -5.649434998631477]]]], "centroids": [[-0.17351234154193662, 0.1477735936641693, 6.0]], "h": 6.0}, "mtl": {"face": 1}}, {"geom": {"polygons": [[[[-5.2457857461995445, -5.649434998631477], [-4.292881046334514, 5.649434998631477], [0.5934008474869188, 5.649434998631477], [5.31726610037731, 5.073437392711639], [5.2991666037996765, 4.924999998882413], [5.245833396184025, 4.591983405873179], [3.6111666038050316, -5.615000000223517], [-0.9808333961991593, -4.939000001177192], [-5.242444191564573, -5.649434998631477], [-5.2457857461995445, -5.649434998631477]]]], "centroids": [[-0.15103384805843234, 0.18928424827754498, 9.0]], "h": 9.0}, "mtl": {"face": 2}}], "featureCount": 3, "startIndex": 0}