{"type": "block", "layer": 0, "block": 0, "features": [{"geom": {"polygons": [[[[-1.4958294855896384, -1.3459189627319574], [-0.8286993386864197, 1.8144086804240942], [-0.8278041492158081, 1.8144086804240942], [1.4958294856187422, 1.322342300787568], [0.8315725745342206, -1.8144086804240942], [0.8306330451159738, -1.8144086804240942], [-1.4958294855896384, -1.3459189627319574]]]], "centroids": [[-0.0006590536213479936, -0.005371430888772011, 3.0]], "h": 3.0}, "mtl": {"face": 0}}], "featureCount": 1, "startIndex": 0}