{"type": "block", "layer": 0, "block": 0, "features": [{"geom": {"polygons": [[[[-4.91082172919414, -9.139351123943925], [-1.004523714829702, 10.698620965704322], [-0.9992858294863254, 10.698620965704322], [4.91082172919414, 9.440737403929234], [3.7369959781935904, 3.1887447349727154], [2.6042820688453503, 3.4136621803045273], [2.0582844525342807, 0.7713506650179625], [4.544257783913054, 0.2599593047052622], [2.394608187081758, -10.698620965704322], [2.389388907351531, -10.698620965704322], [-4.91082172919414, -9.139351123943925]]]], "centroids": [[0.2661604007589631, -0.49606942012906075, 3.0]], "h": 3.0}, "mtl": {"face": 0}}, {"geom": {"polygons": [[[[6.287686972733354, 9.147690933197737], [4.54425778388395, 0.2599593047052622], [2.0582844525342807, 0.7713506650179625], [2.6042820688453503, 3.4136621803045273], [3.7369959781935904, 3.1887447349727154], [4.91082172919414, 9.440737403929234], [6.287686972733354, 9.147690933197737]]]], "centroids": [[4.375924169580685, 4.288341699168086, 3.0]], "h": 3.0}, "mtl": {"face": 0}}, {"geom": {"polygons": [[[[-4.91082172919414, -9.139351123943925], [-4.099380753032165, -5.01848185621202], [-3.1329760951921344, -5.2249052952975035], [-2.983205303462455, -4.469946028664708], [-3.9541815539705567, -4.281093759462237], [-3.1021886157395784, 0.04571696184575558], [-1.9881021303299349, 5.7035588677972555], [-0.8859796350297984, 5.480172045528889], [-0.6607971686462406, 6.494099140167236], [-1.7809779672534205, 6.75543032027781], [-1.004523714829702, 10.698620965704322], [2.1227354963193648, 10.698620965704322], [6.412810583453393, 9.785534221678972], [6.287686972733354, 9.147690933197737], [5.066968714003451, 2.924658562988043], [2.6042820688453503, 3.4136621803045273], [2.0582844525342807, 0.7713506650179625], [4.544257783913054, 0.2599593047052622], [3.816806338232709, -3.4484753496944904], [2.847705546853831, -3.255432890728116], [2.702506655245088, -3.9928210508078337], [3.669542300631292, -4.199204575270414], [2.394608187081758, -10.698620965704322], [2.3893889073224273, -10.698620965704322], [-0.642144299519714, -10.051108375191689], [-0.4509710833081044, -9.071511048823595], [-1.61147860440542, -8.798025406897068], [-1.7998883559484966, -9.803822990506887], [-4.91082172919414, -9.139351123943925]]]], "centroids": [[0.6674257027334534, 0.2522402014583349, 6.0]], "h": 6.0}, "mtl": {"face": 1}}, {"geom": {"polygons": [[[[5.066968715196708, 2.924658562988043], [4.544257785106311, 0.2599593047052622], [2.0582844525342807, 0.7713506650179625], [2.6042820688453503, 3.4136621803045273], [5.066968715196708, 2.924658562988043]]]], "centroids": [[3.5692877302935813, 1.8397539909929037, 6.0]], "h": 6.0}, "mtl": {"face": 1}}, {"geom": {"polygons": [[[[-4.91082172919414, -9.139351123943925], [-4.099380753032165, -5.01848185621202], [-3.1329760951921344, -5.2249052952975035], [-2.983205303462455, -4.469946028664708], [-3.9541815539705567, -4.281093759462237], [-3.1021886157395784, 0.04571696184575558], [-1.9881021303299349, 5.7035588677972555], [-0.8859796350297984, 5.480172045528889], [-0.6607971686462406, 6.494099140167236], [-1.7809779672534205, 6.75543032027781], [-1.004523714829702, 10.698620965704322], [2.1227354963193648, 10.698620965704322], [6.412810583453393, 9.785534221678972], [6.287686972733354, 9.147690933197737], [5.066968714003451, 2.924658562988043], [2.6042820688453503, 3.4136621803045273], [2.0582844525342807, 0.7713506650179625], [4.544257783913054, 0.2599593047052622], [3.816806338232709, -3.4484753496944904], [2.847705546853831, -3.255432890728116], [2.702506655245088, -3.9928210508078337], [3.669542300631292, -4.199204575270414], [2.394608187081758, -10.698620965704322], [2.3893889073224273, -10.698620965704322], [-0.642144299519714, -10.051108375191689], [-0.4509710833081044, -9.071511048823595], [-1.61147860440542, -8.798025406897068], [-1.7998883559484966, -9.803822990506887], [-4.91082172919414, -9.139351123943925]]]], "centroids": [[0.6674257027334534, 0.2522402014583349, 9.0]], "h": 9.0}, "mtl": {"face": 2}}, {"geom": {"polygons": [[[[5.066968715196708, 2.924658562988043], [4.544257785106311, 0.2599593047052622], [2.0582844532909803, 0.7713506631553173], [2.60428206960205, 3.413662178441882], [5.066968715196708, 2.924658562988043]]]], "centroids": [[3.569287730701035, 1.8397539909929037, 9.0]], "h": 9.0}, "mtl": {"face": 2}}, {"geom": {"polygons": [[[[-4.91082172919414, -9.139351123943925], [-4.099380753032165, -5.01848185621202], [-3.1329760951921344, -5.2249052952975035], [-2.983205303462455, -4.469946028664708], [-3.9541815539705567, -4.281093759462237], [-3.1021886157395784, 0.04571696184575558], [-1.9881021303299349, 5.7035588677972555], [-0.8859796350297984, 5.480172045528889], [-0.6607971686462406, 6.494099140167236], [-1.7809779672534205, 6.75543032027781], [-1.004523714829702, 10.698620965704322], [2.1227354963193648, 10.698620965704322], [6.412810583453393, 9.785534221678972], [6.287686972733354, 9.147690933197737], [5.066968714003451, 2.924658562988043], [2.6042820688453503, 3.4136621803045273], [2.0582844525342807, 0.7713506650179625], [4.544257783913054, 0.2599593047052622], [3.816806338232709, -3.4484753496944904], [2.847705546853831, -3.255432890728116], [2.702506655245088, -3.9928210508078337], [3.669542300631292, -4.199204575270414], [2.394608187081758, -10.698620965704322], [2.3893889073224273, -10.698620965704322], [-0.642144299519714, -10.051108375191689], [-0.4509710833081044, -9.071511048823595], [-1.61147860440542, -8.798025406897068], [-1.7998883559484966, -9.803822990506887], [-4.91082172919414, -9.139351123943925]]]], "centroids": [[0.6674257027334534, 0.2522402014583349, 12.0]], "h": 12.0}, "mtl": {"face": 3}}, {"geom": {"polygons": [[[[5.066968715196708, 2.924658562988043], [4.544257785106311, 0.2599593047052622], [2.0582844525342807, 0.7713506650179625], [2.6042820688453503, 3.4136621803045273], [5.066968715196708, 2.924658562988043]]]], "centroids": [[3.5692877302935813, 1.8397539909929037, 12.0]], "h": 12.0}, "mtl": {"face": 3}}, {"geom": {"polygons": [[[[-4.91082172919414, -9.139351123943925], [-4.099380753032165, -5.01848185621202], [-3.1329760951921344, -5.2249052952975035], [-2.983205303462455, -4.469946028664708], [-3.9541815539705567, -4.281093759462237], [-3.1021886157395784, 0.04571696184575558], [-1.9881021303299349, 5.7035588677972555], [-0.8859796350297984, 5.480172045528889], [-0.6607971686462406, 6.494099140167236], [-1.7809779672534205, 6.75543032027781], [-1.004523714829702, 10.698620965704322], [2.1227354963193648, 10.698620965704322], [6.412810583453393, 9.785534221678972], [6.287686972733354, 9.147690933197737], [3.816806338232709, -3.4484753496944904], [2.847705546853831, -3.255432890728116], [2.702506655245088, -3.9928210508078337], [3.669542300631292, -4.199204575270414], [2.394608187081758, -10.698620965704322], [2.3893889073224273, -10.698620965704322], [-0.642144299519714, -10.051108375191689], [-0.4509710833081044, -9.071511048823595], [-1.61147860440542, -8.798025406897068], [-1.7998883559484966, -9.803822990506887], [-4.91082172919414, -9.139351123943925]]]], "centroids": [[0.7988764390174765, 0.32415260188281536, 15.0]], "h": 15.0}, "mtl": {"face": 4}}, {"geom": {"polygons": [[[[-4.91082172919414, -9.139351123943925], [-4.099380752624711, -5.018481854349375], [3.2028680160292424, -6.57823770493269], [2.394608187081758, -10.698620965704322], [2.3893889073224273, -10.698620965704322], [-0.642144299519714, -10.051108375191689], [-0.4509710833081044, -9.071511048823595], [-1.61147860440542, -8.798025406897068], [-1.7998883559484966, -9.803822990506887], [-4.91082172919414, -9.139351123943925]]]], "centroids": [[-0.8423222945712041, -7.796575170010328, 18.0]], "h": 18.0},