{"type": "block", "layer": 0, "block": 0, "features": [{"geom": {"polygons": [[[[-8.228827046637889, -3.8971727956086397], [-8.228827046637889, -3.8931950498372316], [-5.896349988412112, 6.891000000759959], [1.5211597743618768, 5.293657124042511], [8.228827046637889, 3.849177222698927], [8.228827046637889, 3.844978777691722], [6.031650011631427, -6.891000000759959], [-0.6840286419028416, -5.4811185747385025], [-8.228827046637889, -3.8971727956086397]]]], "centroids": [[0.024156576837413013, -0.017856312915682793, 3.0]], "h": 3.0}, "mtl": {"face": 0}}, {"geom": {"polygons": [[[[-8.228827046637889, -3.8971727956086397], [-8.228827046637889, -1.0743825696408749], [-6.49604594509583, 7.02007638849318], [-5.896349988412112, 6.891000000759959], [8.228827046637889, 3.849177222698927], [8.228827046637889, -0.8262768983840942], [6.9357494516298175, -7.080813966691494], [6.717202681378694, -7.034932525828481], [6.031650011631427, -6.891000000759959], [-8.228827046637889, -3.8971727956086397]]]], "centroids": [[0.1222979390877299, -0.06370476074516773, 9.0]], "h": 9.0}, "mtl": {"face": 1}}, {"geom": {"polygons": [[[[-8.228827046637889, -3.8971727956086397], [-8.228827046637889, -1.0743821896612644], [-6.496046022832161, 7.020076405256987], [-5.896349988412112, 6.891000000759959], [8.228827046637889, 3.849177222698927], [8.228827046637889, 0.31179332360625267], [6.717202681378694, -7.034932525828481], [6.031650011631427, -6.891000000759959], [-8.228827046637889, -3.8971727956086397]]]], "centroids": [[0.0545249207643792, -0.031043678522109985, 6.0]], "h": 6.0}, "mtl": {"face": 2}}, {"geom": {"polygons": [[[[-8.228827046637889, -3.8971727956086397], [-8.228827046637889, -1.0743825696408749], [-6.49604594509583, 7.02007638849318], [-5.896349988412112, 6.891000000759959], [8.228827046637889, 3.849177222698927], [8.228827046637889, -0.8262768983840942], [6.9357494516298175, -7.080813966691494], [6.717202681378694, -7.034932525828481], [6.031650011631427, -6.891000000759959], [-8.228827046637889, -3.8971727956086397]]]], "centroids": [[0.1222979390877299, -0.06370476074516773, 12.0]], "h": 12.0}, "mtl": {"face": 3}}], "featureCount": 4, "startIndex": 0}