{"type": "block", "layer": 1, "block": 0, "features": [{"geom": {"triangles": {"v": [-5.889974988414906, 7.080000000074506, 3.0, -8.233724988414906, -3.919999999925494, 3.0, 8.235025011585094, 4.080000000074506, 3.0, 6.031900011585094, -6.919999999925494, 3.0], "f": [0, 1, 2, 1, 3, 2]}, "centroids": [[0.024128863849909976, -0.01785476878285408, 3.0]]}, "mtl": 0}], "featureCount": 1, "startIndex": 0}