{"type": "block", "layer": 0, "block": 0, "features": [{"geom": {"polygons": [[[[-7.626016125897877, -7.62601612508297], [-7.626016125897877, -5.806497827172279], [-4.857179828803055, -7.62601612508297], [-7.626016125897877, -7.62601612508297]]]], "centroids": [[-6.70307069356204, -7.0195100251585245, 3.0]], "h": 3.0}, "mtl": {"face": 0}}, {"geom": {"polygons": [[[[-6.872368502983591, -3.369005963206291], [0.2031777021184098, 7.62601612508297], [0.2048244293546304, 7.62601612508297], [6.872368502954487, 3.2267788033932447], [-0.25551529359654523, -7.62601612508297], [-0.25720136260497384, -7.62601612508297], [-6.872368502983591, -3.369005963206291]]]], "centroids": [[-0.007871744775911793, -0.01910850778222084, 3.0]], "h": 3.0}, "mtl": {"face": 0}}], "featureCount": 2, "startIndex": 0}