{"type": "block", "layer": 1, "block": 0, "features": [{"geom": {"triangles": {"v": [-3.42248651641421, 13.026630956679583, 3.0, -3.56311151641421, 7.026630956679583, 3.0, 8.07751348358579, 8.026630956679583, 3.0, 8.07751348358579, 13.026630956679583, 3.0, 7.96813848358579, -6.973369043320417, 3.0, -3.46936151641421, -6.973369043320417, 3.0], "f": [0, 1, 2, 0, 2, 3, 2, 1, 4, 1, 5, 4]}, "centroids": [[2.2792744873731863, 3.2852434758096933, 3.0]]}, "mtl": 0}], "featureCount": 1, "startIndex": 0}