{"type": "block", "layer": 1, "block": 0, "features": [{"geom": {"triangles": {"v": [4.404061474313494, 13.249829852953553, 3.0, -5.424063525686506, 1.2498298529535532, 3.0, 12.247811474313494, 4.249829852953553, 3.0, 1.2009364743134938, -5.750170147046447, 3.0], "f": [0, 1, 2, 2, 1, 3]}, "centroids": [[3.2548637762956787, 3.276567066088319, 3.0]]}, "mtl": 0}], "featureCount": 1, "startIndex": 0}