{"type": "block", "layer": 1, "block": 0, "features": [{"geom": {"triangles": {"v": [-5.053170621453319, -5.077813994139433, 3.0, 20.46245437854668, 13.922186005860567, 3.0, 1.7124543785466813, 28.922186005860567, 3.0, 19.77495437854668, 1.922186005860567, 3.0, 19.22807937854668, -1.077813994139433, 3.0, 17.97807937854668, -11.077813994139433, 3.0, 20.50932937854668, 19.922186005860567, 3.0, 20.19682937854668, 24.922186005860567, 3.0, 18.50932937854668, 29.922186005860567, 3.0, 16.80620437854668, 35.92218600586057, 3.0, 14.821829378546681, 42.92218600586057, 3.0, 6.228079378546681, 52.92218600586057, 3.0, 12.603079378546681, 52.92218600586057, 3.0], "f": [0, 1, 2, 3, 1, 0, 3, 0, 4, 0, 5, 4, 6, 2, 1, 6, 7, 2, 8, 2, 7, 9, 2, 8, 10, 2, 9, 10, 11, 2, 12, 11, 10]}, "centroids": [[9.39745853462955, 17.032177325338125, 3.0]]}, "mtl": 0}], "featureCount": 1, "startIndex": 0}