{"type": "block", "layer": 0, "block": 0, "features": [{"geom": {"polygons": [[[[-6.919700671453029, 0.8543068673461676], [-6.919700671453029, 0.8578120544552803], [-5.804256796865957, 6.262077782303095], [6.919700671453029, 3.7270188704133034], [6.919700671453029, 3.723594820126891], [4.816804236063035, -6.26207778416574], [-5.023764972342178, -4.2227585054934025], [-5.686924485780764, -4.085328044369817], [-4.7522044167271815, 0.37731463462114334], [-6.919700671453029, 0.8543068673461676]]]], "centroids": [[0.018434401164995506, 0.1597468312829733, 3.0]], "h": 3.0}, "mtl": {"face": 0}}, {"geom": {"polygons": [[[[-6.919700671453029, 0.8543068673461676], [-6.919700671453029, 2.0982148349285126], [-6.867917699564714, 2.348089352250099], [-6.843425338825909, 2.393563808873296], [-6.797164698276902, 2.4282159823924303], [-6.75871697999537, 2.4383054804056883], [-6.720569380646339, 2.4363540038466454], [-6.59889527229825, 2.4120970014482737], [-5.804256796865957, 6.262077782303095], [6.919700671453029, 3.7270188704133034], [6.919700671453029, 3.723594820126891], [4.816804236063035, -6.26207778416574], [-5.023764972342178, -4.2227585054934025], [-5.686924485955387, -4.085328044369817], [-4.7522044167271815, 0.37731463462114334], [-6.773895863065263, 0.8222201876342297], [-6.919700671453029, 0.8543068673461676]]]], "centroids": [[0.004877386643784121, 0.16316791623830795, 6.0]], "h": 6.0}, "mtl": {"face": 1}}, {"geom": {"polygons": [[[[-6.919700671453029, -3.829852554947138], [-6.919700671453029, 0.11865095049142838], [-6.773895863065263, 0.8222201876342297], [-4.7522044167271815, 0.37731463462114334], [-5.686924485780764, -4.085328044369817], [-6.919700671453029, -3.829852554947138]]]], "centroids": [[-6.043197574967053, -1.474763110280037, 6.0]], "h": 6.0}, "mtl": {"face": 1}}, {"geom": {"polygons": [[[[-6.919700671453029, 0.8543068673461676], [-6.919700671453029, 2.0982148349285126], [-6.867917699564714, 2.348089352250099], [-6.843425338825909, 2.393563808873296], [-6.797164698276902, 2.4282159823924303], [-6.75871697999537, 2.4383054804056883], [-6.720569380646339, 2.4363540038466454], [-6.59889527229825, 2.4120970014482737], [-5.804256796865957, 6.262077782303095], [6.919700671453029, 3.7270188704133034], [6.919700671453029, 3.723594820126891], [4.816804236063035, -6.26207778416574], [-5.023764972342178, -4.2227585054934025], [-5.686924485780764, -4.085328044369817], [-4.7522044167271815, 0.37731463462114334], [-6.773895863065263, 0.8222201876342297], [-6.919700671453029, 0.8543068673461676]]]], "centroids": [[0.004877386672887951, 0.16316791623830795, 9.0]], "h": 9.0}, "mtl": {"face": 2}}, {"geom": {"polygons": [[[[-6.919700671453029, -3.829852554947138], [-6.919700671453029, 0.11865095049142838], [-6.773895863065263, 0.8222201876342297], [-4.7522044167271815, 0.37731463462114334], [-5.686924485955387, -4.085328044369817], [-6.919700671453029, -3.829852554947138]]]], "centroids": [[-6.043197574996157, -1.474763112142682, 9.0]], "h": 9.0}, "mtl": {"face": 2}}, {"geom": {"polygons": [[[[-6.919700671453029, 0.8543068673461676], [-6.919700671453029, 3.066670261323452], [-6.239525640907232, 6.3487986121326685], [6.919700671453029, 3.7270188704133034], [6.919700671453029, 2.267864355817437], [5.11056256791926, -6.322955057024956], [-5.023764972342178, -4.2227585054934025], [-5.686924485955387, -4.085328044369817], [-4.7522044167271815, 0.37731463462114334], [-6.919700671453029, 0.8543068673461676]]]], "centroids": [[0.05055626668035984, 0.18059277907013893, 12.0]], "h": 12.0}, "mtl": {"face": 3}}, {"geom": {"polygons": [[[[-6.919700671453029, -3.8298525530844927], [-6.919700671453029, 5.530598759651184], [-6.729887976718601, 6.446496000513434], [-2.9469090754864737, 5.692793829366565], [-5.023764972342178, -4.2227585054934025], [-6.919700671453029, -3.8298525530844927]]]], "centroids": [[-5.386454154038802, 1.6134506110101938, 15.0]], "h": 15.0}, "mtl": {"face": 4}}, {"geom": {"polygons": [[[[-6.919700671453029, -3.829852554947138], [-6.919700671453029, 0.11865095049142838], [-6.773895863065263, 0.8222201876342297], [-4.7522044167271815, 0.37731463462114334], [-5.686924485780764, -4.085328044369817], [-6.919700671453029, -3.829852554947138]]]], "centroids": [[-6.043197574967053, -1.474763110280037, 3.0]], "h": 3.0}, "mtl": {"face": 0}}, {"geom": {"polygons": [[[[-6.919700671453029, -3.829852554947138], [-6.919700671453029, 0.8543068673461676], [-4.7522044167271815, 0.37731463462114334], [-5.686924485955387, -4.085328044369817], [-6.919700671453029, -3.829852554947138]]]], "centroids": [[-6.048785050777951, -1.4607714619487524, 12.0]], "h": 12.0}, "mtl": {"face": 3}}], "featureCount": 9, "startIndex": 0}