{"type": "block", "layer": 1, "block": 0, "features": [{"geom": {"triangles": {"v": [-15.414138813968748, 8.003320191055536, 3.0, -17.445388813968748, -1.9966798089444637, 3.0, 2.242111186031252, -5.996679808944464, 3.0, 4.367111186031252, 4.003320191055536, 3.0], "f": [0, 1, 2, 0, 2, 3]}, "centroids": [[-6.542898722691461, 1.335655627772212, 3.0]]}, "mtl": 0}], "featureCount": 1, "startIndex": 0}