{"type": "block", "layer": 0, "block": 0, "features": [{"geom": {"polygons": [[[[-3.435483974753879, -6.180814286693931], [-3.4191160125192255, -5.86494149081409], [-3.420116012537619, -5.793941492214799], [-2.3706484451831784, 6.508290598168969], [2.5924836790945847, 6.508290598168969], [3.460883987485431, 6.369058508425951], [3.423892772058025, 5.970772618427873], [3.420116012566723, 5.570097953081131], [2.164951627200935, -6.508290598168969], [-3.0946016430389136, -6.508290598168969], [-3.1373724421137013, -6.483957704156637], [-3.302908969519194, -6.346924999728799], [-3.435483974753879, -6.180814286693931]]]], "centroids": [[-0.03920299469609745, 0.04328826256096363, 6.0]], "h": 6.0}, "mtl": {"face": 0}}, {"geom": {"polygons": [[[[-3.435483974753879, -6.180814286693931], [-3.4191160125192255, -5.86494149081409], [-3.420116012537619, -5.793941492214799], [-2.3706484451831784, 6.508290598168969], [2.5924836790945847, 6.508290598168969], [3.460883987485431, 6.369058508425951], [3.423892772058025, 5.970772618427873], [3.420116012566723, 5.570097953081131], [2.164951627200935, -6.508290598168969], [-3.0946016430389136, -6.508290598168969], [-3.1373724421137013, -6.483957704156637], [-3.302908969519194, -6.346924999728799], [-3.435483974753879, -6.180814286693931]]]], "centroids": [[-0.03920299469609745, 0.04328826256096363, 9.0]], "h": 9.0}, "mtl": {"face": 1}}, {"geom": {"polygons": [[[[-3.420116012537619, -5.793941492214799], [-2.3706484451831784, 6.508290598168969], [-2.3665782598545775, 6.508290598168969], [3.420116012566723, 5.570097953081131], [2.164951627200935, -6.508290598168969], [2.1592402118549217, -6.508290598168969], [-3.4191160125192255, -5.86494149081409], [-3.420116012537619, -5.793941492214799]]]], "centroids": [[-0.059306795010343194, -0.03186831623315811, 3.0]], "h": 3.0}, "mtl": {"face": 2}}, {"geom": {"polygons": [[[[-3.435483974753879, -6.180814286693931], [-3.4191160125192255, -5.86494149081409], [-3.420116012537619, -5.793941492214799], [-2.3706484451831784, 6.508290598168969], [2.5924836790945847, 6.508290598168969], [3.460883987485431, 6.369058508425951], [3.423892772058025, 5.970772618427873], [3.420116012566723, 5.570097953081131], [2.164951627200935, -6.508290598168969], [-3.0946016430389136, -6.508290598168969], [-3.1373724421137013, -6.483957704156637], [-3.302908969519194, -6.346924999728799], [-3.435483974753879, -6.180814286693931]]]], "centroids": [[-0.03920299469609745, 0.04328826256096363, 12.0]], "h": 12.0}, "mtl": {"face": 3}}], "featureCount": 4, "startIndex": 0}