{"type": "block", "layer": 1, "block": 0, "features": [{"geom": {"triangles": {"v": [-11.170110872917576, 6.966422341763973, 3.0, -12.873235872917576, -1.0335776582360268, 3.0, 6.376764127082424, -5.033577658236027, 3.0, 8.298639127082424, 2.9664223417639732, 3.0], "f": [0, 1, 2, 0, 2, 3]}, "centroids": [[-2.2993475461844355, 0.8215901348739862, 3.0]]}, "mtl": 0}], "featureCount": 1, "startIndex": 0}