{"type": "block", "layer": 0, "block": 0, "features": [{"geom": {"polygons": [[[[-3.447544811264379, -3.3542094491422176], [-1.8010462426173035, 4.524008886888623], [-1.79894306830829, 4.524008886888623], [3.447544811293483, 3.3422242421656847], [1.8037315588444471, -4.524008886888623], [1.801606785331387, -4.524008886888623], [-3.447544811264379, -3.3542094491422176]]]], "centroids": [[-1.344073098152876e-06, -0.0028681568801403046, 3.0]], "h": 3.0}, "mtl": {"face": 0}}, {"geom": {"polygons": [[[[1.8037315588444471, -4.524008886888623], [2.744577472185483, -0.021725380793213844], [4.524008886568481, -0.41823650896549225], [4.524008886568481, -4.524008886888623], [1.8037315588444471, -4.524008886888623]]]], "centroids": [[3.3629078142694198, -2.5118868984282017, 3.0]], "h": 3.0}, "mtl": {"face": 0}}, {"geom": {"polygons": [[[[-3.447544811264379, -3.3542094491422176], [-1.8010462426173035, 4.524008886888623], [0.9528402781870682, 4.524008886888623], [4.317048315744614, 3.7724613323807716], [3.412526069791056, -0.17056452669203281], [2.744577472185483, -0.021725380793213844], [1.8037315588444471, -4.524008886888623], [1.801606785331387, -4.524008886888623], [-3.447544811264379, -3.3542094491422176]]]], "centroids": [[0.28555083234095946, 0.31701558642089367, 6.0]], "h": 6.0}, "mtl": {"face": 1}}, {"geom": {"polygons": [[[[1.8037315588444471, -4.524008886888623], [2.744577472185483, -0.021725380793213844], [4.524008886568481, -0.41823650896549225], [4.524008886568481, -4.524008886888623], [1.8037315588444471, -4.524008886888623]]]], "centroids": [[3.3629078142694198, -2.5118868984282017, 6.0]], "h": 6.0}, "mtl": {"face": 1}}], "featureCount": 4, "startIndex": 0}