{"type": "block", "layer": 1, "block": 0, "features": [{"geom": {"triangles": {"v": [-1.7943266842630692, 4.648461332544684, 3.0, -3.450576684263069, -3.3515386674553156, 3.0, 13.04942331573693, 1.6484613325446844, 3.0, 16.17442331573693, -7.351538667455316, 3.0, 17.89317331573693, -0.3515386674553156, 3.0], "f": [0, 1, 2, 2, 1, 3, 4, 2, 3]}, "centroids": [[7.198995468876092, -1.6116998512297869, 3.0]]}, "mtl": 0}], "featureCount": 1, "startIndex": 0}