{"type": "block", "layer": 1, "block": 0, "features": [{"geom": {"triangles": {"v": [19.41040721902391, 0.951572597026825, 3.0, -4.777092780976091, 6.951572597026825, 3.0, -6.886467780976091, -4.048427402973175, 3.0, 17.12915721902391, -9.048427402973175, 3.0], "f": [0, 1, 2, 0, 2, 3]}, "centroids": [[6.215999530773843, -1.359070161357522, 3.0]]}, "mtl": 0}], "featureCount": 1, "startIndex": 0}