{"type": "block", "layer": 1, "block": 0, "features": [{"geom": {"triangles": {"v": [-20.705797042290214, 9.958748612552881, 3.0, -23.018297042290214, -1.0412513874471188, 3.0, 1.4348279577097856, 4.958748612552881, 3.0, 1.0754529577097856, -6.041251387447119, 3.0, 3.3567029577097856, 4.958748612552881, 3.0], "f": [0, 1, 2, 1, 3, 2, 2, 3, 4]}, "centroids": [[-9.960453595471336, 2.0972452238202095, 3.0]]}, "mtl": 0}], "featureCount": 1, "startIndex": 0}