{"type": "block", "layer": 1, "block": 0, "features": [{"geom": {"triangles": {"v": [-4.385826986399479, 5.906082600355148, 3.0, -8.62020198639948, -13.093917399644852, 3.0, 1.1297980136005208, -15.093917399644852, 3.0, 5.426673013600521, 3.9060826003551483, 3.0], "f": [0, 1, 2, 0, 2, 3]}, "centroids": [[-1.6153615325165447, -4.809359414502978, 3.0]]}, "mtl": 0}], "featureCount": 1, "startIndex": 0}