{"type": "block", "layer": 1, "block": 0, "features": [{"geom": {"triangles": {"v": [0.22206194352474995, 11.83817582577467, 3.0, -1.82481305647525, -2.1618241742253304, 3.0, 11.44081194352475, 9.83817582577467, 3.0, 8.70643694352475, -4.16182417422533, 3.0], "f": [0, 1, 2, 1, 3, 2]}, "centroids": [[4.650544071802869, 4.120860336348414, 3.0]]}, "mtl": 0}], "featureCount": 1, "startIndex": 0}