{"type": "block", "layer": 0, "block": 0, "features": [{"geom": {"polygons": [[[[-5.045941345277242, 1.0889062359929085], [-3.579115159722278, 6.9802081398665905], [-3.5760793675435707, 6.9802081398665905], [1.1911253026337363, 5.817396158352494], [0.49748164575430565, 2.2973755039274693], [5.045941345277242, 1.161098750308156], [2.9992998502857517, -6.9802081398665905], [2.9982480836624745, -6.9802081398665905], [-4.196941344824154, -1.2480937652289867], [-5.045941345277242, 1.0889062359929085]]]], "centroids": [[-0.23137121688341722, 0.3590791132301092, 3.0]], "h": 3.0}, "mtl": {"face": 0}}, {"geom": {"polygons": [[[[-4.1969413354527205, -1.2480937726795673], [2.9982480836624745, -6.9802081398665905], [2.238237009878503, -6.9802081398665905], [-4.1969413354527205, -1.2480937726795673]]]], "centroids": [[0.3465145860100165, -5.069503350183368, 3.0]], "h": 3.0}, "mtl": {"face": 0}}, {"geom": {"polygons": [[[[-5.045941345277242, 1.0889062359929085], [-3.5791151599260047, 6.9802081398665905], [-3.576079351536464, 6.9802081398665905], [1.1911253026337363, 5.817396158352494], [0.49748164575430565, 2.2973755039274693], [5.045941345277242, 1.161098750308156], [2.9992998502857517, -6.9802081398665905], [2.9982480836624745, -6.9802081398665905], [-4.196941344824154, -1.2480937652289867], [-5.045941345277242, 1.0889062359929085]]]], "centroids": [[-0.23137121711624786, 0.3590791169553995, 6.0]], "h": 6.0}, "mtl": {"face": 1}}, {"geom": {"polygons": [[[[-4.1969413354527205, -1.2480937726795673], [2.9982480836624745, -6.9802081398665905], [2.238237009878503, -6.9802081398665905], [-4.1969413354527205, -1.2480937726795673]]]], "centroids": [[0.3465145860100165, -5.069503350183368, 6.0]], "h": 6.0}, "mtl": {"face": 1}}], "featureCount": 4, "startIndex": 0}