{"type": "block", "layer": 1, "block": 0, "features": [{"geom": {"triangles": {"v": [-7.408683735236991, 5.285979932174087, 3.0, -8.814933735236991, -0.7140200678259134, 3.0, 6.106941264763009, 1.2859799321740866, 3.0, 8.810066264763009, 2.2859799321740866, 3.0, 8.528816264763009, 1.2859799321740866, 3.0, 5.075691264763009, -3.7140200678259134, 3.0], "f": [0, 1, 2, 3, 0, 2, 3, 2, 4, 1, 5, 2]}, "centroids": [[-0.873047208355274, 0.9620460011065006, 3.0]]}, "mtl": 0}], "featureCount": 1, "startIndex": 0}