{"type": "block", "layer": 1, "block": 0, "features": [{"geom": {"triangles": {"v": [-2.847233182488708, 6.914359897375107, 3.0, -5.644108182488708, -10.085640102624893, 3.0, 4.949641817511292, 5.914359897375107, 3.0, 1.9183918175112922, -12.085640102624893, 3.0], "f": [0, 1, 2, 1, 3, 2]}, "centroids": [[-0.39036113978363574, -2.4445085786283016, 3.0]]}, "mtl": 0}], "featureCount": 1, "startIndex": 0}