{"type": "block", "layer": 1, "block": 0, "features": [{"geom": {"triangles": {"v": [-2.0712894097086973, 5.292986758053303, 3.0, -4.180664409708697, -4.707013241946697, 3.0, 3.6162105902913027, -5.707013241946697, 3.0, 5.913085590291303, 4.292986758053303, 3.0], "f": [0, 1, 2, 0, 2, 3]}, "centroids": [[0.814748294709716, -0.2634485810995102, 3.0]]}, "mtl": 0}], "featureCount": 1, "startIndex": 0}