{"type": "block", "layer": 1, "block": 0, "features": [{"geom": {"triangles": {"v": [-27.965781049366342, 11.462334852665663, 3.0, -31.840781049366342, -1.5376651473343372, 3.0, -23.450156049366342, 12.462334852665663, 3.0, -25.153281049366342, 12.462334852665663, 3.0, -29.043906049366342, 15.462334852665663, 3.0, -25.043906049366342, 23.462334852665663, 3.0, -28.403281049366342, 23.462334852665663, 3.0, -13.684531049366342, 1.4623348526656628, 3.0, -13.309531049366342, 11.462334852665663, 3.0, -13.965781049366342, -0.5376651473343372, 3.0, -8.887656049366342, 1.4623348526656628, 3.0, -5.606406049366342, 0.46233485266566277, 3.0, 1.987343950633658, -2.5376651473343372, 3.0, -1.590781049366342, 0.46233485266566277, 3.0, 2.706093950633658, 1.4623348526656628, 3.0, -1.293906049366342, 2.4623348526656628, 3.0, -14.340781049366342, -2.5376651473343372, 3.0, -16.059531049366342, -7.537665147334337, 3.0], "f": [0, 1, 2, 3, 0, 2, 4, 0, 3, 5, 4, 3, 6, 4, 5, 7, 2, 1, 8, 2, 7, 7, 1, 9, 7, 9, 10, 10, 9, 11, 12, 11, 9, 13, 11, 12, 13, 12, 14, 15, 13, 14, 9, 1, 16, 1, 17, 16]}, "centroids": [[-20.378410273609916, 4.62851981446147, 3.0]]}, "mtl": 0}], "featureCount": 1, "startIndex": 0}