{"type": "block", "layer": 0, "block": 0, "features": [{"geom": {"polygons": [[[[-7.663914612610824, -1.8024565130472183], [-7.663914612610824, -1.7970412578433752], [-6.756681080296403, 4.443686321377754], [7.663914612610824, 1.5383023172616959], [7.663914612610824, 1.5341797657310963], [6.509253801894374, -4.443686321377754], [-7.663914612610824, -1.8024565130472183]]]], "centroids": [[-0.10094811231829226, -0.048052987083792686, 3.0]], "h": 3.0}, "mtl": {"face": 0}}, {"geom": {"polygons": [[[[-7.663914612610824, -1.8024565130472183], [-7.663914612610824, 2.37365541420877], [-7.633330359531101, 2.58404004573822], [-7.663914612610824, 2.588486172258854], [-7.663914612610824, 3.766017822548747], [-7.54285654364503, 4.600299751386046], [-6.756681080296403, 4.443686321377754], [7.663914612610824, 1.5383023172616959], [7.663914612610824, 1.5341797657310963], [6.509253801894374, -4.443686321377754], [-7.663914612610824, -1.8024565130472183]]]], "centroids": [[-0.32356851047370583, 0.026720969006419182, 6.0]], "h": 6.0}, "mtl": {"face": 1}}], "featureCount": 2, "startIndex": 0}