{"type": "block", "layer": 1, "block": 0, "features": [{"geom": {"triangles": {"v": [-6.754681080288719, 4.732686322182417, 3.0, -7.660931080288719, -2.267313677817583, 3.0, 14.12031891971128, -6.267313677817583, 3.0, 24.94844391971128, -2.267313677817583, 3.0, 24.07344391971128, -8.267313677817583, 3.0], "f": [0, 1, 2, 0, 2, 3, 2, 4, 3]}, "centroids": [[8.530684243654832, -1.7508123647421598, 3.0]]}, "mtl": 0}], "featureCount": 1, "startIndex": 0}