{"type": "block", "layer": 1, "block": 0, "features": [{"geom": {"triangles": {"v": [-18.946400000015274, 7.663656551390886, 3.0, -19.665150000015274, 4.663656551390886, 3.0, -14.087025000015274, 0.6636565513908863, 3.0, -5.571400000015274, -2.3363434486091137, 3.0, 5.569224999984726, 2.6636565513908863, 3.0, 4.178599999984726, -4.336343448609114, 3.0, -19.290150000015274, 2.6636565513908863, 3.0], "f": [0, 1, 2, 0, 2, 3, 0, 3, 4, 3, 5, 4, 2, 1, 6]}, "centroids": [[-6.476314016646938, 1.8647397458553314, 3.0]]}, "mtl": 0}], "featureCount": 1, "startIndex": 0}