{"type": "block", "layer": 1, "block": 0, "features": [{"geom": {"triangles": {"v": [7.205575612082612, 2.923531223088503, 3.0, -16.68504938791739, 4.923531223088503, 3.0, -17.51317438791739, -5.076468776911497, 3.0, 6.299325612082612, -7.076468776911497, 3.0], "f": [0, 1, 2, 0, 2, 3]}, "centroids": [[-5.196303354867268, -1.3683173917233944, 3.0]]}, "mtl": 0}], "featureCount": 1, "startIndex": 0}