{"type": "block", "layer": 0, "block": 0, "features": [{"geom": {"polygons": [[[[-2.3488998289685696, -2.3493321165442467], [-1.9268204641994089, 2.709596123546362], [-1.9242044781858567, 2.709596123546362], [2.3488998289976735, 2.2630912493914366], [1.904325431358302, -2.709596123546362], [1.9011043942009564, -2.709596123546362], [-2.3488998289685696, -2.3493321165442467]]]], "centroids": [[-0.011283277242910117, -0.01808907464146614, 3.0]], "h": 3.0}, "mtl": {"face": 0}}], "featureCount": 1, "startIndex": 0}