{"type": "block", "layer": 1, "block": 0, "features": [{"geom": {"triangles": {"v": [-14.056449942290783, 0.3248753510415554, 3.0, -13.775199942290783, 0.3248753510415554, 3.0, -12.525199942290783, 6.324875351041555, 3.0, -4.822074942290783, -1.6751246489584446, 3.0, 3.099800057709217, 2.3248753510415554, 3.0, 2.052925057709217, -3.6751246489584446, 3.0], "f": [0, 1, 2, 2, 1, 3, 2, 3, 4, 3, 5, 4]}, "centroids": [[-5.392987749655731, 1.5396140906959772, 3.0]]}, "mtl": 0}], "featureCount": 1, "startIndex": 0}