{"type": "block", "layer": 0, "block": 0, "features": [{"geom": {"polygons": [[[[-5.456052398541942, -2.380048142746091], [-5.456052398541942, -2.3764876518398523], [-4.458296167053049, 3.9729600809514523], [5.456052398541942, 2.3729320876300335], [5.456052398541942, 2.3695222083479166], [4.414201941748615, -3.972960079088807], [-5.456052398541942, -2.380048142746091]]]], "centroids": [[-0.01064455130835995, 0.0005793403834104538, 3.0]], "h": 3.0}, "mtl": {"face": 0}}, {"geom": {"polygons": [[[[1.609913734922884, 2.993641447275877], [2.014415660087252, 5.456052398309112], [5.456052398541942, 5.456052398309112], [5.456052398541942, 2.3729320876300335], [1.609913734922884, 2.993641447275877]]]], "centroids": [[3.6958481401088648, 4.035890135914087, 3.0]], "h": 3.0}, "mtl": {"face": 0}}, {"geom": {"polygons": [[[[-5.456052398541942, -2.380048142746091], [-5.456052398541942, -2.3764876518398523], [-4.458296167053049, 3.9729600809514523], [5.456052398541942, 2.3729320876300335], [5.456052398541942, 2.3695222083479166], [4.414201941748615, -3.972960079088807], [-5.456052398541942, -2.380048142746091]]]], "centroids": [[-0.01064455130835995, 0.0005793403834104538, 6.0]], "h": 6.0}, "mtl": {"face": 1}}], "featureCount": 3, "startIndex": 0}