{"type": "block", "layer": 0, "block": 0, "features": [{"geom": {"polygons": [[[[-3.8935850309499074, -4.149910083040595], [-3.87751335799112, -4.019571313634515], [-3.4339455933950376, -0.4223040733486414], [-1.109442787594162, -0.7089312393218279], [-0.05679759907070547, 6.779893256723881], [-0.05303243879461661, 6.779893256723881], [3.8935850309208035, 6.050699919462204], [2.030085122125456, -6.779893256723881], [2.0284598325379193, -6.779893256723881], [-3.8935850309499074, -4.149910083040595]]]], "centroids": [[0.4913163412420545, -0.21168721094727516, 3.0]], "h": 3.0}, "mtl": {"face": 0}}, {"geom": {"polygons": [[[[-3.8935850309499074, -4.149910083040595], [-3.87751335799112, -4.019571313634515], [-3.4339455933950376, -0.4223040733486414], [-1.109442787594162, -0.7089312393218279], [-0.05679759907070547, 6.779893256723881], [-0.05303243879461661, 6.779893256723881], [3.8935850309208035, 6.050699919462204], [2.030085122125456, -6.779893256723881], [2.0284598325379193, -6.779893256723881], [-3.8935850309499074, -4.149910083040595]]]], "centroids": [[0.4913163412420545, -0.21168721094727516, 6.0]], "h": 6.0}, "mtl": {"face": 1}}], "featureCount": 2, "startIndex": 0}