{"type": "block", "layer": 1, "block": 0, "features": [{"geom": {"triangles": {"v": [4.885066434566397, 9.709569863975048, 3.0, -12.224308565433603, 11.709569863975048, 3.0, -12.333683565433603, -3.290430136024952, 3.0, 1.6194414345663972, -5.290430136024952, 3.0], "f": [0, 1, 2, 0, 2, 3]}, "centroids": [[-4.486657284753164, 3.5412753392010927, 3.0]]}, "mtl": 0}], "featureCount": 1, "startIndex": 0}