{"type": "block", "layer": 0, "block": 0, "features": [{"geom": {"polygons": [[[[-6.598203740169993, -1.6975756958127022], [-6.598203740169993, -1.692273749038577], [-6.026593127491651, 2.84893218614161], [6.598203740169993, 1.730864379554987], [6.598203740169993, 1.7234785817563534], [6.18642204956268, -2.84893218614161], [-6.598203740169993, -1.6975756958127022]]]], "centroids": [[0.0438043428293895, 0.0030877795070409775, 3.0]], "h": 3.0}, "mtl": {"face": 0}}, {"geom": {"polygons": [[[[-2.370898555673193, -6.598203741014004], [-2.185159538901644, -4.535763617604971], [4.314026392909, -5.135248143225908], [4.533334438252496, -2.7000585962086916], [6.18642204956268, -2.84893218614161], [5.848770544398576, -6.598203741014004], [-2.370898555673193, -6.598203741014004]]]], "centroids": [[2.3580763711070176, -5.344926366582513, 3.0]], "h": 3.0}, "mtl": {"face": 0}}], "featureCount": 2, "startIndex": 0}