{"type": "block", "layer": 1, "block": 0, "features": [{"geom": {"triangles": {"v": [-22.46998613514006, 3.824715442955494, 3.0, -23.79811113514006, -5.175284557044506, 3.0, 5.686263864859939, -8.175284557044506, 3.0, 6.592513864859939, 1.824715442955494, 3.0], "f": [0, 1, 2, 3, 0, 2]}, "centroids": [[-8.473381955263903, -1.9999405518174171, 3.0]]}, "mtl": 0}], "featureCount": 1, "startIndex": 0}