{"type": "block", "layer": 0, "block": 0, "features": [{"geom": {"polygons": [[[[-3.2944331984617747, -0.5397262964397669], [-3.2944331984617747, -0.5386951640248299], [-2.1822054145741276, 2.5403862427920103], [3.2944331984617747, 0.34632077626883984], [3.2944331984617747, 0.345283517614007], [2.244175823609112, -2.540386240929365], [-3.2944331984617747, -0.5397262964397669]]]], "centroids": [[-0.01372907028417103, -0.036858731880784035, 3.0]], "h": 3.0}, "mtl": {"face": 0}}, {"geom": {"polygons": [[[[1.9698836425086483, -3.2944331988692284], [2.244175823550904, -2.540386240929365], [3.2944331984617747, 0.345283517614007], [3.2944331984617747, -3.2944331988692284], [1.9698836425086483, -3.2944331988692284]]]], "centroids": [[2.852885694912402, -2.0811720490455627, 3.0]], "h": 3.0}, "mtl": {"face": 0}}, {"geom": {"polygons": [[[[1.9698917060450185, -3.2944331988692284], [2.244175823609112, -2.540386240929365], [3.2944331984617747, 0.345283517614007], [3.2944331984617747, -3.2944331988692284], [1.9698917060450185, -3.2944331988692284]]]], "centroids": [[2.8528866932319943, -2.0811708346009254, 6.0]], "h": 6.0}, "mtl": {"face": 1}}], "featureCount": 3, "startIndex": 0}