{"type": "block", "layer": 1, "block": 0, "features": [{"geom": {"triangles": {"v": [-2.1835251653101295, 2.3943731486797333, 3.0, -6.3397751653101295, -8.605626851320267, 3.0, 7.5508498346898705, -1.6056268513202667, 3.0, 3.4570998346898705, -12.605626851320267, 3.0], "f": [0, 1, 2, 1, 3, 2]}, "centroids": [[0.6030990765721072, -5.082069521769881, 3.0]]}, "mtl": 0}], "featureCount": 1, "startIndex": 0}