{"type": "block", "layer": 0, "block": 0, "features": [{"geom": {"polygons": [[[[-3.76172500429675, -2.6849682442843914], [-3.76172500429675, -2.6822471115738153], [-3.278194721584441, 0.7810633890330791], [0.26503137926920317, 0.36315296962857246], [0.6139405267022084, 3.1643870901316404], [3.76172500429675, 2.590796960517764], [3.76172500429675, 2.5877219904214144], [3.0419306810945272, -3.1643870901316404], [-3.76172500429675, -2.6849682442843914]]]], "centroids": [[0.41415515809785575, -0.49087307415902615, 3.0]], "h": 3.0}, "mtl": {"face": 0}}], "featureCount": 1, "startIndex": 0}