{"type": "block", "layer": 1, "block": 0, "features": [{"geom": {"triangles": {"v": [4.426055681105936, 7.537612909451127, 3.0, -7.511444318894064, 10.537612909451127, 3.0, -9.261444318894064, -2.462387090548873, 3.0, 4.457305681105936, 8.537612909451127, 3.0, 3.035430681105936, -3.462387090548873, 3.0], "f": [0, 1, 2, 1, 0, 3, 0, 2, 4]}, "centroids": [[-2.472351356933359, 3.3782921992242336, 3.0]]}, "mtl": 0}], "featureCount": 1, "startIndex": 0}