{"type": "block", "layer": 1, "block": 0, "features": [{"geom": {"triangles": {"v": [-19.01143193320604, 8.111597821116447, 3.0, -20.49580693320604, -1.8884021788835526, 3.0, 3.8791930667939596, 4.1115978211164474, 3.0, 4.36356806679396, -5.8884021788835526, 3.0, 5.47294306679396, 2.1115978211164474, 3.0], "f": [0, 1, 2, 2, 1, 3, 4, 2, 3]}, "centroids": [[-7.469236875738716, 1.1330446917563677, 3.0]]}, "mtl": 0}], "featureCount": 1, "startIndex": 0}