{"type": "block", "layer": 1, "block": 0, "features": [{"geom": {"triangles": {"v": [-22.425783428479917, 6.8613042794167995, 3.0, -24.644533428479917, -3.1386957205832005, 3.0, -6.894533428479917, -6.1386957205832005, 3.0, -19.722658428479917, 8.8613042794168, 3.0, -21.832033428479917, 9.8613042794168, 3.0, 2.7773415715200827, 4.8613042794167995, 3.0, 0.27734157152008265, -8.1386957205832, 3.0], "f": [0, 1, 2, 3, 0, 2, 4, 0, 3, 3, 2, 5, 2, 6, 5]}, "centroids": [[-10.87275124961161, 0.9813891351222992, 3.0]]}, "mtl": 0}], "featureCount": 1, "startIndex": 0}