{"type": "block", "layer": 1, "block": 0, "features": [{"geom": {"triangles": {"v": [1.152824392018374, 15.7853775434196, 3.0, -7.972175607981626, -0.21462245658040047, 3.0, 5.684074392018374, -4.2146224565804005, 3.0, 13.621574392018374, 7.7853775434195995, 3.0], "f": [0, 1, 2, 0, 2, 3]}, "centroids": [[2.928969143598806, 5.147172097116709, 3.0]]}, "mtl": 0}], "featureCount": 1, "startIndex": 0}