{"type": "block", "layer": 1, "block": 0, "features": [{"geom": {"triangles": {"v": [-3.746158947760705, 4.645783448591828, 3.0, -5.418033947760705, -2.3542165514081717, 3.0, 15.644466052239295, 0.6457834485918283, 3.0, 13.941341052239295, -7.354216551408172, 3.0], "f": [0, 1, 2, 1, 3, 2]}, "centroids": [[5.072918860038044, -1.2774671409279108, 3.0]]}, "mtl": 0}], "featureCount": 1, "startIndex": 0}