{"type": "block", "layer": 1, "block": 0, "features": [{"geom": {"triangles": {"v": [-14.27143771451665, 9.294806152582169, 3.0, -16.30268771451665, -0.7051938474178314, 3.0, 3.447312285483349, -4.705193847417831, 3.0, 5.447312285483349, 5.294806152582169, 3.0], "f": [0, 1, 2, 0, 2, 3]}, "centroids": [[-5.419128138368251, 2.6201412435621023, 3.0]]}, "mtl": 0}], "featureCount": 1, "startIndex": 0}