{"type": "block", "layer": 0, "block": 0, "features": [{"geom": {"polygons": [[[[-2.9244055318122264, -3.366081666201353], [-1.2142280624539126, 4.367659579962492], [-1.2122748787223827, 4.367659579962492], [2.9244055318413302, 3.394399093464017], [1.2079662107862532, -4.367659579962492], [1.206068233033875, -4.367659579962492], [-2.9244055318122264, -3.366081666201353]]]], "centroids": [[-0.0003060102753806859, 0.0067784953862428665, 3.0]], "h": 3.0}, "mtl": {"face": 0}}, {"geom": {"polygons": [[[[-2.9244055318122264, -3.366081666201353], [-1.2142280624539126, 4.367659579962492], [-1.2122748787223827, 4.367659579962492], [2.9244055318413302, 3.394399093464017], [1.20796621098998, -4.367659579962492], [1.2060682332376018, -4.367659579962492], [-2.9244055318122264, -3.366081666201353]]]], "centroids": [[-0.00030601018806919456, 0.0067784953862428665, 6.0]], "h": 6.0}, "mtl": {"face": 1}}], "featureCount": 2, "startIndex": 0}