{"type": "block", "layer": 1, "block": 0, "features": [{"geom": {"triangles": {"v": [-1.2106017684563994, 4.150825887918472, 3.0, -2.9293517684563994, -3.8491741120815277, 3.0, 18.0393982315436, 0.1508258879184723, 3.0, 16.3362732315436, -7.849174112081528, 3.0], "f": [0, 1, 2, 1, 3, 2]}, "centroids": [[7.5872519398108125, -1.807081801816821, 3.0]]}, "mtl": 0}], "featureCount": 1, "startIndex": 0}