{"type": "block", "layer": 1, "block": 0, "features": [{"geom": {"triangles": {"v": [-3.040030384901911, 7.565359156578779, 3.0, -6.071280384901911, -10.43464084342122, 3.0, -2.305655384901911, -11.43464084342122, 3.0, 5.288094615098089, 5.565359156578779, 3.0, 1.319344615098089, -12.43464084342122, 3.0], "f": [0, 1, 2, 0, 2, 3, 2, 4, 3]}, "centroids": [[-0.5831162334361579, -2.523458382114768, 3.0]]}, "mtl": 0}], "featureCount": 1, "startIndex": 0}