{"type": "block", "layer": 0, "block": 0, "features": [{"geom": {"polygons": [[[[-6.98460451819119, -0.3093569055199623], [-6.98460451819119, -0.3015366457402706], [-6.526436266343808, 4.786380883306265], [6.98460451819119, 3.6388329472392797], [6.98460451819119, 3.6305224262177944], [6.272045366204111, -4.78638088144362], [5.106054371775826, -4.679798444733024], [5.398734276153846, -1.4287533313035965], [-6.98460451819119, -0.3093569055199623]]]], "centroids": [[0.3201857116946485, 1.3989112302660942, 3.0]], "h": 3.0}, "mtl": {"face": 0}}, {"geom": {"polygons": [[[[-6.98460451819119, -6.9846045188605785], [-6.98460451819119, -0.3093569055199623], [5.398734276153846, -1.4287533313035965], [5.106054371775826, -4.679798444733024], [6.272045366204111, -4.78638088144362], [6.085994763416238, -6.9846045188605785], [-6.98460451819119, -6.9846045188605785]], [[-2.0316820527950767, -1.0087023694068193], [-2.2349630091921426, -3.2661192398518324], [0.7352410695748404, -3.5376235563308], [0.9385220259719063, -1.280206685885787], [-2.0316820527950767, -1.0087023694068193]]]], "centroids": [[-0.8881443479913287, -4.126151697710156, 3.0]], "h": 3.0}, "mtl": {"face": 0}}, {"geom": {"polygons": [[[[-6.98460451819119, -1.7952425591647625], [-6.98460451819119, 4.825294986367226], [-6.526436266343808, 4.786380883306265], [6.98460451819119, 3.6388329472392797], [6.98460451819119, -2.6593365389853716], [6.941881388745969, -2.6554312463849783], [6.941881388833281, -2.655431244522333], [6.941881388745969, -2.6554312463849783], [6.98460451819119, -2.6593365389853716], [0.8647065590776037, -2.09992085583508], [0.9385220259719063, -1.280206685885787], [-2.0316820527950767, -1.0087023694068193], [-2.1423687276546843, -2.237868010997772], [-6.98460451819119, -1.7952425591647625]]]], "centroids": [[-0.07175207257387228, 1.1118972413241863, 6.0]], "h": 6.0}, "mtl": {"face": 1}}, {"geom": {"polygons": [[[[-6.98460451819119, -6.9846045188605785], [-6.98460451819119, -1.7952425591647625], [-2.142368727712892, -2.237868010997772], [-2.2349630091921426, -3.2661192398518324], [0.7352410695748404, -3.5376235563308], [0.8647065590776037, -2.09992085583508], [6.98460451819119, -2.6593365389853716], [6.98460451819119, -6.025568732991815], [6.908893031621119, -6.919968813657761], [6.372734144330025, -6.874582653865218], [6.36267712112749, -6.9846045188605785], [-6.98460451819119, -6.9846045188605785]]]], "centroids": [[-0.14711120547144674, -4.694796970114112, 6.0]], "h": 6.0}, "mtl": {"face": 1}}], "featureCount": 4, "startIndex": 0}