{"type": "block", "layer": 1, "block": 0, "features": [{"geom": {"triangles": {"v": [-6.521011266333517, 5.073380883783102, 3.0, -7.692886266333517, -7.926619116216898, 3.0, 8.447738733666483, -9.926619116216898, 3.0, 9.650863733666483, 3.073380883783102, 3.0], "f": [0, 1, 2, 0, 2, 3]}, "centroids": [[0.9819392463832628, -2.392810257151723, 3.0]]}, "mtl": 0}], "featureCount": 1, "startIndex": 0}