{"type": "block", "layer": 1, "block": 0, "features": [{"geom": {"triangles": {"v": [-1.804582614422543, 4.552456049248576, 3.0, -3.476457614422543, -3.447543950751424, 3.0, 17.601667385577457, -0.44754395075142384, 3.0, 15.898542385577457, -8.447543950751424, 3.0], "f": [0, 1, 2, 1, 3, 2]}, "centroids": [[7.0533307408040855, -1.7401131056249142, 3.0]]}, "mtl": 0}], "featureCount": 1, "startIndex": 0}