{"type": "block", "layer": 1, "block": 0, "features": [{"geom": {"triangles": {"v": [-8.688417329278309, 5.60499999858439, 3.0, -10.438417329278309, -1.3950000014156103, 3.0, 9.202207670721691, 2.6049999985843897, 3.0, 8.967832670721691, -6.39500000141561, 3.0, 10.436582670721691, -0.3950000014156103, 3.0], "f": [0, 1, 2, 1, 3, 2, 2, 3, 4]}, "centroids": [[0.08390992562635802, -0.016581939533352852, 3.0]]}, "mtl": 0}], "featureCount": 1, "startIndex": 0}