{"type": "block", "layer": 1, "block": 0, "features": [{"geom": {"triangles": {"v": [-7.075666305958293, 5.262355104088783, 3.0, -8.263166305958293, -0.7376448959112167, 3.0, -0.3256663059582934, 4.262355104088783, 3.0, 7.580583694041707, -3.7376448959112167, 3.0, 8.893083694041707, 2.2623551040887833, 3.0], "f": [0, 1, 2, 2, 1, 3, 2, 3, 4]}, "centroids": [[0.287003937701229, 0.8305589463561773, 3.0]]}, "mtl": 0}], "featureCount": 1, "startIndex": 0}