{"type": "block", "layer": 0, "block": 0, "features": [{"geom": {"polygons": [[[[-7.02473968535196, -3.581862233579159], [-7.02473968535196, -3.577036051079631], [-5.69831665471429, 5.351005811244249], [7.02473968535196, 3.3421051148325205], [7.02473968535196, 3.337265409529209], [5.733942229562672, -5.3510058131068945], [-7.02473968535196, -3.581862233579159]]]], "centroids": [[-0.019981835881480947, -0.055659741163253784, 3.0]], "h": 3.0}, "mtl": {"face": 0}}, {"geom": {"polygons": [[[[-7.02473968535196, -3.581862233579159], [-7.02473968535196, 0.5056585762649775], [-6.290974454197567, 5.4445832297205925], [-5.698316653666552, 5.35100581869483], [7.02473968535196, 3.3421051148325205], [7.02473968535196, -1.0856247674673796], [6.377856390841771, -5.439698901027441], [5.733942229562672, -5.3510058131068945], [-7.02473968535196, -3.581862233579159]]]], "centroids": [[-0.013478369801305234, -0.05922495946288109, 6.0]], "h": 6.0}, "mtl": {"face": 1}}, {"geom": {"polygons": [[[[-7.02473968535196, -3.581862233579159], [-7.02473968535196, 0.5056585762649775], [-6.290974455390824, 5.444583222270012], [-5.6983166536083445, 5.35100581869483], [7.02473968535196, 3.3421051148325205], [7.02473968535196, -1.0856247674673796], [6.377856390841771, -5.439698901027441], [5.733942229562672, -5.3510058131068945], [-7.02473968535196, -3.581862233579159]]]], "centroids": [[-0.013478369743097574, -0.05922495946288109, 9.0]], "h": 9.0}, "mtl": {"face": 2}}, {"geom": {"polygons": [[[[-7.02473968535196, -3.581862233579159], [-7.02473968535196, 0.5056585762649775], [-6.2909744542848784, 5.4445832297205925], [-5.6983166536083445, 5.35100581869483], [7.02473968535196, 3.3421051148325205], [7.02473968535196, -1.0856247674673796], [6.377856390841771, -5.439698901027441], [5.733942229562672, -5.3510058131068945], [-7.02473968535196, -3.581862233579159]]]], "centroids": [[-0.013478369859512895, -0.05922495946288109, 12.0]], "h": 12.0}, "mtl": {"face": 3}}], "featureCount": 4, "startIndex": 0}