{"type": "block", "layer": 1, "block": 0, "features": [{"geom": {"triangles": {"v": [-15.7935327704472, 7.296994186937809, 3.0, -17.5747827704472, -1.703005813062191, 3.0, 5.7377172295528, -5.703005813062191, 3.0, 7.0189672295528, 3.296994186937809, 3.0], "f": [0, 1, 2, 0, 2, 3]}, "centroids": [[-5.2473897167656105, 0.7043732944875956, 3.0]]}, "mtl": 0}], "featureCount": 1, "startIndex": 0}