{"type": "block", "layer": 0, "block": 0, "features": [{"geom": {"polygons": [[[[-3.00478335598018, -3.532518247142434], [-1.1103342730202712, 4.425143966451287], [-1.1081859050318599, 4.425143966451287], [3.004783356009284, 3.5341882798820734], [1.2431307816004846, -4.425143966451287], [1.2409278384002391, -4.425143966451287], [-3.00478335598018, -3.532518247142434]]]], "centroids": [[0.027462144469609484, -0.019483789801597595, 3.0]], "h": 3.0}, "mtl": {"face": 0}}, {"geom": {"polygons": [[[[-3.00478335598018, -3.532518247142434], [-1.1103342730202712, 4.425143966451287], [-1.1081859050318599, 4.425143966451287], [3.004783356009284, 3.5341882798820734], [1.2431307816004846, -4.425143966451287], [1.2409278384002391, -4.425143966451287], [-3.00478335598018, -3.532518247142434]]]], "centroids": [[0.027462144469609484, -0.019483789801597595, 6.0]], "h": 6.0}, "mtl": {"face": 1}}], "featureCount": 2, "startIndex": 0}