{"type": "block", "layer": 1, "block": 0, "features": [{"geom": {"triangles": {"v": [-16.47833492269274, 8.109262578189373, 3.0, -18.43145992269274, 0.10926257818937302, 3.0, 1.2404150773072615, -4.890737421810627, 3.0, 3.0060400773072615, 3.109262578189373, 3.0], "f": [0, 1, 2, 0, 2, 3]}, "centroids": [[-7.688675668643555, 1.6428153291344643, 3.0]]}, "mtl": 0}], "featureCount": 1, "startIndex": 0}