{"type": "block", "layer": 0, "block": 0, "features": [{"geom": {"polygons": [[[[-7.576439653523266, -0.47447988390922546], [-7.576439653523266, -0.4684242345392704], [-6.901697372522904, 4.051500000059605], [7.576439653523266, 0.8296704199165106], [7.576439653523266, 0.8240572866052389], [6.897902626456926, -4.05150000192225], [-6.364697375713149, -2.041500002145767], [-7.576439653523266, -0.47447988390922546]]]], "centroids": [[-0.19353498023701832, -0.19327937997877598, 3.0]], "h": 3.0}, "mtl": {"face": 0}}, {"geom": {"polygons": [[[[-7.576439653523266, -2.3651695549488068], [-7.576439653523266, 4.215423543006182], [-6.901697372522904, 4.051500000059605], [7.576439653523266, 0.8296704199165106], [7.576439653523266, 0.8240573089569807], [6.897902628872544, -4.0514999851584435], [6.80862813978456, -4.851808074861765], [-6.497138229053235, -2.8353358786553144], [-6.684004322713008, -2.79980424977839], [-6.867202286870452, -2.7486189045011997], [-7.052234315808164, -2.6792584862560034], [-7.237266344716772, -2.590289320796728], [-7.405502662266372, -2.490047972649336], [-7.564386951067718, -2.3755596820265055], [-7.576439653523266, -2.3651695549488068]]]], "centroids": [[-0.3899281462072395, -0.5516858696937561, 6.0]], "h": 6.0}, "mtl": {"face": 1}}, {"geom": {"polygons": [[[[0.1371239153377246, -0.63493880815804], [0.6030207249277737, 2.381470028311014], [7.576439653523266, 0.8296704199165106], [7.576439653523266, 0.8240573089569807], [7.159716754365945, -2.1702618654817343], [0.1371239153377246, -0.63493880815804]]]], "centroids": [[3.8638987445738167, 0.10097954981029034, 12.0]], "h": 12.0}, "mtl": {"face": 2}}, {"geom": {"polygons": [[[[-7.576439653523266, -2.5984164848923683], [-7.576439653523266, 4.215423550456762], [-6.901697372435592, 4.051500000059605], [7.576439653523266, 0.8296704180538654], [7.576439653523266, 0.824057200923562], [7.159716747730272, -2.170261863619089], [0.13712391539593227, -0.63493880815804], [-0.22387060994515195, -2.9721668250858784], [-0.3753765200090129, -3.9530788138508797], [-6.528768317919457, -3.0205400083214045], [-6.7269011319149286, -2.982866071164608], [-6.925554193352582, -2.927362585440278], [-7.126052882493241, -2.852204391732812], [-7.326222477684496, -2.7559566143900156], [-7.508685999782756, -2.647238178178668], [-7.576439653523266, -2.5984164848923683]]]], "centroids": [[-1.5253664063930046, 0.051470715552568436, 9.0]], "h": 9.0}, "mtl": {"face": 3}}], "featureCount": 4, "startIndex": 0}