{"type": "block", "layer": 1, "block": 0, "features": [{"geom": {"triangles": {"v": [-6.897747379785869, 4.036499962210655, 3.0, -7.569622379785869, -0.9635000377893448, 3.0, -6.366497379785869, -1.9635000377893448, 3.0, 7.571002620214131, 1.0364999622106552, 3.0, 6.899127620214131, -3.963500037789345, 3.0], "f": [0, 1, 2, 0, 2, 3, 2, 4, 3]}, "centroids": [[-0.1935226168425288, -0.19326392374932766, 3.0]]}, "mtl": 0}], "featureCount": 1, "startIndex": 0}