{"type": "block", "layer": 0, "block": 0, "features": [{"geom": {"polygons": [[[[-5.49672768698656, 0.5954779461026192], [-2.4750996389775537, 6.273477021604776], [-2.4736868259788025, 6.273477021604776], [4.029327686992474, 2.491895569488406], [5.496622660633875, -6.273477021604776], [5.495723637577612, -6.273477021604776], [-5.49672768698656, 0.5954779461026192]]]], "centroids": [[0.3887162574392278, 0.44009996950626373, 3.0]], "h": 3.0}, "mtl": {"face": 0}}, {"geom": {"polygons": [[[[-5.49672768698656, 0.5954779461026192], [-2.4750996389775537, 6.273477021604776], [-2.4736868259788025, 6.273477021604776], [4.029327686992474, 2.491895569488406], [4.725727686978644, 2.158895568922162], [6.094827686989447, -6.111104430630803], [5.499029857048299, -6.273477021604776], [5.495723637577612, -6.273477021604776], [-5.49672768698656, 0.5954779461026192]]]], "centroids": [[0.736658948881086, 0.26540670543909073, 6.0]], "h": 6.0}, "mtl": {"face": 1}}], "featureCount": 2, "startIndex": 0}