{"type": "block", "layer": 1, "block": 0, "features": [{"geom": {"triangles": {"v": [-14.296597313019447, 13.637895569205284, 3.0, -17.171597313019447, 7.637895569205284, 3.0, 4.031527686980553, 2.637895569205284, 3.0, 5.500277686980553, -6.362104430794716, 3.0], "f": [0, 1, 2, 2, 1, 3]}, "centroids": [[-5.297599660960259, 4.066808519884944, 3.0]]}, "mtl": 0}], "featureCount": 1, "startIndex": 0}