{"type": "block", "layer": 0, "block": 0, "features": [{"geom": {"polygons": [[[[-11.469112132152077, -6.78322415240109], [1.9683942384435795, 14.006823329254985], [1.9712271670869086, 14.006823329254985], [11.469112132152077, 7.104247555136681], [-1.651641506003216, -14.006823329254985], [-1.6544154286093544, -14.006823329254985], [-11.469112132152077, -6.78322415240109]]]], "centroids": [[0.040810721286106855, 0.014281095936894417, 3.0]], "h": 3.0}, "mtl": {"face": 0}}], "featureCount": 1, "startIndex": 0}