{"type": "block", "layer": 0, "block": 0, "features": [{"geom": {"polygons": [[[[-4.947058859455865, -3.93365041539073], [-2.822582900902489, 5.841085519641638], [-2.8196623862022534, 5.841085519641638], [1.3154149132024031, 4.976388726383448], [0.05972731183283031, -1.2435888666659594], [4.947058859484969, -2.2817167472094297], [4.179260754754068, -5.841085519641638], [4.176340632693609, -5.841085519641638], [-4.947058859455865, -3.93365041539073]]]], "centroids": [[-0.6241747174062766, -0.7101771738380194, 3.0]], "h": 3.0}, "mtl": {"face": 0}}], "featureCount": 1, "startIndex": 0}