{"type": "block", "layer": 1, "block": 0, "features": [{"geom": {"triangles": {"v": [-2.8216999590513296, 5.951607376337051, 3.0, -4.94669995905133, -4.048392623662949, 3.0, 14.56892504094867, -8.048392623662949, 3.0, 16.69392504094867, 1.9516073763370514, 3.0], "f": [0, 1, 2, 0, 2, 3]}, "centroids": [[5.8749578604183625, -1.0865838713943958, 3.0]]}, "mtl": 0}], "featureCount": 1, "startIndex": 0}