{"type": "block", "layer": 0, "block": 0, "features": [{"geom": {"polygons": [[[[-4.954282743186923, 6.675763871520758], [-4.952235896460479, 6.675763871520758], [4.954283193626907, 3.445155069231987], [4.662383193644928, -0.2668449319899082], [-0.47142178373178467, 1.0677794944494963], [-0.47142178373178467, -0.039372220635414124], [2.089549625903601, -5.037815243005753], [-0.19840600457973778, -6.675763871520758], [-0.19995811925036833, -6.675763871520758], [-1.878954738844186, -4.866355888545513], [-4.952378549904097, 3.853217512369156], [-4.954282743186923, 6.675763871520758]]]], "centroids": [[-0.5193748199671973, 0.9564941022545099, 3.0]], "h": 3.0}, "mtl": {"face": 0}}, {"geom": {"polygons": [[[[-4.954282743186923, 6.675763871520758], [-4.952235896460479, 6.675763871520758], [4.954283193626907, 3.445155069231987], [4.662383193644928, -0.2668449319899082], [-0.47142178373178467, 1.0677794944494963], [-0.47142178373178467, -0.039372220635414124], [2.089549625903601, -5.037815243005753], [-0.19840600457973778, -6.675763871520758], [-0.19995811925036833, -6.675763871520758], [-1.878954738844186, -4.866355888545513], [-4.952378549904097, 3.853217512369156], [-4.954282743186923, 6.675763871520758]]]], "centroids": [[-0.5193748199671973, 0.9564941022545099, 6.0]], "h": 6.0}, "mtl": {"face": 1}}], "featureCount": 2, "startIndex": 0}