{"type": "block", "layer": 1, "block": 0, "features": [{"geom": {"triangles": {"v": [-4.954641806369182, 6.724155068397522, 3.0, -4.954641806369182, 3.724155068397522, 3.0, 4.951608193630818, 3.724155068397522, 3.0, -1.8765168063691817, -5.275844931602478, 3.0, 8.685983193630818, -1.275844931602478, 3.0, 8.935983193630818, 1.724155068397522, 3.0, -0.20464180636918172, -6.275844931602478, 3.0, 8.389108193630818, -6.275844931602478, 3.0, 8.014108193630818, -12.275844931602478, 3.0, 7.982858193630818, -12.275844931602478, 3.0], "f": [0, 1, 2, 1, 3, 2, 2, 3, 4, 2, 4, 5, 4, 3, 6, 6, 7, 4, 6, 8, 7, 6, 9, 8, 9, 6, 9]}, "centroids": [[2.6939224325469695, -1.9446229320019484, 3.0]]}, "mtl": 0}], "featureCount": 1, "startIndex": 0}