{"type": "block", "layer": 0, "block": 0, "features": [{"geom": {"polygons": [[[[-7.0626110106823035, 5.760139970108867], [-7.0626110106823035, 5.7726828176528215], [7.0626110106823035, 4.871605005115271], [7.0626110106823035, 4.868209231644869], [4.819498202617979, -5.772727875038981], [-6.472046537848655, -4.764617783948779], [-7.0626110106823035, 5.760139970108867]]]], "centroids": [[-0.36610742038465105, 0.21950285881757736, 3.0]], "h": 3.0}, "mtl": {"face": 0}}, {"geom": {"polygons": [[[[-6.472046550334198, -4.764617783948779], [4.819498330150964, -5.7727279011160135], [4.5475905910134315, -7.062611009925604], [-6.341585339192534, -7.062611009925604], [-6.472046550334198, -4.764617783948779]]]], "centroids": [[-1.3704235100885853, -6.136558063328266, 3.0]], "h": 3.0}, "mtl": {"face": 0}}, {"geom": {"polygons": [[[[-7.0626110106823035, -5.540372848510742], [-7.0626110106823035, 5.7726828176528215], [7.0626110106823035, 4.871605005115271], [7.0626110106823035, 4.868209231644869], [4.652689161070157, -6.564041640609503], [-7.0626110106823035, -5.540372848510742]]]], "centroids": [[-0.55543732753722, -0.1926419846713543, 6.0]], "h": 6.0}, "mtl": {"face": 1}}, {"geom": {"polygons": [[[[-7.0626110106823035, -5.540374297648668], [-7.0626110106823035, 5.7726828176528215], [7.0626110106823035, 4.871605005115271], [7.0626110106823035, 4.868209231644869], [4.652689161070157, -6.564041640609503], [-7.0626110106823035, -5.540374297648668]]]], "centroids": [[-0.5554374766652472, -0.1926423106342554, 9.0]], "h": 9.0}, "mtl": {"face": 2}}], "featureCount": 4, "startIndex": 0}