{"type": "block", "layer": 1, "block": 0, "features": [{"geom": {"triangles": {"v": [8.185078449663706, 9.97938221693039, 3.0, -7.158671550336294, 11.97938221693039, 3.0, -7.236796550336294, 8.97938221693039, 3.0, -6.471171550336294, -5.020617783069611, 3.0, 4.185078449663706, -9.02061778306961, 3.0, -5.768046550336294, -8.02061778306961, 3.0, -6.314921550336294, -7.020617783069611, 3.0], "f": [0, 1, 2, 3, 0, 2, 3, 4, 0, 3, 5, 4, 3, 6, 5]}, "centroids": [[-0.30389069419470616, 2.147867977619171, 3.0]]}, "mtl": 0}], "featureCount": 1, "startIndex": 0}