{"type": "block", "layer": 0, "block": 0, "features": [{"geom": {"polygons": [[[[-11.968928344489541, -2.0868392884731293], [-6.25507165552699, 19.83949999883771], [-4.770669226476457, 20.058493949472904], [-4.748090610431973, 20.058493949472904], [11.189928344479995, 16.49849999882281], [11.473928344494198, 16.50650000013411], [11.968928344489541, 16.654500000178814], [11.62592834449606, 15.702499998733401], [10.52692834447953, 12.35249999910593], [7.00192834448535, -0.6035000011324883], [1.9774464306537993, -20.058493949472904], [1.969911174470326, -20.058493949472904], [-6.782071655528853, -17.55650000087917], [-3.2832155838259496, -4.350277671590447], [-11.968928344489541, -2.0868392884731293]]]], "centroids": [[-0.304426212067483, 2.669974559918046, 3.0]], "h": 3.0}, "mtl": {"face": 0}}], "featureCount": 1, "startIndex": 0}