{"type": "block", "layer": 0, "block": 0, "features": [{"geom": {"polygons": [[[[-6.723300000012387, -4.375], [1.1720409861882217, 4.177139053121209], [1.7358666983491275, 4.787868332117796], [4.461485349893337, 7.740225899964571], [4.4629289956064895, 7.740225899964571], [6.723299999983283, 5.339999999850988], [3.532276948360959, 1.9368292670696974], [4.081599999975879, 1.334000000730157], [0.07016411059885286, -2.8621756061911583], [0.5776999999652617, -3.3440000005066395], [-3.486684331233846, -7.740225899964571], [-3.488144180504605, -7.740225899964571], [-6.723300000012387, -4.375]]]], "centroids": [[-0.12102466804208234, -0.2561166323721409, 3.0]], "h": 3.0}, "mtl": {"face": 0}}, {"geom": {"polygons": [[[[-6.723300000012387, -4.375], [4.461485349893337, 7.740225899964571], [4.4629289956064895, 7.740225899964571], [6.723299999983283, 5.339999999850988], [3.532276948360959, 1.9368292670696974], [4.081599999975879, 1.334000000730157], [2.2037306153797545, -0.6303514000028372], [2.6002999999618623, -0.9910000003874302], [0.959099999978207, -2.6850000005215406], [0.5642389465065207, -2.345347011461854], [0.07016411059885286, -2.8621756061911583], [0.5776999999652617, -3.3440000005066395], [0.9945680367818568, -3.7365351021289825], [-1.224800000025425, -6.046000000089407], [-1.5936989233014174, -5.692685412243009], [-3.486684331233846, -7.740225899964571], [-3.488144180504605, -7.740225899964571], [-4.290737804520177, -6.905363840982318], [-4.3542785538884345, -6.979518432170153], [-4.435365619399818, -7.041963955387473], [-4.525508616090519, -7.085256449878216], [-4.622603028808953, -7.109187079593539], [-4.722539783047978, -7.1127430852502584], [-4.821089513512561, -7.095773978158832], [-4.956475434417371, -7.034146666526794], [-6.093023139575962, -5.8467002511024475], [-6.107867671904387, -5.747808190062642], [-6.1227122041455, -5.648916129022837], [-6.1174684803700075, -5.549053706228733], [-6.0923486026294995, -5.452260153368115], [-6.048368616902735, -5.362450571730733], [-5.9873074240167625, -5.2832575757056475], [-5.912445934838615, -5.218454614281654], [-6.723300000012387, -4.375]]]], "centroids": [[-0.18563390348572284, -0.4943887274712324, 6.0]], "h": 6.0}, "mtl": {"face": 1}}], "featureCount": 2, "startIndex": 0}