{"type": "block", "layer": 1, "block": 0, "features": [{"geom": {"triangles": {"v": [11.681055034714518, 6.431975901126862, 3.0, -1.6783199652854819, 11.431975901126862, 3.0, -3.053319965285482, -4.568024098873138, 3.0, 12.071680034714518, 10.431975901126862, 3.0, 10.727930034714518, -4.568024098873138, 3.0, 10.540430034714518, -6.568024098873138, 3.0], "f": [0, 1, 2, 1, 0, 3, 0, 2, 4, 2, 5, 4]}, "centroids": [[4.500128685409436, 2.7148539666086435, 3.0]]}, "mtl": 0}], "featureCount": 1, "startIndex": 0}