{"type": "block", "layer": 1, "block": 0, "features": [{"geom": {"triangles": {"v": [-2.7896779006696306, 2.799487955868244, 3.0, -3.8053029006696306, -2.200512044131756, 3.0, -1.2428029006696306, 2.799487955868244, 3.0, 9.11657209933037, -4.200512044131756, 3.0, 22.31969709933037, -2.200512044131756, 3.0, 21.36657209933037, -7.200512044131756, 3.0], "f": [0, 1, 2, 2, 1, 3, 2, 3, 4, 3, 5, 4]}, "centroids": [[9.204037393355975, -1.889781717211008, 3.0]]}, "mtl": 0}], "featureCount": 1, "startIndex": 0}