{"type": "block", "layer": 0, "block": 0, "features": [{"geom": {"polygons": [[[[-4.372196266485844, 2.029269689694047], [-4.372196266485844, 2.032471800222993], [3.658616098429775, 2.9856345746666193], [4.372196266485844, -1.9444460105150938], [4.372196266485844, -1.9475234299898148], [-3.676107133505866, -2.9856345765292645], [-4.372196266485844, 2.029269689694047]]]], "centroids": [[-0.015116146008949727, 0.018384689465165138, 3.0]], "h": 3.0}, "mtl": {"face": 0}}, {"geom": {"polygons": [[[[-3.6761071336222813, -2.9856345765292645], [-0.5023989646288101, -2.57627354003489], [-0.25337415214744397, -4.372196266427636], [-3.483646724926075, -4.372196266427636], [-3.6761071336222813, -2.9856345765292645]]]], "centroids": [[-1.9102403797733132, -3.5721781495958567, 3.0]], "h": 3.0}, "mtl": {"face": 0}}, {"geom": {"polygons": [[[[-4.372196266485844, 2.029269689694047], [-4.372196266485844, 2.032471800222993], [3.658616098429775, 2.9856345746666193], [4.372196266485844, -1.9444460105150938], [4.372196266485844, -1.9475234299898148], [-3.676107133505866, -2.9856345765292645], [-4.372196266485844, 2.029269689694047]]]], "centroids": [[-0.015116146008949727, 0.018384689465165138, 6.0]], "h": 6.0}, "mtl": {"face": 1}}], "featureCount": 3, "startIndex": 0}