{"type": "block", "layer": 1, "block": 0, "features": [{"geom": {"triangles": {"v": [-4.3787462354812305, 1.8133786246180534, 3.0, -2.3162462354812305, -13.186621375381947, 3.0, 3.6525037645187695, 2.8133786246180534, 3.0, 5.8087537645187695, -12.186621375381947, 3.0], "f": [0, 1, 2, 2, 1, 3]}, "centroids": [[0.7027326037641615, -4.93613793887198, 3.0]]}, "mtl": 0}], "featureCount": 1, "startIndex": 0}