{"type": "block", "layer": 0, "block": 0, "features": [{"geom": {"polygons": [[[[-5.638200852641603, -3.871830053627491], [-3.555091568327043, 5.932604705914855], [-3.5523292450525332, 5.932604705914855], [-1.5992062131117564, 5.493033220991492], [5.638200852641603, 3.8178019747138023], [3.6063244938559365, -5.932604705914855], [3.603540054493351, -5.932604705914855], [-5.638200852641603, -3.871830053627491]]]], "centroids": [[0.007252963696373627, -0.013308944180607796, 3.0]], "h": 3.0}, "mtl": {"face": 0}}, {"geom": {"polygons": [[[[-5.9326047056529205, 1.4791142586618662], [-5.9326047056529205, 5.932604705914855], [-4.986430980527075, 5.932604705914855], [-5.9326047056529205, 1.4791142586618662]]]], "centroids": [[-5.617213463934604, 4.448107888922095, 3.0]], "h": 3.0}, "mtl": {"face": 0}}, {"geom": {"polygons": [[[[-5.9326047056529205, 1.4791142586618662], [-5.9326047056529205, 5.932604705914855], [-4.986430980527075, 5.932604705914855], [-5.9326047056529205, 1.4791142586618662]]]], "centroids": [[-5.617213463934604, 4.448107888922095, 6.0]], "h": 6.0}, "mtl": {"face": 1}}, {"geom": {"polygons": [[[[-5.9326047056529205, -3.806182248517871], [-5.9326047056529205, -1.1643527913838625], [-4.417985273670638, 5.932604705914855], [-3.552329241647385, 5.932604705914855], [-1.5992062131117564, 5.493033220991492], [5.638200852263253, 3.817801972851157], [5.9326047056529205, 3.7503240276128054], [5.9326047056529205, 0.06963265687227249], [5.5468008526659105, -1.7791980262845755], [4.384157625230728, -2.200000936165452], [4.2279006189492065, -2.949834629893303], [5.272400852642022, -3.1871980261057615], [4.699985874729464, -5.932604705914855], [3.603540054493351, -5.932604705914855], [-5.9326047056529205, -3.806182248517871]]]], "centroids": [[0.020678999251686037, -0.021795716136693954, 6.0]], "h": 6.0}, "mtl": {"face": 1}}], "featureCount": 4, "startIndex": 0}