{"type": "block", "layer": 1, "block": 0, "features": [{"geom": {"triangles": {"v": [-9.828174147347454, 7.108801973983645, 3.0, -12.140674147347454, -2.8911980260163546, 3.0, -1.593799147347454, 5.108801973983645, 3.0, 3.609325852652546, -5.891198026016355, 3.0, 5.640575852652546, 4.108801973983645, 3.0], "f": [0, 1, 2, 2, 1, 3, 4, 2, 3]}, "centroids": [[-3.1925654058286455, 0.6957735419273376, 3.0]]}, "mtl": 0}], "featureCount": 1, "startIndex": 0}