{"type": "block", "layer": 1, "block": 0, "features": [{"geom": {"triangles": {"v": [2.1435249999922235, 8.23200000077486, 3.0, -8.575225000007777, -0.7679999992251396, 3.0, 8.565399999992223, 1.2320000007748604, 3.0, -2.3877250000077765, -8.76799999922514, 3.0], "f": [0, 1, 2, 1, 3, 2]}, "centroids": [[-0.054415910941315815, 0.05909255892038345, 3.0]]}, "mtl": 0}], "featureCount": 1, "startIndex": 0}