{"type": "block", "layer": 0, "block": 0, "features": [{"geom": {"polygons": [[[[-5.513929111562902, -4.489540860056877], [-3.5820379324431997, 5.788880173116922], [-3.5780952269851696, 5.788880173116922], [5.513929111562902, 4.415917532518506], [3.5955780469230376, -5.788880173116922], [3.59141215463751, -5.788880173116922], [-5.513929111562902, -4.489540860056877]]]], "centroids": [[-0.0020593452791217715, -0.017578288912773132, 3.0]], "h": 3.0}, "mtl": {"face": 0}}, {"geom": {"polygons": [[[[5.599676152778557, -5.123104194179177], [5.788880172709469, -4.1166206654161215], [5.788880172709469, -5.155978500843048], [5.599676152778557, -5.123104194179177]]]], "centroids": [[5.72581216605613, -4.798567786812782, 3.0]], "h": 3.0}, "mtl": {"face": 0}}, {"geom": {"polygons": [[[[-5.513929111562902, -4.489540860056877], [-3.5820379324431997, 5.788880173116922], [-3.5780952269851696, 5.788880173116922], [5.513929111562902, 4.415917532518506], [3.5955780469230376, -5.788880173116922], [3.59141215463751, -5.788880173116922], [-5.513929111562902, -4.489540860056877]]]], "centroids": [[-0.0020593452791217715, -0.017578288912773132, 6.0]], "h": 6.0}, "mtl": {"face": 1}}, {"geom": {"polygons": [[[[5.599676152778557, -5.123104194179177], [5.788880172709469, -4.1166206654161215], [5.788880172709469, -5.155978500843048], [5.599676152778557, -5.123104194179177]]]], "centroids": [[5.72581216605613, -4.798567786812782, 6.0]], "h": 6.0}, "mtl": {"face": 1}}], "featureCount": 4, "startIndex": 0}