{"type": "block", "layer": 1, "block": 0, "features": [{"geom": {"triangles": {"v": [7.5361958884459455, -5.373540859669447, 3.0, -3.5888041115540545, 5.626459140330553, 3.0, -5.5106791115540545, -4.373540859669447, 3.0, 11.583070888445945, 2.626459140330553, 3.0, 11.754945888445945, 3.626459140330553, 3.0, 10.129945888445945, -6.373540859669447, 3.0, 7.4111958884459455, -6.373540859669447, 3.0], "f": [0, 1, 2, 1, 0, 3, 1, 3, 4, 0, 5, 3, 0, 2, 6]}, "centroids": [[3.068782941525569, -0.4105577301234007, 3.0]]}, "mtl": 0}], "featureCount": 1, "startIndex": 0}