{"type": "block", "layer": 1, "block": 0, "features": [{"geom": {"triangles": {"v": [-9.995591354672797, 2.909310631453991, 3.0, -10.120591354672797, -8.090689368546009, 3.0, -8.417466354672797, -8.090689368546009, 3.0, 2.520033645327203, 1.909310631453991, 3.0, 1.723158645327203, -9.090689368546009, 3.0, 11.832533645327203, 0.9093106314539909, 3.0, 14.613783645327203, -9.090689368546009, 3.0, 17.348158645327203, 0.9093106314539909, 3.0, 16.832533645327203, -9.090689368546009, 3.0, 19.691908645327203, -9.090689368546009, 3.0, 21.457533645327203, 0.9093106314539909, 3.0], "f": [0, 1, 2, 3, 0, 2, 3, 2, 4, 3, 4, 5, 5, 4, 6, 7, 5, 6, 7, 6, 8, 7, 8, 9, 7, 9, 10]}, "centroids": [[4.911472110834438, -3.483997417613864, 3.0]]}, "mtl": 0}], "featureCount": 1, "startIndex": 0}