{"type": "block", "layer": 0, "block": 0, "features": [{"geom": {"polygons": [[[[-4.549102162040072, -3.0631996411830187], [-4.549102162040072, -3.0623384211212397], [-0.32380923721939325, 4.068610854446888], [4.549102162040072, 2.9505469240248203], [4.549102162040072, 2.9497243762016296], [3.172295520926127, 0.7763891462236643], [0.34829552090377547, -4.068610856309533], [-4.549102162040072, -3.0631996411830187]]]], "centroids": [[-0.015658247721148655, -0.021676698699593544, 3.0]], "h": 3.0}, "mtl": {"face": 0}}, {"geom": {"polygons": [[[[-4.549102162040072, -3.0631996411830187], [-4.549102162040072, -3.0623384211212397], [-0.32380923721939325, 4.068610854446888], [4.549102162040072, 2.9505469240248203], [4.549102162040072, 2.9497243743389845], [3.172295521799242, 0.7763891462236643], [0.3482955217768904, -4.068610856309533], [-4.549102162040072, -3.0631996411830187]]]], "centroids": [[-0.01565824731369503, -0.021676698699593544, 6.0]], "h": 6.0}, "mtl": {"face": 1}}, {"geom": {"polygons": [[[[-4.549102162040072, 1.5389038044959307], [-4.549102162040072, 4.54910216294229], [-2.4179574425215833, 4.54910216294229], [-1.6454032315523364, 4.371843656525016], [-3.478113683697302, 1.3060350622981787], [-4.549102162040072, 1.5389038044959307]]]], "centroids": [[-3.4570361629885156, 3.203517682850361, 3.0]], "h": 3.0}, "mtl": {"face": 0}}], "featureCount": 3, "startIndex": 0}