{"type": "block", "layer": 0, "block": 0, "features": [{"geom": {"polygons": [[[[-9.44057499122573, -13.640704644843936], [-3.263875274686143, 5.925404313951731], [0.40007499081548303, 15.78665460832417], [0.45023270789533854, 15.894065042957664], [0.45476030206191353, 15.894065042957664], [9.440574991254834, 12.120654607191682], [-0.6212085807346739, -15.894065042957664], [-0.6279960556712467, -15.894065042957664], [-9.44057499122573, -13.640704644843936]]]], "centroids": [[-0.09559559222543612, -0.1424991935491562, 3.0]], "h": 3.0}, "mtl": {"face": 0}}], "featureCount": 1, "startIndex": 0}