{"type": "block", "layer": 1, "block": 0, "features": [{"geom": {"triangles": {"v": [-10.242943145625759, 6.875533439218998, 3.0, -13.649193145625759, -29.124466560781002, 3.0, 4.960181854374241, 5.875533439218998, 3.0, 12.632056854374241, 4.875533439218998, 3.0, 19.86643185437424, 3.875533439218998, 3.0, 50.64768185437424, -36.124466560781, 3.0, 24.27268185437424, 3.875533439218998, 3.0, 51.83518185437424, -22.124466560781002, 3.0, 40.17893185437424, 2.875533439218998, 3.0, 52.88205685437424, -11.124466560781002, 3.0, 54.05393185437424, 0.875533439218998, 3.0], "f": [0, 1, 2, 2, 1, 3, 3, 1, 4, 5, 4, 1, 6, 4, 5, 5, 7, 6, 8, 6, 7, 8, 7, 9, 8, 9, 10]}, "centroids": [[20.32001280778786, -14.142855858430266, 3.0]]}, "mtl": 0}], "featureCount": 1, "startIndex": 0}