{"type": "block", "layer": 1, "block": 0, "features": [{"geom": {"triangles": {"v": [-10.272392714221496, 5.205542575567961, 3.0, -12.241142714221496, 0.20554257556796074, 3.0, 2.993232285778504, -4.794457424432039, 3.0, 4.774482285778504, 2.2055425755679607, 3.0, -9.928642714221496, 6.205542575567961, 3.0], "f": [0, 1, 2, 3, 0, 2, 4, 0, 3]}, "centroids": [[-3.5598760193097405, 0.9071557503193617, 3.0]]}, "mtl": 0}], "featureCount": 1, "startIndex": 0}