{"type": "block", "layer": 0, "block": 0, "features": [{"geom": {"polygons": [[[[-5.344708665565122, -4.448531584814191], [-5.344708665565122, -4.445779653266072], [-3.3682431899069343, 5.327577194198966], [5.344708665565122, 3.478161133825779], [5.344708665565122, 3.475421119481325], [4.802929377852706, 0.8132159132510424], [0.4404764170758426, 1.7160608172416687], [-1.02523788792314, -5.327577196061611], [-5.344708665565122, -4.448531584814191]]]], "centroids": [[-1.088704063295154, 0.5602006781846285, 3.0]], "h": 3.0}, "mtl": {"face": 0}}, {"geom": {"polygons": [[[[1.6058395352447405, -5.344708666205406], [2.154379105864791, -2.649284655228257], [5.344708665565122, -3.3461670763790607], [5.344708665565122, -5.344708666205406], [1.6058395352447405, -5.344708666205406]]]], "centroids": [[3.5179237709671725, -4.188083298504353, 3.0]], "h": 3.0}, "mtl": {"face": 0}}, {"geom": {"polygons": [[[[4.802929377852706, 0.8132159132510424], [5.344708665565122, 3.475421119481325], [5.344708665565122, 0.7010903097689152], [4.802929377852706, 0.8132159132510424]]]], "centroids": [[5.164115569670685, 1.6632424481213093, 3.0]], "h": 3.0}, "mtl": {"face": 0}}, {"geom": {"polygons": [[[[-0.4892439769464545, -5.344708666205406], [-0.1102249312098138, -3.5094572473317385], [1.9039890886633657, -3.879655808210373], [1.60583953501191, -5.344708666205406], [-0.4892439769464545, -5.344708666205406]]]], "centroids": [[0.6890666302060708, -4.516490776091814, 3.0]], "h": 3.0}, "mtl": {"face": 0}}], "featureCount": 4, "startIndex": 0}