{"type": "block", "layer": 0, "block": 0, "features": [{"geom": {"polygons": [[[[-3.670398924004985, -4.666559325531125], [-2.0353399812302087, 6.020536124706268], [-2.031410561525263, 6.020536124706268], [3.670398924034089, 5.1258617620915174], [1.8430976323434152, -6.020536124706268], [1.8405482074886095, -6.020536124706268], [-3.670398924004985, -4.666559325531125]]]], "centroids": [[-0.024425451207207516, 0.12945239432156086, 3.0]], "h": 3.0}, "mtl": {"face": 0}}, {"geom": {"polygons": [[[[-6.0205361239786725, 4.416576944291592], [-6.0205361239786725, 6.020536124706268], [-3.2219712965015788, 6.020536124706268], [-3.4822633106959984, 4.039872175082564], [-6.0205361239786725, 4.416576944291592]]]], "centroids": [[-4.636618304415606, 5.133909873664379, 3.0]], "h": 3.0}, "mtl": {"face": 0}}, {"geom": {"polygons": [[[[-3.670398924004985, -4.666559325531125], [-2.0353399812302087, 6.020536124706268], [-2.031410561525263, 6.020536124706268], [3.670398924034089, 5.1258617620915174], [1.8430976323434152, -6.020536124706268], [1.8405482074886095, -6.020536124706268], [-3.670398924004985, -4.666559325531125]]]], "centroids": [[-0.024425451207207516, 0.12945239432156086, 6.0]], "h": 6.0}, "mtl": {"face": 1}}], "featureCount": 3, "startIndex": 0}