{"type": "block", "layer": 1, "block": 0, "features": [{"geom": {"triangles": {"v": [-19.602976075955667, 8.748861761763692, 3.0, -21.462351075955667, -0.2511382382363081, 3.0, 3.6626489240443334, 4.748861761763692, 3.0, 1.8501489240443334, -6.251138238236308, 3.0], "f": [0, 1, 2, 1, 3, 2]}, "centroids": [[-8.508636487240437, 1.805835783481598, 3.0]]}, "mtl": 0}], "featureCount": 1, "startIndex": 0}