{"type": "block", "layer": 1, "block": 0, "features": [{"geom": {"triangles": {"v": [10.331255986297037, 1.8607798516750336, 3.0, -9.418744013702963, 5.860779851675034, 3.0, -10.918744013702963, -2.1392201483249664, 3.0, 8.596880986297037, -6.139220148324966, 3.0], "f": [0, 1, 2, 0, 2, 3]}, "centroids": [[-0.36933088686782867, 0.04045185074210167, 3.0]]}, "mtl": 0}], "featureCount": 1, "startIndex": 0}