{"type": "block", "layer": 1, "block": 0, "features": [{"geom": {"triangles": {"v": [1.2920664076227695, 23.577481266111135, 3.0, -4.1923085923772305, -1.4225187338888645, 3.0, 2.0108164076227695, -2.4225187338888645, 3.0, 10.65144140762277, 21.577481266111135, 3.0, 5.0733164076227695, -3.4225187338888645, 3.0], "f": [0, 1, 2, 0, 2, 3, 2, 4, 3]}, "centroids": [[3.2125615631230175, 9.92769955471158, 3.0]]}, "mtl": 0}], "featureCount": 1, "startIndex": 0}