{"type": "block", "layer": 0, "block": 0, "features": [{"geom": {"polygons": [[[[-5.331769763666671, -2.0718527734279633], [-5.331769763666671, -2.069168008863926], [-4.070769707090221, 4.012729221954942], [3.509291006543208, 2.2880588471889496], [3.7278280645550694, 3.26388749666512], [5.331769763666671, 2.899220809340477], [5.331769763666671, 2.896690608933568], [5.116182637575548, 1.9227359816432], [3.8023535859538242, -4.012729221954942], [-0.08963044034317136, -3.1823059506714344], [-5.331769763666671, -2.0718527734279633]]]], "centroids": [[-0.010182291880482808, 0.04441779665648937, 6.0]], "h": 6.0}, "mtl": {"face": 0}}, {"geom": {"polygons": [[[[-5.331769763666671, -2.0718527734279633], [-5.331769763666671, -2.069168008863926], [-4.070769707090221, 4.012729221954942], [3.509291006543208, 2.2880588471889496], [3.7278280645550694, 3.26388749666512], [5.331769763666671, 2.899220809340477], [5.331769763666671, 2.896690608933568], [5.116182637575548, 1.9227359816432], [3.8023535859538242, -4.012729221954942], [-0.08963044034317136, -3.1823059506714344], [-5.331769763666671, -2.0718527734279633]]]], "centroids": [[-0.010182291880482808, 0.04441779665648937, 3.0]], "h": 3.0}, "mtl": {"face": 1}}, {"geom": {"polygons": [[[[-4.070769707177533, 4.012729221954942], [-3.7972842905437574, 5.33176976442337], [-0.1260146442509722, 5.33176976442337], [-0.589005266840104, 3.2205329313874245], [-4.070769707177533, 4.012729221954942]]]], "centroids": [[-2.0075790789269377, 4.459672138094902, 3.0]], "h": 3.0}, "mtl": {"face": 1}}], "featureCount": 3, "startIndex": 0}