{"type": "block", "layer": 1, "block": 0, "features": [{"geom": {"triangles": {"v": [-0.17598271439783275, 23.051075160503387, 3.0, -5.332232714397833, -1.9489248394966125, 3.0, -0.08223271439783275, -2.9489248394966125, 3.0, 9.292767285602167, 21.051075160503387, 3.0, 3.8083922856021672, -3.9489248394966125, 3.0], "f": [0, 1, 2, 3, 0, 2, 3, 2, 4]}, "centroids": [[1.9154871769133024, 9.462434949353337, 3.0]]}, "mtl": 0}], "featureCount": 1, "startIndex": 0}