{"type": "block", "layer": 1, "block": 0, "features": [{"geom": {"triangles": {"v": [-5.275575027510058, -4.251674523577094, 3.0, -5.494325027510058, -12.251674523577094, 3.0, 5.099424972489942, -7.251674523577094, 3.0, 5.255674972489942, 1.748325476422906, 3.0, -3.166200027510058, 3.748325476422906, 3.0, -4.916200027510058, 3.748325476422906, 3.0, 5.068174972489942, -13.251674523577094, 3.0], "f": [0, 1, 2, 0, 2, 3, 4, 0, 3, 5, 0, 4, 1, 6, 2]}, "centroids": [[-0.1333324012812227, -4.779397718608379, 3.0]]}, "mtl": 0}], "featureCount": 1, "startIndex": 0}