{"type": "block", "layer": 0, "block": 0, "features": [{"geom": {"polygons": [[[[-5.260291649407009, -1.8652876112610102], [-5.260291649407009, -1.8611746691167355], [-4.581086871534353, 3.3472088631242514], [5.260291649407009, 1.8826573863625526], [5.260291649407009, 1.8781595956534147], [4.638282342610182, -3.3472088649868965], [-5.260291649407009, -1.8652876112610102]]]], "centroids": [[0.015344628365710378, 0.001569792628288269, 3.0]], "h": 3.0}, "mtl": {"face": 0}}, {"geom": {"polygons": [[[[-5.260291649407009, -1.8652876112610102], [-5.260291649407009, -1.8611746691167355], [-4.581086871534353, 3.3472088631242514], [5.260291649407009, 1.8826573863625526], [5.260291649407009, 1.8781595956534147], [4.638282342610182, -3.3472088649868965], [-5.260291649407009, -1.8652876112610102]]]], "centroids": [[0.015344628365710378, 0.001569792628288269, 6.0]], "h": 6.0}, "mtl": {"face": 1}}], "featureCount": 2, "startIndex": 0}