{"type": "block", "layer": 1, "block": 0, "features": [{"geom": {"triangles": {"v": [9.983451787440572, 0.03624391555786133, 3.0, -1.579048212559428, 3.0362439155578613, 3.0, -5.532173212559428, -16.96375608444214, 3.0, 5.749076787440572, -19.96375608444214, 3.0, 10.483451787440572, 0.03624391555786133, 3.0], "f": [0, 1, 2, 0, 2, 3, 0, 3, 4]}, "centroids": [[2.292833799845539, -8.50335680320859, 3.0]]}, "mtl": 0}], "featureCount": 1, "startIndex": 0}