{"type": "block", "layer": 0, "block": 0, "features": [{"geom": {"polygons": [[[[-5.419163985206978, -4.508770788088441], [-3.0381571011675987, 6.308647783473134], [-3.0350183528789785, 6.308647783473134], [5.419163985206978, 4.5305800046771765], [3.2455452032445464, -6.308647783473134], [3.242382466327399, -6.308647783473134], [-5.419163985206978, -4.508770788088441]]]], "centroids": [[0.045988751226104796, -0.0156682338565588, 3.0]], "h": 3.0}, "mtl": {"face": 0}}, {"geom": {"polygons": [[[[-5.419163985206978, -4.508770788088441], [-3.0381571011675987, 6.308647783473134], [-3.0350183528789785, 6.308647783473134], [5.419163985206978, 4.5305800046771765], [3.245545203506481, -6.308647783473134], [-2.5297426357574295, -6.308647783473134], [-4.128907937265467, -5.968766190111637], [-3.903266474895645, -4.823775889351964], [-5.419163985206978, -4.508770788088441]]]], "centroids": [[-0.03396472262102179, -0.3123684246093035, 6.0]], "h": 6.0}, "mtl": {"face": 1}}], "featureCount": 2, "startIndex": 0}