{"type": "block", "layer": 1, "block": 0, "features": [{"geom": {"triangles": {"v": [-2.670135024469346, 8.066593244671822, 3.0, -6.513885024469346, -9.933406755328178, 3.0, 5.736114975530654, 6.066593244671822, 3.0, 2.236114975530654, -10.933406755328178, 3.0], "f": [0, 1, 2, 1, 3, 2]}, "centroids": [[-0.31911677270545624, -1.7347804345190525, 3.0]]}, "mtl": 0}], "featureCount": 1, "startIndex": 0}