{"type": "block", "layer": 1, "block": 0, "features": [{"geom": {"triangles": {"v": [0.9029732724884525, 20.023986361920834, 3.0, -16.003276727511548, -4.976013638079166, 3.0, 5.8560982724884525, 1.0239863619208336, 3.0, 7.3560982724884525, 14.023986361920834, 3.0, 10.512348272488452, 6.023986361920834, 3.0, -14.003276727511548, -8.976013638079166, 3.0, -8.659526727511548, -14.976013638079166, 3.0], "f": [0, 1, 2, 0, 2, 3, 3, 2, 4, 2, 1, 5, 5, 6, 2]}, "centroids": [[-2.655621427547885, 2.3192824199795723, 3.0]]}, "mtl": 0}], "featureCount": 1, "startIndex": 0}