{"type": "block", "layer": 0, "block": 0, "features": [{"geom": {"polygons": [[[[-8.342315658082953, -2.1824129205197096], [-8.342315658082953, -2.1804353389889], [-5.054655282525346, 4.162857485935092], [2.5956778622057755, 1.607276001945138], [1.3207169853849337, -1.3783906698226929], [-2.0784448702761438, -0.1439419388771057], [-3.8503141429973766, -4.162857485935092], [-8.342315658082953, -2.1824129205197096]]]], "centroids": [[-3.318399151758058, 0.23393906466662884, 6.0]], "h": 6.0}, "mtl": {"face": 0}}, {"geom": {"polygons": [[[[-8.342315658082953, -2.1824129205197096], [-8.342315658082953, -2.1804353389889], [-5.054655282525346, 4.162857485935092], [8.342315658082953, -0.31237911246716976], [8.342315658082953, -0.3145444355905056], [6.965328646940179, -3.428302973508835], [-2.0784448702761438, -0.1439419388771057], [-3.8503141429973766, -4.162857485935092], [-8.342315658082953, -2.1824129205197096]]]], "centroids": [[-0.8425131824624259, -0.1057800967246294, 3.0]], "h": 3.0}, "mtl": {"face": 1}}, {"geom": {"polygons": [[[[4.928821345063625, -8.033424116671085], [8.342315658082953, -0.3145444355905056], [8.342315658082953, -8.342315658926964], [5.6294424576626625, -8.342315658926964], [4.928821345063625, -8.033424116671085]]]], "centroids": [[7.177651311474619, -5.642830401659012, 3.0]], "h": 3.0}, "mtl": {"face": 1}}, {"geom": {"polygons": [[[[3.726523115154123, -7.50335194543004], [5.317983747605467, -3.8918309919536114], [6.560884622798767, -4.342865727841854], [8.342315658082953, -0.3145444355905056], [8.342315658082953, -8.342315658926964], [5.629442457429832, -8.342315658926964], [3.726523115154123, -7.50335194543004]]]], "centroids": [[6.624052095838124, -5.724118700250983, 6.0]], "h": 6.0}, "mtl": {"face": 0}}], "featureCount": 4, "startIndex": 0}