{"type": "block", "layer": 0, "block": 0, "features": [{"geom": {"polygons": [[[[-4.9369778624677565, -3.4083580896258354], [-4.9369778624677565, -3.402958618476987], [-4.250932652706979, 4.018087165430188], [4.9369778624677565, 3.0000906344503164], [4.9369778624677565, 2.9949241057038307], [4.344657374953385, -3.1374407466500998], [0.366345555143198, -2.6651815474033356], [0.2057442363584414, -4.018087167292833], [-4.9369778624677565, -3.4083580896258354]]]], "centroids": [[-0.1984056124347262, 0.06940438784658909, 3.0]], "h": 3.0}, "mtl": {"face": 0}}, {"geom": {"polygons": [[[[-4.9369778624677565, -3.4083580896258354], [-4.9369778624677565, -3.402958618476987], [-4.186735481373034, 4.712516834959388], [4.9369778624677565, 3.337484212592244], [4.9369778624677565, 2.994922375306487], [4.344657374953385, -3.1374407466500998], [0.366345555143198, -2.6651815474033356], [0.2057442363584414, -4.018087167292833], [-4.9369778624677565, -3.4083580896258354]]]], "centroids": [[-0.19691679839161225, 0.33157652616500854, 6.0]], "h": 6.0}, "mtl": {"face": 1}}], "featureCount": 2, "startIndex": 0}