{"type": "block", "layer": 0, "block": 0, "features": [{"geom": {"polygons": [[[[-3.417387683322886, -3.3595762718468904], [-1.591772517975187, 4.463236227631569], [-1.589649256435223, 4.463236227631569], [3.417387683322886, 3.3563174046576023], [1.592491854884429, -4.463236227631569], [1.5903623317717575, -4.463236227631569], [-3.417387683322886, -3.3595762718468904]]]], "centroids": [[7.554510375484824e-06, -0.0007713288068771362, 3.0]], "h": 3.0}, "mtl": {"face": 0}}, {"geom": {"polygons": [[[[-4.463236227369634, 2.02628143876791], [-4.463236227369634, 4.463236227631569], [-3.1319716135039926, 4.463236227631569], [-3.738092705316376, 1.8659731149673462], [-4.463236227369634, 2.02628143876791]]]], "centroids": [[-3.9278548702131957, 3.3227372858673334, 3.0]], "h": 3.0}, "mtl": {"face": 0}}, {"geom": {"polygons": [[[[-3.417387683322886, -3.3595762718468904], [-1.591772517975187, 4.463236227631569], [-1.589649256435223, 4.463236227631569], [3.417387683322886, 3.3563174046576023], [1.592491854884429, -4.463236227631569], [1.5903623317717575, -4.463236227631569], [-3.417387683322886, -3.3595762718468904]]]], "centroids": [[7.554510375484824e-06, -0.0007713288068771362, 6.0]], "h": 6.0}, "mtl": {"face": 1}}], "featureCount": 3, "startIndex": 0}