{"type": "block", "layer": 1, "block": 0, "features": [{"geom": {"triangles": {"v": [-15.957862316688988, 7.91531740501523, 3.0, -17.58286231668899, -0.08468259498476982, 3.0, -7.707862316688988, -2.08468259498477, 3.0, 3.4171376833110116, 2.91531740501523, 3.0, 1.5890126833110116, -4.08468259498477, 3.0], "f": [0, 1, 2, 3, 0, 2, 3, 2, 4]}, "centroids": [[-7.181624106713571, 1.5596046522259712, 3.0]]}, "mtl": 0}], "featureCount": 1, "startIndex": 0}