{"type": "block", "layer": 1, "block": 0, "features": [{"geom": {"triangles": {"v": [-19.6889472384064, -18.894434997811913, 3.0, -10.7201972384064, -24.894434997811913, 3.0, 0.46730276159360074, 8.105565002188087, 3.0, 22.0766777615936, -3.8944349978119135, 3.0, 0.46730276159360074, -33.89443499781191, 3.0], "f": [0, 1, 2, 3, 2, 1, 3, 1, 4]}, "centroids": [[0.9561536712863017, -12.1814287584275, 3.0]]}, "mtl": 0}], "featureCount": 1, "startIndex": 0}