{"type": "block", "layer": 0, "block": 0, "features": [{"geom": {"polygons": [[[[-3.43840761584579, -0.5998894944787025], [-3.43840761584579, -0.5983994919806719], [-2.721447057410842, 2.307045666500926], [3.43840761584579, 0.717608729377389], [3.43840761584579, 0.7162060812115669], [2.6471696863882244, -2.307045666500926], [-3.43840761584579, -0.5998894944787025]]]], "centroids": [[0.0040334359800908715, 0.0251360721886158, 3.0]], "h": 3.0}, "mtl": {"face": 0}}, {"geom": {"polygons": [[[[1.3284756249631755, 3.438407616689801], [3.43840761584579, 3.438407616689801], [3.43840761584579, 2.850025100633502], [1.3284756249631755, 3.438407616689801]]]], "centroids": [[2.7350969522376545, 3.2422801107168198, 3.0]], "h": 3.0}, "mtl": {"face": 0}}], "featureCount": 2, "startIndex": 0}