{"type": "block", "layer": 1, "block": 0, "features": [{"geom": {"triangles": {"v": [-2.664695873070741, 3.8204861767590046, 3.0, -4.399070873070741, -1.1795138232409954, 3.0, 2.507179126929259, -2.1795138232409954, 3.0, 4.163429126929259, 2.8204861767590046, 3.0, -2.211570873070741, 7.820486176759005, 3.0, 5.913429126929259, 6.820486176759005, 3.0, -1.977195873070741, 8.820486176759005, 3.0, 2.991554126929259, 11.820486176759005, 3.0, 0.4759291269292589, 11.820486176759005, 3.0, -2.320945873070741, 9.820486176759005, 3.0, -2.242820873070741, 10.820486176759005, 3.0, 5.429054126929259, 9.820486176759005, 3.0, 5.569679126929259, 11.820486176759005, 3.0, 6.585304126929259, 8.820486176759005, 3.0, 1.960304126929259, -4.179513823240995, 3.0], "f": [0, 1, 2, 0, 2, 3, 4, 0, 3, 4, 3, 5, 6, 4, 5, 7, 6, 5, 6, 7, 8, 6, 8, 9, 8, 10, 9, 11, 7, 5, 7, 11, 12, 13, 11, 5, 1, 14, 2]}, "centroids": [[1.0859553280752152, 4.557303462177515, 3.0]]}, "mtl": 0}], "featureCount": 1, "startIndex": 0}