{"type": "block", "layer": 0, "block": 0, "features": [{"geom": {"polygons": [[[[2.8432723822188564, 10.075843492522836], [6.973919563839445, 10.075843492522836], [6.791013656911673, 9.261364744976163], [2.8432723822188564, 10.075843492522836]]]], "centroids": [[5.53606853436213, 9.804350577294827, 3.0]], "h": 3.0}, "mtl": {"face": 0}}, {"geom": {"polygons": [[[[-6.791013656911673, -7.969417808577418], [-5.151576789532555, -0.6045961435884237], [-3.639604275871534, -0.9497369807213545], [-3.280753641651245, 0.5495664775371552], [-4.816688243794488, 0.8998194672167301], [-3.2028303398983553, 8.149733075872064], [0.7660905369848479, 6.591215200722218], [1.9412857444549445, 6.3484885562211275], [2.8381457220821176, 10.075843492522836], [2.843272382771829, 10.075843492522836], [6.791013656911673, 9.261364744976163], [2.4484944446885493, -10.075843492522836], [2.4438503172423225, -10.075843492522836], [-6.791013656911673, -7.969417808577418]]]], "centroids": [[0.06641497934469953, -0.3533712886273861, 3.0]], "h": 3.0}, "mtl": {"face": 0}}, {"geom": {"polygons": [[[[-6.79101365673705, -7.969417808577418], [-5.151576789357932, -0.6045961435884237], [-3.639604275696911, -0.9497369807213545], [-3.280753641476622, 0.5495664775371552], [-4.816688243619865, 0.8998194672167301], [-3.2028303397237323, 8.149733075872064], [0.7660905371594708, 6.591215200722218], [1.604546682414366, 10.075843492522836], [6.973919564014068, 10.075843492522836], [2.4484944448631722, -10.075843492522836], [2.4438503174169455, -10.075843492522836], [-6.79101365673705, -7.969417808577418]]]], "centroids": [[0.16480961570050567, -0.030245870351791382, 6.0]], "h": 6.0}, "mtl": {"face": 1}}], "featureCount": 3, "startIndex": 0}