{"type": "block", "layer": 1, "block": 0, "features": [{"geom": {"triangles": {"v": [-1.6894943826482631, 15.068173304200172, 3.0, -7.267619382648263, -9.931826695799828, 3.0, 2.013630617351737, -11.931826695799828, 3.0, 7.623005617351737, 13.068173304200172, 3.0], "f": [0, 1, 2, 0, 2, 3]}, "centroids": [[0.1732985010894481, 1.4609571862965822, 3.0]]}, "mtl": 0}], "featureCount": 1, "startIndex": 0}