{"type": "block", "layer": 1, "block": 0, "features": [{"geom": {"triangles": {"v": [2.8771202493226156, -14.184707198292017, 3.0, -4.654129750677384, 2.815292801707983, 3.0, -8.919754750677384, -24.184707198292017, 3.0, 3.4552452493226156, -10.184707198292017, 3.0, 5.252120249322616, 0.815292801707983, 3.0, -3.1697547506773844, -26.184707198292017, 3.0, 0.7052452493226156, -28.184707198292017, 3.0], "f": [0, 1, 2, 1, 0, 3, 1, 3, 4, 0, 2, 5, 5, 6, 0]}, "centroids": [[-1.8365549773152452, -12.132131349295378, 3.0]]}, "mtl": 0}], "featureCount": 1, "startIndex": 0}