{"type": "block", "layer": 1, "block": 0, "features": [{"geom": {"triangles": {"v": [-16.192800000018906, 7.958228411152959, 3.0, -17.958425000018906, -0.04177158884704113, 3.0, -3.286550000018906, -3.041771588847041, 3.0, 3.291574999981094, 2.958228411152959, 3.0, 1.6665749999810942, -4.041771588847041, 3.0], "f": [0, 1, 2, 0, 2, 3, 2, 4, 3]}, "centroids": [[-7.30851941218134, 1.6355832032859325, 3.0]]}, "mtl": 0}], "featureCount": 1, "startIndex": 0}