{"type": "block", "layer": 0, "block": 0, "features": [{"geom": {"polygons": [[[[-4.530461595160887, -3.1444573681801558], [-4.530461595160887, 0.781803160905838], [-2.6080130719055887, 0.330539220944047], [-3.390727978927316, -3.406285712495446], [-4.530461595160887, -3.1444573681801558]]]], "centroids": [[-3.7484615861903876, -1.1961687207221985, 6.0]], "h": 6.0}, "mtl": {"face": 0}}, {"geom": {"polygons": [[[[-3.3907279788691085, -3.406285712495446], [-1.7282978297735099, 4.530461594462395], [-1.7260976681427564, 4.530461594462395], [3.3907279788400047, 3.429221425205469], [2.3697597749123815, -0.6169146876782179], [1.5048599093861412, -4.530461594462395], [1.5027874655788764, -4.530461594462395], [-3.3907279788691085, -3.406285712495446]]]], "centroids": [[-0.060829962749267, 0.036058636382222176, 3.0]], "h": 3.0}, "mtl": {"face": 1}}, {"geom": {"polygons": [[[[-3.3907279788691085, -3.406285712495446], [-1.7282978297735099, 4.530461594462395], [-1.7260976681427564, 4.530461594462395], [3.3907279788400047, 3.429221425205469], [2.3697597749123815, -0.6169146876782179], [1.5048599093861412, -4.530461594462395], [1.5027874655788764, -4.530461594462395], [-3.3907279788691085, -3.406285712495446]]]], "centroids": [[-0.060829962749267, 0.036058636382222176, 6.0]], "h": 6.0}, "mtl": {"face": 0}}, {"geom": {"polygons": [[[[-4.530461595160887, -3.1444573681801558], [-4.530461595160887, 0.781803160905838], [-2.6080130719055887, 0.330539220944047], [-3.390727978927316, -3.406285712495446], [-4.530461595160887, -3.1444573681801558]]]], "centroids": [[-3.7484615861903876, -1.1961687207221985, 3.0]], "h": 3.0}, "mtl": {"face": 1}}], "featureCount": 4, "startIndex": 0}