{"type": "block", "layer": 0, "block": 0, "features": [{"geom": {"polygons": [[[[-7.196430286305258, -2.619881596416235], [-7.196430286305258, -2.6176012232899666], [-4.544549999991432, 4.6624229941517115], [7.196430286305258, -0.20927837304770947], [7.196430286305258, -0.21349192783236504], [6.464080003410345, -4.197149721905589], [-1.0236332234926522, -1.0755033604800701], [-2.3701326069422066, -4.662422992289066], [-7.196430286305258, -2.619881596416235]]]], "centroids": [[-0.572353187657427, -0.3135650157928467, 3.0]], "h": 3.0}, "mtl": {"face": 0}}, {"geom": {"polygons": [[[[-7.196430286305258, -2.619881596416235], [-7.196430286305258, -2.6176012232899666], [-4.544549999991432, 4.6624229941517115], [7.196430286305258, -0.20927837304770947], [7.196430286305258, -0.21349194645881653], [6.464080003177514, -4.197149721905589], [2.6704882197082043, -2.615591824054718], [2.456425554060843, -3.213375525549054], [-0.6518833570589777, -1.9347124490886927], [-1.7710232756508049, -4.915972592309117], [-7.196430286305258, -2.619881596416235]]]], "centroids": [[-0.554680173023371, -0.45639836601912975, 6.0]], "h": 6.0}, "mtl": {"face": 1}}], "featureCount": 2, "startIndex": 0}