{"type": "block", "layer": 1, "block": 0, "features": [{"geom": {"triangles": {"v": [-4.538749999948777, 4.83942299336195, 3.0, -7.194999999948777, -2.16057700663805, 3.0, 7.195625000051223, -0.16057700663805008, 3.0, 5.742500000051223, -8.16057700663805, 3.0], "f": [0, 1, 2, 1, 3, 2]}, "centroids": [[0.2960948618419934, -1.6341201141476631, 3.0]]}, "mtl": 0}], "featureCount": 1, "startIndex": 0}