{"type": "block", "layer": 0, "block": 0, "features": [{"geom": {"polygons": [[[[-4.431170216877945, -1.6964078675955534], [-4.431170216877945, -1.6940487939864397], [-3.4673770436493214, 3.247736344113946], [0.1353339091874659, 2.54510211199522], [4.431170216877945, 1.6908036898821592], [4.431170216877945, 1.6883926130831242], [3.4894796191947535, -3.247736345976591], [-4.431170216877945, -1.6964078675955534]]]], "centroids": [[0.004308758449042216, -0.0003780648112297058, 3.0]], "h": 3.0}, "mtl": {"face": 0}}, {"geom": {"polygons": [[[[-4.431170216877945, -1.6964078657329082], [-4.431170216877945, 1.962777366861701], [-4.154432419280056, 3.3817322794348], [0.1353339091874659, 2.54510211199522], [4.431170216877945, 1.6908036898821592], [4.431170216877945, 1.6883926130831242], [3.4894796191947535, -3.247736345976591], [-4.376991548750084, -1.7070192322134972], [-4.431170216877945, -1.6964078657329082]]]], "centroids": [[-0.21230674386606552, 0.08163879066705704, 6.0]], "h": 6.0}, "mtl": {"face": 1}}, {"geom": {"polygons": [[[[-4.431170216877945, -1.6964078657329082], [-4.431170216877945, 1.962777366861701], [-4.154432419280056, 3.3817322794348], [0.1353339091874659, 2.54510211199522], [4.431170216877945, 1.6908036898821592], [4.431170216877945, 1.6883926130831242], [3.4894796191947535, -3.247736345976591], [-4.376991548750084, -1.7070192322134972], [-4.431170216877945, -1.6964078657329082]]]], "centroids": [[-0.21230674386606552, 0.08163879066705704, 9.0]], "h": 9.0}, "mtl": {"face": 2}}], "featureCount": 3, "startIndex": 0}