{"type": "block", "layer": 0, "block": 0, "features": [{"geom": {"polygons": [[[[-5.489674534415826, -1.5315116103738546], [-5.489674534415826, -1.5288098845630884], [-4.390812723402632, 3.6447403263300657], [5.489674534415826, 1.573699465021491], [5.489674534415826, 1.570863852277398], [4.437148592929589, -3.6447403263300657], [-5.489674534415826, -1.5315116103738546]]]], "centroids": [[0.016036007495131344, 0.007198646664619446, 6.0]], "h": 6.0}, "mtl": {"face": 0}}, {"geom": {"polygons": [[[[-5.489674534415826, -1.5315116103738546], [-5.489674534415826, -1.5288098845630884], [-4.390812723402632, 3.6447403263300657], [5.489674534415826, 1.573699465021491], [5.489674534415826, 1.5708638038486242], [4.437148592929589, -3.6447403263300657], [-5.489674534415826, -1.5315116103738546]]]], "centroids": [[0.016036009939853102, 0.007198648527264595, 3.0]], "h": 3.0}, "mtl": {"face": 1}}, {"geom": {"polygons": [[[[-4.217852175643202, 4.459055710583925], [-3.9989487879211083, 5.489674534648657], [-1.0805801745445933, 5.489674534648657], [-1.4074422423145734, 3.869967980310321], [-4.217852175643202, 4.459055710583925]]]], "centroids": [[-2.5704404595016968, 4.815702756866813, 3.0]], "h": 3.0}, "mtl": {"face": 1}}], "featureCount": 3, "startIndex": 0}