{"type": "block", "layer": 1, "block": 0, "features": [{"geom": {"triangles": {"v": [-1.3002235565509181, 18.20860526524484, 3.0, -5.487723556550918, -1.7913947347551584, 3.0, 8.434151443449082, 16.20860526524484, 3.0, 4.434151443449082, -3.7913947347551584, 3.0], "f": [0, 1, 2, 1, 3, 2]}, "centroids": [[1.5179039409558754, 7.273262886330485, 3.0]]}, "mtl": 0}], "featureCount": 1, "startIndex": 0}