{"type": "block", "layer": 0, "block": 0, "features": [{"geom": {"polygons": [[[[-2.9982056948938407, -3.6584476307034492], [-1.2100007533153985, 4.629981966689229], [-1.2076889946183655, 4.629981966689229], [2.9982056949229445, 3.749493595212698], [1.1797914408089127, -4.629981966689229], [1.1777006805641577, -4.629981966689229], [-2.9982056948938407, -3.6584476307034492]]]], "centroids": [[-0.003283015626948327, 0.023558886721730232, 3.0]], "h": 3.0}, "mtl": {"face": 0}}, {"geom": {"polygons": [[[[-4.629981966456398, -0.23467223346233368], [-4.629981966456398, 4.629981966689229], [-3.122792383946944, 4.629981966689229], [-4.16169539760449, -0.3326237928122282], [-4.629981966456398, -0.23467223346233368]]]], "centroids": [[-4.088781139638741, 2.597207073122263, 3.0]], "h": 3.0}, "mtl": {"face": 0}}, {"geom": {"polygons": [[[[-4.629981966456398, -2.569382978603244], [-4.629981966456398, -0.23467223346233368], [-4.16169539760449, -0.3326237928122282], [-4.629981966456398, -2.569382978603244]]]], "centroids": [[-4.473886443505762, -1.0455596707761288, 3.0]], "h": 3.0}, "mtl": {"face": 0}}], "featureCount": 3, "startIndex": 0}