{"type": "block", "layer": 1, "block": 0, "features": [{"geom": {"triangles": {"v": [-6.78491930506425, 5.3764935955405235, 3.0, -11.05054430506425, -13.623506404459476, 3.0, -1.2536693050642498, -15.623506404459476, 3.0, 2.99633069493575, 3.3764935955405235, 3.0], "f": [0, 1, 2, 0, 2, 3]}, "centroids": [[-4.024607175058918, -5.033692995086312, 3.0]]}, "mtl": 0}], "featureCount": 1, "startIndex": 0}