{"type": "block", "layer": 0, "block": 0, "features": [{"geom": {"polygons": [[[[-3.578059430117719, 1.5154024735093117], [-3.1097132641007192, 11.663236033171415], [-3.101850919541903, 11.663236033171415], [1.4759405698569026, 10.979402475059032], [1.1124280866642948, 5.511520374566317], [1.0181926507793833, -5.3275067657232285], [3.5780594301468227, -5.353623270988464], [3.5530434765387326, -11.663236033171415], [3.4384210955468006, -11.663236033171415], [-1.629760047129821, -11.61165814846754], [-1.6735594301717356, -5.299597525969148], [-3.532195151405176, -5.281198363751173], [-3.578059430117719, 1.5154024735093117]]]], "centroids": [[-0.5200248445617035, -0.461265429854393, 3.0]], "h": 3.0}, "mtl": {"face": 0}}, {"geom": {"polygons": [[[[-3.578059430117719, 1.5154024735093117], [-3.1097132641007192, 11.663236033171415], [1.521402785438113, 11.663236033171415], [1.4759405698569026, 10.979402475059032], [1.1124280866642948, 5.511520374566317], [1.0181926507793833, -5.3275067657232285], [3.5780594301468227, -5.353623270988464], [3.5530434765387326, -11.663236033171415], [3.4384210955468006, -11.663236033171415], [-1.629760047129821, -11.61165814846754], [-1.6735594301717356, -5.299597525969148], [-3.532195151405176, -5.281198363751173], [-3.578059430117719, 1.5154024735093117]]]], "centroids": [[-0.5130982262198813, -0.29142870381474495, 6.0]], "h": 6.0}, "mtl": {"face": 1}}, {"geom": {"polygons": [[[[-3.578059430117719, 1.5154024735093117], [-3.1097132641007192, 11.663236033171415], [1.521402785438113, 11.663236033171415], [1.4759405698569026, 10.979402475059032], [1.1124280866642948, 5.511520374566317], [1.0181926507793833, -5.3275067657232285], [3.5780594301468227, -5.353623270988464], [3.5530434765387326, -11.663236033171415], [3.4384210955468006, -11.663236033171415], [-1.629760047129821, -11.61165814846754], [-1.6735594301717356, -5.299597525969148], [-3.532195151405176, -5.281198363751173], [-3.578059430117719, 1.5154024735093117]]]], "centroids": [[-0.5130982262198813, -0.29142870381474495, 9.0]], "h": 9.0}, "mtl": {"face": 2}}], "featureCount": 3, "startIndex": 0}