{"type": "block", "layer": 1, "block": 0, "features": [{"geom": {"triangles": {"v": [-3.112934430129826, 11.861402474343777, 3.0, -3.581684430129826, 1.8614024743437767, 3.0, 1.105815569870174, 5.861402474343777, 3.0, 1.480815569870174, 10.861402474343777, 3.0, 1.012065569870174, -5.138597525656223, 3.0, -1.675434430129826, -5.138597525656223, 3.0, -3.534809430129826, -5.138597525656223, 3.0, -1.628559430129826, -11.138597525656223, 3.0, 3.558940569870174, -12.138597525656223, 3.0, 3.574565569870174, -5.138597525656223, 3.0], "f": [0, 1, 2, 0, 2, 3, 4, 2, 1, 1, 5, 4, 1, 6, 5, 5, 7, 4, 4, 7, 8, 9, 4, 8]}, "centroids": [[-0.5199993933201768, -0.4612768031656742, 3.0]]}, "mtl": 0}], "featureCount": 1, "startIndex": 0}