{"type": "block", "layer": 0, "block": 0, "features": [{"geom": {"polygons": [[[[-5.300928880518768, 2.4761241674423218], [-4.634946777223377, 6.6974368169903755], [-4.630595521914074, 6.6974368169903755], [5.300928880489664, 5.130574075505137], [3.4348639318195637, -6.6974368169903755], [3.430512664403068, -6.6974368169903755], [-0.5451815566339064, -6.070205096155405], [0.7423372865887359, 1.440105950459838], [-5.300928880518768, 2.4761241674423218]]]], "centroids": [[0.8529896865948103, 1.1409582030028105, 3.0]], "h": 3.0}, "mtl": {"face": 0}}], "featureCount": 1, "startIndex": 0}