{"type": "block", "layer": 1, "block": 0, "features": [{"geom": {"triangles": {"v": [-14.488716103427578, -4.200893372297287, 3.0, 8.151908896572422, 21.799106627702713, 3.0, -2.6918411034275778, 66.79910662770271, 3.0, -8.910591103427578, -7.200893372297287, 3.0, -3.1449661034275778, -10.200893372297287, 3.0, 22.558158896572422, 12.799106627702713, 3.0, 21.995658896572422, 16.799106627702713, 3.0, 20.214408896572422, 22.799106627702713, 3.0, 6.167533896572422, -14.200893372297287, 3.0, 24.276908896572422, 10.799106627702713, 3.0, 13.511283896572422, -18.200893372297287, 3.0, 32.15190889657242, -6.200893372297287, 3.0, 30.667533896572422, -14.200893372297287, 3.0, 29.776908896572422, -18.200893372297287, 3.0, 27.198783896572422, -26.200893372297287, 3.0, 28.323783896572422, -24.200893372297287, 3.0, 29.792533896572422, -22.200893372297287, 3.0, 30.339408896572422, 5.799106627702713, 3.0, 32.79253389657242, 0.799106627702713, 3.0, 31.933158896572422, 3.799106627702713, 3.0, 6.183158896572422, 59.79910662770271, 3.0, 14.542533896572422, 55.79910662770271, 3.0, -1.6137161034275778, 66.79910662770271, 3.0], "f": [0, 1, 2, 1, 0, 3, 3, 4, 1, 1, 4, 5, 6, 1, 5, 7, 1, 6, 8, 5, 4, 5, 8, 9, 8, 10, 9, 10, 11, 9, 12, 11, 10, 12, 10, 13, 13, 10, 14, 13, 14, 15, 13, 15, 16, 17, 9, 11, 18, 17, 11, 18, 19, 17, 1, 20, 2, 20, 1, 21, 20, 22, 2]}, "centroids": [[7.603273587359581, 14.274497894570231, 3.0]]}, "mtl": 0}], "featureCount": 1, "startIndex": 0}