{"type": "block", "layer": 0, "block": 0, "features": [{"geom": {"polygons": [[[[-6.980812490743119, -8.762394754216075], [-2.8708228009054437, 10.834311213344336], [-2.865480311040301, 10.834311213344336], [6.785153935110429, 8.790058141574264], [6.980812490743119, 8.748612616211176], [5.416469386778772, 1.3332276064902544], [3.2521712708403356, 1.8058095648884773], [2.1758951524388976, -2.6573325507342815], [4.465599489223678, -3.1741380523890257], [2.8496160916110966, -10.834311213344336], [2.8443536401027814, -10.834311213344336], [2.57528750912752, -10.776394754648209], [2.57918750931276, -10.7153947558254], [2.0565875536121894, -10.600394742563367], [-6.715912458515959, -8.822394764050841], [-6.980812490743119, -8.762394754216075]]]], "centroids": [[-0.21505684888688847, 0.055394405499100685, 3.0]], "h": 3.0}, "mtl": {"face": 0}}, {"geom": {"polygons": [[[[-7.048160667443881, -9.086361955851316], [-6.974824419856304, -8.733843229711056], [-3.3263491308898665, 8.66233117878437], [2.2656634960731026, 7.476474875584245], [2.4127559817570727, 8.17782169394195], [6.6701505407691, 7.275995794683695], [5.4164358004927635, 1.333234939724207], [3.2521712708403356, 1.8058095648884773], [2.1758951524388976, -2.6573325507342815], [4.465565952763427, -3.174130482599139], [2.8496160866634455, -10.834311213344336], [1.354026045097271, -10.834311213344336], [-7.048160667443881, -9.086361955851316]]]], "centroids": [[-0.43215656973188743, -1.108570510521531, 6.0]], "h": 6.0}, "mtl": {"face": 1}}, {"geom": {"polygons": [[[[-7.048160667443881, -9.086361955851316], [-6.974824419856304, -8.733843229711056], [-3.3263491308898665, 8.66233117878437], [2.2656634960731026, 7.476474875584245], [2.4127559817570727, 8.17782169394195], [6.6701505407691, 7.275995794683695], [5.4164358004927635, 1.333234939724207], [3.2521712708403356, 1.8058095648884773], [2.1758951524388976, -2.6573325507342815], [4.465565952763427, -3.174130482599139], [2.8496160866634455, -10.834311213344336], [1.354026045097271, -10.834311213344336], [-7.048160667443881, -9.086361955851316]]]], "centroids": [[-0.43215656973188743, -1.108570510521531, 9.0]], "h": 9.0}, "mtl": {"face": 2}}], "featureCount": 3, "startIndex": 0}