{"type": "block", "layer": 1, "block": 0, "features": [{"geom": {"triangles": {"v": [-6.9834374909696635, -8.63539475388825, 3.0, -6.7178124909696635, -8.63539475388825, 3.0, -2.8740624909696635, 10.36460524611175, 3.0, 2.0634375090303365, -10.63539475388825, 3.0, 6.7821875090303365, 8.36460524611175, 3.0, 2.5790625090303365, -10.63539475388825, 3.0, 6.9853125090303365, 8.36460524611175, 3.0, 2.8446875090303365, -10.63539475388825, 3.0], "f": [0, 1, 2, 2, 1, 3, 2, 3, 4, 3, 5, 4, 4, 5, 6, 5, 7, 6, 5, 5, 7]}, "centroids": [[-0.0043237302743364125, 0.016240710392594337, 3.0]]}, "mtl": 0}], "featureCount": 1, "startIndex": 0}