{"type": "block", "layer": 0, "block": 0, "features": [{"geom": {"polygons": [[[[-6.301404684927547, -0.2943563908338547], [-6.301404684927547, 0.2584287915378809], [-2.3518323425669223, 6.301404684782028], [-1.7531345055322163, 6.301404684782028], [6.136020536912838, 1.1452053040266037], [3.7050287575402763, -2.6333581916987896], [4.79800142426393, -3.337212633341551], [2.8909469264617655, -6.301404684782028], [2.8895772478426807, -6.301404684782028], [-6.301404684927547, -0.2943563908338547]]]], "centroids": [[-0.0020379112393129617, 0.22179891914129257, 6.0]], "h": 6.0}, "mtl": {"face": 0}}, {"geom": {"polygons": [[[[-6.301404684927547, -0.29435641318559647], [-6.301404684927547, 0.2584287915378809], [-2.3518323425669223, 6.301404684782028], [-1.7531345053284895, 6.301404684782028], [1.506859734246973, 4.170735407620668], [-0.9730695182806812, 0.376361895352602], [1.5401075679983478, -1.2405258044600487], [-0.3736428592237644, -4.1686270497739315], [-6.301404684927547, -0.29435641318559647]]]], "centroids": [[-2.093666517379461, 1.119448482990265, 9.0]], "h": 9.0}, "mtl": {"face": 1}}, {"geom": {"polygons": [[[[-6.136020536883734, -0.4024482760578394], [-1.7545106270408724, 6.301404684782028], [-1.7531345056777354, 6.301404684782028], [6.136020536912838, 1.1452053040266037], [3.7050287575402763, -2.6333581916987896], [4.79800142426393, -3.337212633341551], [2.8909469264617655, -6.301404684782028], [2.8895772478426807, -6.301404684782028], [-6.136020536883734, -0.4024482760578394]]]], "centroids": [[0.1973363182041794, 0.0849999487400055, 3.0]], "h": 3.0}, "mtl": {"face": 2}}], "featureCount": 3, "startIndex": 0}