{"type": "block", "layer": 1, "block": 0, "features": [{"geom": {"triangles": {"v": [-4.849268001911696, 7.115957621484995, 3.0, -8.864893001911696, -11.884042378515005, 3.0, 5.853856998088304, 4.115957621484995, 3.0, 1.869481998088304, -14.884042378515005, 3.0], "f": [0, 1, 2, 1, 3, 2]}, "centroids": [[-1.5002907128073275, -3.894299967214465, 3.0]]}, "mtl": 0}], "featureCount": 1, "startIndex": 0}