{"type": "block", "layer": 1, "block": 0, "features": [{"geom": {"triangles": {"v": [-0.8989909773226827, 4.884456716477871, 3.0, -4.398990977322683, -12.115543283522129, 3.0, 0.9916340226773173, 4.884456716477871, 3.0, 10.601009022677317, -15.115543283522129, 3.0], "f": [0, 1, 2, 2, 1, 3]}, "centroids": [[1.9676665533916093, -7.10481409355998, 3.0]]}, "mtl": 0}], "featureCount": 1, "startIndex": 0}