{"type": "block", "layer": 0, "block": 0, "features": [{"geom": {"polygons": [[[[-3.827428602729924, -3.250670438632369], [-2.1816676138842013, 4.574230540543795], [-2.176017996331211, 4.574230540543795], [3.827428602729924, 4.0796880107373], [2.4921998096979223, -4.574230540543795], [2.4899457170104142, -4.574230540543795], [-3.827428602729924, -3.250670438632369]]]], "centroids": [[0.11615751360659488, 0.15027198567986488, 3.0]], "h": 3.0}, "mtl": {"face": 0}}, {"geom": {"polygons": [[[[-4.105804468301358, -4.574230540543795], [-3.827428602729924, -3.250670438632369], [2.4899457170104142, -4.574230540543795], [-4.105804468301358, -4.574230540543795]]]], "centroids": [[-1.814429117977852, -4.1330438405275345, 3.0]], "h": 3.0}, "mtl": {"face": 0}}, {"geom": {"polygons": [[[[-4.105804468301358, -4.574230540543795], [-3.827428602729924, -3.250670438632369], [2.4899457170104142, -4.574230540543795], [-4.105804468301358, -4.574230540543795]]]], "centroids": [[-1.814429117977852, -4.1330438405275345, 6.0]], "h": 6.0}, "mtl": {"face": 1}}], "featureCount": 3, "startIndex": 0}