{"type": "block", "layer": 0, "block": 0, "features": [{"geom": {"polygons": [[[[-3.060440328583354, -2.3467055205255747], [-0.994371214939747, 3.4670934453606606], [-0.5485596682410687, 3.3462315667420626], [-0.38170879281824455, 3.7678547482937574], [-0.38013905473053455, 3.7678547482937574], [3.060440328583354, 2.855231571942568], [0.762432803196134, -3.7678547482937574], [0.7612887132563628, -3.7678547482937574], [-3.060440328583354, -2.3467055205255747]]]], "centroids": [[0.0011121023853775114, 0.11835983395576477, 3.0]], "h": 3.0}, "mtl": {"face": 0}}, {"geom": {"polygons": [[[[-3.060440328583354, -2.3467055205255747], [-0.994371214939747, 3.4670934453606606], [-0.5485596682410687, 3.3462315667420626], [-0.38170879281824455, 3.7678547482937574], [-0.38013905473053455, 3.7678547482937574], [3.060440328583354, 2.855231571942568], [0.762432803196134, -3.7678547482937574], [0.7612887132563628, -3.7678547482937574], [-3.060440328583354, -2.3467055205255747]]]], "centroids": [[0.0011121023853775114, 0.11835983395576477, 0.0]], "h": 0.0}, "mtl": {"face": 1}}], "featureCount": 2, "startIndex": 0}