{"type": "block", "layer": 1, "block": 0, "features": [{"geom": {"triangles": {"v": [-13.135309671080904, -16.979768428951502, 3.0, -10.635309671080904, -17.979768428951502, 3.0, -5.150934671080904, 5.020231571048498, 3.0, -0.5415596710809041, 3.020231571048498, 3.0, -4.900934671080904, -19.979768428951502, 3.0, 3.067815328919096, 3.020231571048498, 3.0, -0.3853096710809041, 4.020231571048498, 3.0], "f": [0, 1, 2, 2, 1, 3, 3, 1, 4, 5, 3, 4, 6, 3, 5]}, "centroids": [[-5.031730109243654, -7.527573332190514, 3.0]]}, "mtl": 0}], "featureCount": 1, "startIndex": 0}