{"type": "block", "layer": 0, "block": 0, "features": [{"geom": {"polygons": [[[[-2.4607635564461816, -3.1640280447900295], [-1.8803233462094795, 0.1182116698473692], [-0.9625062044360675, -0.06995989382266998], [-0.8705620271502994, 0.6371297668665648], [0.38793929025996476, 0.444638691842556], [0.9902830201026518, 3.7847930043935776], [0.9945433683460578, 3.7847930043935776], [2.460763556417078, 3.652403173968196], [0.9673430068069138, -3.7847930043935776], [0.9651779979176354, -3.7847930043935776], [-2.4607635564461816, -3.1640280447900295]]]], "centroids": [[0.14222278745728545, -0.6060556303709745, 3.0]], "h": 3.0}, "mtl": {"face": 0}}, {"geom": {"polygons": [[[[-3.784793004684616, 0.25658569298684597], [-3.784793004684616, 3.7847930043935776], [-2.2000684771919623, 3.7847930043935776], [-2.880011728819227, 0.14317439310252666], [-3.784793004684616, 0.25658569298684597]]]], "centroids": [[-3.1430912883079145, 2.1520623713731766, 3.0]], "h": 3.0}, "mtl": {"face": 0}}], "featureCount": 2, "startIndex": 0}