{"type": "block", "layer": 0, "block": 0, "features": [{"geom": {"polygons": [[[[-5.057865986454999, -1.8998050056397915], [-5.057865986454999, -1.8977165296673775], [-3.6026281763333827, 3.7959571946412325], [5.057865986454999, 2.4350366834551096], [5.057865986454999, 2.43261637352407], [3.7119092366774566, -3.7959571965038776], [-5.057865986454999, -1.8998050056397915]]]], "centroids": [[0.08437219224288128, 0.10975299961864948, 3.0]], "h": 3.0}, "mtl": {"face": 0}}, {"geom": {"polygons": [[[[-5.057865986454999, -1.8998050056397915], [-5.057865986454999, -1.8977165296673775], [-3.6026281765371095, 3.7959571946412325], [5.057865986454999, 2.4350366834551096], [5.057865986454999, 2.43261637352407], [3.7119092366774566, -3.7959571965038776], [-5.057865986454999, -1.8998050056397915]]]], "centroids": [[0.08437219221377745, 0.10975299961864948, 6.0]], "h": 6.0}, "mtl": {"face": 1}}], "featureCount": 2, "startIndex": 0}