{"type": "block", "layer": 1, "block": 0, "features": [{"geom": {"triangles": {"v": [-18.556204141845228, 4.629513714462519, 3.0, -21.493704141845228, -7.370486285537481, 3.0, -0.39995414184522815, -10.370486285537481, 3.0, 1.8656708581547718, -9.370486285537481, 3.0, 7.443795858154772, 0.6295137144625187, 3.0, 5.928170858154772, -9.370486285537481, 3.0, -3.556204141845228, -31.37048628553748, 3.0, -5.665579141845228, -31.37048628553748, 3.0], "f": [0, 1, 2, 0, 2, 3, 0, 3, 4, 3, 5, 4, 6, 3, 2, 7, 6, 2]}, "centroids": [[-6.371545472560683, -5.108898505568504, 3.0]]}, "mtl": 0}], "featureCount": 1, "startIndex": 0}