{"type": "block", "layer": 1, "block": 0, "features": [{"geom": {"triangles": {"v": [-14.506481301563326, 7.343421317636967, 3.0, -16.256481301563326, -0.6565786823630333, 3.0, 4.931018698436674, 3.3434213176369667, 3.0, 3.2747686984366737, -4.656578682363033, 3.0], "f": [0, 1, 2, 1, 3, 2]}, "centroids": [[-5.662281724216882, 1.2362332940101624, 3.0]]}, "mtl": 0}], "featureCount": 1, "startIndex": 0}