{"type": "block", "layer": 1, "block": 0, "features": [{"geom": {"triangles": {"v": [-4.626907810132252, 5.972737159579992, 3.0, -6.861282810132252, -18.027262840420008, 3.0, 3.201217189867748, -19.027262840420008, 3.0, 5.341842189867748, 4.972737159579992, 3.0], "f": [0, 1, 2, 0, 2, 3]}, "centroids": [[-0.7412368318764493, -6.548455350100994, 3.0]]}, "mtl": 0}], "featureCount": 1, "startIndex": 0}