{"type": "block", "layer": 1, "block": 0, "features": [{"geom": {"triangles": {"v": [-1.1388926007784903, 7.638281811028719, 3.0, -3.4201426007784903, -3.361718188971281, 3.0, 1.7829823992215097, -4.361718188971281, 3.0, 5.65798239922151, 14.638281811028719, 3.0, 0.048607399221509695, 12.638281811028719, 3.0, 0.6423573992215097, 15.638281811028719, 3.0], "f": [0, 1, 2, 3, 0, 2, 3, 4, 0, 5, 4, 3]}, "centroids": [[1.1565071362128947, 5.590296944603324, 3.0]]}, "mtl": 0}], "featureCount": 1, "startIndex": 0}