{"type": "block", "layer": 0, "block": 0, "features": [{"geom": {"polygons": [[[[-4.938902894908097, -3.017397206276655], [-4.938902894908097, -3.0140798203647137], [-3.9496031655871775, 3.5045781638473272], [4.938902894908097, 2.3756408989429474], [4.938902894908097, 2.3720398265868425], [4.4108025333844125, -1.4110061079263687], [-0.727910384972347, -0.7583334911614656], [-1.1031619455316104, -3.5045781657099724], [-4.938902894908097, -3.017397206276655]]]], "centroids": [[-0.5017742755881045, 0.35058316960930824, 3.0]], "h": 3.0}, "mtl": {"face": 0}}, {"geom": {"polygons": [[[[1.6514901847986039, -4.938902894034982], [1.8311624754860532, -3.696285141631961], [4.030474684550427, -4.135483929887414], [3.918320126394974, -4.938902894034982], [1.6514901847986039, -4.938902894034982]]], [[[1.0194456005410757, -4.938902894034982], [1.029467273823684, -4.864959422498941], [1.5078459202486556, -4.938902894034982], [1.0194456005410757, -4.938902894034982]]]], "centroids": [[2.7778584872430656, -4.41971231251955, 3.0], [1.185586264851736, -4.914255069568753, 3.0]], "h": 3.0}, "mtl": {"face": 0}}, {"geom": {"polygons": [[[[-4.938902894908097, -3.017397206276655], [-4.938902894908097, -3.0140798203647137], [-3.9496031655871775, 3.5045781638473272], [4.938902894908097, 2.3756408989429474], [4.938902894908097, 2.3720398265868425], [4.41080253344262, -1.4110061079263687], [-0.727910384972347, -0.7583334911614656], [-1.1031619455316104, -3.5045781657099724], [-4.938902894908097, -3.017397206276655]]]], "centroids": [[-0.5017742755881045, 0.3505831714719534, 6.0]], "h": 6.0}, "mtl": {"face": 1}}], "featureCount": 3, "startIndex": 0}