{"type": "block", "layer": 1, "block": 0, "features": [{"geom": {"triangles": {"v": [-3.9473531654221006, 3.8565781638026237, 3.0, -6.291103165422101, -12.143421836197376, 3.0, 2.8338968345778994, -13.143421836197376, 3.0, 4.943271834577899, 2.8565781638026237, 3.0], "f": [0, 1, 2, 0, 2, 3]}, "centroids": [[-0.6401793185505085, -4.712980030104518, 3.0]]}, "mtl": 0}], "featureCount": 1, "startIndex": 0}