{"type": "block", "layer": 0, "block": 0, "features": [{"geom": {"polygons": [[[[-7.539912603679113, -4.576232815161347], [0.7941054252441972, 8.63689786195755], [0.7959970069932751, 8.63689786195755], [7.539912603708217, 4.311551297083497], [-0.8009219330560882, -8.63689786195755], [-0.8029114157543518, -8.63689786195755], [-7.539912603679113, -4.576232815161347]]]], "centroids": [[0.003238012664951384, -0.040863702073693275, 3.0]], "h": 3.0}, "mtl": {"face": 0}}, {"geom": {"polygons": [[[[1.4004108113003895, -5.219512587413192], [-1.3073707303556148, -3.497706251218915], [2.4010984332999215, 2.123613253235817], [5.0748317452089395, 0.4847190994769335], [1.4004108113003895, -5.219512587413192]]]], "centroids": [[1.8868196573166642, -1.539285283535719, 6.0]], "h": 6.0}, "mtl": {"face": 1}}], "featureCount": 2, "startIndex": 0}