{"type": "block", "layer": 0, "block": 0, "features": [{"geom": {"polygons": [[[[-3.7390897330769803, -6.943408336490393], [-1.659136724745622, 7.608128482475877], [-1.6536852086719591, 7.608128482475877], [3.739089733106084, 6.840116484090686], [1.6813717094773892, -7.608128482475877], [1.6750658939417917, -7.608128482475877], [-3.7390897330769803, -6.943408336490393]]]], "centroids": [[0.0020830192079301924, -0.027037078514695168, 3.0]], "h": 3.0}, "mtl": {"face": 0}}, {"geom": {"polygons": [[[[-3.834102836175589, -7.608128482475877], [-3.7390897330187727, -6.943408336490393], [-1.6591367246874142, 7.608128482475877], [-1.6536852086137515, 7.608128482475877], [3.739089733164292, 6.840116484090686], [1.681371709535597, -7.608128482475877], [-3.834102836175589, -7.608128482475877]]]], "centroids": [[-0.04199767511454411, -0.1918704230338335, 6.0]], "h": 6.0}, "mtl": {"face": 1}}], "featureCount": 2, "startIndex": 0}