{"type": "block", "layer": 1, "block": 0, "features": [{"geom": {"triangles": {"v": [1.8567852668929845, 32.378591664135456, 3.0, -3.7369647331070155, -6.621408335864544, 3.0, 9.747410266892985, -8.621408335864544, 3.0, 11.981785266892985, -8.621408335864544, 3.0, 32.356785266892985, 27.378591664135456, 3.0, 23.091160266892985, -10.621408335864544, 3.0], "f": [0, 1, 2, 0, 2, 3, 0, 3, 4, 3, 5, 4]}, "centroids": [[13.429756820289185, 11.076906559988856, 3.0]]}, "mtl": 0}], "featureCount": 1, "startIndex": 0}