{"type": "block", "layer": 1, "block": 0, "features": [{"geom": {"triangles": {"v": [-3.5177500000572763, 5.054318569600582, 3.0, -5.377125000057276, -2.945681430399418, 3.0, 14.263499999942724, 1.0543185696005821, 3.0, 12.450999999942724, -6.945681430399418, 3.0], "f": [0, 1, 2, 1, 3, 2]}, "centroids": [[4.443301019753562, -1.0133271142840385, 3.0]]}, "mtl": 0}], "featureCount": 1, "startIndex": 0}