{"type": "block", "layer": 0, "block": 0, "features": [{"geom": {"polygons": [[[[-3.3389884902280755, -3.3742221165448427], [-1.567536017857492, 4.380468994379044], [-1.5654279944428708, 4.380468994379044], [3.3389884901989717, 3.3104322273284197], [1.6421489450731315, -4.380468994379044], [1.6398846339143347, -4.380468994379044], [-3.3389884902280755, -3.3742221165448427]]]], "centroids": [[0.01292301865760237, -0.022592687979340553, 3.0]], "h": 3.0}, "mtl": {"face": 0}}], "featureCount": 1, "startIndex": 0}