{"type": "block", "layer": 1, "block": 0, "features": [{"geom": {"triangles": {"v": [-16.244072710571345, 7.646092915907502, 3.0, -18.040947710571345, -0.3539070840924978, 3.0, 1.646552289428655, -4.353907084092498, 3.0, 3.334052289428655, 3.646092915907502, 3.0], "f": [0, 1, 2, 0, 2, 3]}, "centroids": [[-7.3903807324240915, 1.539994204416871, 3.0]]}, "mtl": 0}], "featureCount": 1, "startIndex": 0}