{"type": "block", "layer": 1, "block": 0, "features": [{"geom": {"triangles": {"v": [-1.6173644573427737, 2.4415470138192177, 3.0, -2.6954894573427737, -3.5584529861807823, 3.0, 13.007635542657226, -6.558452986180782, 3.0, 16.007635542657226, 10.441547013819218, 3.0], "f": [0, 1, 2, 0, 2, 3]}, "centroids": [[7.5249170413881075, 0.9665578044950962, 3.0]]}, "mtl": 0}], "featureCount": 1, "startIndex": 0}