{"type": "block", "layer": 1, "block": 0, "features": [{"geom": {"triangles": {"v": [-1.4101138736004941, 4.792650384828448, 3.0, -5.597613873600494, -14.207349615171552, 3.0, 0.3086361263995059, -10.207349615171552, 3.0, 3.449261126399506, 3.7926503848284483, 3.0, 4.199261126399506, -16.20734961517155, 3.0, 5.277386126399506, -11.207349615171552, 3.0], "f": [0, 1, 2, 0, 2, 3, 2, 1, 4, 2, 4, 5]}, "centroids": [[-0.39226239945855923, -6.736972317099571, 3.0]]}, "mtl": 0}], "featureCount": 1, "startIndex": 0}