{"type": "block", "layer": 0, "block": 0, "features": [{"geom": {"polygons": [[[[-7.236996645398904, -2.076041042804718], [-7.236996645398904, -2.0687207095324993], [-6.683707147225505, 3.4720784090459347], [7.236996645398904, 2.08199386484921], [7.236996645398904, 2.073790866881609], [6.74332041744492, -3.4720784090459347], [-7.236996645398904, -2.076041042804718]]]], "centroids": [[0.014716628735186532, -0.0004884172230958939, 3.0]], "h": 3.0}, "mtl": {"face": 0}}, {"geom": {"polygons": [[[[-7.236996645398904, -2.076041042804718], [-7.236996645398904, -2.0687207095324993], [-6.683707147225505, 3.4720784090459347], [7.236996645398904, 2.08199386484921], [7.236996645398904, -3.5163049567490816], [6.74332041744492, -3.4720784090459347], [-7.236996645398904, -2.076041042804718]]]], "centroids": [[0.1371318010496907, -0.028894249349832535, 6.0]], "h": 6.0}, "mtl": {"face": 1}}, {"geom": {"polygons": [[[[-7.236996645398904, -2.076041042804718], [-7.236996645398904, -2.0687207095324993], [-6.683707147225505, 3.4720784090459347], [7.236996645398904, 2.08199386484921], [7.236996645398904, -3.5163049567490816], [6.74332041744492, -3.4720784090459347], [-7.236996645398904, -2.076041042804718]]]], "centroids": [[0.1371318010496907, -0.028894249349832535, 9.0]], "h": 9.0}, "mtl": {"face": 2}}], "featureCount": 3, "startIndex": 0}