{"type": "block", "layer": 1, "block": 0, "features": [{"geom": {"triangles": {"v": [-6.68562958255643, 3.51692159101367, 3.0, -7.23250458255643, -2.48307840898633, 3.0, 7.23624541744357, 2.51692159101367, 3.0, 6.73624541744357, -3.48307840898633, 3.0], "f": [0, 1, 2, 1, 3, 2]}, "centroids": [[0.014715363649884239, -0.0004847366362810135, 3.0]]}, "mtl": 0}], "featureCount": 1, "startIndex": 0}