{"type": "block", "layer": 0, "block": 0, "features": [{"geom": {"polygons": [[[[-6.256585480790818, -5.610830267891288], [-5.288145977072418, -1.0164058413356543], [-3.5740159132983536, 7.1156881134957075], [-3.5706963439879473, 7.1156881134957075], [6.256585480790818, 4.909237435087562], [4.580427503038663, -3.096561159938574], [1.686811310792109, -2.486627908423543], [0.6992061055498198, -7.1156881134957075], [0.6957665335794445, -7.1156881134957075], [-6.256585480790818, -5.610830267891288]]]], "centroids": [[-0.315311454818584, 0.24269549921154976, 3.0]], "h": 3.0}, "mtl": {"face": 0}}, {"geom": {"polygons": [[[[-6.256585480790818, -5.610830267891288], [-5.288145977072418, -1.0164058413356543], [1.686811310792109, -2.486627908423543], [0.6992061055498198, -7.1156881134957075], [0.6957665335794445, -7.1156881134957075], [-6.256585480790818, -5.610830267891288]]]], "centroids": [[-2.2848316655436065, -4.057957028970122, 6.0]], "h": 6.0}, "mtl": {"face": 1}}, {"geom": {"polygons": [[[[-5.288145977072418, -1.0164058413356543], [-3.5740159132983536, 7.1156881134957075], [-3.5706963439879473, 7.1156881134957075], [-0.698178337450372, 6.470741787925363], [0.6265851675125305, 7.032943483442068], [6.433623714110581, 5.754821479320526], [4.580427503038663, -3.096561159938574], [1.686811310792109, -2.486627908423543], [-5.288145977072418, -1.0164058413356543]]]], "centroids": [[0.6483964586805087, 2.2339445240795612, 6.0]], "h": 6.0}, "mtl": {"face": 1}}, {"geom": {"polygons": [[[[-5.288145977072418, -1.0164058413356543], [-3.5740159132983536, 7.1156881134957075], [-3.5706963439879473, 7.1156881134957075], [-0.698178337450372, 6.470741787925363], [0.6265851675125305, 7.032943483442068], [6.433623714110581, 5.754821479320526], [4.580427502776729, -3.096561159938574], [1.686811310792109, -2.486627908423543], [-5.288145977072418, -1.0164058413356543]]]], "centroids": [[0.6483964586514048, 2.2339445259422064, 9.0]], "h": 9.0}, "mtl": {"face": 2}}], "featureCount": 4, "startIndex": 0}