{"type": "block", "layer": 1, "block": 0, "features": [{"geom": {"triangles": {"v": [-3.184985873376718, 12.087270762771368, 3.0, -5.231860873376718, -0.912729237228632, 3.0, 6.736889126623282, 11.087270762771368, 3.0, 6.768139126623282, 11.087270762771368, 3.0, 4.846264126623282, -1.912729237228632, 3.0], "f": [0, 1, 2, 0, 2, 3, 1, 4, 2]}, "centroids": [[0.8246240471489727, 5.233272211626172, 3.0]]}, "mtl": 0}], "featureCount": 1, "startIndex": 0}