{"type": "block", "layer": 1, "block": 0, "features": [{"geom": {"triangles": {"v": [-6.144698848365806, 4.989143539220095, 3.0, -7.488448848365806, -3.0108564607799053, 3.0, 16.152176151634194, 0.9891435392200947, 3.0, 14.839676151634194, -7.010856460779905, 3.0], "f": [0, 1, 2, 1, 3, 2]}, "centroids": [[4.349947948474437, -0.8018268588930368, 3.0]]}, "mtl": 0}], "featureCount": 1, "startIndex": 0}