{"type": "block", "layer": 0, "block": 0, "features": [{"geom": {"polygons": [[[[-4.4596519657061435, -3.1099537648260593], [-3.495348034106428, 0.6025897804647684], [-2.062511597905541, 4.849104885011911], [-2.059738314244896, 4.849104885011911], [4.4596519657061435, 3.6375897768884897], [3.2826519657101016, -3.6534102242439985], [3.0671950739633758, -4.849104885011911], [3.0650094445154537, -4.849104885011911], [-4.4596519657061435, -3.1099537648260593]]]], "centroids": [[0.21714657440315932, 0.027967292815446854, 3.0]], "h": 3.0}, "mtl": {"face": 0}}, {"geom": {"polygons": [[[[-4.459651964949444, -3.1099537648260593], [-3.495348034106428, 0.6025897804647684], [-2.062511597905541, 4.849104885011911], [1.2670142902934458, 4.849104885011911], [4.58065196647658, 4.269589776173234], [4.459651966462843, 3.6375897768884897], [3.2826519664668012, -3.6534102242439985], [3.0671950747200754, -4.849104885011911], [3.0650094452721532, -4.849104885011911], [-4.459651964949444, -3.1099537648260593]]]], "centroids": [[0.30274922351236455, 0.23733092471957207, 6.0]], "h": 6.0}, "mtl": {"face": 1}}, {"geom": {"polygons": [[[[-4.459651964949444, -3.1099537648260593], [-3.495348034106428, 0.6025897804647684], [-2.062511597905541, 4.849104885011911], [1.2670142902934458, 4.849104885011911], [4.58065196647658, 4.269589776173234], [4.459651966462843, 3.6375897768884897], [3.2826519664668012, -3.6534102242439985], [3.0671950747200754, -4.849104885011911], [3.0650094452721532, -4.849104885011911], [-4.459651964949444, -3.1099537648260593]]]], "centroids": [[0.30274922351236455, 0.23733092471957207, 9.0]], "h": 9.0}, "mtl": {"face": 2}}], "featureCount": 3, "startIndex": 0}