{"type": "block", "layer": 1, "block": 0, "features": [{"geom": {"triangles": {"v": [-5.709348033531569, -14.799410223960876, 3.0, -5.240598033531569, -14.799410223960876, 3.0, -4.803098033531569, -6.7994102239608765, 3.0, 0.6812769664684311, -17.799410223960876, 3.0, 3.275026966468431, -3.7994102239608765, 3.0, -3.490598033531569, 0.20058977603912354, 3.0, -5.303098033531569, -6.7994102239608765, 3.0, 4.462526966468431, 3.2005897760391235, 3.0, -2.068723033531569, 5.2005897760391235, 3.0, -5.349973033531569, -16.799410223960876, 3.0], "f": [0, 1, 2, 2, 1, 3, 2, 3, 4, 5, 2, 4, 6, 2, 5, 5, 4, 7, 8, 5, 7, 1, 9, 3]}, "centroids": [[-0.911110857327003, -6.3830583188682795, 3.0]]}, "mtl": 0}], "featureCount": 1, "startIndex": 0}