{"type": "block", "layer": 1, "block": 0, "features": [{"geom": {"triangles": {"v": [6.103025000018533, 2.8659645561128855, 3.0, -6.100099999981467, 2.8659645561128855, 3.0, 6.040525000018533, -6.1340354438871145, 3.0, -5.850099999981467, -20.134035443887115, 3.0, 0.5249000000185333, -20.134035443887115, 3.0, 2.3686500000185333, -20.134035443887115, 3.0, 0.8842750000185333, -20.134035443887115, 3.0, 6.118650000018533, -20.134035443887115, 3.0], "f": [0, 1, 2, 2, 1, 3, 3, 4, 2, 4, 5, 2, 4, 6, 5, 2, 5, 7]}, "centroids": [[0.0670346503611654, -8.669676514342427, 3.0]]}, "mtl": 0}], "featureCount": 1, "startIndex": 0}