{"type": "block", "layer": 1, "block": 0, "features": [{"geom": {"triangles": {"v": [-1.3241369730094448, 4.585175780579448, 3.0, -2.8241369730094448, -11.414824219420552, 3.0, 0.7227380269905552, -11.414824219420552, 3.0, 2.1446130269905552, 3.5851757805794477, 3.0], "f": [0, 1, 2, 0, 2, 3]}, "centroids": [[-0.3236570019798819, -3.564107535406947, 3.0]]}, "mtl": 0}], "featureCount": 1, "startIndex": 0}