{"type": "block", "layer": 0, "block": 0, "features": [{"geom": {"polygons": [[[[-4.460229440650437, 3.525588069111109], [-4.460229440650437, 3.5292513500899076], [0.30124451097799465, 4.140305034816265], [0.4599437224678695, 2.822767499834299], [3.7811985196603928, 3.2692001443356276], [4.418280332902214, -2.709833726286888], [4.460229440650437, -3.1035274881869555], [4.460229440650437, -3.107771620154381], [-3.5119564364431426, -4.14030503295362], [-4.460229440650437, 3.525588069111109]]]], "centroids": [[-0.12232435145415366, -0.04176236316561699, 3.0]], "h": 3.0}, "mtl": {"face": 0}}, {"geom": {"polygons": [[[[-4.460229440650437, 3.525588069111109], [-4.460229440650437, 3.5292513500899076], [0.30124451097799465, 4.140305034816265], [0.4599437224678695, 2.822767499834299], [3.7811985196603928, 3.2692001443356276], [4.418280332902214, -2.709833726286888], [4.460229440650437, -3.1035274881869555], [4.460229440650437, -3.107771620154381], [-3.5119564364431426, -4.14030503295362], [-4.460229440650437, 3.525588069111109]]]], "centroids": [[-0.12232435145415366, -0.04176236316561699, 6.0]], "h": 6.0}, "mtl": {"face": 1}}], "featureCount": 2, "startIndex": 0}