{"type": "block", "layer": 1, "block": 0, "features": [{"geom": {"triangles": {"v": [-3.794296598935034, 5.994168931618333, 3.0, -7.903671598935034, -14.005831068381667, 3.0, 6.018203401064966, 3.994168931618333, 3.0, 1.8619534010649659, -16.005831068381667, 3.0], "f": [0, 1, 2, 1, 3, 2]}, "centroids": [[-0.9513031056267209, -4.936046734452248, 3.0]]}, "mtl": 0}], "featureCount": 1, "startIndex": 0}