{"type": "block", "layer": 0, "block": 0, "features": [{"geom": {"polygons": [[[[-5.911269705276936, -3.8212707079946995], [-3.8558551536116283, 5.912012789398432], [-3.8528953171917237, 5.912012789398432], [5.91126970530604, 3.87560405023396], [3.80564703932032, -5.912012789398432], [3.802772711846046, -5.912012789398432], [-5.911269705276936, -3.8212707079946995]]]], "centroids": [[-0.0067245854588691145, 0.015573859214782715, 3.0]], "h": 3.0}, "mtl": {"face": 0}}, {"geom": {"polygons": [[[[-5.911269705276936, -3.8212707079946995], [-3.8558551536116283, 5.912012789398432], [-3.8528953171917237, 5.912012789398432], [5.91126970530604, 3.87560405023396], [3.80564703932032, -5.912012789398432], [3.802772711846046, -5.912012789398432], [-5.911269705276936, -3.8212707079946995]]]], "centroids": [[-0.0067245854588691145, 0.015573859214782715, 6.0]], "h": 6.0}, "mtl": {"face": 1}}], "featureCount": 2, "startIndex": 0}