{"type": "block", "layer": 1, "block": 0, "features": [{"geom": {"triangles": {"v": [-3.8496052947011776, 5.637604050338268, 3.0, -7.990230294701178, -13.362395949661732, 3.0, 1.6972697052988224, -15.362395949661732, 3.0, 5.916019705298822, 3.6376040503382683, 3.0], "f": [0, 1, 2, 0, 2, 3]}, "centroids": [[-1.058576210809406, -4.900964796543121, 3.0]]}, "mtl": 0}], "featureCount": 1, "startIndex": 0}