{"type": "block", "layer": 1, "block": 0, "features": [{"geom": {"triangles": {"v": [-1.432074606709648, 14.12244526669383, 3.0, -16.432074606709648, 8.12244526669383, 3.0, 0.19292539329035208, -11.87755473330617, 3.0, 7.833550393290352, -7.8775547333061695, 3.0, -7.088324606709648, -14.87755473330617, 3.0], "f": [0, 1, 2, 0, 2, 3, 1, 4, 2]}, "centroids": [[-4.301654464594321, -0.2475663311779499, 3.0]]}, "mtl": 0}], "featureCount": 1, "startIndex": 0}