{"type": "block", "layer": 1, "block": 0, "features": [{"geom": {"triangles": {"v": [-4.080179328739177, 3.2351591046899557, 3.0, -4.986429328739177, -6.764840895310044, 3.0, 19.810445671260823, 1.2351591046899557, 3.0, 18.919820671260823, -8.764840895310044, 3.0], "f": [0, 1, 2, 1, 3, 2]}, "centroids": [[7.430665336054517, -3.1318877413868904, 3.0]]}, "mtl": 0}], "featureCount": 1, "startIndex": 0}