{"type": "block", "layer": 0, "block": 0, "features": [{"geom": {"polygons": [[[[-4.415437747316901, 0.2928365580737591], [-4.415437747316901, 0.29426733031868935], [-3.4579446862335317, 2.9954492691904306], [4.415437747316901, -0.5283002816140652], [4.415437747316901, -0.5296063963323832], [3.4331150979851373, -2.9954492691904306], [-4.415437747316901, 0.2928365580737591]]]], "centroids": [[-0.054194202995859087, -0.034974850714206696, 3.0]], "h": 3.0}, "mtl": {"face": 0}}, {"geom": {"polygons": [[[[3.6813838203961495, -2.3722379822283983], [4.415437747316901, -0.529606394469738], [4.415437747316901, -2.708439163863659], [3.6813838203961495, -2.3722379822283983]]]], "centroids": [[4.170753105048789, -1.8700945153832436, 3.0]], "h": 3.0}, "mtl": {"face": 0}}], "featureCount": 2, "startIndex": 0}