{"type": "block", "layer": 0, "block": 0, "features": [{"geom": {"polygons": [[[[-3.6186859104491305, -4.245677974075079], [-1.5448743583983742, 5.346071925014257], [-1.5422096544352826, 5.346071925014257], [3.6186859104782343, 4.263602178543806], [1.564650368731236, -5.346071925014257], [1.562018877855735, -5.346071925014257], [-3.6186859104491305, -4.245677974075079]]]], "centroids": [[0.0047833478602115065, 0.000860339030623436, 3.0]], "h": 3.0}, "mtl": {"face": 0}}, {"geom": {"polygons": [[[[-5.346071925479919, 3.756980748847127], [-5.346071925479919, 5.346071925014257], [-4.057139310636558, 5.346071925014257], [-4.380041396187153, 3.55436110496521], [-5.346071925479919, 3.756980748847127]]]], "centroids": [[-4.765974441892467, 4.53732698969543, 3.0]], "h": 3.0}, "mtl": {"face": 0}}, {"geom": {"polygons": [[[[-3.6186859104491305, -4.245677974075079], [-1.5448743583983742, 5.346071925014257], [-1.5422096544352826, 5.346071925014257], [3.6186859104782343, 4.263602178543806], [1.564650368731236, -5.346071925014257], [1.562018877855735, -5.346071925014257], [-3.6186859104491305, -4.245677974075079]]]], "centroids": [[0.0047833478602115065, 0.000860339030623436, 6.0]], "h": 6.0}, "mtl": {"face": 1}}], "featureCount": 3, "startIndex": 0}