{"type": "block", "layer": 1, "block": 0, "features": [{"geom": {"triangles": {"v": [-4.926370105706155, 4.698876433074474, 3.0, -6.410745105706155, -2.3011235669255257, 3.0, 14.417379894293845, 0.6988764330744743, 3.0, 12.870504894293845, -7.301123566925526, 3.0], "f": [0, 1, 2, 1, 3, 2]}, "centroids": [[4.064629607077222, -1.092667132616043, 3.0]]}, "mtl": 0}], "featureCount": 1, "startIndex": 0}