{"type": "block", "layer": 1, "block": 0, "features": [{"geom": {"triangles": {"v": [-3.2004105377418455, 14.08288736641407, 3.0, -6.5129105377418455, -2.91711263358593, 3.0, 8.190214462258155, 12.08288736641407, 3.0, 4.7527144622581545, -5.91711263358593, 3.0], "f": [0, 1, 2, 1, 3, 2]}, "centroids": [[0.8080336104903836, 4.268578281626105, 3.0]]}, "mtl": 0}], "featureCount": 1, "startIndex": 0}