{"type": "block", "layer": 1, "block": 0, "features": [{"geom": {"triangles": {"v": [-5.388755454914644, 6.28112605959177, 3.0, -8.263755454914644, -7.71887394040823, 3.0, 3.6581195450853556, -10.71887394040823, 3.0, 7.142494545085356, 9.28112605959177, 3.0, -0.24813045491464436, 11.28112605959177, 3.0, -4.279380454914644, 12.28112605959177, 3.0, 7.423744545085356, 9.28112605959177, 3.0], "f": [0, 1, 2, 3, 0, 2, 4, 0, 3, 5, 0, 4, 6, 3, 2]}, "centroids": [[-0.39530390256550163, 0.6332917157560587, 3.0]]}, "mtl": 0}], "featureCount": 1, "startIndex": 0}