{"type": "block", "layer": 0, "block": 0, "features": [{"geom": {"polygons": [[[[-7.409209004312288, -2.2411374170333147], [-7.409209004312288, -2.237279238179326], [-6.02405000149156, 4.718000000342727], [7.409209004312288, 2.377129126340151], [7.409209004312288, 2.373411362990737], [5.9449499985494185, -4.718000000342727], [-7.409209004312288, -2.2411374170333147]]]], "centroids": [[0.0036884962173644453, 0.03203210048377514, 3.0]], "h": 3.0}, "mtl": {"face": 0}}, {"geom": {"polygons": [[[[-7.409209004312288, -2.241137385368347], [-7.409209004312288, 0.8341260235756636], [-7.25153874658281, 1.6257624551653862], [-6.776524758344749, 1.7225808463990688], [-6.660256031580502, 2.2911372762173414], [-7.050589523540111, 2.634695453569293], [-6.712193525134353, 4.333726288750768], [-6.02405000149156, 4.718000000342727], [7.409209004312288, 2.377129126340151], [7.409209004312288, 2.373411362990737], [5.9449499985494185, -4.718000000342727], [-7.409209004312288, -2.241137385368347]]]], "centroids": [[-0.19020992287551053, 0.08220966905355453, 6.0]], "h": 6.0}, "mtl": {"face": 1}}, {"geom": {"polygons": [[[[-7.409209004312288, -2.241137385368347], [-7.409209004312288, 0.8341260235756636], [-7.25153874658281, 1.6257624551653862], [-6.776524758344749, 1.7225808463990688], [-6.660256031580502, 2.2911372762173414], [-7.050589523540111, 2.634695453569293], [-6.615144883951871, 4.820989666506648], [-6.02405000149156, 4.718000000342727], [7.409209004312288, 2.377129126340151], [7.409209004312288, 2.373411362990737], [5.9449499985494185, -4.718000000342727], [-7.409209004312288, -2.241137385368347]]]], "centroids": [[-0.1994878027762752, 0.08894109353423119, 9.0]], "h": 9.0}, "mtl": {"face": 2}}, {"geom": {"polygons": [[[[-7.409209004312288, -2.241137385368347], [-7.409209004312288, 0.8341260235756636], [-7.25153874658281, 1.6257624551653862], [-6.776524758344749, 1.7225808463990688], [-6.660256031580502, 2.2911372762173414], [-7.050589523540111, 2.634695453569293], [-6.615144883951871, 4.820989666506648], [-6.02405000149156, 4.718000000342727], [7.409209004312288, 2.377129126340151], [7.409209004312288, 2.373411362990737], [5.9449499985494185, -4.718000000342727], [-7.409209004312288, -2.241137385368347]]]], "centroids": [[-0.1994878027762752, 0.08894109353423119, 12.0]], "h": 12.0}, "mtl": {"face": 3}}], "featureCount": 4, "startIndex": 0}