{"type": "block", "layer": 1, "block": 0, "features": [{"geom": {"triangles": {"v": [-6.022925001452677, 4.592000000178814, 3.0, -7.413550001452677, -2.407999999821186, 3.0, 5.945824998547323, -4.407999999821186, 3.0, 7.414574998547323, 2.592000000178814, 3.0], "f": [0, 1, 2, 0, 2, 3]}, "centroids": [[0.003644704003818333, 0.03205767460167408, 3.0]]}, "mtl": 0}], "featureCount": 1, "startIndex": 0}