{"type": "block", "layer": 1, "block": 0, "features": [{"geom": {"triangles": {"v": [8.973899865406565, 9.99408844485879, 3.0, -5.838600134593435, 12.99408844485879, 3.0, -7.822975134593435, -2.0059115551412106, 3.0, -5.526100134593435, 13.99408844485879, 3.0, 7.223899865406565, -3.0059115551412106, 3.0], "f": [0, 1, 2, 3, 1, 0, 0, 2, 4]}, "centroids": [[0.444457844219869, 4.87995939143002, 3.0]]}, "mtl": 0}], "featureCount": 1, "startIndex": 0}