{"type": "block", "layer": 1, "block": 0, "features": [{"geom": {"triangles": {"v": [9.957188829546794, 3.22934852540493, 3.0, -8.995936170453206, 5.22934852540493, 3.0, -9.761561170453206, -2.77065147459507, 3.0, 9.191563829546794, -4.77065147459507, 3.0], "f": [0, 1, 2, 0, 2, 3]}, "centroids": [[0.08045568552915938, 0.5253013949841261, 3.0]]}, "mtl": 0}], "featureCount": 1, "startIndex": 0}