{"type": "block", "layer": 0, "block": 0, "features": [{"geom": {"polygons": [[[[-7.014914657949703, -0.13051646761596203], [-7.014914657949703, -0.12751289643347263], [-6.809396283788374, 0.6942867506295443], [-3.948389964119997, 1.3426813520491123], [-3.9589538610889576, 2.892645353451371], [1.96456221252447, 3.166086072102189], [2.01771719858516, 3.96431821025908], [7.014914657949703, 3.6552143786102533], [7.014914657949703, 3.643656188622117], [6.551383780373726, -3.964318208396435], [-7.014914657949703, -0.13051646761596203]]]], "centroids": [[1.5566544691391755, 0.4042838290333748, 3.0]], "h": 3.0}, "mtl": {"face": 0}}, {"geom": {"polygons": [[[[-7.014914657949703, -0.313574256375432], [-7.014914657949703, -0.12751289643347263], [-6.809396283788374, 0.6942867506295443], [-3.948389964119997, 1.3426813520491123], [-3.9589538610889576, 2.892645353451371], [1.96456221252447, 3.166086072102189], [2.01771719858516, 3.96431821025908], [7.014914657949703, 3.6552143786102533], [7.014914657949703, 3.643656188622117], [6.551383780373726, -3.964318208396435], [6.360217728390126, -4.829638024792075], [5.205097676313017, -4.504526250064373], [5.259282971906941, -4.312006240710616], [3.815382906992454, -3.9056165236979723], [3.7611976113985293, -4.098136533051729], [-5.13047656143317, -1.5955499317497015], [-5.391370402008761, -1.0546451583504677], [-6.628800534759648, -0.7063941452652216], [-7.014914657949703, -0.313574256375432]]]], "centroids": [[1.3387655822734814, -0.01822112500667572, 6.0]], "h": 6.0}, "mtl": {"face": 1}}, {"geom": {"polygons": [[[[-7.014914657949703, -0.313574256375432], [-7.014914657949703, -0.12751289643347263], [-6.809396283788374, 0.6942867506295443], [-3.948389964119997, 1.3426813520491123], [-3.9589538610889576, 2.892645353451371], [1.96456221252447, 3.166086072102189], [2.01771719858516, 3.96431821025908], [7.014914657949703, 3.6552143786102533], [7.014914657949703, 3.643656188622117], [6.551383780373726, -3.964318208396435], [6.360217728244606, -4.829638024792075], [5.205097676313017, -4.504526250064373], [5.259282971906941, -4.312006240710616], [3.815382906992454, -3.9056165236979723], [3.7611976113985293, -4.098136533051729], [-5.13047656143317, -1.5955499317497015], [-5.391370402008761, -1.0546451583504677], [-6.628800534759648, -0.7063941452652216], [-7.014914657949703, -0.313574256375432]]]], "centroids": [[1.3387655822734814, -0.01822112500667572, 9.0]], "h": 9.0}, "mtl": {"face": 2}}, {"geom": {"polygons": [[[[-7.014914657949703, -0.313574256375432], [-7.014914657949703, -0.12751289643347263], [-6.809396283788374, 0.6942867506295443], [-3.948389964119997, 1.3426813520491123], [-3.9589538610889576, 2.892645353451371], [1.96456221252447, 3.166086072102189], [2.01771719858516, 3.96431821025908], [7.014914657949703, 3.6552143786102533], [7.014914657949703, 3.643656188622117], [6.551383780373726, -3.964318208396435], [6.360217728244606, -4.829638024792075], [5.205097676313017, -4.504526250064373], [5.259282971906941, -4.312006240710616], [3.815382906992454, -3.9056165236979723], [3.7611976113985293, -4.098136533051729], [-5.13047656143317, -1.5955499317497015], [-5.391370402008761, -1.0546451583504677], [-6.628800534759648, -0.7063941452652216], [-7.014914657949703, -0.313574256375432]]]], "centroids": [[1.3387655822734814, -0.01822112500667572, 12.0]], "h": 12.0}, "mtl": {"face": 3}}, {"geom": {"polygons": [[[[-7.014914657949703, -0.313574256375432], [-7.014914657949703, -0.12751289643347263], [-6.809396283788374, 0.6942867506295443], [-3.948389964119997, 1.3426813520491123], [-3.9589538610889576, 2.892645353451371], [1.96456221252447, 3.166086072102189], [2.01771719858516, 3.96431821025908], [7.014914657949703, 3.6552143786102533], [7.014914657949703, 3.643656188622117], [6.551383780373726, -3.964318208396435], [6.360217728244606, -4.829638024792075], [5.205097676313017, -4.504526250064373], [5.259282971906941, -4.312006240710616], [3.815382906992454, -3.9056165236979723], [3.7611976113985293, -4.098136533051729], [-5.13047656143317, -1.5955499317497015], [-5.391370402008761, -1.0546451583504677], [-6.628800534759648, -0.7063941452652216], [-7.014914657949703, -0.313574256375432]]]], "centroids": [[1.3387655822734814, -0.01822112500667572, 15.0]], "h": 15.0}, "mtl": {"face": 4}}, {"geom": {"polygons": [[[[-7.014914657949703, -0.5347752496600151], [-7.014914657949703, -0.12751289643347263], [-6.809396283788374, 0.6942867506295443], [-3.948389964119997, 1.3426813520491123], [-3.9589538610889576, 2.892645353451371], [1.96456221252447, 3.166086072102189], [2.01771719858516, 3.96431821025908], [7.014914657949703, 3.6552143786102533], [7.014914657949703, 3.643656188622117], [6.551383780373726, -3.964318208396435], [6.327860008197604, -4.976106375455856], [-5.236205066292314, -1.721621735021472], [-5.497098906926112, -1.1807169616222382], [-6.728010733757401, -0.8343004006892443], [-7.014914657949703, -0.5347752496600151]]]], "centroids": [[1.301374163798755, -0.10944301448762417, 18.0]], "h": 18.0}, "mtl": {"face": 5}}], "featureCount": 6, "startIndex": 0}