{"type": "block", "layer": 0, "block": 0, "features": [{"geom": {"polygons": [[[[-6.130864986742381, -2.0141422245651484], [-6.130864986742381, -2.0114661753177643], [-4.604899915255373, 4.325129047036171], [6.130864986742381, 2.1663001533597708], [6.130864986742381, 2.16324551589787], [4.773694711911958, -4.325129047036171], [-6.130864986742381, -2.0141422245651484]]]], "centroids": [[0.05580027657561004, 0.025202369317412376, 3.0]], "h": 3.0}, "mtl": {"face": 0}}, {"geom": {"polygons": [[[[-6.130864986742381, -6.130864987149835], [-6.130864986742381, -2.0141422245651484], [1.2265140634262934, -3.57338042370975], [0.6106255197664723, -6.130864987149835], [-6.130864986742381, -6.130864987149835]]]], "centroids": [[-2.863250786642311, -4.40390713699162, 3.0]], "h": 3.0}, "mtl": {"face": 0}}, {"geom": {"polygons": [[[[-6.130864986742381, -2.0141422245651484], [-6.130864986742381, -2.0114661753177643], [-4.6048999157501385, 4.325129047036171], [6.130864986742381, 2.1663001533597708], [6.130864986742381, 2.16324551589787], [4.773694711911958, -4.325129047036171], [-6.130864986742381, -2.0141422245651484]]]], "centroids": [[0.05580027643009089, 0.025202367454767227, 6.0]], "h": 6.0}, "mtl": {"face": 1}}, {"geom": {"polygons": [[[[-6.130864986742381, -6.130864987149835], [-6.130864986742381, -2.0141422245651484], [1.226514063309878, -3.57338042370975], [0.6106255197373684, -6.130864987149835], [-6.130864986742381, -6.130864987149835]]]], "centroids": [[-2.863250786700519, -4.40390713699162, 6.0]], "h": 6.0}, "mtl": {"face": 1}}], "featureCount": 4, "startIndex": 0}