{"type": "block", "layer": 0, "block": 0, "features": [{"geom": {"polygons": [[[[-6.929024315730203, 0.16073721088469028], [-6.929024315730203, 0.16400481387972832], [-5.792050608841237, 5.2754068579524755], [6.929024315730203, 2.445747284218669], [6.929024315730203, 0.007943980395793915], [5.639235033973819, -5.397947780787945], [5.0877172879409045, -5.27540685608983], [-4.5882539492158685, -3.125516913831234], [-4.007348798972089, -0.4812410157173872], [-6.929024315730203, 0.16073721088469028]]]], "centroids": [[0.37413350853603333, 0.042336445301771164, 6.0]], "h": 6.0}, "mtl": {"face": 0}}, {"geom": {"polygons": [[[[-6.929024315730203, 0.16073721088469028], [-6.929024315730203, 0.16400481387972832], [-5.792050608841237, 5.2754068579524755], [6.929024315730203, 2.445747284218669], [6.929024315730203, -0.6383204329758883], [5.785664137249114, -5.430482650175691], [5.0877172879409045, -5.27540685608983], [-4.5882539492158685, -3.125516913831234], [-4.007348798972089, -0.4812410157173872], [-6.929024315730203, 0.16073721088469028]]]], "centroids": [[0.421129469294101, 0.01938622258603573, 9.0]], "h": 9.0}, "mtl": {"face": 1}}, {"geom": {"polygons": [[[[-6.929024315730203, 0.16073721088469028], [-6.929024315730203, 0.16400481387972832], [-5.792050608841237, 5.2754068579524755], [6.929024315730203, 2.445747284218669], [6.929024315730203, 2.4426884539425373], [5.0877172879409045, -5.27540685608983], [-4.5882539492158685, -3.125516913831234], [-4.007348798972089, -0.4812410157173872], [-6.929024315730203, 0.16073721088469028]]]], "centroids": [[0.14258109682123177, 0.1251048818230629, 3.0]], "h": 3.0}, "mtl": {"face": 2}}], "featureCount": 3, "startIndex": 0}