{"type": "block", "layer": 1, "block": 0, "features": [{"geom": {"triangles": {"v": [-3.8318903282051906, 4.64661268144846, 3.0, -5.566265328205191, -2.3533873185515404, 3.0, 15.44935967179481, 0.6466126814484596, 3.0, 13.80873467179481, -7.35338731855154, 3.0], "f": [0, 1, 2, 1, 3, 2]}, "centroids": [[4.971738967724377, -1.1651418823748827, 3.0]]}, "mtl": 0}], "featureCount": 1, "startIndex": 0}