{"type": "block", "layer": 0, "block": 0, "features": [{"geom": {"polygons": [[[[-4.396060350729385, -2.24114278703928], [-4.396060350729385, -1.1105753853917122], [-3.4248377864132635, 1.8681877199560404], [-3.651499999978114, 1.9500000067055225], [-2.8931013879773673, 4.396060351282358], [-2.574258464796003, 4.396060351282358], [-2.3044999999692664, 4.345000006258488], [4.396060350729385, 2.789102094247937], [4.396060350729385, 2.7876451648771763], [2.081500000000233, -4.344999993219972], [-4.396060350729385, -2.24114278703928]]]], "centroids": [[-0.18555874476442114, 0.21285219863057137, 6.0]], "h": 6.0}, "mtl": {"face": 0}}, {"geom": {"polygons": [[[[-4.396060350729385, -2.24114278703928], [-4.396060350729385, -2.239615896716714], [-2.3044999999692664, 4.345000006258488], [4.396060350729385, 2.789102094247937], [4.396060350729385, 2.7876451648771763], [2.081500043772394, -4.345000008121133], [-4.396060350729385, -2.24114278703928]]]], "centroids": [[-0.009723378927446902, 0.12829318828880787, 3.0]], "h": 3.0}, "mtl": {"face": 1}}, {"geom": {"polygons": [[[[3.0386726000288036, -4.396060351282358], [4.153906105668284, -1.0891847889870405], [4.396060350729385, -1.166076960042119], [4.396060350729385, -4.396060351282358], [3.0386726000288036, -4.396060351282358]]]], "centroids": [[3.9300214923569, -3.1340006478130817, 3.0]], "h": 3.0}, "mtl": {"face": 1}}], "featureCount": 3, "startIndex": 0}