{"type": "block", "layer": 1, "block": 0, "features": [{"geom": {"triangles": {"v": [-2.30549999998766, 4.338000006973743, 3.0, -4.39924999998766, -2.6619999930262566, 3.0, 2.08512500001234, -4.661999993026257, 3.0, 4.39762500001234, 2.3380000069737434, 3.0, 9.94450000001234, -6.661999993026257, 3.0, 16.00700000001234, -3.6619999930262566, 3.0, 15.21012500001234, -6.661999993026257, 3.0, 14.55387500001234, -8.661999993026257, 3.0, 17.27262500001234, -0.6619999930262566, 3.0], "f": [0, 1, 2, 3, 0, 2, 3, 2, 4, 4, 5, 3, 5, 4, 6, 6, 4, 7, 3, 5, 8]}, "centroids": [[6.643323548109038, -1.7297895699739456, 3.0]]}, "mtl": 0}], "featureCount": 1, "startIndex": 0}