{"type": "block", "layer": 0, "block": 0, "features": [{"geom": {"polygons": [[[[-5.097283632232575, -2.0542380269616842], [-5.097283632232575, -2.050389613956213], [-4.34189954950125, 3.5331577323377132], [5.097283632232575, 2.0477052126079798], [5.097283632232575, 2.0440934412181377], [4.292206588404952, -3.5331577323377132], [-5.097283632232575, -2.0542380269616842]]]], "centroids": [[-0.011903585400432348, 0.0007862690836191177, 3.0]], "h": 3.0}, "mtl": {"face": 0}}, {"geom": {"polygons": [[[[-5.097283632232575, -2.0542380269616842], [-5.097283632232575, -2.050389613956213], [-4.341899549617665, 3.5331577323377132], [5.097283632232575, 2.0477052126079798], [5.097283632232575, 2.0440934412181377], [4.292206588404952, -3.5331577323377132], [-5.097283632232575, -2.0542380269616842]]]], "centroids": [[-0.011903585429536179, 0.0007862672209739685, 6.0]], "h": 6.0}, "mtl": {"face": 1}}], "featureCount": 2, "startIndex": 0}