{"type": "block", "layer": 0, "block": 0, "features": [{"geom": {"polygons": [[[[-5.816495796723757, -3.4545145090669394], [-5.816495796723757, -3.4515684191137552], [-4.089590929012047, 4.964903501793742], [5.816495796723757, 2.9776258803904057], [5.816495796723757, 2.9748777374625206], [4.39405835638172, -3.459747215732932], [2.0985224958567414, -4.964903503656387], [-5.816495796723757, -3.4545145090669394]]]], "centroids": [[-0.11091707498417236, -0.1027424968779087, 3.0]], "h": 3.0}, "mtl": {"face": 0}}, {"geom": {"polygons": [[[[-5.816495796723757, -3.4545145090669394], [-5.816495796723757, -3.4515684191137552], [-4.089590929012047, 4.964903501793742], [5.816495796723757, 2.9776258803904057], [5.816495796723757, 2.9748777374625206], [4.39405835638172, -3.459747215732932], [2.0985224958567414, -4.964903503656387], [-5.816495796723757, -3.4545145090669394]]]], "centroids": [[-0.11091707498417236, -0.1027424968779087, 6.0]], "h": 6.0}, "mtl": {"face": 1}}], "featureCount": 2, "startIndex": 0}