{"type": "block", "layer": 1, "block": 0, "features": [{"geom": {"triangles": {"v": [-3.4999525041494053, 8.054596494883299, 3.0, -5.812452504149405, -3.945403505116701, 3.0, 3.9844224958505947, -4.945403505116701, 3.0, 6.437547495850595, 6.054596494883299, 3.0], "f": [0, 1, 2, 0, 2, 3]}, "centroids": [[0.2685364802891854, 1.2420035265386105, 3.0]]}, "mtl": 0}], "featureCount": 1, "startIndex": 0}