{"type": "block", "layer": 1, "block": 0, "features": [{"geom": {"triangles": {"v": [-22.497207690787036, 7.821530390530825, 3.0, -24.559707690787036, -2.1784696094691753, 3.0, -13.497207690787036, -3.1784696094691753, 3.0, -5.247207690787036, 5.821530390530825, 3.0, 3.659042309212964, -5.178469609469175, 3.0, 5.471542309212964, 3.8215303905308247, 3.0], "f": [0, 1, 2, 0, 2, 3, 3, 2, 4, 3, 4, 5]}, "centroids": [[-9.512154295865912, 1.2222906854003668, 3.0]]}, "mtl": 0}], "featureCount": 1, "startIndex": 0}