{"type": "block", "layer": 0, "block": 0, "features": [{"geom": {"polygons": [[[[-5.638108870130964, -1.2797541972249746], [-5.638108870130964, -1.2785364110022783], [0.13337273665820248, 4.888457080349326], [5.638108870130964, -1.031936476007104], [5.638108870130964, -1.0331615041941404], [2.123835830047028, -4.888457082211971], [-1.674138849688461, -1.2481138352304697], [-3.728326388663845, -3.363664895296097], [-5.638108870130964, -1.2797541972249746]]]], "centroids": [[0.26533428713446483, -0.23098646104335785, 3.0]], "h": 3.0}, "mtl": {"face": 0}}, {"geom": {"polygons": [[[[-5.638108870130964, -1.2797541972249746], [-5.638108870130964, -1.2785364110022783], [0.13337273665820248, 4.888457080349326], [5.638108870130964, -1.031936476007104], [5.638108870130964, -1.0331615041941404], [2.123835830047028, -4.888457082211971], [1.4501708885654807, -5.627493986859918], [-1.5370745942054782, -2.5664087999612093], [-3.0241367572452873, -4.0736768413335085], [-3.728326388663845, -3.363664895296097], [-5.638108870130964, -1.2797541972249746]]]], "centroids": [[0.13691892914357595, -0.5917655434459448, 6.0]], "h": 6.0}, "mtl": {"face": 1}}], "featureCount": 2, "startIndex": 0}