{"type": "block", "layer": 1, "block": 0, "features": [{"geom": {"triangles": {"v": [0.12677273666486144, 4.646457079797983, 3.0, -11.216977263335139, -7.353542920202017, 3.0, 5.642397736664861, -1.3535429202020168, 3.0, -5.607602263335139, -13.353542920202017, 3.0], "f": [0, 1, 2, 1, 3, 2]}, "centroids": [[-2.783788605214795, -4.215258361771703, 3.0]]}, "mtl": 0}], "featureCount": 1, "startIndex": 0}