{"type": "block", "layer": 0, "block": 0, "features": [{"geom": {"polygons": [[[[-3.245633790444117, -0.9498957451432943], [-3.245633790444117, -0.9460316766053438], [-3.0382219655439258, 1.5047356057912111], [3.245633790444117, 0.9498957451432943], [3.245633790444117, 0.9460316766053438], [3.038221965485718, -1.5047356076538563], [-3.245633790444117, -0.9498957451432943]]]], "centroids": [[3.4924596548080444e-10, -1.862645149230957e-09, 3.0]], "h": 3.0}, "mtl": {"face": 0}}], "featureCount": 1, "startIndex": 0}