{"type": "block", "layer": 0, "block": 0, "features": [{"geom": {"polygons": [[[[-8.477935137256281, 0.9490504879504442], [-8.477935137256281, 0.9537690244615078], [-7.839089610235533, 4.390253348276019], [8.477935137256281, 1.3569037709385157], [8.477935137256281, 1.351456817239523], [7.998855111742159, -1.6371963080018759], [8.365987759520067, -1.6960475388914347], [7.934107533335919, -4.390253348276019], [-6.4355705705529545, -1.738350534811616], [-6.020893558132229, 0.4922842476516962], [-8.477935137256281, 0.9490504879504442]]]], "centroids": [[0.36518901606905274, 0.024588078260421753, 3.0]], "h": 3.0}, "mtl": {"face": 0}}, {"geom": {"polygons": [[[[-8.477935137256281, 0.9490504879504442], [-8.477935137256281, 0.9537690244615078], [-7.839089610235533, 4.390253348276019], [8.477935137256281, 1.3569037709385157], [8.477935137256281, 1.351456817239523], [7.998855111742159, -1.6371963080018759], [8.365987759520067, -1.6960475388914347], [7.934107533335919, -4.390253348276019], [-6.4355705705529545, -1.738350534811616], [-6.020893558132229, 0.4922842476516962], [-8.477935137256281, 0.9490504879504442]]]], "centroids": [[0.36518901606905274, 0.024588078260421753, 6.0]], "h": 6.0}, "mtl": {"face": 1}}], "featureCount": 2, "startIndex": 0}