{"type": "block", "layer": 1, "block": 0, "features": [{"geom": {"triangles": {"v": [-22.351708886621054, 6.858791306614876, 3.0, -23.211083886621054, 0.8587913066148758, 3.0, 9.367041113378946, 0.8587913066148758, 3.0, 9.585791113378946, -5.141208693385124, 3.0, 9.867041113378946, -1.1412086933851242, 3.0], "f": [0, 1, 2, 2, 1, 3, 2, 3, 4]}, "centroids": [[-6.569621846720111, 1.2049743756651878, 3.0]]}, "mtl": 0}], "featureCount": 1, "startIndex": 0}