{"type": "block", "layer": 0, "block": 0, "features": [{"geom": {"polygons": [[[[-5.350314076000359, -0.8758938536047935], [-5.350314076000359, -0.8732846416532993], [-4.535252427158412, 2.932611431926489], [5.350314076000359, 1.0678643137216568], [5.350314076000359, 1.0649313535541296], [4.595015463040909, -2.9326114300638437], [-5.350314076000359, -0.8758938536047935]]]], "centroids": [[0.050986536109121516, 0.03763853572309017, 3.0]], "h": 3.0}, "mtl": {"face": 0}}], "featureCount": 1, "startIndex": 0}