{"type": "block", "layer": 1, "block": 0, "features": [{"geom": {"triangles": {"v": [-2.8852775387931615, 4.280963655561209, 3.0, -4.8071525387931615, -9.719036344438791, 3.0, 7.0053474612068385, 2.2809636555612087, 3.0, 5.0209724612068385, -10.719036344438791, 3.0], "f": [0, 1, 2, 1, 3, 2]}, "centroids": [[1.0757167903066147, -3.255556397140026, 3.0]]}, "mtl": 0}], "featureCount": 1, "startIndex": 0}