{"type": "block", "layer": 1, "block": 0, "features": [{"geom": {"triangles": {"v": [-4.174577694298932, 21.130868084728718, 3.0, -3.9714526942989323, -1.8691319152712822, 3.0, 3.8410473057010677, 20.130868084728718, 3.0, 4.012922305701068, -2.869131915271282, 3.0], "f": [0, 1, 2, 2, 1, 3]}, "centroids": [[-0.07298621357767843, 9.159184044227004, 3.0]]}, "mtl": 0}], "featureCount": 1, "startIndex": 0}