{"type": "block", "layer": 0, "block": 0, "features": [{"geom": {"polygons": [[[[-11.599692136020167, 1.0344829447567463], [-11.599692136020167, 1.0383908730000257], [-9.934347779431846, 6.10050000064075], [11.599692136020167, -0.9841183349490166], [11.599692136020167, -0.9884239602833986], [10.088352220569504, -6.100499998778105], [-11.599692136020167, 1.0344829447567463]]]], "centroids": [[0.03746110189240426, 0.009601598605513573, 3.0]], "h": 3.0}, "mtl": {"face": 0}}, {"geom": {"polygons": [[[[10.335795503371628, -6.707041876390576], [11.260959243052639, -3.9580968134105206], [11.599692136020167, -4.058393822982907], [11.599692136020167, -7.093231899663806], [10.335795503371628, -6.707041876390576]]]], "centroids": [[11.154602532304125, -5.732694638893008, 3.0]], "h": 3.0}, "mtl": {"face": 0}}], "featureCount": 2, "startIndex": 0}