{"type": "block", "layer": 1, "block": 0, "features": [{"geom": {"triangles": {"v": [-53.85517277944018, 10.248500000685453, 3.0, -54.18329777944018, 7.248500000685453, 3.0, -27.82392277944018, 3.2485000006854534, 3.0, -53.62079777944018, 11.248500000685453, 3.0, -53.15204777944018, 12.248500000685453, 3.0, -52.04267277944018, 15.248500000685453, 3.0, -50.49579777944018, 18.248500000685453, 3.0, -49.33954777944018, 19.248500000685453, 3.0, -48.46454777944018, 20.248500000685453, 3.0, -47.26142277944018, 21.248500000685453, 3.0, -45.07392277944018, 23.248500000685453, 3.0, -43.90204777944018, 24.248500000685453, 3.0, -42.82392277944018, 25.248500000685453, 3.0, -41.63642277944018, 26.248500000685453, 3.0, -40.48017277944018, 27.248500000685453, 3.0, -37.88642277944018, 29.248500000685453, 3.0, -35.26142277944018, 31.248500000685453, 3.0, -34.08954777944018, 32.24850000068545, 3.0, -32.73017277944018, 33.24850000068545, 3.0, -31.60517277944018, 34.24850000068545, 3.0, -30.40204777944018, 35.24850000068545, 3.0, -27.74579777944018, 37.24850000068545, 3.0, -26.60517277944018, 37.24850000068545, 3.0, -25.38642277944018, 38.24850000068545, 3.0, -8.855172779440181, -4.751499999314547, 3.0, -24.18329777944018, 39.24850000068545, 3.0, -22.91767277944018, 40.24850000068545, 3.0, -21.60517277944018, 41.24850000068545, 3.0, -20.41767277944018, 42.24850000068545, 3.0, -19.02704777944018, 43.24850000068545, 3.0, -5.886422779440181, -4.751499999314547, 3.0, -17.91767277944018, 44.24850000068545, 3.0, -16.71454777944018, 45.24850000068545, 3.0, -14.261422779440181, 47.24850000068545, 3.0, -12.917672779440181, 48.24850000068545, 3.0, -11.730172779440181, 49.24850000068545, 3.0, -10.620797779440181, 50.24850000068545, 3.0, -9.370797779440181, 51.24850000068545, 3.0, -3.1364227794401813, -4.751499999314547, 3.0, -8.323922779440181, 51.24850000068545, 3.0, -6.964547779440181, 52.24850000068545, 3.0, 0.8948272205598187, -5.751499999314547, 3.0, -5.761422779440181, 53.24850000068545, 3.0, 57.06670222055982, 30.248500000685453, 3.0, 39.53545222055982, -16.751499999314547, 3.0, 42.31670222055982, -16.751499999314547, 3.0, 45.87920222055982, -17.751499999314547, 3.0, 72.95732722055982, -2.7514999993145466, 3.0, 74.83232722055982, 7.248500000685453, 3.0, 76.98857722055982, 17.248500000685453, 3.0, 59.36357722055982, 31.248500000685453, 3.0, 79.01982722055982, 27.248500000685453, 3.0, 49.47295222055982, -18.751499999314547, 3.0, 47.78545222055982, -18.751499999314547, 3.0, 70.94170222055982, -11.751499999314547, 3.0, 68.89482722055982, -21.751499999314547, 3.0, 40.39482722055982, -16.751499999314547, 3.0, 55.06670222055982, 44.24850000068545, 3.0, 56.47295222055982, 42.24850000068545, 3.0, 57.31670222055982, 39.24850000068545, 3.0, 56.91045222055982, 41.24850000068545, 3.0, 56.16045222055982, 43.24850000068545, 3.0, 4.097952220559819, 61.24850000068545, 3.0, 53.64482722055982, 54.24850000068545, 3.0, 7.722952220559819, 64.24850000068545, 3.0, 9.082327220559819, 65.24850000068545, 3.0, 10.332327220559819, 66.24850000068545, 3.0, 12.769827220559819, 68.24850000068545, 3.0, 11.379202220559819, 67.24850000068545, 3.0, 14.566702220559819, 69.24850000068545, 3.0, 53.41045222055982, 56.24850000068545, 3.0, 53.59795222055982, 55.24850000068545, 3.0, 15.504202220559819, 69.24850000068545, 3.0, 35.00420222055982, 72.24850000068545, 3.0, 54.97295222055982, 62.24850000068545, 3.0, 55.37920222055982, 63.24850000068545, 3.0, 55.75420222055982, 65.24850000068545, 3.0, 56.22295222055982, 67.24850000068545, 3.0, 53.69170222055982, 56.24850000068545, 3.0, 21.33232722055982, 73.24850000068545, 3.0, 22.89482722055982, 74.24850000068545, 3.0, 25.61357722055982, 76.24850000068545, 3.0, 27.41045222055982, 77.24850000068545, 3.0, 28.05107722055982, 78.24850000068545, 3.0, 29.06670222055982, 79.24850000068545, 3.0, 29.87920222055982, 80.24850000068545, 3.0, 31.01982722055982, 80.24850000068545, 3.0, 31.75420222055982, 81.24850000068545, 3.0, 36.30107722055982, 82.24850000068545, 3.0, 32.48857722055982, 82.24850000068545, 3.0, 35.50420222055982, 83.24850000068545, 3.0, 36.73857722055982, 84.24850000068545, 3.0, 36.86357722055982, 84.24850000068545, 3.0, 37.09795222055982, 82.24850000068545, 3.0, 28.23857722055982, 78.24850000068545, 3.0, 53.98857722055982, 53.24850000068545, 3.0, 54.34795222055982, 53.24850000068545, 3.0, 55.14482722055982, 45.24850000068545, 3.0, 55.28545222055982, 44.24850000068545, 3.0, 55.14482722055982, 48.24850000068545, 3.0, 55.50420222055982, 47.24850000068545, 3.0, 55.09795222055982, 49.24850000068545, 3.0, 54.73857722055982, 52.24850000068545, 3.0, 55.00420222055982, 52.24850000068545, 3.0, 54.19170222055982, 53.24850000068545, 3.0, -28.48017277944018, 0.24850000068545341, 3.0, -46.21454777944018, 22.248500000685453, 3.0, -51.18329777944018, 17.248500000685453, 3.0, -52.76142277944018, 14.248500000685453, 3.0], "f": [0, 1, 2, 3, 0, 2, 4, 3, 2, 2, 5, 4, 2, 6, 5, 7, 6, 2, 8, 7, 2, 9, 8, 2, 2, 10, 9, 11, 10, 2, 12, 11, 2, 13, 12, 2, 14, 13, 2, 15, 14, 2, 16, 15, 2, 17, 16, 2, 18, 17, 2, 19, 18, 2, 20, 19, 2, 20, 2, 21, 22, 21, 2, 2, 23, 22, 24, 23, 2, 25, 23, 24, 26, 25, 24, 27, 26, 24, 28, 27, 24, 29, 28, 24, 24, 30, 29, 30, 31, 29, 30, 32, 31, 30, 33, 32, 30, 34, 33, 30, 35, 34, 30, 36, 35, 30, 37, 36, 30, 38, 37, 38, 39, 37, 38, 40, 39, 38, 41, 40, 41, 42, 40, 41, 43, 42, 43, 41, 44, 43, 44, 45, 46, 43, 45, 47, 43, 46, 43, 47, 48, 43, 48, 49, 50, 43, 49, 51, 50, 49, 46, 52, 47, 46, 53, 52, 47, 52, 54, 54, 52, 55, 44, 56, 45, 43, 57, 42, 43, 58, 57, 59, 58, 43, 59, 60, 58, 58, 61, 57, 42, 57, 62, 62, 57, 63, 63, 64, 62, 63, 65, 64, 63, 66, 65, 66, 63, 67, 66, 67, 68, 63, 69, 67, 63, 70, 69, 71, 70, 63, 70, 72, 69, 70, 73, 72, 74, 73, 70, 73, 74, 75, 73, 75, 76, 73, 76, 77, 74, 70, 78, 79, 72, 73, 80, 79, 73, 81, 80, 73, 82, 81, 73, 83, 82, 73, 73, 84, 83, 85, 84, 73, 86, 85, 73, 87, 86, 73, 88, 87, 73, 89, 87, 88, 90, 89, 88, 90, 88, 91, 92, 91, 88, 93, 88, 73, 84, 94, 83, 95, 63, 57, 57, 96, 95, 57, 97, 96, 97, 57, 98, 97, 99, 96, 99, 97, 100, 96, 99, 101, 101, 102, 96, 103, 102, 101, 96, 104, 95, 2, 105, 24, 10, 106, 9, 6, 107, 5, 5, 108, 4]}, "centroids": [[20.819944563147146, 24.016763400286436, 3.0]]}, "mtl": 0}], "featureCount": 1, "startIndex": 0}