{"type": "block", "layer": 0, "block": 0, "features": [{"geom": {"polygons": [[[[-3.0768164063920267, 0.7468080893158913], [-3.0768164063920267, 0.747455395758152], [-1.6666188984236214, 2.6909885928034782], [3.0768164063920267, -0.6849925424903631], [3.0768164063920267, -0.6856477800756693], [1.6622807275271043, -2.6909885928034782], [-3.0768164063920267, 0.7468080893158913]]]], "centroids": [[0.006843021546956152, 0.008374223485589027, 3.0]], "h": 3.0}, "mtl": {"face": 0}}, {"geom": {"polygons": [[[[-3.0768164063920267, -3.0768164061009884], [-3.0768164063920267, 0.7468080893158913], [-0.7069988148577977, -0.9722854048013687], [-2.1710886163054965, -3.0768164061009884], [-3.0768164063920267, -3.0768164061009884]]]], "centroids": [[-2.2344055504072458, -1.3222791645675898, 3.0]], "h": 3.0}, "mtl": {"face": 0}}, {"geom": {"polygons": [[[[-1.6666188988019712, 2.6909885928034782], [-1.3866682287189178, 3.0768164061009884], [0.1544230885047, 3.0768164061009884], [3.0768164063920267, 0.8856815919280052], [3.0768164063920267, -0.6849925443530083], [-1.6666188988019712, 2.6909885928034782]]]], "centroids": [[1.005712349404348, 1.5410640481859446, 3.0]], "h": 3.0}, "mtl": {"face": 0}}], "featureCount": 3, "startIndex": 0}