{"type": "block", "layer": 1, "block": 0, "features": [{"geom": {"triangles": {"v": [1.4390975270653144, 6.551102681085467, 3.0, -18.420277472934686, -20.448897318914533, 3.0, 6.048472527065314, 3.5511026810854673, 3.0, -13.373402472934686, -24.448897318914533, 3.0], "f": [0, 1, 2, 1, 3, 2]}, "centroids": [[-6.1968173598870635, -8.641673874109983, 3.0]]}, "mtl": 0}], "featureCount": 1, "startIndex": 0}