{"type": "block", "layer": 1, "block": 0, "features": [{"geom": {"triangles": {"v": [-4.947724837518763, 4.95669573917985, 3.0, -10.447724837518763, 3.9566957391798496, 3.0, -10.963349837518763, -0.043304260820150375, 3.0, -9.947724837518763, 5.95669573917985, 3.0, 3.161650162481237, 1.9566957391798496, 3.0, 17.974150162481237, -9.04330426082015, 3.0, 8.302275162481237, 0.9566957391798496, 3.0, 16.989775162481237, -2.0433042608201504, 3.0, 19.177275162481237, -3.0433042608201504, 3.0], "f": [0, 1, 2, 3, 1, 0, 4, 0, 2, 2, 5, 4, 6, 4, 5, 7, 6, 5, 7, 5, 8]}, "centroids": [[3.9542680029699113, -1.188927287235856, 3.0]]}, "mtl": 0}], "featureCount": 1, "startIndex": 0}