{"type": "block", "layer": 0, "block": 0, "features": [{"geom": {"polygons": [[[[-8.976602250972064, -3.4510664585977793], [-8.976602250972064, -3.4494441505521536], [1.067499999946449, 8.363499999046326], [4.06078221052303, 2.8211345337331295], [-0.6216119581949897, -2.495954381301999], [3.203691918955883, -3.6371422819793224], [7.172860414168099, -2.9411937557160854], [8.904499999945983, -6.1474999990314245], [8.976602250972064, -7.5381845105439425], [8.976602250972064, -7.555629832670093], [3.390499999979511, -8.363499999046326], [-4.451308479445288, -6.306420333683491], [-8.976602250972064, -3.4510664585977793]]]], "centroids": [[-0.09754585378686897, -1.907704010605812, 3.0]], "h": 3.0}, "mtl": {"face": 0}}, {"geom": {"polygons": [[[[-8.976602250972064, -3.4510664585977793], [-8.976602250972064, -3.4494441505521536], [1.0674996110901702, 8.363499542698264], [4.06078221052303, 2.8211345337331295], [-0.6216119581949897, -2.495954381301999], [3.203691918955883, -3.6371422819793224], [7.172860414168099, -2.9411937557160854], [7.74323404498864, -2.633150329813361], [8.976602250972064, -4.916856607422233], [8.976602250972064, -7.555629830807447], [3.390499999979511, -8.363499999046326], [-4.451308479445288, -6.306420333683491], [-8.976602250972064, -3.4510664585977793]]]], "centroids": [[0.03422790643526241, -1.9451321102678776, 6.0]], "h": 6.0}, "mtl": {"face": 1}}], "featureCount": 2, "startIndex": 0}