{"type": "block", "layer": 0, "block": 0, "features": [{"geom": {"polygons": [[[[-3.726834669854725, -3.159097732976079], [-3.726834669854725, -3.154843294993043], [-3.121816010447219, 3.7035428546369076], [-0.33279261022107676, 3.455856617540121], [3.726834669854725, 3.1538843419402838], [3.726834669854725, 3.1491233445703983], [3.187223864864791, -3.7035428564995527], [-3.726834669854725, -3.159097732976079]]]], "centroids": [[0.014909190067555755, -0.012524798512458801, 3.0]], "h": 3.0}, "mtl": {"face": 0}}], "featureCount": 1, "startIndex": 0}