{"type": "block", "layer": 1, "block": 0, "features": [{"geom": {"triangles": {"v": [-17.941292608738877, 1.977856632322073, 3.0, -18.597542608738877, -6.022143367677927, 3.0, -5.941292608738877, 0.977856632322073, 3.0, 2.902457391261123, -7.022143367677927, 3.0, -0.3319176087388769, 2.977856632322073, 3.0, -5.613167608738877, 3.977856632322073, 3.0, 3.730582391261123, 2.977856632322073, 3.0], "f": [0, 1, 2, 2, 1, 3, 4, 2, 3, 5, 2, 4, 6, 4, 3]}, "centroids": [[-6.463808594766306, -2.1239218786358833, 3.0]]}, "mtl": 0}], "featureCount": 1, "startIndex": 0}