{"type": "block", "layer": 1, "block": 0, "features": [{"geom": {"triangles": {"v": [-17.349773746478604, 8.062590166926384, 3.0, -18.271648746478604, -1.937409833073616, 3.0, 5.665851253521396, -3.937409833073616, 3.0, 6.540851253521396, 6.062590166926384, 3.0], "f": [0, 1, 2, 0, 2, 3]}, "centroids": [[-5.887523658602731, 2.33221391774714, 3.0]]}, "mtl": 0}], "featureCount": 1, "startIndex": 0}