{"type": "block", "layer": 0, "block": 0, "features": [{"geom": {"polygons": [[[[-5.34078247891739, 0.324127946048975], [-5.34078247891739, 0.32549460604786873], [-3.7684509888349567, 3.676997631788254], [5.34078247891739, -0.6135743856430054], [5.34078247891739, -0.6151861753314734], [4.911613525182474, -1.7080976162105799], [4.027113518677652, -3.6769976299256086], [-5.34078247891739, 0.324127946048975]]]], "centroids": [[-0.009550118556944653, -0.04246477037668228, 3.0]], "h": 3.0}, "mtl": {"face": 0}}], "featureCount": 1, "startIndex": 0}