{"type": "block", "layer": 1, "block": 0, "features": [{"geom": {"triangles": {"v": [-1.4981614819844253, 8.561302367597818, 3.0, -10.263786481984425, 6.561302367597818, 3.0, -11.920036481984425, 3.5613023675978184, 3.0, -7.248161481984425, 13.561302367597818, 3.0, 4.204963518015575, 3.5613023675978184, 3.0, 4.033088518015575, -3.4386976324021816, 3.0, 4.908088518015575, -1.4386976324021816, 3.0, 5.876838518015575, 0.5613023675978184, 3.0], "f": [0, 1, 2, 3, 1, 0, 4, 0, 2, 2, 5, 4, 4, 5, 6, 4, 6, 7]}, "centroids": [[-3.1685955969442148, 4.20073764026165, 3.0]]}, "mtl": 0}], "featureCount": 1, "startIndex": 0}