{"type": "block", "layer": 0, "block": 0, "features": [{"geom": {"polygons": [[[[-10.674432450003223, -2.5732487197965384], [-10.674432450003223, 0.8517267238348722], [-10.432500000053551, 1.928499998524785], [-9.742733507766388, 2.3232917692512274], [-9.693964039179264, 2.5395306330174208], [-10.110500000009779, 3.3234999999403954], [-9.483869221789064, 6.166087474673986], [-8.905500000022585, 6.035499999299645], [-8.040827197488397, 5.840269282460213], [10.674432450003223, 1.723734812811017], [10.674432450003223, 1.7187505029141903], [8.931500000006054, -6.035500001162291], [8.750184612872545, -6.842166336253285], [5.837500000023283, -6.213500000536442], [5.184350274997996, -5.228430418297648], [4.891075599269243, -5.165264256298542], [4.265019322279841, -5.491588678210974], [3.573580153664807, -5.634227968752384], [2.8694935796083882, -5.5823031440377235], [2.2064596942218486, -5.3397744707763195], [1.6350475360814016, -4.925139408558607], [1.1988382322597317, -4.3700218219310045], [0.9055635558033828, -4.306855658069253], [0.26823284119018354, -4.622151747345924], [-0.4299219675885979, -4.756992120295763], [-1.138826369162416, -4.701705478131771], [-1.8076348573085852, -4.460257202386856], [-2.3883777681039646, -4.049964947625995], [-2.839401858742349, -3.5002565402537584], [-3.13267653514049, -3.437090376392007], [-3.746704124554526, -3.7413628958165646], [-4.4195002479536925, -3.87158203125], [-5.102714869950432, -3.8183896709233522], [-5.747249236766947, -3.5856084506958723], [-6.306784324900946, -3.189967032521963], [-6.741109526134096, -2.659897917881608], [-7.034384200756904, -2.5967317558825016], [-7.986500000057276, -3.1854999996721745], [-10.674432450003223, -2.5732487197965384]]]], "centroids": [[-0.2510321370791644, -0.24443715438246727, 9.0]], "h": 9.0}, "mtl": {"face": 0}}, {"geom": {"polygons": [[[[-10.674432450003223, -2.5732487197965384], [-10.674432450003223, 0.8517267238348722], [-10.432500000053551, 1.928499998524785], [-9.742733507766388, 2.3232917692512274], [-9.693964039179264, 2.5395306330174208], [-10.110500000009779, 3.3234999999403954], [-9.483869221789064, 6.166087474673986], [-8.905500000022585, 6.035499999299645], [-8.040827197488397, 5.840269282460213], [10.674432450003223, 1.723734812811017], [10.674432450003223, 1.7187505029141903], [8.931500000006054, -6.035500001162291], [8.750184612872545, -6.842166336253285], [5.837500000023283, -6.213500000536442], [5.184350274997996, -5.228430418297648], [4.891075599269243, -5.165264256298542], [4.265019322279841, -5.491588678210974], [3.573580153664807, -5.634227968752384], [2.8694935796083882, -5.5823031440377235], [2.2064596942218486, -5.3397744707763195], [1.6350475360814016, -4.925139408558607], [1.1988382322597317, -4.3700218219310045], [0.9055635558033828, -4.306855658069253], [0.26823284119018354, -4.622151747345924], [-0.4299219675885979, -4.756992120295763], [-1.138826369162416, -4.701705478131771], [-1.8076348573085852, -4.460257202386856], [-2.3883777681039646, -4.049964947625995], [-2.839401858742349, -3.5002565402537584], [-3.13267653514049, -3.437090376392007], [-3.746704124554526, -3.7413628958165646], [-4.4195002479536925, -3.87158203125], [-5.102714869950432, -3.8183896709233522], [-5.747249236766947, -3.5856084506958723], [-6.306784324900946, -3.189967032521963], [-6.741109526134096, -2.659897917881608], [-7.034384200756904, -2.5967317558825016], [-7.986500000057276, -3.1854999996721745], [-10.674432450003223, -2.5732487197965384]]]], "centroids": [[-0.2510321370791644, -0.24443715438246727, 15.0]], "h": 15.0}, "mtl": {"face": 1}}, {"geom": {"polygons": [[[[-10.674432450003223, -1.8127299305051565], [-10.674432450003223, -1.807766592130065], [-8.905500000022585, 6.035499999299645], [-8.040827197488397, 5.840269282460213], [10.674432450003223, 1.723734812811017], [10.674432450003223, 1.7187505029141903], [8.931500000006054, -6.035500001162291], [-10.674432450003223, -1.8127299305051565]]]], "centroids": [[-0.011812867887783796, -0.019665151834487915, 3.0]], "h": 3.0}, "mtl": {"face": 2}}, {"geom": {"polygons": [[[[-10.674432450003223, -2.5732487197965384], [-10.674432450003223, 0.8517267238348722], [-10.432500000053551, 1.928499998524785], [-9.742733507766388, 2.3232917692512274], [-9.693964039179264, 2.5395306330174208], [-10.110500000009779, 3.3234999999403954], [-9.483869221789064, 6.166087474673986], [-8.905500000022585, 6.035499999299645], [-8.040827197488397, 5.840269282460213], [10.674432450003223, 1.723734812811017], [10.674432450003223, 1.7187505029141903], [8.931500000006054, -6.035500001162291], [8.750184612872545, -6.842166336253285], [5.837500000023283, -6.213500000536442], [5.184350274997996, -5.228430418297648], [4.891075599269243, -5.165264256298542], [4.265019322279841, -5.491588678210974], [3.573580153664807, -5.634227968752384], [2.8694935796083882, -5.5823031440377235], [2.2064596942218486, -5.3397744707763195], [1.6350475360814016, -4.925139408558607], [1.1988382322597317, -4.3700218219310045], [0.9055635558033828, -4.306855658069253], [0.26823284119018354, -4.622151747345924], [-0.4299219675885979, -4.756992120295763], [-1.138826369162416, -4.701705478131771], [-1.8076348573085852, -4.460257202386856], [-2.3883777681039646, -4.049964947625995], [-2.839401858742349, -3.5002565402537584], [-3.13267653514049, -3.437090376392007], [-3.746704124554526, -3.7413628958165646], [-4.4195002479536925, -3.87158203125], [-5.102714869950432, -3.8183896709233522], [-5.747249236766947, -3.5856084506958723], [-6.306784324900946, -3.189967032521963], [-6.741109526134096, -2.659897917881608], [-7.034384200756904, -2.5967317558825016], [-7.986500000057276, -3.1854999996721745], [-10.674432450003223, -2.5732487197965384]]]], "centroids": [[-0.2510321370791644, -0.24443715438246727, 6.0]], "h": 6.0}, "mtl": {"face": 3}}, {"geom": {"polygons": [[[[-10.674432450003223, -2.5732487197965384], [-10.674432450003223, 0.8517267238348722], [-10.432500000053551, 1.928499998524785], [-9.742733507766388, 2.3232917692512274], [-9.693964039179264, 2.5395306330174208], [-10.110500000009779, 3.3234999999403954], [-9.483869221789064, 6.166087474673986], [-8.905500000022585, 6.035499999299645], [-8.040827197488397, 5.840269282460213], [10.674432450003223, 1.723734812811017], [10.674432450003223, 1.7187505029141903], [8.931500000006054, -6.035500001162291], [8.750184612872545, -6.842166336253285], [5.837500000023283, -6.213500000536442], [5.184350274997996, -5.228430418297648], [4.891075599269243, -5.165264256298542], [4.265019322279841, -5.491588678210974], [3.573580153664807, -5.634227968752384], [2.8694935796083882, -5.5823031440377235], [2.2064596942218486, -5.3397744707763195], [1.6350475360814016, -4.925139408558607], [1.1988382322597317, -4.3700218219310045], [0.9055635558033828, -4.306855658069253], [0.26823284119018354, -4.622151747345924], [-0.4299219675885979, -4.756992120295763], [-1.138826369162416, -4.701705478131771], [-1.8076348573085852, -4.460257202386856], [-2.3883777681039646, -4.049964947625995], [-2.839401858742349, -3.5002565402537584], [-3.13267653514049, -3.437090376392007], [-3.746704124554526, -3.7413628958165646], [-4.4195002479536925, -3.87158203125], [-5.102714869950432, -3.8183896709233522], [-5.747249236766947, -3.5856084506958723], [-6.306784324900946, -3.189967032521963], [-6.741109526134096, -2.659897917881608], [-7.034384200756904, -2.5967317558825016], [-7.986500000057276, -3.1854999996721745], [-10.674432450003223, -2.5732487197965384]]]], "centroids": [[-0.2510321370791644, -0.24443715438246727, 12.0]], "h": 12.0}, "mtl": {"face": 4}}, {"geom": {"polygons": [[[[-10.674432450003223, -1.8127299305051565], [-10.674432450003223, -1.807766592130065], [-8.905500000022585, 6.035499999299645], [-8.040827197488397, 5.840269282460213], [2.8599964093300514, 3.4425672478973866], [2.040437062853016, -0.5706760231405497], [9.803499999979977, -2.1560000013560057], [8.931500000006054, -6.035500001162291], [-10.674432450003223, -1.8127299305051565]]]],