{"type": "block", "layer": 1, "block": 0, "features": [{"geom": {"triangles": {"v": [-8.901750000019092, 5.854499999433756, 3.0, -10.683000000019092, -2.145500000566244, 3.0, -8.042375000019092, 5.854499999433756, 3.0, 8.926374999980908, -6.145500000566244, 3.0, 10.676374999980908, 1.8544999994337559, 3.0], "f": [0, 1, 2, 2, 1, 3, 2, 3, 4]}, "centroids": [[-0.011777115549193695, -0.01964874193072319, 3.0]]}, "mtl": 0}], "featureCount": 1, "startIndex": 0}