{"type": "block", "layer": 1, "block": 0, "features": [{"geom": {"triangles": {"v": [-15.40815061685862, 7.84060712903738, 3.0, -16.98627561685862, -0.15939287096261978, 3.0, -14.86127561685862, 7.84060712903738, 3.0, 2.68559938314138, -5.15939287096262, 3.0, 4.51372438314138, 2.84060712903738, 3.0], "f": [0, 1, 2, 2, 1, 3, 2, 3, 4]}, "centroids": [[-6.296024350798689, 1.355790175497532, 3.0]]}, "mtl": 0}], "featureCount": 1, "startIndex": 0}