{"type": "block", "layer": 0, "block": 0, "features": [{"geom": {"polygons": [[[[-3.1720599016116466, -1.1342131793498993], [-3.1720599016116466, 2.240168884396553], [-2.6463408682029694, 2.1532885059714317], [-3.1720599016116466, -1.1342131793498993]]]], "centroids": [[-2.9968202238087542, 1.0864147376269102, 3.0]], "h": 3.0}, "mtl": {"face": 0}}, {"geom": {"polygons": [[[[-3.1720599016116466, -1.1362525131553411], [-3.1720599016116466, -1.1342131793498993], [-2.6463408682029694, 2.1532885059714317], [3.1720599016116466, 1.1917390301823616], [3.1720599016116466, 1.189702806994319], [2.6374672753736377, -2.1532885041087866], [-1.4131986282300204, -1.4441648721694946], [-3.1720599016116466, -1.1362525131553411]]]], "centroids": [[0.005886563507374376, 0.012493282556533813, 3.0]], "h": 3.0}, "mtl": {"face": 0}}, {"geom": {"polygons": [[[[2.6374672753736377, -2.1532885041087866], [3.1720599016116466, 1.189702806994319], [3.1720599016116466, -2.2468761447817087], [2.6374672753736377, -2.1532885041087866]]]], "centroids": [[2.993862359551713, -1.070153946056962, 3.0]], "h": 3.0}, "mtl": {"face": 0}}], "featureCount": 3, "startIndex": 0}