{"type": "block", "layer": 0, "block": 0, "features": [{"geom": {"polygons": [[[[-9.9053828001488, -6.860171157866716], [-9.9053828001488, -1.3765904735773802], [-2.209738448553253, -1.856838520616293], [-2.0113340934040025, -0.8159064166247845], [-9.854193772567669, 1.3737677298486233], [-8.45257186939125, 7.736970873549581], [9.9053828001488, 2.4232867378741503], [9.9053828001488, -0.6753441393375397], [8.554025619087042, -6.493622951209545], [8.40791483092471, -6.459687165915966], [8.1416443977796, -7.6061165779829025], [-9.9053828001488, -6.860171157866716]]]], "centroids": [[-0.30796320221270435, -0.9370979070663452, 9.0]], "h": 9.0}, "mtl": {"face": 0}}, {"geom": {"polygons": [[[[-9.9053828001488, -6.860171157866716], [-9.9053828001488, -6.827863888815045], [-9.738338445080444, -1.3870149049907923], [-2.209738448553253, -1.856838520616293], [-2.0113340934040025, -0.8159064166247845], [-9.321116446750239, 1.224936094135046], [-7.920626562699908, 7.583000000566244], [9.9053828001488, 2.4232867397367954], [9.9053828001488, 2.4187348037958145], [7.582373437326169, -7.582999998703599], [-9.9053828001488, -6.860171157866716]]]], "centroids": [[-0.39894637899124064, -0.9608262106776237, 3.0]], "h": 3.0}, "mtl": {"face": 1}}, {"geom": {"polygons": [[[[-9.9053828001488, -6.860171157866716], [-9.9053828001488, -1.3765904735773802], [-2.209738448553253, -1.856838520616293], [-2.0113340934040025, -0.8159064166247845], [-9.854193772567669, 1.3737677298486233], [-8.45257186939125, 7.736970873549581], [9.9053828001488, 2.4232867378741503], [9.9053828001488, -0.6753441393375397], [8.554025619087042, -6.493622951209545], [8.40791483092471, -6.459687165915966], [8.1416443977796, -7.6061165779829025], [-9.9053828001488, -6.860171157866716]]]], "centroids": [[-0.30796320221270435, -0.9370979070663452, 6.0]], "h": 6.0}, "mtl": {"face": 2}}], "featureCount": 3, "startIndex": 0}