{"type": "block", "layer": 1, "block": 0, "features": [{"geom": {"triangles": {"v": [-2.8757500000065193, 12.583000000566244, 3.0, -6.875750000006519, -11.416999999433756, 3.0, 3.0773749999934807, -13.416999999433756, 3.0, 6.874249999993481, 11.583000000566244, 3.0], "f": [0, 1, 2, 3, 0, 2]}, "centroids": [[0.04525507733342238, -0.01394621655344963, 3.0]]}, "mtl": 0}], "featureCount": 1, "startIndex": 0}