{"type": "block", "layer": 0, "block": 0, "features": [{"geom": {"polygons": [[[[-5.361730502831051, 0.6493234280496836], [-5.361730502831051, 0.6518039461225271], [-4.364114365307614, 5.024614023044705], [5.361730502831051, 2.834421120584011], [5.361730502831051, 2.831891294568777], [3.612977762182709, -5.0246140249073505], [-2.7944802376732696, -3.60313612036407], [-1.9534639472258277, -0.1775880567729473], [-5.361730502831051, 0.6493234280496836]]]], "centroids": [[0.2768631921499036, 0.2618219889700413, 3.0]], "h": 3.0}, "mtl": {"face": 0}}, {"geom": {"polygons": [[[[-5.361730502831051, 0.6493234280496836], [-5.361730502831051, 0.6518039461225271], [-4.364114365307614, 5.024614023044705], [5.361730502831051, 2.834421120584011], [5.361730502831051, 2.831891294568777], [3.612977762182709, -5.0246140249073505], [-2.7944802376732696, -3.60313612036407], [-1.9534639472258277, -0.1775880567729473], [-5.361730502831051, 0.6493234280496836]]]], "centroids": [[0.2768631921499036, 0.2618219889700413, 6.0]], "h": 6.0}, "mtl": {"face": 1}}], "featureCount": 2, "startIndex": 0}