{"type": "block", "layer": 0, "block": 0, "features": [{"geom": {"polygons": [[[[3.8119596015894786, 2.106732977554202], [4.263163499737857, 4.2646608501672745], [5.410672643542057, 4.024726653471589], [5.410672643542057, 1.770384470000863], [3.8119596015894786, 2.106732977554202]]]], "centroids": [[4.718024899746524, 2.981173310428858, 3.0]], "h": 3.0}, "mtl": {"face": 0}}, {"geom": {"polygons": [[[[-3.27731137626688, -4.480844870209694], [-1.2204532686446328, 5.410672644153237], [-1.2177527828025632, 5.410672644153237], [3.2773113763250876, 4.47079393081367], [1.2111828950000927, -5.410672644153237], [1.2084592210012488, -5.410672644153237], [-3.27731137626688, -4.480844870209694]]]], "centroids": [[-0.002195935376221314, -0.0004536788910627365, 6.0]], "h": 6.0}, "mtl": {"face": 1}}, {"geom": {"polygons": [[[[-3.277311376295984, -4.480844870209694], [-1.2204532686737366, 5.410672644153237], [-1.217752782831667, 5.410672644153237], [3.277311376295984, 4.47079393081367], [1.2111828949709889, -5.410672644153237], [1.208459220972145, -5.410672644153237], [-3.277311376295984, -4.480844870209694]]]], "centroids": [[-0.002195935376221314, -0.0004536788910627365, 3.0]], "h": 3.0}, "mtl": {"face": 0}}], "featureCount": 3, "startIndex": 0}