{"type": "block", "layer": 1, "block": 0, "features": [{"geom": {"triangles": {"v": [5.311750000168104, 3.0625, 3.0, -3.6257499998318963, 6.0625, 3.0, -5.313249999831896, -4.9375, 3.0, 3.8898750001681037, 5.0625, 3.0, 2.6086250001681037, -5.9375, 3.0, 3.9055000001681037, -5.9375, 3.0], "f": [0, 1, 2, 3, 1, 0, 4, 0, 2, 0, 4, 5]}, "centroids": [[0.05873556816368364, -0.08668146096169949, 3.0]]}, "mtl": 0}], "featureCount": 1, "startIndex": 0}