{"type": "block", "layer": 1, "block": 0, "features": [{"geom": {"triangles": {"v": [-6.465000617376063, 6.8124606646597385, 3.0, -9.230625617376063, -0.18753933534026146, 3.0, -3.324375617376063, 4.8124606646597385, 3.0, -5.215000617376063, -2.1875393353402615, 3.0, 5.206874382623937, 1.8124606646597385, 3.0, 2.425624382623937, -4.1875393353402615, 3.0], "f": [0, 1, 2, 1, 3, 2, 4, 2, 3, 4, 3, 5]}, "centroids": [[-2.0866136230470147, 0.8188544418662786, 3.0]]}, "mtl": 0}], "featureCount": 1, "startIndex": 0}