{"type": "block", "layer": 1, "block": 0, "features": [{"geom": {"triangles": {"v": [-0.10998168174410239, 6.155305370688438, 3.0, -3.8131066817441024, -3.8446946293115616, 3.0, 14.671268318255898, 0.15530537068843842, 3.0, 10.999393318255898, -9.844694629311562, 3.0], "f": [0, 1, 2, 1, 3, 2]}, "centroids": [[5.41827223735163, -2.0715139284729958, 3.0]]}, "mtl": 0}], "featureCount": 1, "startIndex": 0}