{"type": "block", "layer": 1, "block": 0, "features": [{"geom": {"triangles": {"v": [-7.7303224823845085, -3.6614377796649933, 3.0, -7.7928224823845085, -3.6614377796649933, 3.0, 4.3165525176154915, -5.661437779664993, 3.0, -7.1678224823845085, 5.338562220335007, 3.0, 6.3478025176154915, 4.338562220335007, 3.0, 4.4728025176154915, -5.661437779664993, 3.0], "f": [0, 1, 2, 3, 0, 2, 4, 3, 2, 4, 2, 5]}, "centroids": [[-1.0176178323454224, 0.10690353624522686, 3.0]]}, "mtl": 0}], "featureCount": 1, "startIndex": 0}