{"type": "block", "layer": 1, "block": 0, "features": [{"geom": {"triangles": {"v": [-3.7486250000074506, 5.416105914860964, 3.0, -6.389250000007451, 3.416105914860964, 3.0, -7.326750000007451, -2.583894085139036, 3.0, 5.704499999992549, -5.583894085139036, 3.0, 7.329499999992549, 3.416105914860964, 3.0], "f": [0, 1, 2, 3, 0, 2, 4, 0, 3]}, "centroids": [[0.04576298958272673, 0.14742987416684628, 3.0]]}, "mtl": 0}], "featureCount": 1, "startIndex": 0}