{"type": "block", "layer": 1, "block": 0, "features": [{"geom": {"triangles": {"v": [-0.9244957461487502, 4.8445693254470825, 3.0, -2.95574574614875, -4.1554306745529175, 3.0, 18.68487925385125, 0.8445693254470825, 3.0, 16.71612925385125, -8.155430674552917, 3.0], "f": [0, 1, 2, 1, 3, 2]}, "centroids": [[7.877595730620669, -1.6432061735540628, 3.0]]}, "mtl": 0}], "featureCount": 1, "startIndex": 0}