{"type": "block", "layer": 0, "block": 0, "features": [{"geom": {"polygons": [[[[-3.6579970044840593, -4.3552824556827545], [-1.5897691303107422, 5.472475405782461], [-1.5871492542792112, 5.472475405782461], [3.6579970044549555, 4.32635547965765], [1.5582516216381919, -5.472475405782461], [1.5555802575836424, -5.472475405782461], [-3.6579970044840593, -4.3552824556827545]]]], "centroids": [[-0.007623537501785904, -0.0014000069350004196, 3.0]], "h": 3.0}, "mtl": {"face": 0}}, {"geom": {"polygons": [[[[4.656549395062029, -5.472475405782461], [5.435936738620512, -1.8353273775428534], [5.472475406393642, -1.8435499593615532], [5.472475406393642, -5.472475405782461], [4.656549395062029, -5.472475405782461]]]], "centroids": [[5.199952797265723, -4.208356799557805, 3.0]], "h": 3.0}, "mtl": {"face": 0}}, {"geom": {"polygons": [[[[-3.657997002999764, -4.355282448232174], [-1.5897691303980537, 5.472475405782461], [-1.5871492186852265, 5.472475405782461], [3.657997005939251, 4.326355487108231], [1.5582516215508804, -5.472475405782461], [1.5555802938179113, -5.472475405782461], [-3.657997002999764, -4.355282448232174]]]], "centroids": [[-0.00762353595928289, -0.0013999976217746735, 6.0]], "h": 6.0}, "mtl": {"face": 1}}], "featureCount": 3, "startIndex": 0}