{"type": "block", "layer": 1, "block": 0, "features": [{"geom": {"triangles": {"v": [-10.632495140307583, 10.867627259343863, 3.0, -12.694995140307583, 0.8676272593438625, 3.0, 7.039379859692417, -3.1323727406561375, 3.0, 9.164379859692417, 5.8676272593438625, 3.0], "f": [0, 1, 2, 0, 2, 3]}, "centroids": [[-1.7894568566407543, 3.5276350751519203, 3.0]]}, "mtl": 0}], "featureCount": 1, "startIndex": 0}