{"type": "block", "layer": 1, "block": 0, "features": [{"geom": {"triangles": {"v": [-3.264057471358683, 11.218602895736694, 3.0, -5.107807471358683, -7.781397104263306, 3.0, 4.064067528641317, -6.781397104263306, 3.0, 5.985942528641317, 10.218602895736694, 3.0], "f": [0, 1, 2, 0, 2, 3]}, "centroids": [[0.34126314253080636, 1.7863486893475056, 3.0]]}, "mtl": 0}], "featureCount": 1, "startIndex": 0}