{"type": "block", "layer": 0, "block": 0, "features": [{"geom": {"polygons": [[[[-3.7789001706114504, -2.523298466578126], [-2.34908795991214, 3.7833729330450296], [-2.347064609901281, 3.7833729330450296], [3.7789001706405543, 2.587069798260927], [2.460094325739192, -3.7833729330450296], [2.4581431316619273, -3.7833729330450296], [-3.7789001706114504, -2.523298466578126]]]], "centroids": [[0.028787444054614753, 0.005072344094514847, 3.0]], "h": 3.0}, "mtl": {"face": 0}}, {"geom": {"polygons": [[[[-0.5825598889205139, 3.4387933276593685], [-0.5086996047175489, 3.7833729330450296], [3.7833729337726254, 3.7833729330450296], [3.7833729337726254, 2.6086753141134977], [3.7789001706405543, 2.587069798260927], [-0.5825598889205139, 3.4387933276593685]]]], "centroids": [[2.0124951502366457, 3.3574784826487303, 3.0]], "h": 3.0}, "mtl": {"face": 0}}, {"geom": {"polygons": [[[[2.460094325739192, -3.7833729330450296], [3.7789001706405543, 2.587069798260927], [3.7833729337726254, 2.6086753141134977], [3.7833729337726254, -3.7833729330450296], [2.460094325739192, -3.7833729330450296]]]], "centroids": [[3.3422800644184463, -1.6526901833713055, 3.0]], "h": 3.0}, "mtl": {"face": 0}}, {"geom": {"polygons": [[[[-3.7789001706114504, -2.523298466578126], [-2.34908795991214, 3.7833729330450296], [-2.347064609901281, 3.7833729330450296], [3.7789001706405543, 2.587069798260927], [2.460094325739192, -3.7833729330450296], [2.4581431316619273, -3.7833729330450296], [-3.7789001706114504, -2.523298466578126]]]], "centroids": [[0.028787444054614753, 0.005072344094514847, 6.0]], "h": 6.0}, "mtl": {"face": 1}}], "featureCount": 4, "startIndex": 0}