{"type": "block", "layer": 1, "block": 0, "features": [{"geom": {"triangles": {"v": [-3.249251270899549, 7.8748964704573154, 3.0, -4.202376270899549, 2.8748964704573154, 3.0, -2.249251270899549, 1.8748964704573154, 3.0, 8.42262372910045, 4.8748964704573154, 3.0, 6.500748729100451, -4.1251035295426846, 3.0, -3.358626270899549, -2.1251035295426846, 3.0], "f": [0, 1, 2, 0, 2, 3, 2, 4, 3, 2, 5, 4]}, "centroids": [[2.1042362336884253, 1.6491347160190344, 3.0]]}, "mtl": 0}], "featureCount": 1, "startIndex": 0}