{"type": "block", "layer": 0, "block": 0, "features": [{"geom": {"polygons": [[[[-9.24457545025507, -0.1613576002418995], [-9.24457545025507, -0.15884880907833576], [-6.463499999867054, 6.311999998986721], [-2.445914525334956, 4.707421014085412], [-3.1667826104385313, 2.5951122790575027], [4.096430259669432, -0.23757442086935043], [4.8881148983491585, 1.7782911732792854], [9.24457545025507, 0.038369253277778625], [9.24457545025507, 0.035731492564082146], [6.6575000001175795, -6.312000000849366], [-9.24457545025507, -0.1613576002418995]]]], "centroids": [[-0.12774982949486002, -0.4045289661735296, 6.0]], "h": 6.0}, "mtl": {"face": 0}}, {"geom": {"polygons": [[[[-9.24457545025507, -0.1613576002418995], [-9.24457545025507, -0.15884880907833576], [-6.463499999867054, 6.311999998986721], [-2.445914525334956, 4.707421014085412], [-3.1667826104385313, 2.5951122790575027], [4.096430259669432, -0.23757442086935043], [4.8881148983491585, 1.7782911732792854], [9.24457545025507, 0.038369253277778625], [9.24457545025507, 0.035731492564082146], [6.6575000001175795, -6.312000000849366], [-9.24457545025507, -0.1613576002418995]]]], "centroids": [[-0.12774982949486002, -0.4045289661735296, 3.0]], "h": 3.0}, "mtl": {"face": 1}}], "featureCount": 2, "startIndex": 0}