{"type": "block", "layer": 0, "block": 0, "features": [{"geom": {"polygons": [[[[-2.749155980651267, -4.753315448760986], [-1.2705636682512704, 5.342714065685868], [-1.2663730656495318, 5.342714065685868], [2.7491559805057477, 4.820970099419355], [2.749155980622163, 4.820970099419355], [1.279063702415442, -5.342714065685868], [1.2753379800997209, -5.342714065685868], [-2.749155980651267, -4.753315448760986]]]], "centroids": [[0.00373320491053164, 0.012842129915952682, 3.0]], "h": 3.0}, "mtl": {"face": 0}}, {"geom": {"polygons": [[[[-5.342714064812753, -0.5929357036948204], [-5.342714064812753, 5.342714065685868], [-4.571485812019091, 5.342714065685868], [-5.342714064812753, -0.5929357036948204]]]], "centroids": [[-5.085637980548199, 3.364164140075445, 3.0]], "h": 3.0}, "mtl": {"face": 0}}, {"geom": {"polygons": [[[[-2.749155980767682, -4.753315448760986], [-1.2705636683676858, 5.342714065685868], [-1.266373065765947, 5.342714065685868], [2.7491559803893324, 4.820970099419355], [2.7491559805057477, 4.820970099419355], [1.2790637022990268, -5.342714065685868], [1.2753379799833056, -5.342714065685868], [-2.749155980767682, -4.753315448760986]]]], "centroids": [[0.0037332048232201487, 0.012842129915952682, 6.0]], "h": 6.0}, "mtl": {"face": 1}}], "featureCount": 3, "startIndex": 0}