{"type": "block", "layer": 0, "block": 0, "features": [{"geom": {"polygons": [[[[-7.011472288373625, 1.031854359433055], [-7.011472288373625, 1.034973194822669], [-5.933826494350797, 5.548693289980292], [7.011472288373625, 1.7039015535265207], [7.011472288373625, 1.7008919790387154], [5.196773097413825, -5.548693289980292], [-0.5874430051189847, -4.094944706186652], [0.10051495634252205, -0.8118818663060665], [-7.011472288373625, 1.031854359433055]]]], "centroids": [[0.6013020560785662, 0.3285613749176264, 3.0]], "h": 3.0}, "mtl": {"face": 0}}, {"geom": {"polygons": [[[[-7.011472288373625, 1.031854359433055], [-7.011472288373625, 1.034973194822669], [-5.933826494350797, 5.548693289980292], [7.011472288373625, 1.7039015535265207], [7.011472288373625, 1.7008919809013605], [5.196773097413825, -5.548693289980292], [-0.5874430051189847, -4.094944706186652], [0.10051495634252205, -0.8118818663060665], [-7.011472288373625, 1.031854359433055]]]], "centroids": [[0.6013020559621509, 0.32856137305498123, 6.0]], "h": 6.0}, "mtl": {"face": 1}}], "featureCount": 2, "startIndex": 0}