{"type": "block", "layer": 1, "block": 0, "features": [{"geom": {"triangles": {"v": [-3.173304713796824, 2.7629538737237453, 3.0, -5.767054713796824, -14.237046126276255, 3.0, 3.842320286203176, 1.7629538737237453, 3.0, 1.2798202862031758, -16.237046126276255, 3.0], "f": [0, 1, 2, 1, 3, 2]}, "centroids": [[-0.9313277453475166, -6.709232822060585, 3.0]]}, "mtl": 0}], "featureCount": 1, "startIndex": 0}