{"type": "block", "layer": 0, "block": 0, "features": [{"geom": {"polygons": [[[[-2.4622241888428107, -3.098657503724098], [-1.019928298337618, 3.865967972204089], [-1.0181177563790698, 3.865967972204089], [2.462224188813707, 3.0883652474731207], [0.9117139688460156, -3.865967972204089], [0.9099285952106584, -3.865967972204089], [-2.4622241888428107, -3.098657503724098]]]], "centroids": [[-0.022671143931802362, 0.01512318104505539, 3.0]], "h": 3.0}, "mtl": {"face": 0}}, {"geom": {"polygons": [[[[-2.6211261181160808, -3.865967972204089], [-2.462224683375098, -3.0986573919653893], [0.9099285985575989, -3.865967972204089], [-2.6211261181160808, -3.865967972204089]]]], "centroids": [[-1.3911407342820894, -3.610197778791189, 3.0]], "h": 3.0}, "mtl": {"face": 0}}, {"geom": {"polygons": [[[[-1.0181177563790698, 3.865967972204089], [3.8659679715929087, 3.865967972204089], [3.8659679715929087, 3.0363184809684753], [3.8149767607392278, 2.7861236557364464], [-1.0181177563790698, 3.865967972204089]]]], "centroids": [[2.233897338504903, 3.503819225355983, 3.0]], "h": 3.0}, "mtl": {"face": 0}}], "featureCount": 3, "startIndex": 0}