{"type": "block", "layer": 1, "block": 0, "features": [{"geom": {"triangles": {"v": [-1.5643551037064753, 9.322434917092323, 3.0, -7.095605103706475, -6.677565082907677, 3.0, 3.6856448962935247, 7.322434917092323, 3.0, -0.12685510370647535, -8.677565082907677, 3.0], "f": [0, 1, 2, 1, 3, 2]}, "centroids": [[-1.3908573492080905, 0.007135629653930664, 3.0]]}, "mtl": 0}], "featureCount": 1, "startIndex": 0}