{"type": "block", "layer": 0, "block": 0, "features": [{"geom": {"polygons": [[[[-2.8306713389174547, -1.484317496418953], [-2.8306713389174547, -1.4828969184309244], [-2.002037081780145, 2.5024683587253094], [2.8306713389174547, 1.4976551309227943], [2.8306713389174547, 1.4961397871375084], [2.053465564851649, -2.5024683587253094], [-2.8306713389174547, -1.484317496418953]]]], "centroids": [[0.012397662329021841, -0.0002760849893093109, 3.0]], "h": 3.0}, "mtl": {"face": 0}}, {"geom": {"polygons": [[[[2.053465564851649, -2.5024683587253094], [2.8306713389174547, 1.4961397871375084], [2.8306713389174547, -2.6644852608442307], [2.053465564851649, -2.5024683587253094]]]], "centroids": [[2.5716027475718874, -1.2236046101897955, 6.0]], "h": 6.0}, "mtl": {"face": 1}}, {"geom": {"polygons": [[[[2.053465564677026, -2.5024683587253094], [2.8306713389174547, 1.4961397871375084], [2.8306713389174547, -2.6644852608442307], [2.053465564677026, -2.5024683587253094]]]], "centroids": [[2.571602747484576, -1.2236046101897955, 3.0]], "h": 3.0}, "mtl": {"face": 0}}], "featureCount": 3, "startIndex": 0}