{"type": "block", "layer": 1, "block": 0, "features": [{"geom": {"triangles": {"v": [-2.2831401074072346, 17.812464848160744, 3.0, -6.423765107407235, -2.1875351518392563, 3.0, 0.4043598925927654, -3.1875351518392563, 3.0, 9.279359892592765, 15.812464848160744, 3.0, 5.138734892592765, -4.187535151839256, 3.0], "f": [0, 1, 2, 0, 2, 3, 2, 4, 3]}, "centroids": [[1.4279100583516993, 6.865687606856227, 3.0]]}, "mtl": 0}], "featureCount": 1, "startIndex": 0}