{"type": "block", "layer": 0, "block": 0, "features": [{"geom": {"polygons": [[[[-5.541478717845166, -5.621636096388102], [-4.348213924065931, 6.591051245108247], [-4.341403106896905, 6.591051245108247], [5.54147871787427, 5.625424712896347], [4.386987092031632, -6.591051245108247], [4.380178386956686, -6.591051245108247], [-5.541478717845166, -5.621636096388102]]]], "centroids": [[0.00931100410525687, -0.0030361656099557877, 3.0]], "h": 3.0}, "mtl": {"face": 0}}, {"geom": {"polygons": [[[[-5.636035335366614, -6.589393137022853], [-4.349101722298656, 6.58196491189301], [-4.348213924124138, 6.591051245108247], [-0.7511251406976953, 6.591051245108247], [5.5743265573401, 5.973010465502739], [5.6898611213837285, 5.961727265268564], [5.797840483748587, 5.93838551454246], [5.883919745450839, 5.882884651422501], [5.9668991859361995, 5.779799934476614], [6.018474665819667, 5.647498417645693], [6.026913441979559, 5.500336950644851], [4.950980160239851, -6.591051245108247], [-5.619811385346111, -6.591051245108247], [-5.636035335366614, -6.589393137022853]]]], "centroids": [[0.21065346809336916, -0.12053269147872925, 6.0]], "h": 6.0}, "mtl": {"face": 1}}, {"geom": {"polygons": [[[[-5.636035335366614, -6.589393137022853], [-4.349101722298656, 6.58196491189301], [-4.348213924124138, 6.591051245108247], [3.8342601392942015, 6.591051245108247], [5.810013441980118, 6.404336949810386], [6.100113441993017, 6.2633369490504265], [6.309213442000328, 5.847336949780583], [5.911488099227427, 1.4845537729561329], [6.412913227220997, 1.4388422463089228], [5.737594077567337, -6.591051245108247], [-5.619811385346111, -6.591051245108247], [-5.636035335366614, -6.589393137022853]]]], "centroids": [[0.5362791544466745, -0.10376969166100025, 9.0]], "h": 9.0}, "mtl": {"face": 2}}], "featureCount": 3, "startIndex": 0}