{"type": "block", "layer": 1, "block": 0, "features": [{"geom": {"triangles": {"v": [-4.207586558011826, 8.461336949840188, 3.0, -6.535711558011826, -15.538663050159812, 3.0, 3.433038441988174, -16.538663050159812, 3.0, 5.698663441988174, 7.461336949840188, 3.0], "f": [0, 1, 2, 0, 2, 3]}, "centroids": [[-0.4059240165515803, -4.342215016484261, 3.0]]}, "mtl": 0}], "featureCount": 1, "startIndex": 0}