{"type": "block", "layer": 0, "block": 0, "features": [{"geom": {"polygons": [[[[-6.417145745595917, -1.9676404241472483], [-6.417145745595917, -1.9583069253712893], [-5.955466195562622, 4.655179115012288], [-0.5731272786215413, 3.5236192233860493], [-0.8408713780518156, 1.2981228660792112], [6.417145745595917, -0.28654006123542786], [6.417145745595917, -0.2920146659016609], [5.892223953473149, -4.655179116874933], [-6.417145745595917, -1.9676404241472483]]]], "centroids": [[-0.641843629127834, -0.38110723719000816, 3.0]], "h": 3.0}, "mtl": {"face": 0}}, {"geom": {"polygons": [[[[-6.417145745595917, -1.9676404241472483], [-6.417145745595917, -1.9583069253712893], [-5.955466195562622, 4.655179115012288], [-0.5731272786215413, 3.5236192233860493], [-0.8408713780518156, 1.2981228660792112], [6.417145745595917, -0.28654006123542786], [6.417145745595917, -0.2920146659016609], [5.892223953473149, -4.655179116874933], [-6.417145745595917, -1.9676404241472483]]]], "centroids": [[-0.641843629127834, -0.38110723719000816, 6.0]], "h": 6.0}, "mtl": {"face": 1}}], "featureCount": 2, "startIndex": 0}