{"type": "block", "layer": 1, "block": 0, "features": [{"geom": {"triangles": {"v": [-5.955716195516288, 4.309179116040468, 3.0, -6.424466195516288, -1.6908208839595318, 3.0, 17.59115880448371, -0.6908208839595318, 3.0, 16.20053380448371, -6.690820883959532, 3.0], "f": [0, 1, 2, 1, 3, 2]}, "centroids": [[5.409964352031238, -1.1179905198514462, 3.0]]}, "mtl": 0}], "featureCount": 1, "startIndex": 0}