{"type": "block", "layer": 1, "block": 0, "features": [{"geom": {"triangles": {"v": [6.700749999989057, 4.959078822284937, 3.0, -8.158625000010943, -1.040921177715063, 3.0, 9.606999999989057, -3.040921177715063, 3.0, -5.377375000010943, -9.040921177715063, 3.0], "f": [0, 1, 2, 1, 3, 2]}, "centroids": [[0.691230258293217, -1.8832468707114458, 3.0]]}, "mtl": 0}], "featureCount": 1, "startIndex": 0}