{"type": "block", "layer": 1, "block": 0, "features": [{"geom": {"triangles": {"v": [-3.8734905705205165, 7.2807574681937695, 3.0, -5.9672405705205165, -5.7192425318062305, 3.0, 5.9702594294794835, 5.2807574681937695, 3.0, 3.9233844294794835, -7.7192425318062305, 3.0], "f": [0, 1, 2, 1, 3, 2]}, "centroids": [[0.006150654400698841, -0.01293952576816082, 3.0]]}, "mtl": 0}], "featureCount": 1, "startIndex": 0}