{"type": "block", "layer": 0, "block": 0, "features": [{"geom": {"polygons": [[[[-4.834831178217428, -1.2376954313367605], [-4.834831178217428, -1.2352513764053583], [-3.945992854598444, 3.071594314649701], [4.834831178217428, 1.235018316656351], [4.834831178217428, 1.2326050978153944], [3.934685290878406, -3.071594314649701], [-4.834831178217428, -1.2376954313367605]]]], "centroids": [[-0.002781066403258592, -0.00019355490803718567, 3.0]], "h": 3.0}, "mtl": {"face": 0}}], "featureCount": 1, "startIndex": 0}