{"type": "block", "layer": 0, "block": 0, "features": [{"geom": {"polygons": [[[[-5.320950119843474, -0.26151878014206886], [-5.320950119843474, -0.25980295799672604], [-3.809333218174288, 3.998252622783184], [-2.110758870607242, 3.330747226253152], [5.320950119843474, 0.28197506442666054], [5.320950119843474, 0.28020867705345154], [3.850241207983345, -3.998252620920539], [-5.320950119843474, -0.26151878014206886]]]], "centroids": [[0.009738238441059366, 0.009405333548784256, 3.0]], "h": 3.0}, "mtl": {"face": 0}}, {"geom": {"polygons": [[[[-5.320950119843474, -5.320950120687485], [-5.320950119843474, -2.6878501400351524], [-3.298203700192971, -3.522722901776433], [-3.937384010729147, -5.320950120687485], [-5.320950119843474, -5.320950120687485]]]], "centroids": [[-4.499860624579014, -4.12329731695354, 3.0]], "h": 3.0}, "mtl": {"face": 0}}, {"geom": {"polygons": [[[[-5.320950119843474, -0.26151878014206886], [-5.320950119843474, -0.25980295799672604], [-3.809333218174288, 3.998252622783184], [-2.110758870607242, 3.330747226253152], [5.320950119843474, 0.28197506442666054], [5.320950119843474, 0.28020867705345154], [3.850241207983345, -3.998252620920539], [-5.320950119843474, -0.26151878014206886]]]], "centroids": [[0.009738238441059366, 0.009405333548784256, 6.0]], "h": 6.0}, "mtl": {"face": 1}}], "featureCount": 3, "startIndex": 0}