{"type": "block", "layer": 1, "block": 0, "features": [{"geom": {"triangles": {"v": [-3.8036338398233056, 4.426747240126133, 3.0, -8.288008839823306, -8.573252759873867, 3.0, -2.1161338398233056, 3.426747240126133, 3.0, -6.319258839823306, -9.573252759873867, 3.0, 3.8526161601766944, -3.573252759873867, 3.0, 5.321366160176694, 0.42674724012613297, 3.0, 0.8057411601766944, -12.573252759873867, 3.0], "f": [0, 1, 2, 1, 3, 2, 2, 3, 4, 2, 4, 5, 3, 6, 4]}, "centroids": [[-1.4723685283679515, -4.16318909265101, 3.0]]}, "mtl": 0}], "featureCount": 1, "startIndex": 0}