{"type": "block", "layer": 0, "block": 0, "features": [{"geom": {"polygons": [[[[-4.546886924275896, -2.2049417719244957], [-4.546886924275896, -2.2029589414596558], [-3.1436279854387976, 3.4300908017903566], [4.546886924275896, 0.49013613164424896], [4.546886924275896, 0.4884110540151596], [3.528526394860819, -2.985534619539976], [-0.44525169039843604, -1.5405127573758364], [-1.0075623970769811, -3.430090803653002], [-4.546886924275896, -2.2049417719244957]]]], "centroids": [[-0.35087124444544315, -0.21970577724277973, 3.0]], "h": 3.0}, "mtl": {"face": 0}}], "featureCount": 1, "startIndex": 0}