{"type": "block", "layer": 1, "block": 0, "features": [{"geom": {"triangles": {"v": [-13.56239533246844, 5.035275870934129, 3.0, -15.15614533246844, -3.9647241290658712, 3.0, 8.65635466753156, -8.964724129065871, 3.0, 10.68760466753156, 1.0352758709341288, 3.0], "f": [0, 1, 2, 0, 2, 3]}, "centroids": [[-2.1843926140863914, -1.9695308525115252, 3.0]]}, "mtl": 0}], "featureCount": 1, "startIndex": 0}