{"type": "block", "layer": 0, "block": 0, "features": [{"geom": {"polygons": [[[[-3.2029224192083348, -3.28746616281569], [-2.3365232712822035, 4.14509341865778], [-2.333466088428395, 4.14509341865778], [3.202922419179231, 3.382308876141906], [2.3725211835699156, -4.14509341865778], [2.36978177994024, -4.14509341865778], [-3.2029224192083348, -3.28746616281569]]]], "centroids": [[0.013871338684111834, 0.017755376175045967, 3.0]], "h": 3.0}, "mtl": {"face": 0}}], "featureCount": 1, "startIndex": 0}