{"type": "block", "layer": 1, "block": 0, "features": [{"geom": {"triangles": {"v": [-25.558760179497767, 7.016297686845064, 3.0, -26.261885179497767, 0.016297686845064163, 3.0, -18.011885179497767, -0.9837023131549358, 3.0, -23.793135179497767, 16.016297686845064, 3.0, -5.605635179497767, 15.016297686845064, 3.0, -23.496260179497767, 18.016297686845064, 3.0, -7.386885179497767, -2.983702313154936, 3.0, 3.2068648205022328, 3.016297686845064, 3.0, 3.9412398205022328, 10.016297686845064, 3.0, 4.191239820502233, 12.016297686845064, 3.0, 4.316239820502233, 13.016297686845064, 3.0, -1.1368851794977672, -3.983702313154936, 3.0, 2.3787398205022328, -3.983702313154936, 3.0], "f": [0, 1, 2, 3, 0, 2, 4, 3, 2, 5, 3, 4, 2, 6, 4, 7, 4, 6, 4, 7, 8, 4, 8, 9, 4, 9, 10, 7, 6, 11, 11, 12, 7]}, "centroids": [[-10.845194389577955, 6.778072504326701, 3.0]]}, "mtl": 0}], "featureCount": 1, "startIndex": 0}