{"type": "block", "layer": 1, "block": 0, "features": [{"geom": {"triangles": {"v": [-14.443984882324003, 10.160031478852034, 3.0, -16.537734882324003, 0.16003147885203362, 3.0, 3.1341401176759973, -3.8399685211479664, 3.0, 5.196640117675997, 6.160031478852034, 3.0], "f": [0, 1, 2, 3, 0, 2]}, "centroids": [[-5.6571056336397305, 3.2915380764752626, 3.0]]}, "mtl": 0}], "featureCount": 1, "startIndex": 0}