{"type": "block", "layer": 0, "block": 0, "features": [{"geom": {"polygons": [[[[-2.5073195510194637, -0.9240139219909906], [-2.5073195510194637, -0.9227317534387112], [-1.9245436920318753, 1.9207958150655031], [2.5073195510194637, 1.0124934185296297], [2.5073195510194637, 1.0114659368991852], [1.7540227129939012, -1.920795813202858], [-2.5073195510194637, -0.9240139219909906]]]], "centroids": [[-0.025781453383387998, 0.026739943772554398, 3.0]], "h": 3.0}, "mtl": {"face": 0}}], "featureCount": 1, "startIndex": 0}