{"type": "block", "layer": 1, "block": 0, "features": [{"geom": {"triangles": {"v": [-14.265554691955913, -6.112557973712683, 3.0, -12.828054691955913, -6.112557973712683, 3.0, -12.171804691955913, 3.8874420262873173, 3.0, 2.500070308044087, 0.8874420262873173, 3.0, -0.12492969195591286, -9.112557973712683, 3.0], "f": [0, 1, 2, 3, 2, 1, 3, 1, 4]}, "centroids": [[-5.960424636723474, -2.4986359290778637, 3.0]]}, "mtl": 0}], "featureCount": 1, "startIndex": 0}