{"type": "block", "layer": 1, "block": 0, "features": [{"geom": {"triangles": {"v": [13.519658674835227, 5.859336409717798, 3.0, -2.6209663251647726, 3.8593364097177982, 3.0, 13.550908674835227, -1.1406635902822018, 3.0, -2.5272163251647726, -4.140663590282202, 3.0, 14.004033674835227, -8.140663590282202, 3.0, -2.4490913251647726, -16.1406635902822, 3.0, 13.050908674835227, -16.1406635902822, 3.0], "f": [0, 1, 2, 1, 3, 2, 2, 3, 4, 4, 3, 5, 4, 5, 6]}, "centroids": [[5.657108646177221, -5.3721931129693985, 3.0]]}, "mtl": 0}], "featureCount": 1, "startIndex": 0}