{"type": "block", "layer": 1, "block": 0, "features": [{"geom": {"triangles": {"v": [7.659000004758127, 4.333103843033314, 3.0, -5.997249995241873, 11.333103843033314, 3.0, -7.653499995241873, -3.6668961569666862, 3.0, -3.528499995241873, 13.333103843033314, 3.0, 8.455875004758127, 11.333103843033314, 3.0, 6.565250004758127, -4.666896156966686, 3.0], "f": [0, 1, 2, 3, 1, 0, 4, 3, 0, 0, 2, 5]}, "centroids": [[0.4917072934913449, 4.12486538477242, 3.0]]}, "mtl": 0}], "featureCount": 1, "startIndex": 0}