{"type": "block", "layer": 1, "block": 0, "features": [{"geom": {"triangles": {"v": [-4.726659272739198, 3.3046128675341606, 3.0, -6.148534272739198, -6.695387132465839, 3.0, 14.445215727260802, -0.6953871324658394, 3.0, 13.367090727260802, -10.69538713246584, 3.0], "f": [0, 1, 2, 1, 3, 2]}, "centroids": [[4.260441240156069, -3.701510852202773, 3.0]]}, "mtl": 0}], "featureCount": 1, "startIndex": 0}