{"type": "block", "layer": 0, "block": 0, "features": [{"geom": {"polygons": [[[[-5.483467028243467, -1.3872721586376429], [-5.483467028243467, -1.3845359645783901], [-4.46689780394081, 3.4745461605489254], [5.483467028243467, 1.4391289427876472], [5.483467028243467, 1.4363358411937952], [4.478911521931877, -3.4745461605489254], [-5.483467028243467, -1.3872721586376429]]]], "centroids": [[0.010856254608370364, 0.010408749803900719, 3.0]], "h": 3.0}, "mtl": {"face": 0}}, {"geom": {"polygons": [[[[4.069358164793812, 1.7283948715776205], [4.377573485544417, 3.2351399566978216], [5.483467028243467, 3.0088533274829388], [5.483467028243467, 1.4391289427876472], [4.069358164793812, 1.7283948715776205]]]], "centroids": [[4.850319953227881, 2.321524802595377, 3.0]], "h": 3.0}, "mtl": {"face": 0}}, {"geom": {"polygons": [[[[-5.483467028243467, -1.3872721586376429], [-5.483467028243467, 1.059816364198923], [-4.736815429816488, 4.470842741429806], [5.483467028243467, 2.3802119717001915], [5.483467028243467, 1.4363358411937952], [4.478911521931877, -3.4745461605489254], [-5.483467028243467, -1.3872721586376429]]]], "centroids": [[-0.09202510275645182, 0.5177914369851351, 6.0]], "h": 6.0}, "mtl": {"face": 1}}], "featureCount": 3, "startIndex": 0}