{"type": "block", "layer": 1, "block": 0, "features": [{"geom": {"triangles": {"v": [-1.4230904298019595, 17.708842741325498, 3.0, -5.4855904298019595, -1.2911572586745024, 3.0, 8.45190957019804, 15.708842741325498, 3.0, 4.4831595701980405, -3.2911572586745024, 3.0], "f": [0, 1, 2, 1, 3, 2]}, "centroids": [[1.5042052697681356, 7.259006787091494, 3.0]]}, "mtl": 0}], "featureCount": 1, "startIndex": 0}