{"type": "block", "layer": 1, "block": 0, "features": [{"geom": {"triangles": {"v": [-3.4262409116199706, 6.427999971434474, 3.0, -4.816865911619971, -4.572000028565526, 3.0, 4.823759088380029, 5.427999971434474, 3.0, 3.3393840883800294, -6.572000028565526, 3.0], "f": [0, 1, 2, 1, 3, 2]}, "centroids": [[0.022559726668987423, 0.19344976171851158, 3.0]]}, "mtl": 0}], "featureCount": 1, "startIndex": 0}