{"type": "block", "layer": 1, "block": 0, "features": [{"geom": {"triangles": {"v": [-4.222589673940092, 6.55469530262053, 3.0, -5.363214673940092, -5.44530469737947, 3.0, 4.261785326059908, -6.44530469737947, 3.0, 5.355535326059908, 5.55469530262053, 3.0], "f": [0, 1, 2, 3, 0, 2]}, "centroids": [[0.01766316793509759, 0.026154739782214165, 3.0]]}, "mtl": 0}], "featureCount": 1, "startIndex": 0}