{"type": "block", "layer": 1, "block": 0, "features": [{"geom": {"triangles": {"v": [-10.465105667128228, 7.756936671212316, 3.0, -12.621355667128228, -2.2430633287876844, 3.0, 5.706769332871772, 4.756936671212316, 3.0, 4.191144332871772, -5.243063328787684, 3.0], "f": [0, 1, 2, 1, 3, 2]}, "centroids": [[-3.3304956826905254, 1.0553394723683596, 3.0]]}, "mtl": 0}], "featureCount": 1, "startIndex": 0}