{"type": "block", "layer": 0, "block": 0, "features": [{"geom": {"polygons": [[[[-4.1663453022774775, -1.7553911060094833], [-4.1663453022774775, -1.7535815760493279], [-2.6902255782624707, 4.144112564623356], [4.1663453022774775, 1.7967694774270058], [4.1663453022774775, 1.7949273083359003], [2.71025481459219, -4.144112564623356], [-4.1663453022774775, -1.7553911060094833]]]], "centroids": [[0.007580843521282077, 0.007282225415110588, 3.0]], "h": 3.0}, "mtl": {"face": 0}}, {"geom": {"polygons": [[[[-1.8069970471260604, -4.166345302015543], [-1.7335524661757518, -3.8727937024086714], [-0.6995101936045103, -4.166345302015543], [-1.8069970471260604, -4.166345302015543]]]], "centroids": [[-1.4133532356645446, -4.068494770675898, 3.0]], "h": 3.0}, "mtl": {"face": 0}}], "featureCount": 2, "startIndex": 0}