{"type": "block", "layer": 1, "block": 0, "features": [{"geom": {"triangles": {"v": [-2.685238021542318, 3.7906268294900656, 3.0, -11.060238021542318, -29.209373170509934, 3.0, 4.174136978457682, 1.7906268294900656, 3.0, -3.919613021542318, -31.209373170509934, 3.0], "f": [0, 1, 2, 1, 3, 2]}, "centroids": [[-3.3996916215110105, -13.692916890606284, 3.0]]}, "mtl": 0}], "featureCount": 1, "startIndex": 0}