{"type": "block", "layer": 1, "block": 0, "features": [{"geom": {"triangles": {"v": [-3.771096304699313, 14.627220934256911, 3.0, -5.974221304699313, -9.372779065743089, 3.0, 4.182028695300687, -10.372779065743089, 3.0, 6.353903695300687, 13.627220934256911, 3.0], "f": [0, 1, 2, 0, 2, 3]}, "centroids": [[0.1966867247247137, 2.349960297346115, 3.0]]}, "mtl": 0}], "featureCount": 1, "startIndex": 0}