{"type": "block", "layer": 1, "block": 0, "features": [{"geom": {"triangles": {"v": [-12.009468249510974, -17.645860865712166, 3.0, -16.806343249510974, 19.354139134287834, 3.0, -22.603218249510974, -16.645860865712166, 3.0, 8.037406750489026, 18.354139134287834, 3.0, -14.931343249510974, 21.354139134287834, 3.0, -15.040718249510974, 21.354139134287834, 3.0, -2.3844682495109737, -18.645860865712166, 3.0, 2.8030317504890263, -19.645860865712166, 3.0, -12.165718249510974, -18.645860865712166, 3.0], "f": [0, 1, 2, 3, 1, 0, 3, 4, 1, 4, 5, 1, 3, 0, 6, 6, 7, 3, 0, 2, 8]}, "centroids": [[-7.1219087315839715, 0.9031765889376402, 3.0]]}, "mtl": 0}], "featureCount": 1, "startIndex": 0}