{"type": "block", "layer": 0, "block": 0, "features": [{"geom": {"polygons": [[[[-4.834000000002561, -4.017000000923872], [-3.5318292418669444, -0.37809109315276146], [-1.0623125466809142, -1.2617989592254162], [-0.4071793178154621, 0.6638352833688259], [-2.8466015219455585, 1.536773942410946], [-1.1652231525804382, 6.235376400873065], [-1.163715326692909, 6.235376400873065], [4.833999999973457, 3.323999997228384], [3.36709569269442, -6.235376400873065], [3.3646952915296424, -6.235376400873065], [-4.834000000002561, -4.017000000923872]]]], "centroids": [[0.5893614150118083, -0.39567968249320984, 3.0]], "h": 3.0}, "mtl": {"face": 0}}, {"geom": {"polygons": [[[[-4.834000000002561, -4.017000000923872], [-3.5318292418669444, -0.37809109315276146], [-1.0623125466809142, -1.2617989592254162], [-0.4071793178154621, 0.6638352833688259], [-2.8466015219455585, 1.536773942410946], [-1.1652231525804382, 6.235376400873065], [0.25793485055328347, 6.235376400873065], [5.00437635104754, 3.8862852416932583], [5.112256571999751, 3.8218854684382677], [5.2087235970248, 3.7413895931094885], [5.291398086003028, 3.6467830296605825], [5.358240889123408, 3.540399232879281], [5.407603341911454, 3.4248621333390474], [5.438267929304857, 3.3030214346945286], [5.449478315305896, 3.1778823118656874], [5.440957997838268, 3.052531296387315], [5.160863314435119, 1.153969505801797], [5.143270956468768, 1.077211994677782], [5.113845366606256, 1.004168575629592], [5.073316441528732, 0.9366510771214962], [5.022689494187944, 0.8763342574238777], [4.963220317178639, 0.8247142657637596], [4.896384033112554, 0.7830715272575617], [4.823838504351443, 0.752438984811306], [4.747383210109547, 0.7335764691233635], [4.668914610665524, 0.7269518654793501], [4.590379105939064, 0.7327294927090406], [4.439907880267128, 0.7558195851743221], [4.318566700647352, -0.034924568608403206], [4.476613966398872, -0.05824127048254013], [4.561399682395859, -0.07842804491519928], [4.641391916316934, -0.11303102225065231], [4.714160144620109, -0.16099880635738373], [4.7774933414766565, -0.22087392397224903], [4.829467159754131, -0.2908370979130268], [4.868502401339356, -0.3687625341117382], [4.893413000099827, -0.4522825051099062], [4.903442060109228, -0.5388593003153801], [4.898284853348741, -0.6258623264729977], [4.719464183726814, -1.8379599172621965], [4.699898510298226, -1.9208652693778276], [4.666543891682522, -1.9992462769150734], [4.620368427364156, -2.0708279740065336], [4.562712334882235, -2.1335327439010143], [4.495249050698476, -2.185540610924363], [4.4199366596585605, -2.2253420762717724], [4.338961062661838, -2.251781925559044], [4.254672531969845, -2.264092756435275], [4.1695174960186705, -2.2619172539561987], [3.980065704206936, -2.240834267809987], [3.8587245248781983, -3.0315784234553576], [4.034139824128943, -3.0574574302881956], [4.118925540096825, -3.0776442047208548], [4.198917773988796, -3.112247182056308], [4.271686002233764, -3.160214966163039], [4.3350191990612075, -3.2200900837779045], [4.386993017309578, -3.2900532577186823], [4.426028258836595, -3.3679786939173937], [4.450938857597066, -3.4514986649155617], [4.460967917606467, -3.5380754601210356], [4.455810710787773, -3.625078486278653], [4.128608570725191, -5.842948077246547], [4.1084217965835705, -5.927733793854713], [4.073818819830194, -6.007726026698947], [4.0258510343846865, -6.080494254827499], [3.965975917177275, -6.143827453255653], [3.8960127432947047, -6.195801271125674], [3.8180873084056657, -6.23483651317656], [3.8162771791103296, -6.235376400873065], [3.3646952915296424, -6.235376400873065], [-4.834000000002561, -4.017000000923872]]]], "centroids": [[0.9157927008054685, -0.22275728918612003, 6.0]], "h": 6.0}, "mtl": {"face": 1}}, {"geom": {"polygons": [[[[-4.834000000002561, -4.017000000923872], [-3.5318292418669444, -0.37809109315276146], [-1.0623125466809142, -1.2617989592254162], [-0.4071793178154621, 0.6638352833688259], [-2.8466015219455585, 1.536773942410946], [-1.1652231525804382, 6.235376400873065], [0.25793485055328347, 6.235376400873065], [5.00437635104754, 3.8862852416932583], [5.112256571999751, 3.8218854684382677], [5.2087235970248, 3.7413895931094885], [5.291398086003028, 3.6467830296605825], [5.358240889123408, 3.540399232879281], [5.407603341911454, 3.4248621333390474], [5.438267929304857, 3.3030214346945286], [5.449478315305896, 3.1778823118656874], [5.440957997838268, 3.052531296387315], [5.160863314435119, 1.153969505801797], [5.143270956468768, 1.077211994677782], [5.113845366606256, 1.004168575629592], [5.073316441528732, 0.9366510771214962], [5.022689494187944, 0.8763342574238777], [4.963220317178639, 0.8247142657637596], [4.896384033112554, 0.7830715272575617], [4.823838504351443, 0.752438984811306], [4.747383210109547, 0.7335764691233635], [4.668914610665524, 0.7269518654793501], [4.590379105939064, 0.7327294927090406], [4.439907880267128, 0.7558195851743221], [4.318566700647352, -0.034924568608403206], [4.476613966398872, -0.05824127048254013], [4.561399682395859, -0.07842804491519928], [4.641391916316934, -0.11303102225065231], [4.714160144620109, -0.16099880635738373], [4.7774933414766565, -0.22087392397224903], [4.829467159754131, -0.2908370979130268], [4.868502401339356, -0.3687625341117382], [4.893413000099827, -0.4522825051099062], [4.903442060109228, -0.5388593003153801], [4.898284853348741, -0.6258623264729977], [4.719464183726814, -1.8379599172621965], [4.699898510298226, -1.9208652693778276], [4.666543891682522, -1.9992462769150734], [4.620368427364156, -2.0708279740065336], [4.562712334882235, -2.1335327439010143], [4.495249050698476, -2.185540610924363], [4.4199366596585605, -2.2253420762717724], [4.338961062661838, -2.251781925559044], [4.254672531969845, -2.264092756435275], [4.1695174960186705, -2.2619172539561987], [3.980065704206936, -2.240834267809987], [3.8587245248781983, -3.0315784234553576], [4.034139824128943, -3.0574574302881956], [4.118925540096825, -3.0776442047208548], [4.198917773988796, -3.112247182056308], [4.271686002233764, -3.160214966163039], [4.3350191990612075, -3.2200900837779045], [4.386993017309578, -3.2900532577186823], [4.426028258836595, -3.3679786939173937], [4.450938857597066, -3.4514986649155617], [4.460967917606467, -3.5380754601210356], [4.455810710787773, -3.625078486278653], [4.128608570725191, -5.842948077246547], [4.1084217965835705, -5.927733793854713], [4.073818819830194, -6.007726026698947], [4.0258510343846865, -6.080494254827499], [3.965975917177275, -6.143827453255653], [3.8960127432947047, -6.195801271125674], [3.8180873084056657, -6.23483651317656], [3.8162771791103296, -6.235376400873065], [3.3646952915296424, -6.235376400873065], [-4.834000000002561, -4.017000000923872]]]], "centroids": [[0.9157927008054685, -0.22275728918612003, 9.0]], "h": 9.0},