{"type": "block", "layer": 1, "block": 0, "features": [{"geom": {"triangles": {"v": [-1.1678749999846332, 6.6389999985694885, 3.0, -4.839749999984633, -4.3610000014305115, 3.0, 4.832125000015367, 3.6389999985694885, 3.0, 3.363375000015367, -6.3610000014305115, 3.0], "f": [0, 1, 2, 1, 3, 2]}, "centroids": [[0.4134977396170143, -0.3588898740708828, 3.0]]}, "mtl": 0}], "featureCount": 1, "startIndex": 0}