{"type": "block", "layer": 1, "block": 0, "features": [{"geom": {"triangles": {"v": [-1.6201812163053546, 7.291475418955088, 3.0, -4.292056216305355, -5.708524581044912, 3.0, 12.676693783694645, 4.291475418955088, 3.0, 10.629818783694645, -8.708524581044912, 3.0, 13.442318783694645, 4.291475418955088, 3.0], "f": [0, 1, 2, 1, 3, 2, 2, 3, 4]}, "centroids": [[4.551800627232296, -0.9157167188823223, 3.0]]}, "mtl": 0}], "featureCount": 1, "startIndex": 0}