{"type": "block", "layer": 0, "block": 0, "features": [{"geom": {"polygons": [[[[-2.8137107419315726, -3.607597790658474], [-1.7470211328472942, 2.0125469490885735], [-0.2155183406721335, 1.7291836645454168], [0.296684380795341, 4.427864225581288], [0.29916181130101904, 4.427864225581288], [2.8137107419024687, 3.962614770978689], [1.2212186575634405, -4.427864225581288], [1.2189575241936836, -4.427864225581288], [-2.8137107419315726, -3.607597790658474]]]], "centroids": [[0.10037121857749298, -0.2671806737780571, 3.0]], "h": 3.0}, "mtl": {"face": 0}}, {"geom": {"polygons": [[[[0.29916182285523973, 4.427864225581288], [2.9020139334897976, 4.427864225581288], [2.8137107419024687, 3.962614770978689], [0.29916182285523973, 4.427864225581288]]]], "centroids": [[2.0049621661019046, 4.2727810721844435, 3.0]], "h": 3.0}, "mtl": {"face": 0}}], "featureCount": 2, "startIndex": 0}