{"type": "block", "layer": 1, "block": 0, "features": [{"geom": {"triangles": {"v": [-4.671415390621405, 17.464692942798138, 3.0, -8.593290390621405, -2.5353070572018623, 3.0, 5.000459609378595, 15.464692942798138, 3.0, 1.219209609378595, -4.535307057201862, 3.0], "f": [0, 1, 2, 1, 3, 2]}, "centroids": [[-1.7630924372642767, 6.523696152493358, 3.0]]}, "mtl": 0}], "featureCount": 1, "startIndex": 0}