{"type": "block", "layer": 0, "block": 0, "features": [{"geom": {"polygons": [[[[-4.778208553936565, -2.2431116960942745], [-3.221317689953139, 5.2563626151531935], [-3.2186645419569686, 5.2563626151531935], [4.7782085539074615, 3.603909220546484], [2.7990858325210866, -5.2563626151531935], [2.796517756098183, -5.2563626151531935], [-3.6892085539293475, -3.8651116974651814], [-4.778208553936565, -2.2431116960942745]]]], "centroids": [[-0.1105713043070864, 0.0618875864893198, 3.0]], "h": 3.0}, "mtl": {"face": 0}}, {"geom": {"polygons": [[[[1.55382699490292, 4.270187176764011], [1.7615089532337151, 5.2563626151531935], [4.928557128616376, 5.2563626151531935], [5.120810502266977, 5.213285220786929], [4.7782085539074615, 3.603909220546484], [1.55382699490292, 4.270187176764011]]]], "centroids": [[3.4431097790075, 4.582127142697573, 3.0]], "h": 3.0}, "mtl": {"face": 0}}, {"geom": {"polygons": [[[[-4.778208553936565, -2.2431116960942745], [-3.221317689953139, 5.2563626151531935], [-3.2186645419569686, 5.2563626151531935], [4.7782085539074615, 3.603909220546484], [2.7990858325210866, -5.2563626151531935], [2.796517756098183, -5.2563626151531935], [-3.6892085539293475, -3.8651116974651814], [-4.778208553936565, -2.2431116960942745]]]], "centroids": [[-0.1105713043070864, 0.0618875864893198, 6.0]], "h": 6.0}, "mtl": {"face": 1}}], "featureCount": 3, "startIndex": 0}