{"type": "block", "layer": 1, "block": 0, "features": [{"geom": {"triangles": {"v": [-0.4450004202662967, 9.774330185726285, 3.0, -5.257500420266297, -13.225669814273715, 3.0, 0.6331245797337033, 8.774330185726285, 3.0, 5.711249579733703, 4.774330185726285, 3.0, 5.836249579733703, 4.774330185726285, 3.0, 9.148749579733703, 0.774330185726285, 3.0, 9.773749579733703, 2.774330185726285, 3.0, 1.4768745797337033, -16.225669814273715, 3.0], "f": [0, 1, 2, 2, 1, 3, 2, 3, 4, 3, 1, 5, 3, 5, 6, 5, 1, 7]}, "centroids": [[1.5283173926000018, -3.6703464966267347, 3.0]]}, "mtl": 0}], "featureCount": 1, "startIndex": 0}