{"type": "block", "layer": 0, "block": 0, "features": [{"geom": {"polygons": [[[[-5.689099789102329, -2.2960895393043756], [-5.689099789102329, -2.29313120059669], [-5.429469509195769, -0.9993346352130175], [-0.02038925251690671, -2.084792008623481], [1.291344039462274, 4.408995009958744], [5.689099789102329, 3.4579415656626225], [5.689099789102329, 3.4550362937152386], [4.0809021451859735, -4.408995009958744], [-5.689099789102329, -2.2960895393043756]]]], "centroids": [[1.737890204472933, -0.38106210343539715, 3.0]], "h": 3.0}, "mtl": {"face": 0}}, {"geom": {"polygons": [[[[-5.429469509195769, -0.9993346352130175], [-4.109768778027501, 5.577033402398229], [1.291344039462274, 4.408995009958744], [-0.02038925251690671, -2.084792008623481], [-5.429469509195769, -0.9993346352130175]]]], "centroids": [[-2.0724747366912197, 1.7274743411689997, 3.0]], "h": 3.0}, "mtl": {"face": 0}}, {"geom": {"polygons": [[[[-5.689099789102329, -2.2960895393043756], [-5.689099789102329, 1.2417815811932087], [-4.9519333767239, 4.881912276148796], [-4.895811024471186, 4.9940343499183655], [-4.661787131684832, 5.297364354133606], [-4.378721983986907, 5.493845673277974], [-4.109768755733967, 5.577033510431647], [5.689099789102329, 3.4579415656626225], [5.689099789102329, 3.4550362937152386], [4.0809021451859735, -4.408995009958744], [-5.689099789102329, -2.2960895393043756]]]], "centroids": [[-0.256221134448424, 0.6701669357717037, 6.0]], "h": 6.0}, "mtl": {"face": 1}}, {"geom": {"polygons": [[[[-4.784566757356515, 2.214362032711506], [-4.109768778027501, 5.577033402398229], [5.689099789102329, 3.4579415656626225], [5.689099789102329, 3.4550362918525934], [5.036003486864502, 0.2614163011312485], [-4.784566757356515, 2.214362032711506]]]], "centroids": [[0.41707830445375293, 2.886465899646282, 9.0]], "h": 9.0}, "mtl": {"face": 2}}], "featureCount": 4, "startIndex": 0}