{"type": "block", "layer": 0, "block": 0, "features": [{"geom": {"polygons": [[[[-3.1937513305456378, -4.248512318357825], [-1.1972886511066463, 5.185008980333805], [-1.19469750468852, 5.185008980333805], [3.1937513300508726, 4.267929581925273], [1.2077213232114445, -5.185008980333805], [1.2051766121585388, -5.185008980333805], [-3.1937513305456378, -4.248512318357825]]]], "centroids": [[0.002722747332882136, 0.002229468896985054, 6.0]], "h": 6.0}, "mtl": {"face": 0}}, {"geom": {"polygons": [[[[-3.1937513303710148, -4.248512318357825], [-1.1972886512812693, 5.185008980333805], [-1.194697504863143, 5.185008980333805], [3.1937513303710148, 4.267929581925273], [1.2077213232114445, -5.185008980333805], [1.2051766121585388, -5.185008980333805], [-3.1937513303710148, -4.248512318357825]]]], "centroids": [[0.0027227474201936275, 0.002229467034339905, 3.0]], "h": 3.0}, "mtl": {"face": 1}}], "featureCount": 2, "startIndex": 0}