{"type": "block", "layer": 0, "block": 0, "features": [{"geom": {"polygons": [[[[-3.621655706607271, 4.579062072560191], [3.317790189641528, 4.964808346703649], [3.326737958472222, 4.964808346703649], [3.621655706607271, -4.578304875642061], [-3.3314119026763365, -4.964808346703649], [-3.3403589281078894, -4.964808346703649], [-3.621655706607271, 4.579062072560191]]]], "centroids": [[-0.0033583959157112986, -0.0013683531433343887, 3.0]], "h": 3.0}, "mtl": {"face": 0}}, {"geom": {"polygons": [[[[-3.621655706607271, 4.579062072560191], [3.317790189641528, 4.964808346703649], [3.326737958472222, 4.964808346703649], [3.621655706607271, -4.578304875642061], [3.6336001036397647, -4.964808346703649], [-3.3403589281078894, -4.964808346703649], [-3.621655706607271, 4.579062072560191]]]], "centroids": [[0.02265989372972399, -0.09729419276118279, 6.0]], "h": 6.0}, "mtl": {"face": 1}}], "featureCount": 2, "startIndex": 0}