{"type": "block", "layer": 0, "block": 0, "features": [{"geom": {"polygons": [[[[-5.784500000008848, 2.845499999821186], [2.9429094290244393, 6.305869348347187], [2.9446966460964177, 6.305869348347187], [5.784500000008848, -2.8015000000596046], [-3.5308236020209733, -6.305869348347187], [-3.532655181217706, -6.305869348347187], [-5.784500000008848, 2.845499999821186]]]], "centroids": [[-0.12065215519396588, -0.029445063322782516, 3.0]], "h": 3.0}, "mtl": {"face": 0}}, {"geom": {"polygons": [[[[-5.784500000008848, 2.845499999821186], [2.942909429082647, 6.305869348347187], [2.9446966461546253, 6.305869348347187], [5.784500000008848, -2.8015000000596046], [-3.5308236020209733, -6.305869348347187], [-3.532655181217706, -6.305869348347187], [-5.784500000008848, 2.845499999821186]]]], "centroids": [[-0.12065215519396588, -0.029445061460137367, 6.0]], "h": 6.0}, "mtl": {"face": 1}}, {"geom": {"polygons": [[[[-6.305869349016575, 1.4105251003056765], [-6.305869349016575, 2.635250164195895], [-5.784500000008848, 2.845499999821186], [2.9429094290244393, 6.305869348347187], [2.9446966460964177, 6.305869348347187], [5.784500000008848, -2.8015000000596046], [-3.5308236020209733, -6.305869348347187], [-3.9061084818677045, -6.305869348347187], [-6.305869349016575, 1.4105251003056765]]]], "centroids": [[-0.41651525849010795, -0.10377578437328339, 9.0]], "h": 9.0}, "mtl": {"face": 2}}], "featureCount": 3, "startIndex": 0}