{"type": "block", "layer": 1, "block": 0, "features": [{"geom": {"triangles": {"v": [6.749592726031551, 5.260233659297228, 3.0, -15.672282273968449, -3.739766340702772, 3.0, 9.718342726031551, -2.739766340702772, 3.0, -12.781657273968449, -11.739766340702772, 3.0], "f": [0, 1, 2, 1, 3, 2]}, "centroids": [[-3.008341672946699, -3.367185804992914, 3.0]]}, "mtl": 0}], "featureCount": 1, "startIndex": 0}