{"type": "block", "layer": 1, "block": 0, "features": [{"geom": {"triangles": {"v": [8.435649826424196, 14.545426424592733, 3.0, -1.1424751735758036, 18.545426424592733, 3.0, -5.408100173575804, -1.4545735754072666, 3.0, 7.435649826424196, 16.545426424592733, 3.0, 4.498149826424196, -3.4545735754072666, 3.0], "f": [0, 1, 2, 3, 1, 0, 0, 2, 4]}, "centroids": [[1.6263838896120433, 7.553918665274978, 3.0]]}, "mtl": 0}], "featureCount": 1, "startIndex": 0}