{"type": "block", "layer": 0, "block": 0, "features": [{"geom": {"polygons": [[[[-3.7630916943599004, -3.9777678325772285], [-3.58384381691576, -3.118146387860179], [-0.6820918391749728, -3.7620014920830727], [-0.7265978430514224, -3.9777678325772285], [-3.7630916943599004, -3.9777678325772285]]]], "centroids": [[-2.4852249391260557, -3.6768042109906673, 3.0]], "h": 3.0}, "mtl": {"face": 0}}, {"geom": {"polygons": [[[[-3.583843816886656, -3.118146387860179], [-2.104206969786901, 3.9777678325772285], [-2.1022101910493802, 3.9777678325772285], [3.583843816857552, 2.795839773491025], [2.9039583393605426, -0.6072129998356104], [1.209594195621321, -0.30525056831538677], [0.29222481037140824, -3.9777678325772285], [0.2903325353108812, -3.9777678325772285], [-3.583843816886656, -3.118146387860179]]]], "centroids": [[-0.29936112329596654, 0.2284320406615734, 3.0]], "h": 3.0}, "mtl": {"face": 0}}, {"geom": {"polygons": [[[[2.2305655257077888, -3.9777678325772285], [3.583843816857552, 2.795839773491025], [3.977767832315294, 2.713957019150257], [3.977767832315294, -3.9777678325772285], [2.2305655257077888, -3.9777678325772285]]]], "centroids": [[3.3701497088186443, -1.3135750815272331, 3.0]], "h": 3.0}, "mtl": {"face": 0}}, {"geom": {"polygons": [[[[-3.583843816886656, -3.118146387860179], [-2.1042069712711964, 3.9777678325772285], [-2.1022112019127235, 3.9777678325772285], [3.583843816857552, 2.795839773491025], [2.9039583393605426, -0.6072129998356104], [1.209594195621321, -0.30525056831538677], [0.29222481037140824, -3.9777678325772285], [0.2903325353108812, -3.9777678325772285], [-3.583843816886656, -3.118146387860179]]]], "centroids": [[-0.2993611251586117, 0.22843198291957378, 6.0]], "h": 6.0}, "mtl": {"face": 1}}], "featureCount": 4, "startIndex": 0}