{"type": "block", "layer": 1, "block": 0, "features": [{"geom": {"triangles": {"v": [-6.200735564925708, -15.821202732622623, 3.0, -2.669485564925708, -16.821202732622623, 3.0, -2.106985564925708, 4.178797267377377, 3.0, 7.689889435074292, 2.1787972673773766, 3.0, 3.564889435074292, -17.821202732622623, 3.0], "f": [0, 1, 2, 2, 1, 3, 1, 4, 3]}, "centroids": [[0.7319323305273429, -6.891233246773481, 3.0]]}, "mtl": 0}], "featureCount": 1, "startIndex": 0}