{"type": "block", "layer": 0, "block": 0, "features": [{"geom": {"polygons": [[[[-3.278510486736195, -3.3752694688737392], [-1.6188685378874652, 4.3396972101181746], [-1.6166671048558783, 4.3396972101181746], [3.278510486765299, 3.331868775188923], [1.6276038859505206, -4.3396972101181746], [1.6253036561829504, -4.3396972101181746], [-3.278510486736195, -3.3752694688737392]]]], "centroids": [[-9.795429650694132e-05, -0.010312074795365334, 3.0]], "h": 3.0}, "mtl": {"face": 0}}, {"geom": {"polygons": [[[[-3.278510486736195, -3.3752694688737392], [-1.6188685378874652, 4.3396972101181746], [-1.6166671048558783, 4.3396972101181746], [3.278510486765299, 3.331868775188923], [1.6276038859505206, -4.3396972101181746], [1.6253036561829504, -4.3396972101181746], [-3.278510486736195, -3.3752694688737392]]]], "centroids": [[-9.795429650694132e-05, -0.010312074795365334, 6.0]], "h": 6.0}, "mtl": {"face": 1}}], "featureCount": 2, "startIndex": 0}