{"type": "block", "layer": 1, "block": 0, "features": [{"geom": {"triangles": {"v": [-15.952739513246343, 7.460868775844574, 3.0, -17.765239513246343, -0.539131224155426, 3.0, 1.6253854867536575, -4.539131224155426, 3.0, 3.2816354867536575, 3.460868775844574, 3.0], "f": [0, 1, 2, 0, 2, 3]}, "centroids": [[-7.241224000288639, 1.4428322594612837, 3.0]]}, "mtl": 0}], "featureCount": 1, "startIndex": 0}