{"type": "block", "layer": 1, "block": 0, "features": [{"geom": {"triangles": {"v": [1.0357395926839672, 8.790604338049889, 3.0, -2.995510407316033, 13.790604338049889, 3.0, -13.229885407316033, -3.2093956619501114, 3.0, -0.1205104073160328, 12.790604338049889, 3.0, 2.332614592683967, 3.7906043380498886, 3.0, 4.316989592683967, -8.209395661950111, 3.0, 5.098239592683967, -14.209395661950111, 3.0], "f": [0, 1, 2, 3, 1, 0, 0, 2, 4, 4, 2, 5, 5, 2, 6]}, "centroids": [[-2.793157408159459, -0.697847492992878, 3.0]]}, "mtl": 0}], "featureCount": 1, "startIndex": 0}