{"type": "block", "layer": 1, "block": 0, "features": [{"geom": {"triangles": {"v": [-3.071750000002794, 4.732884179800749, 3.0, -4.806125000002794, -3.267115820199251, 3.0, 4.803249999997206, 2.732884179800749, 3.0, 14.568874999997206, -7.267115820199251, 3.0, 11.287624999997206, 1.7328841798007488, 3.0, 16.162624999997206, 0.7328841798007488, 3.0], "f": [0, 1, 2, 3, 2, 1, 4, 2, 3, 5, 4, 3]}, "centroids": [[5.745803935889853, -1.3085588421672583, 3.0]]}, "mtl": 0}], "featureCount": 1, "startIndex": 0}