{"type": "block", "layer": 1, "block": 0, "features": [{"geom": {"triangles": {"v": [0.3214250899036415, 5.05543502047658, 3.0, -3.4285749100963585, -1.9445649795234203, 3.0, 25.39955008990364, -10.94456497952342, 3.0, 20.47767508990364, -18.94456497952342, 3.0], "f": [0, 1, 2, 1, 3, 2]}, "centroids": [[11.207032076752512, -7.244165703654289, 3.0]]}, "mtl": 0}], "featureCount": 1, "startIndex": 0}