{"type": "block", "layer": 0, "block": 0, "features": [{"geom": {"polygons": [[[[-2.4806561688892543, -3.401112148538232], [-1.7412477734615095, 3.795185713097453], [-1.737410003435798, 3.795185713097453], [2.4806561688601505, 3.3737347777932882], [1.8165100177866407, -3.795185713097453], [1.8123400027689058, -3.795185713097453], [-2.4806561688892543, -3.401112148538232]]]], "centroids": [[0.016135626879986376, -0.016788611188530922, 3.0]], "h": 3.0}, "mtl": {"face": 0}}], "featureCount": 1, "startIndex": 0}