{"type": "block", "layer": 1, "block": 0, "features": [{"geom": {"triangles": {"v": [-1.5937557936413214, 5.632975820451975, 3.0, -8.734380793641321, -14.367024179548025, 3.0, 4.312494206358679, 3.632975820451975, 3.0, 4.687494206358679, 2.632975820451975, 3.0, -3.5312557936413214, -18.367024179548025, 3.0], "f": [0, 1, 2, 2, 1, 3, 1, 4, 3]}, "centroids": [[-2.206859539524885, -6.050683703273535, 3.0]]}, "mtl": 0}], "featureCount": 1, "startIndex": 0}