{"type": "block", "layer": 1, "block": 0, "features": [{"geom": {"triangles": {"v": [-6.897906972211786, -2.1525870636105537, 3.0, -9.054156972211786, -13.152587063610554, 3.0, 10.508343027788214, -6.152587063610554, 3.0, -1.3197819722117856, 3.8474129363894463, 3.0, -5.569781972211786, 4.847412936389446, 3.0, 11.570843027788214, 0.8474129363894463, 3.0, 9.164593027788214, -17.152587063610554, 3.0], "f": [0, 1, 2, 3, 0, 2, 4, 0, 3, 5, 3, 2, 1, 6, 2]}, "centroids": [[1.479324469633866, -6.074964912608266, 3.0]]}, "mtl": 0}], "featureCount": 1, "startIndex": 0}