{"type": "block", "layer": 0, "block": 0, "features": [{"geom": {"polygons": [[[[-8.417975439107977, -2.488596236333251], [-8.417975439107977, -2.4848621282726526], [-6.568512407859089, 5.309306260198355], [8.417975439107977, 2.0110689532011747], [8.417975439107977, 2.0071828924119473], [7.909465102624381, -0.22814974375069141], [5.605888745718403, 0.18983283638954163], [4.337023600382963, -5.309306262061], [-8.417975439107977, -2.488596236333251]]]], "centroids": [[-0.7219213274656795, 0.05859152600169182, 3.0]], "h": 3.0}, "mtl": {"face": 0}}, {"geom": {"polygons": [[[[-8.417975439107977, -2.488596236333251], [-8.417975439107977, 5.716337447986007], [-2.790705509047257, 4.477883728221059], [-4.415019585780101, -3.373831717297435], [-8.417975439107977, -2.488596236333251]]]], "centroids": [[-5.987351545772981, 1.3085134699940681, 0.0]], "h": 0.0}, "mtl": {"face": 1}}], "featureCount": 2, "startIndex": 0}