{"type": "block", "layer": 1, "block": 0, "features": [{"geom": {"triangles": {"v": [8.411817320389673, 1.641883671283722, 3.0, -11.291307679610327, 6.641883671283722, 3.0, -12.713182679610327, -1.358116328716278, 3.0, 6.630567320389673, -5.358116328716278, 3.0], "f": [0, 1, 2, 0, 2, 3]}, "centroids": [[-2.231869505310897, 0.2616537604480982, 3.0]]}, "mtl": 0}], "featureCount": 1, "startIndex": 0}