{"type": "block", "layer": 0, "block": 0, "features": [{"geom": {"polygons": [[[[-4.333022226608591, -6.544689618051052], [-4.333022226608591, -6.426000000908971], [-4.333022226608591, -6.36600000038743], [-3.2448803210281767, 4.792886883020401], [0.3543394206499215, 4.38490036316216], [0.28348115185508505, 3.6975614707916975], [4.333022226608591, 3.4491265285760164], [3.0770621658302844, -7.062293700873852], [-3.627771477593342, -7.062293700873852], [-4.036022226617206, -7.027000000700355], [-4.333022226608591, -6.544689618051052]]]], "centroids": [[-0.14771065933746286, -1.455967951565981, 9.0]], "h": 9.0}, "mtl": {"face": 0}}, {"geom": {"polygons": [[[[-4.333022226608591, -6.426000000908971], [-4.333022226608591, -6.36600000038743], [-3.0310222266125493, 6.985999999567866], [-3.003279062366346, 7.062293700873852], [-2.9971787827962544, 7.062293700873852], [0.5857089323108084, 6.629229312762618], [0.28348115185508505, 3.6975614707916975], [4.333022226608591, 3.4491265285760164], [3.0770621658302844, -7.062293700873852], [3.068761628877837, -7.062293700873852], [-4.333022226608591, -6.426000000908971]]]], "centroids": [[-0.21519848858588375, -0.6666152756661177, 3.0]], "h": 3.0}, "mtl": {"face": 1}}, {"geom": {"polygons": [[[[-4.333022226608591, -6.544689618051052], [-4.333022226608591, -6.426000000908971], [-4.333022226608591, -6.36600000038743], [-3.0310222266125493, 6.985999999567866], [-3.003279062366346, 7.062293700873852], [0.6303538565989584, 7.062293700873852], [0.28348115185508505, 3.6975614707916975], [4.333022226608591, 3.4491265285760164], [3.0770621658302844, -7.062293700873852], [-3.627771477593342, -7.062293700873852], [-4.036022226617206, -7.027000000700355], [-4.333022226608591, -6.544689618051052]]]], "centroids": [[-0.25619544528308325, -0.7527938969433308, 6.0]], "h": 6.0}, "mtl": {"face": 2}}], "featureCount": 3, "startIndex": 0}