{"type": "block", "layer": 0, "block": 0, "features": [{"geom": {"polygons": [[[[-8.40916474768892, -2.615797383710742], [-8.40916474768892, -2.6115854158997536], [-6.72300712033757, 5.526091130450368], [5.961698315601097, 2.9592440016567707], [5.222581594221992, -0.16906331665813923], [7.081071213557152, -0.5099564641714096], [8.40916474768892, -1.3206741660833359], [8.40916474768892, -5.253209237009287], [8.32723032947979, -5.663823705166578], [7.570955114526441, -5.526091132313013], [-8.40916474768892, -2.615797383710742]]]], "centroids": [[-0.15380005291081034, -0.22202042117714882, 6.0]], "h": 6.0}, "mtl": {"face": 0}}, {"geom": {"polygons": [[[[-8.40916474768892, -2.615797383710742], [-8.40916474768892, -2.6115854158997536], [-6.72300712033757, 5.526091130450368], [5.961698315601097, 2.9592440016567707], [5.222581594221992, -0.16906331665813923], [7.081071213557152, -0.5099564641714096], [8.40916474768892, -1.3206741660833359], [8.40916474768892, -1.3254022169858217], [7.570955114526441, -5.526091132313013], [-8.40916474768892, -2.615797383710742]]]], "centroids": [[-0.2771462303062435, -0.16331010311841965, 3.0]], "h": 3.0}, "mtl": {"face": 1}}], "featureCount": 2, "startIndex": 0}