{"type": "block", "layer": 1, "block": 0, "features": [{"geom": {"triangles": {"v": [-2.80636884397245, 5.5961525570601225, 3.0, -4.90011884397245, -4.4038474429398775, 3.0, 14.77175615602755, -8.403847442939878, 3.0, 16.91238115602755, 1.5961525570601225, 3.0], "f": [0, 1, 2, 0, 2, 3]}, "centroids": [[6.0093502419185825, -1.6944665163755417, 3.0]]}, "mtl": 0}], "featureCount": 1, "startIndex": 0}