{"type": "block", "layer": 0, "block": 0, "features": [{"geom": {"polygons": [[[[-4.960495490406174, -7.565769447013736], [-2.83775883220369, 9.284840870648623], [-2.832970046729315, 9.284840870648623], [4.960495490435278, 7.735794674605131], [2.923615633510053, -9.284840870648623], [2.919248171587242, -9.284840870648623], [-4.960495490406174, -7.565769447013736]]]], "centroids": [[0.024887432577088475, 0.022579262033104897, 3.0]], "h": 3.0}, "mtl": {"face": 0}}, {"geom": {"polygons": [[[[-5.022988517244812, -8.06184871122241], [-2.83775883220369, 9.284840870648623], [-2.832970046729315, 9.284840870648623], [4.960495490435278, 7.735794674605131], [2.923615633510053, -9.284840870648623], [0.5838235736591741, -9.284840870648623], [-5.022988517244812, -8.06184871122241]]]], "centroids": [[-0.014771377900615335, -0.18819162249565125, 6.0]], "h": 6.0}, "mtl": {"face": 1}}], "featureCount": 2, "startIndex": 0}