{"type": "block", "layer": 1, "block": 0, "features": [{"geom": {"triangles": {"v": [-10.152553513791645, 8.78821931220591, 3.0, -13.043178513791645, -8.21178068779409, 3.0, 9.081821486208355, -10.21178068779409, 3.0, -9.340053513791645, 13.78821931220591, 3.0, -9.121303513791645, 15.78821931220591, 3.0, 18.222446486208355, -11.21178068779409, 3.0, 52.472446486208355, 4.788219312205911, 3.0, 30.503696486208355, -13.21178068779409, 3.0, 41.253696486208355, -14.21178068779409, 3.0, 49.503696486208355, -14.21178068779409, 3.0], "f": [0, 1, 2, 3, 0, 2, 4, 3, 2, 4, 2, 5, 6, 4, 5, 7, 6, 5, 8, 6, 7, 6, 8, 9]}, "centroids": [[19.096077747788513, -0.39071075059473515, 3.0]]}, "mtl": 0}], "featureCount": 1, "startIndex": 0}