{"type": "block", "layer": 1, "block": 0, "features": [{"geom": {"triangles": {"v": [-8.091099999874132, 6.355000000447035, 3.0, -9.950474999874132, -1.6449999995529652, 3.0, 9.955775000125868, 2.355000000447035, 3.0, 8.127650000125868, -6.644999999552965, 3.0], "f": [0, 1, 2, 1, 3, 2]}, "centroids": [[0.04446120106149465, 0.04372330568730831, 3.0]]}, "mtl": 0}], "featureCount": 1, "startIndex": 0}