{"type": "block", "layer": 0, "block": 0, "features": [{"geom": {"polygons": [[[[-3.5591151176486164, -4.368457807227969], [-1.4558769391733222, 5.412642542272806], [-1.4532431500847451, 5.412642542272806], [3.5591151176486164, 4.334830956533551], [1.4670031145506073, -5.412642542272806], [1.4642797831038479, -5.412642542272806], [-3.5591151176486164, -4.368457807227969]]]], "centroids": [[0.0011770701967179775, -0.008700098842382431, 6.0]], "h": 6.0}, "mtl": {"face": 0}}, {"geom": {"polygons": [[[[-3.5591151176486164, -4.368457807227969], [-1.4558769391733222, 5.412642542272806], [-1.4532431500847451, 5.412642542272806], [3.5591151176486164, 4.334830956533551], [1.4670031148707494, -5.412642542272806], [1.4642827398783993, -5.412642542272806], [-3.5591151176486164, -4.368457807227969]]]], "centroids": [[0.0011770766286645085, -0.008699946105480194, 3.0]], "h": 3.0}, "mtl": {"face": 1}}, {"geom": {"polygons": [[[[-5.412642542098183, -3.983175553381443], [-5.412642542098183, 0.07770986109972], [-2.727221181325149, -0.49973853677511215], [-3.5591151174739935, -4.368457807227969], [-5.412642542098183, -3.983175553381443]]]], "centroids": [[-4.26590841403231, -2.0719142835587263, 3.0]], "h": 3.0}, "mtl": {"face": 1}}], "featureCount": 3, "startIndex": 0}