{"type": "block", "layer": 1, "block": 0, "features": [{"geom": {"triangles": {"v": [-5.563823580334429, 10.897791776806116, 3.0, -7.376323580334429, -10.102208223193884, 3.0, 6.045551419665571, -5.102208223193884, 3.0, 6.936176419665571, 4.897791776806116, 3.0, 7.326801419665571, 8.897791776806116, 3.0, 5.514301419665571, -11.102208223193884, 3.0], "f": [0, 1, 2, 0, 2, 3, 0, 3, 4, 1, 5, 2]}, "centroids": [[-0.024665184086188674, -0.17070903070271015, 3.0]]}, "mtl": 0}], "featureCount": 1, "startIndex": 0}