{"type": "block", "layer": 1, "block": 0, "features": [{"geom": {"triangles": {"v": [-9.761712419393007, 3.7365441638976336, 3.0, -7.636712419393007, -0.26345583610236645, 3.0, -7.636712419393007, 4.7365441638976336, 3.0, -6.261712419393007, -0.26345583610236645, 3.0, -5.183587419393007, 10.736544163897634, 3.0, -6.339837419393007, 11.736544163897634, 3.0, 11.644537580606993, 0.7365441638976336, 3.0, 12.660162580606993, 5.7365441638976336, 3.0, 10.707037580606993, -5.2634558361023664, 3.0], "f": [0, 1, 2, 2, 1, 3, 2, 3, 4, 5, 2, 4, 4, 3, 6, 4, 6, 7, 3, 8, 6]}, "centroids": [[1.8831573491625022, 2.9297750387340784, 3.0]]}, "mtl": 0}], "featureCount": 1, "startIndex": 0}