{"type": "block", "layer": 0, "block": 0, "features": [{"geom": {"polygons": [[[[-6.349566895747557, -2.680053187534213], [-6.349566895747557, -2.6750106550753117], [-5.523593297984917, 3.8052987679839134], [6.349566895747557, 2.6763214357197285], [6.349566895747557, 2.6715074628591537], [5.484347441059072, -3.8052987679839134], [-6.349566895747557, -2.680053187534213]]]], "centroids": [[-0.009577989054378122, 0.0008557997643947601, 3.0]], "h": 3.0}, "mtl": {"face": 0}}, {"geom": {"polygons": [[[[3.403309958433965, 3.7130275797098875], [3.5738869695342146, 4.989922408014536], [6.349566895747557, 4.725992698222399], [6.349566895747557, 3.4328782986849546], [3.403309958433965, 3.7130275797098875]]]], "centroids": [[4.918658922892064, 4.209070686250925, 3.0]], "h": 3.0}, "mtl": {"face": 0}}, {"geom": {"polygons": [[[[-6.349566895747557, -2.6800533048808575], [-6.349566895747557, -2.6750106532126665], [-5.523593297984917, 3.8052987679839134], [6.349566895747557, 2.6763214357197285], [6.349566895747557, 2.6715074628591537], [5.484347441059072, -3.8052987679839134], [-6.349566895747557, -2.6800533048808575]]]], "centroids": [[-0.009578010503901169, 0.0008557718247175217, 6.0]], "h": 6.0}, "mtl": {"face": 1}}], "featureCount": 3, "startIndex": 0}