{"type": "block", "layer": 1, "block": 0, "features": [{"geom": {"triangles": {"v": [-1.2956831639748998, 16.08885595202446, 3.0, -4.7644331639749, -4.91114404797554, 3.0, 6.4543168360251, 14.08885595202446, 3.0, 2.8449418360251, -6.91114404797554, 3.0], "f": [0, 1, 2, 1, 3, 2]}, "centroids": [[0.8304730498348363, 4.749556859955192, 3.0]]}, "mtl": 0}], "featureCount": 1, "startIndex": 0}