{"type": "block", "layer": 1, "block": 0, "features": [{"geom": {"triangles": {"v": [-14.054828708030982, 8.949855890125036, 3.0, -15.336078708030982, -0.05014410987496376, 3.0, 25.070171291969018, 1.9498558901250362, 3.0, 23.976421291969018, -6.050144109874964, 3.0], "f": [0, 1, 2, 1, 3, 2]}, "centroids": [[4.700931939209113, 1.2957602124661207, 3.0]]}, "mtl": 0}], "featureCount": 1, "startIndex": 0}