{"type": "block", "layer": 0, "block": 0, "features": [{"geom": {"polygons": [[[[-4.3266163865919225, 4.735409701243043], [-3.7565088935371023, 8.03850875236094], [0.03936796114430763, 8.03850875236094], [-0.5413136492716148, 4.104082029312849], [-4.3266163865919225, 4.735409701243043]]]], "centroids": [[-2.0929245394072495, 6.217540292069316, 3.0]], "h": 3.0}, "mtl": {"face": 0}}, {"geom": {"polygons": [[[[-6.256038811436156, -6.443312661722302], [-5.373865736706648, -1.3321624286472797], [-0.11801693149027415, -2.0625258777290583], [1.3983843255555257, 8.03850875236094], [1.405257091857493, 8.03850875236094], [6.256038811407052, 7.460954325273633], [3.798188669490628, -8.03850875236094], [3.7929967623203993, -8.03850875236094], [-6.256038811436156, -6.443312661722302]]]], "centroids": [[1.0703239037829917, -1.1117513589560986, 3.0]], "h": 3.0}, "mtl": {"face": 0}}, {"geom": {"polygons": [[[[-6.256038811436156, -6.443312661722302], [-5.373865736706648, -1.3321624286472797], [-0.11801693149027415, -2.0625258777290583], [1.3983843255555257, 8.03850875236094], [1.405257091857493, 8.03850875236094], [6.256038811407052, 7.460954325273633], [3.798188669490628, -8.03850875236094], [3.7929967623203993, -8.03850875236094], [-6.256038811436156, -6.443312661722302]]]], "centroids": [[1.0703239037829917, -1.1117513589560986, 6.0]], "h": 6.0}, "mtl": {"face": 1}}, {"geom": {"polygons": [[[[2.534023668471491, 7.904113067314029], [2.5483014247729443, 8.03850875236094], [6.347625353751937, 8.03850875236094], [6.25603881146526, 7.460954325273633], [2.534023668471491, 7.904113067314029]]]], "centroids": [[4.812240314116934, 7.837588597089052, 3.0]], "h": 3.0}, "mtl": {"face": 0}}], "featureCount": 4, "startIndex": 0}