{"type": "block", "layer": 0, "block": 0, "features": [{"geom": {"polygons": [[[[-8.81081076693954, -3.809291284531355], [-8.81081076693954, 0.9180744029581547], [-8.239013349841116, 6.143411653116345], [-7.739691936119925, 6.0848320461809635], [8.81081076693954, 3.76836259663105], [8.81081076693954, 3.761875854805112], [7.447294345096452, -6.0848320461809635], [-8.81081076693954, -3.809291284531355]]]], "centroids": [[-0.26111978632980026, 0.054666293784976006, 6.0]], "h": 6.0}, "mtl": {"face": 0}}, {"geom": {"polygons": [[[[-8.81081076693954, -3.809291284531355], [-8.81081076693954, -3.8010352216660976], [-7.739691936119925, 6.0848320461809635], [8.81081076693954, 3.76836259663105], [8.81081076693954, 3.761875854805112], [7.447294345096452, -6.0848320461809635], [-8.81081076693954, -3.809291284531355]]]], "centroids": [[-0.07129047720809467, 0.004433007910847664, 3.0]], "h": 3.0}, "mtl": {"face": 1}}, {"geom": {"polygons": [[[[-8.81081076693954, -3.809291284531355], [-8.81081076693954, -0.13208334520459175], [-2.3450896524009295, -1.1400549374520779], [-1.8335707057849504, 2.1771635748445988], [-8.558514650620054, 3.2236677054315805], [-8.239013349841116, 6.143411653116345], [-7.739691936119925, 6.0848320461809635], [8.81081076693954, 3.76836259663105], [8.81081076693954, 3.761875854805112], [7.447294345096452, -6.0848320461809635], [-8.81081076693954, -3.809291284531355]]]], "centroids": [[0.5321683278598357, -0.0980247762054205, 9.0]], "h": 9.0}, "mtl": {"face": 2}}], "featureCount": 3, "startIndex": 0}