{"type": "block", "layer": 1, "block": 0, "features": [{"geom": {"triangles": {"v": [-5.814511416683672, 6.406386386603117, 3.0, -7.470761416683672, -3.593613613396883, 3.0, 5.310488583316328, -5.593613613396883, 3.0, 6.904238583316328, 4.406386386603117, 3.0], "f": [0, 1, 2, 0, 2, 3]}, "centroids": [[-0.26019782287767157, 0.01529693603515625, 3.0]]}, "mtl": 0}], "featureCount": 1, "startIndex": 0}