{"type": "block", "layer": 1, "block": 0, "features": [{"geom": {"triangles": {"v": [-13.14022976657725, 6.771867172792554, 3.0, -14.70272976657725, -1.228132827207446, 3.0, 3.4847702334227506, 3.771867172792554, 3.0, 3.1097702334227506, -4.228132827207446, 3.0], "f": [0, 1, 2, 1, 3, 2]}, "centroids": [[-5.3466578359366395, 0.9984287917613983, 3.0]]}, "mtl": 0}], "featureCount": 1, "startIndex": 0}