{"type": "block", "layer": 1, "block": 0, "features": [{"geom": {"triangles": {"v": [-15.692355669278186, 8.549121104180813, 3.0, -17.770480669278186, -1.4508788958191872, 3.0, 3.917019330721814, 4.549121104180813, 3.0, 1.8857693307218142, -5.450878895819187, 3.0], "f": [0, 1, 2, 1, 3, 2]}, "centroids": [[-6.924616895528743, 1.4720799569040537, 3.0]]}, "mtl": 0}], "featureCount": 1, "startIndex": 0}