{"type": "block", "layer": 0, "block": 0, "features": [{"geom": {"polygons": [[[[-5.677956258063205, 0.40458047203719616], [-5.677956258063205, 0.4114181585609913], [-5.487961654434912, 2.3762017004191875], [-4.36086257675197, 2.2752274479717016], [-4.105219231045339, 5.415314726531506], [5.677956258063205, 4.50833479501307], [5.677956258063205, 4.502330677583814], [4.731677139352541, -5.415314726531506], [-4.9146131296874955, -4.528682719916105], [-4.734812747134129, -2.31948284804821], [-5.409976307186298, -2.2702672965824604], [-5.24792411015369, -0.04715414717793465], [-5.501824110164307, 0.10514585301280022], [-5.677956258063205, 0.40458047203719616]]]], "centroids": [[0.126263189536985, 0.019183412194252014, 3.0]], "h": 3.0}, "mtl": {"face": 0}}, {"geom": {"polygons": [[[[-5.677956258063205, 0.40458047203719616], [-5.677956258063205, 0.4114181585609913], [-5.487961654434912, 2.3762017004191875], [-4.9749102368659806, 2.330238586291671], [-4.727491439523874, 5.47300442121923], [5.677956258063205, 4.50833479501307], [5.677956258063205, -3.8743305169045925], [5.528540690749651, -5.488557882606983], [-5.231829455588013, -4.4995260033756495], [-5.536024110158905, -3.9994541481137276], [-5.24792411015369, -0.04715414717793465], [-5.501824110164307, 0.10514585301280022], [-5.677956258063205, 0.40458047203719616]]]], "centroids": [[0.19601821212563664, -0.04246509075164795, 6.0]], "h": 6.0}, "mtl": {"face": 1}}, {"geom": {"polygons": [[[[-5.677956258063205, -4.458520570769906], [-5.677956258063205, -1.9616146609187126], [-5.501824110164307, 0.10514585301280022], [-5.677956258063205, 0.40458047203719616], [-5.677956258063205, 0.4114181585609913], [-5.487961654434912, 2.3762017004191875], [-5.303165546589298, 2.359646236523986], [-5.047339486918645, 5.502656936645508], [5.677956258063205, 4.508334796875715], [5.677956258063205, -3.8743305169045925], [5.528540690749651, -5.488557882606983], [-5.677956258063205, -4.458520570769906]]]], "centroids": [[0.090287531435024, -0.027166839689016342, 9.0]], "h": 9.0}, "mtl": {"face": 2}}, {"geom": {"polygons": [[[[-5.677956258063205, -4.458520570769906], [-5.677956258063205, -1.9616146609187126], [-5.501824110164307, 0.10514585301280022], [-5.677956258063205, 0.40458047203719616], [-5.677956258063205, 0.4114181585609913], [-5.487961654434912, 2.3762017004191875], [-5.303165546589298, 2.359646236523986], [-5.047339486918645, 5.502656936645508], [5.677956258063205, 4.50833479501307], [5.677956258063205, -3.8743305169045925], [5.528540690749651, -5.488557882606983], [-5.677956258063205, -4.458520570769906]]]], "centroids": [[0.09028753126040101, -0.02716684155166149, 12.0]], "h": 12.0}, "mtl": {"face": 3}}, {"geom": {"polygons": [[[[-5.677956258063205, -4.458520570769906], [-5.677956258063205, -1.9616146609187126], [-5.501824110164307, 0.10514585301280022], [-5.677956258063205, 0.40458047203719616], [-5.677956258063205, 0.4114181585609913], [-5.487961654434912, 2.3762017004191875], [-5.303165546589298, 2.359646236523986], [-5.047339486918645, 5.502656936645508], [5.677956258063205, 4.50833479501307], [5.677956258063205, -3.8743305169045925], [5.528540690749651, -5.488557882606983], [-5.677956258063205, -4.458520570769906]]]], "centroids": [[0.09028753126040101, -0.02716684155166149, 15.0]], "h": 15.0}, "mtl": {"face": 4}}, {"geom": {"polygons": [[[[-4.9146131296874955, -4.528682719916105], [-4.27768288803054, 3.2964722607284784], [-1.2837786875898018, 3.0527827572077513], [-1.544699151912937, 0.2761617247015238], [0.03348242767970078, 0.11221545562148094], [-0.4908674985927064, -4.935288198292255], [-4.9146131296874955, -4.528682719916105]]]], "centroids": [[-2.582559484988451, -1.129279714077711, 18.0]], "h": 18.0}, "mtl": {"face": 5}}], "featureCount": 6, "startIndex": 0}