{"type": "block", "layer": 1, "block": 0, "features": [{"geom": {"triangles": {"v": [-13.4694471800467, 8.958769768476486, 3.0, -15.5163221800467, -1.0412302315235138, 3.0, 4.3118028199533, -5.041230231523514, 3.0, 6.4055528199533, 3.958769768476486, 3.0], "f": [0, 1, 2, 0, 2, 3]}, "centroids": [[-4.576319067709846, 1.5436964575201273, 3.0]]}, "mtl": 0}], "featureCount": 1, "startIndex": 0}