{"type": "block", "layer": 1, "block": 0, "features": [{"geom": {"triangles": {"v": [-3.5600143904448487, 20.351940717548132, 3.0, -5.778764390444849, -4.648059282451868, 3.0, 6.377485609555151, 19.351940717548132, 3.0, 4.143110609555151, -5.648059282451868, 3.0], "f": [0, 1, 2, 1, 3, 2]}, "centroids": [[0.29650537692941725, 7.342620784416795, 3.0]]}, "mtl": 0}], "featureCount": 1, "startIndex": 0}