{"type": "block", "layer": 1, "block": 0, "features": [{"geom": {"triangles": {"v": [-6.424249026866164, -6.741471569985151, 3.0, -8.330499026866164, -15.741471569985151, 3.0, -3.767999026866164, -16.74147156998515, 3.0, 3.357000973133836, -8.741471569985151, 3.0, 5.278875973133836, 1.2585284300148487, 3.0, -4.330499026866164, 3.2585284300148487, 3.0, -4.533624026866164, 3.2585284300148487, 3.0, 2.622625973133836, -17.74147156998515, 3.0, 16.903875973133836, -11.741471569985151, 3.0, 15.075750973133836, -20.74147156998515, 3.0], "f": [0, 1, 2, 0, 2, 3, 0, 3, 4, 5, 0, 4, 6, 0, 5, 2, 7, 3, 3, 7, 8, 7, 9, 8]}, "centroids": [[2.7584038080531172, -10.30375717766583, 3.0]]}, "mtl": 0}], "featureCount": 1, "startIndex": 0}