{"type": "block", "layer": 1, "block": 0, "features": [{"geom": {"triangles": {"v": [-1.7865521638304926, 10.28201330639422, 3.0, -4.880302163830493, -6.717986693605781, 3.0, 3.9321978361695074, -10.71798669360578, 3.0, 22.447822836169507, 1.2820133063942194, 3.0, 17.791572836169507, -16.71798669360578, 3.0], "f": [0, 1, 2, 0, 2, 3, 2, 4, 3]}, "centroids": [[8.66009123189724, -3.0552550330758095, 3.0]]}, "mtl": 0}], "featureCount": 1, "startIndex": 0}