{"type": "block", "layer": 1, "block": 0, "features": [{"geom": {"triangles": {"v": [-2.981657325406559, 3.403464077040553, 3.0, -2.325407325406559, -2.596535922959447, 3.0, 3.971467674593441, 2.403464077040553, 3.0, 14.893342674593441, -6.596535922959447, 3.0, 16.53396767459344, -0.5965359229594469, 3.0], "f": [0, 1, 2, 2, 1, 3, 2, 3, 4]}, "centroids": [[6.545279095851583, -1.5670929122716188, 3.0]]}, "mtl": 0}], "featureCount": 1, "startIndex": 0}