{"type": "block", "layer": 1, "block": 0, "features": [{"geom": {"triangles": {"v": [-2.5907430998631753, 10.763294350355864, 3.0, -6.371993099863175, -5.236705649644136, 3.0, 3.3780069001368247, -8.236705649644136, 3.0, 7.674881900136825, 11.763294350355864, 3.0, -2.1063680998631753, 13.763294350355864, 3.0], "f": [0, 1, 2, 0, 2, 3, 4, 0, 3]}, "centroids": [[0.672200200293446, 2.9707491043955088, 3.0]]}, "mtl": 0}], "featureCount": 1, "startIndex": 0}