{"type": "block", "layer": 0, "block": 0, "features": [{"geom": {"polygons": [[[[-4.6135949172021355, 5.13135689496994], [-4.597475129878148, 5.321945844218135], [5.321945843548747, 5.321945844218135], [5.321945843548747, 4.251452973112464], [-4.6135949172021355, 5.13135689496994]]]], "centroids": [[1.511075613059802, 4.95543927885592, 3.0]], "h": 3.0}, "mtl": {"face": 0}}, {"geom": {"polygons": [[[[-5.321945843548747, -3.2500228509306908], [-5.321945843548747, -3.24368279799819], [-4.69795804421301, 4.133907027542591], [5.321945843548747, 3.246531816199422], [5.321945843548747, 3.2405681870877743], [4.658538373769261, -4.133907025679946], [-5.321945843548747, -3.2500228509306908]]]], "centroids": [[-0.009643296449212357, 0.0015520788729190826, 3.0]], "h": 3.0}, "mtl": {"face": 0}}, {"geom": {"polygons": [[[[-5.321945843548747, -3.2500228509306908], [-5.321945843548747, -3.24368279799819], [-4.69795804421301, 4.133907027542591], [5.321945843548747, 3.246531816199422], [5.321945843548747, 3.2405681870877743], [4.658538373769261, -4.133907025679946], [-5.321945843548747, -3.2500228509306908]]]], "centroids": [[-0.009643296449212357, 0.0015520788729190826, 6.0]], "h": 6.0}, "mtl": {"face": 1}}], "featureCount": 3, "startIndex": 0}