{"type": "block", "layer": 0, "block": 0, "features": [{"geom": {"polygons": [[[[-2.6144080360245425, -2.5953070614486933], [-1.4453267687640619, 2.87506484426558], [-1.4438962586864363, 2.87506484426558], [2.6144080359954387, 2.0227262638509274], [1.9848565070715267, -1.108578585088253], [-0.7293222553562373, -0.5620247274637222], [-1.223645477934042, -2.87506484426558], [-1.2251348301651888, -2.87506484426558], [-2.6144080360245425, -2.5953070614486933]]]], "centroids": [[-0.13181105331750587, 0.38327439315617085, 3.0]], "h": 3.0}, "mtl": {"face": 0}}], "featureCount": 1, "startIndex": 0}