{"type": "block", "layer": 0, "block": 0, "features": [{"geom": {"polygons": [[[[-6.111655409884406, -4.9860000014305115], [-5.111398850480327, 2.1556494161486626], [-2.74853773767245, 1.859843622893095], [-2.6051712032058276, 2.934713803231716], [-4.958524409594247, 3.2471450436860323], [-4.466750076127937, 6.758324099704623], [-4.461986123875249, 6.758324099704623], [6.111655409884406, 5.227742476388812], [4.47343697026372, -6.758324099704623], [4.469309384119697, -6.758324099704623], [-6.111655409884406, -4.9860000014305115]]]], "centroids": [[0.09887816433911212, 0.0024173855781555176, 3.0]], "h": 3.0}, "mtl": {"face": 0}}, {"geom": {"polygons": [[[[-6.210037508048117, -5.747817400842905], [-6.111655409884406, -4.9860000014305115], [-5.111398850480327, 2.1556494161486626], [-2.74853773767245, 1.859843622893095], [-2.6051712032058276, 2.934713803231716], [-4.958524409594247, 3.2471450436860323], [-4.466750076127937, 6.758324099704623], [-4.461986123875249, 6.758324099704623], [6.111655409884406, 5.227742476388812], [4.47343697026372, -6.758324099704623], [-0.10755614802474156, -6.758324099704623], [-6.210037508048117, -5.747817400842905]]]], "centroids": [[0.0016963508678600192, -0.2918474804610014, 6.0]], "h": 6.0}, "mtl": {"face": 1}}, {"geom": {"polygons": [[[[-6.210037508048117, -5.747817400842905], [-6.111655409884406, -4.9860000014305115], [-5.111398850480327, 2.1556494161486626], [-2.74853773767245, 1.859843622893095], [-2.6051712032058276, 2.934713803231716], [-4.958524409594247, 3.2471450436860323], [-4.466750076127937, 6.758324099704623], [-4.461986123875249, 6.758324099704623], [6.111655409884406, 5.227742476388812], [4.47343697026372, -6.758324099704623], [-0.10755614802474156, -6.758324099704623], [-6.210037508048117, -5.747817400842905]]]], "centroids": [[0.0016963508678600192, -0.2918474804610014, 9.0]], "h": 9.0}, "mtl": {"face": 2}}, {"geom": {"polygons": [[[[-6.210037508048117, -5.747817400842905], [-6.111655409884406, -4.9860000014305115], [-5.111398850480327, 2.1556494161486626], [-2.74853773767245, 1.859843622893095], [-2.6051712032058276, 2.934713803231716], [-4.958524409594247, 3.2471450436860323], [-4.466750076127937, 6.758324099704623], [-4.461986123875249, 6.758324099704623], [6.111655409884406, 5.227742476388812], [4.47343697026372, -6.758324099704623], [-0.10755614802474156, -6.758324099704623], [-6.210037508048117, -5.747817400842905]]]], "centroids": [[0.0016963508678600192, -0.2918474804610014, 12.0]], "h": 12.0}, "mtl": {"face": 3}}], "featureCount": 4, "startIndex": 0}