{"type": "block", "layer": 1, "block": 0, "features": [{"geom": {"triangles": {"v": [-0.379837432235945, 12.355881592258811, 3.0, -4.489212432235945, -1.644118407741189, 3.0, 6.713912567764055, 9.355881592258811, 3.0, 2.651412567764055, -4.644118407741189, 3.0], "f": [0, 1, 2, 1, 3, 2]}, "centroids": [[1.1194556500995532, 3.9640227798372507, 3.0]]}, "mtl": 0}], "featureCount": 1, "startIndex": 0}