{"type": "block", "layer": 0, "block": 0, "features": [{"geom": {"polygons": [[[[-6.610538879234809, -4.790349882096052], [-6.610538879234809, -4.786266341805458], [-4.884500000422122, 5.596756681799889], [6.610538879234809, 4.617812981829047], [6.610538879234809, 4.615113640204072], [5.6932001398236025, 0.9477572422474623], [5.451437104755314, 0.027111584320664406], [-0.09671871532918885, 0.7905018366873264], [-1.6073932850267738, -5.596756683662534], [-6.610538879234809, -4.790349882096052]]]], "centroids": [[-1.090306998376036, 0.9399522673338652, 3.0]], "h": 3.0}, "mtl": {"face": 0}}, {"geom": {"polygons": [[[[-6.610538879234809, -4.790349882096052], [-6.610538879234809, -4.786266341805458], [-4.8845000017026905, 5.596756678074598], [6.610538879234809, 4.617812981829047], [6.610538879234809, 4.615113640204072], [5.69319986042683, 0.9477561507374048], [5.451437098789029, 0.027111584320664406], [-0.09671871532918885, 0.7905018366873264], [-1.6073932851140853, -5.596756683662534], [-6.610538879234809, -4.790349882096052]]]], "centroids": [[-1.0903069993946701, 0.9399522617459297, 6.0]], "h": 6.0}, "mtl": {"face": 1}}], "featureCount": 2, "startIndex": 0}