{"type": "block", "layer": 1, "block": 0, "features": [{"geom": {"triangles": {"v": [5.685949999082368, 1.2957566790282726, 3.0, -4.892175000917632, 5.295756679028273, 3.0, -6.610925000917632, -4.704243320971727, 3.0, 6.607824999082368, 4.295756679028273, 3.0, 3.748449999082368, -6.704243320971727, 3.0], "f": [0, 1, 2, 1, 0, 3, 0, 2, 4]}, "centroids": [[-0.1909500770852901, -0.18849912285804749, 3.0]]}, "mtl": 0}], "featureCount": 1, "startIndex": 0}