{"type": "block", "layer": 0, "block": 0, "features": [{"geom": {"polygons": [[[[-4.723544659733307, -2.7058453913778067], [0.6514200377569068, 5.508236492052674], [0.6525789644801989, 5.508236492052674], [4.723544659733307, 2.699544332921505], [-0.35244100700947456, -5.508236492052674], [-0.35364070293144323, -5.508236492052674], [-4.723544659733307, -2.7058453913778067]]]], "centroids": [[0.047191274468787014, -0.031075065955519676, 3.0]], "h": 3.0}, "mtl": {"face": 0}}, {"geom": {"polygons": [[[[-4.723544659733307, -2.7058453913778067], [0.6514200377569068, 5.508236492052674], [0.6525789644801989, 5.508236492052674], [4.723544659733307, 2.699544332921505], [-0.35244100700947456, -5.508236492052674], [-0.35364070293144323, -5.508236492052674], [-4.723544659733307, -2.7058453913778067]]]], "centroids": [[0.047191274468787014, -0.031075065955519676, 6.0]], "h": 6.0}, "mtl": {"face": 1}}], "featureCount": 2, "startIndex": 0}