{"type": "block", "layer": 1, "block": 0, "features": [{"geom": {"triangles": {"v": [-0.11733381464728154, 16.724954649806023, 3.0, -13.617333814647282, -4.275045350193977, 3.0, 9.179541185352718, 9.724954649806023, 3.0, -4.1173338146472815, -11.275045350193977, 3.0], "f": [0, 1, 2, 1, 3, 2]}, "centroids": [[-2.1982356709777378, 2.5081602819263935, 3.0]]}, "mtl": 0}], "featureCount": 1, "startIndex": 0}