{"type": "block", "layer": 0, "block": 0, "features": [{"geom": {"polygons": [[[[-5.219614913745318, -5.21961491368711], [-5.219614913745318, -1.1374545097351074], [-3.750761394476285, -0.8087261449545622], [-2.7636065463884734, -5.21961491368711], [-5.219614913745318, -5.21961491368711]]]], "centroids": [[-4.2030110250925645, -3.264508232474327, 3.0]], "h": 3.0}, "mtl": {"face": 0}}, {"geom": {"polygons": [[[[-5.219614913745318, -5.21961491368711], [-5.219614913745318, -1.1374567747116089], [-3.7509806750458665, -0.8087774850428104], [-2.7636264412431046, -5.21961491368711], [-5.219614913745318, -5.21961491368711]]]], "centroids": [[-4.203063958178973, -3.264566222205758, 6.0]], "h": 6.0}, "mtl": {"face": 1}}, {"geom": {"polygons": [[[[-4.085020674829138, 4.203667553141713], [0.43575969099765643, 5.21961491368711], [0.43828584961011074, 5.21961491368711], [4.085020674829138, -4.1444498635828495], [-0.7854172516381368, -5.21961491368711], [-0.7879645892244298, -5.21961491368711], [-4.085020674829138, 4.203667553141713]]]], "centroids": [[-0.06556146941147745, -0.042247092351317406, 3.0]], "h": 3.0}, "mtl": {"face": 0}}, {"geom": {"polygons": [[[[-4.085020674829138, 4.203667553141713], [0.43575969099765643, 5.21961491368711], [0.43828584961011074, 5.21961491368711], [4.085020674829138, -4.1444498635828495], [-0.7854172516381368, -5.21961491368711], [-0.7879645892244298, -5.21961491368711], [-4.085020674829138, 4.203667553141713]]]], "centroids": [[-0.06556146941147745, -0.042247092351317406, 6.0]], "h": 6.0}, "mtl": {"face": 1}}], "featureCount": 4, "startIndex": 0}