{"type": "block", "layer": 0, "block": 0, "features": [{"geom": {"polygons": [[[[-7.685973860905506, -2.478559795767069], [-7.685973860905506, -2.4732500296086073], [-5.9947425352584105, 6.8775000013411045], [7.685973860905506, 3.9269384760409594], [7.685973860905506, 3.9248899333178997], [6.342157464823686, 0.6334000006318092], [5.065800399839645, 0.9719208534806967], [3.7242574648407754, -6.877499999478459], [-6.641654050181387, -3.9183990452438593], [-7.685973860905506, -2.478559795767069]]]], "centroids": [[-0.7107820781238843, 0.29834001511335373, 3.0]], "h": 3.0}, "mtl": {"face": 0}}, {"geom": {"polygons": [[[[-7.685973860905506, -3.500482836738229], [-7.685973860905506, 0.897948982194066], [-6.586133782635443, 6.978920573368669], [-5.9947425352584105, 6.8775000013411045], [7.685973860905506, 3.9269384760409594], [7.685973860905506, 3.9248899333178997], [6.342157464823686, 0.6334000006318092], [5.065800399839645, 0.9719208534806967], [3.7242574648407754, -6.877499999478459], [3.6047908932960127, -7.467364802956581], [-7.005658344249241, -4.438456982374191], [-7.685973860905506, -3.500482836738229]]]], "centroids": [[-0.9856338579265866, 0.09860837645828724, 6.0]], "h": 6.0}, "mtl": {"face": 1}}, {"geom": {"polygons": [[[[-7.685973860905506, -3.75596359744668], [-7.685973860905506, 1.7407487332820892], [-6.7339815945597365, 7.004275714978576], [-5.9947425352584105, 6.8775000013411045], [7.685973860905506, 3.9269384760409594], [7.685973860905506, 3.9248899333178997], [6.342157464823686, 0.6334000006318092], [5.065800399839645, 0.9719208534806967], [3.7242574648407754, -6.877499999478459], [3.574924249376636, -7.614831002429128], [-7.096659417788032, -4.568471467122436], [-7.685973860905506, -3.75596359744668]]]], "centroids": [[-1.0358984088234138, 0.050249068066477776, 9.0]], "h": 9.0}, "mtl": {"face": 2}}, {"geom": {"polygons": [[[[-7.685973860905506, -4.011444358155131], [-7.685973860905506, 2.5835484713315964], [-6.881829401652794, 7.029630856588483], [-5.9947425352584105, 6.8775000013411045], [7.685973860905506, 3.9269384760409594], [7.685973860905506, 3.9248899333178997], [6.342157464823686, 0.6334000006318092], [5.065800399839645, 0.9719208534806967], [3.7242574648407754, -6.877499999478459], [3.560515534307342, -7.685973860323429], [3.277692267758539, -7.685973860323429], [-7.18766049129772, -4.69848595187068], [-7.685973860905506, -4.011444358155131]]]], "centroids": [[-1.0799518308485858, 0.001406477764248848, 12.0]], "h": 12.0}, "mtl": {"face": 3}}, {"geom": {"polygons": [[[[-7.464868366456358, 3.8060318790376186], [-6.881829418474808, 7.029630860313773], [-5.994743279734394, 6.87750012986362], [7.685973860905506, 3.9269384760409594], [7.685973860905506, 3.9248899333178997], [6.342157464823686, 0.6334000006318092], [5.065800399839645, 0.9719208534806967], [3.7242574648407754, -6.877499999478459], [3.560515534307342, -7.685973860323429], [3.2776922677003313, -7.685973860323429], [-1.3391625485382974, -6.3680251725018024], [-0.41250324467546307, -2.425305051729083], [-1.0162976559367962, -2.274199975654483], [0.27379134873626754, 2.0557485353201628], [-7.464868366456358, 3.8060318790376186]]]], "centroids": [[0.8773943270498421, 0.7352363970130682, 15.0]], "h": 15.0}, "mtl": {"face": 4}}, {"geom": {"polygons": [[[[-7.464868366456358, 3.8060318790376186], [-6.881829406454926, 7.029630858451128], [-5.994741795613663, 6.877499841153622], [7.685973860905506, 3.9269384760409594], [7.685973860905506, 3.9248899333178997], [6.342157464823686, 0.6334000006318092], [5.065800399839645, 0.9719208534806967], [-7.464868366456358, 3.8060318790376186]]]], "centroids": [[-0.012151675735367462, 3.8687185645103455, 18.0]], "h": 18.0}, "mtl": {"face": 5}}], "featureCount": 6, "startIndex": 0}