{"type": "block", "layer": 1, "block": 0, "features": [{"geom": {"triangles": {"v": [-6.001117535168305, 6.474500000476837, 3.0, -7.688617535168305, -2.525499999523163, 3.0, 5.061382464831695, 0.47450000047683716, 3.0, 7.686382464831695, 3.474500000476837, 3.0, 6.342632464831695, 0.47450000047683716, 3.0, -6.641742535168305, -3.525499999523163, 3.0, 3.717632464831695, -6.525499999523163, 3.0], "f": [0, 1, 2, 3, 0, 2, 3, 2, 4, 2, 1, 5, 2, 5, 6]}, "centroids": [[-0.7107813397306018, 0.29828352853655815, 3.0]]}, "mtl": 0}], "featureCount": 1, "startIndex": 0}