{"type": "block", "layer": 1, "block": 0, "features": [{"geom": {"triangles": {"v": [-15.12609787855763, 8.19741173274815, 3.0, -16.73547287855763, 0.19741173274815083, 3.0, 4.23327712144237, 3.197411732748151, 3.0, 2.48327712144237, -4.802588267251849, 3.0], "f": [0, 1, 2, 1, 3, 2]}, "centroids": [[-6.288219220790779, 1.4128810930997133, 3.0]]}, "mtl": 0}], "featureCount": 1, "startIndex": 0}