{"type": "block", "layer": 1, "block": 0, "features": [{"geom": {"triangles": {"v": [-4.056409075768897, -7.380739899352193, 3.0, -4.618909075768897, -15.380739899352193, 3.0, 8.693590924231103, -12.380739899352193, 3.0, 9.490465924231103, -3.380739899352193, 3.0, -2.9626590757688973, 5.619260100647807, 3.0, -4.118909075768897, -7.380739899352193, 3.0, 9.912340924231103, 1.6192601006478071, 3.0, 10.115465924231103, 3.619260100647807, 3.0, 8.271715924231103, -17.380739899352193, 3.0], "f": [0, 1, 2, 0, 2, 3, 4, 0, 3, 5, 0, 4, 4, 3, 6, 4, 6, 7, 1, 8, 2]}, "centroids": [[2.655641279066913, -5.895196910947561, 3.0]]}, "mtl": 0}], "featureCount": 1, "startIndex": 0}