{"type": "block", "layer": 1, "block": 0, "features": [{"geom": {"triangles": {"v": [-4.455264887277735, 6.27846241556108, 3.0, -6.517764887277735, -3.72153758443892, 3.0, -2.9708898872777354, -3.72153758443892, 3.0, 3.9041101127222646, -5.72153758443892, 3.0, 16.029110112722265, 2.27846241556108, 3.0, 13.872860112722265, -7.72153758443892, 3.0], "f": [0, 1, 2, 0, 2, 3, 4, 0, 3, 4, 3, 5]}, "centroids": [[4.74390667382977, -0.6347547359764576, 3.0]]}, "mtl": 0}], "featureCount": 1, "startIndex": 0}