{"type": "block", "layer": 0, "block": 0, "features": [{"geom": {"polygons": [[[[-6.011328602588037, -3.727206777781248], [-6.011328602588037, -3.7241917736828327], [-3.995220661192434, 5.982709476724267], [1.9869493065052666, 4.760829808190465], [1.0494193196063861, 0.6351526118814945], [1.944579974428052, -1.3329982571303844], [6.011328602588037, -2.1589005030691624], [6.011328602588037, -2.1620231308043003], [5.245808156469138, -5.982709474861622], [-6.011328602588037, -3.727206777781248]]]], "centroids": [[-0.7037831135967281, -0.5295391380786896, 3.0]], "h": 3.0}, "mtl": {"face": 0}}, {"geom": {"polygons": [[[[-6.011328602588037, -3.727206777781248], [-6.011328602588037, -3.7241917736828327], [-3.995220661192434, 5.982709476724267], [1.9869493065052666, 4.760829808190465], [1.0494193196063861, 0.6351526118814945], [1.944579974428052, -1.3329982571303844], [6.011328602588037, -2.1589005030691624], [6.011328602588037, -2.1620231308043003], [5.245808156469138, -5.982709474861622], [-6.011328602588037, -3.727206777781248]]]], "centroids": [[-0.7037831135967281, -0.5295391380786896, 6.0]], "h": 6.0}, "mtl": {"face": 1}}, {"geom": {"polygons": [[[[-6.011328602588037, -3.727206777781248], [-6.011328602588037, -3.7241917736828327], [-5.072524902498117, 0.7958414144814014], [-0.6693250514217652, -0.11068387888371944], [-1.0126469036040362, -1.7811686862260103], [5.81359816834447, -3.14888896048069], [5.245808156469138, -5.982709474861622], [-6.011328602588037, -3.727206777781248]]]], "centroids": [[-0.6526822590094525, -2.8835389968007803, 9.0]], "h": 9.0}, "mtl": {"face": 2}}], "featureCount": 3, "startIndex": 0}