{"type": "block", "layer": 1, "block": 0, "features": [{"geom": {"triangles": {"v": [-3.997408464027103, 6.239279635250568, 3.0, -6.013033464027103, -3.7607203647494316, 3.0, 13.408841535972897, -7.760720364749432, 3.0, 15.580716535972897, 2.2392796352505684, 3.0], "f": [0, 1, 2, 0, 2, 3]}, "centroids": [[4.734202467487194, -0.834818771108985, 3.0]]}, "mtl": 0}], "featureCount": 1, "startIndex": 0}