{"type": "block", "layer": 1, "block": 0, "features": [{"geom": {"triangles": {"v": [-6.87044087407412, 5.62904541566968, 3.0, -8.05794087407412, -2.3709545843303204, 3.0, 15.62955912592588, 0.6290454156696796, 3.0, 14.37955912592588, -7.37095458433032, 3.0], "f": [0, 1, 2, 1, 3, 2]}, "centroids": [[3.7417887500778306, -0.9879946392029524, 3.0]]}, "mtl": 0}], "featureCount": 1, "startIndex": 0}