{"type": "block", "layer": 1, "block": 0, "features": [{"geom": {"triangles": {"v": [-3.9968495644570794, 3.8755194544792175, 3.0, -8.23122456445708, -7.1244805455207825, 3.0, 5.815650435542921, 0.8755194544792175, 3.0, 1.6906504355429206, -11.124480545520782, 3.0], "f": [0, 1, 2, 1, 3, 2]}, "centroids": [[-1.1795759231899865, -3.285155324265361, 3.0]]}, "mtl": 0}], "featureCount": 1, "startIndex": 0}