{"type": "block", "layer": 0, "block": 0, "features": [{"geom": {"polygons": [[[[-9.202663249510806, -0.9251375682651997], [-9.202663249510806, -0.9206669703125954], [-8.018483607505914, 4.580057801678777], [9.202663249510806, 1.144362609833479], [9.202663249510806, 1.139745656400919], [8.015235322760418, -4.580057799816132], [-9.202663249510806, -0.9251375682651997]]]], "centroids": [[0.052812404464930296, 0.04259773530066013, 3.0]], "h": 3.0}, "mtl": {"face": 0}}, {"geom": {"polygons": [[[[-9.202663249510806, -0.92513757199049], [-9.202663249510806, 2.564303683117032], [-8.746015021024505, 4.725203549489379], [-8.01848360785516, 4.580057801678777], [9.202663249510806, 1.1443626079708338], [9.202663249510806, 1.1397456545382738], [8.015235322760418, -4.580057801678777], [-9.202663249510806, -0.92513757199049]]]], "centroids": [[-0.19211286550853401, 0.11389610543847084, 6.0]], "h": 6.0}, "mtl": {"face": 1}}], "featureCount": 2, "startIndex": 0}