{"type": "block", "layer": 1, "block": 0, "features": [{"geom": {"triangles": {"v": [-6.464481095026713, 5.025972591713071, 3.0, -10.605106095026713, -13.97402740828693, 3.0, -0.7769810950267129, -15.97402740828693, 3.0, 3.285518904973287, 3.025972591713071, 3.0], "f": [0, 1, 2, 3, 0, 2]}, "centroids": [[-3.636671926768031, -5.414246222004294, 3.0]]}, "mtl": 0}], "featureCount": 1, "startIndex": 0}