{"type": "block", "layer": 0, "block": 0, "features": [{"geom": {"polygons": [[[[-5.7952826395921875, -2.845437604933977], [-5.7952826395921875, -2.842852756381035], [-3.8804557613038924, 5.224203135818243], [5.7952826395921875, 2.3365389239042997], [5.7952826395921875, 2.3334761410951614], [5.060406155855162, -1.3306088764220476], [4.975162225106033, -1.755634056404233], [4.907245658658212, -2.4643614534288645], [4.4671994973905385, -2.3890201542526484], [3.8402084519620985, -5.224203135818243], [-5.7952826395921875, -2.845437604933977]]]], "centroids": [[-0.020267420128220692, -0.10432047210633755, 3.0]], "h": 3.0}, "mtl": {"face": 0}}, {"geom": {"polygons": [[[[-5.7952826395921875, -2.845437604933977], [-5.7952826395921875, -2.842852756381035], [-3.8804557613038924, 5.224203135818243], [5.7952826395921875, 2.3365389239042997], [5.7952826395921875, -0.0896412543952465], [5.306494453572668, -2.5554569642990828], [4.907245661510387, -2.4643614534288645], [4.4671994973905385, -2.3890201542526484], [3.8402084519620985, -5.224203135818243], [-5.7952826395921875, -2.845437604933977]]]], "centroids": [[0.09430099913151935, -0.11481139622628689, 6.0]], "h": 6.0}, "mtl": {"face": 1}}, {"geom": {"polygons": [[[[-5.7952826395921875, -2.845437604933977], [-5.7952826395921875, -2.842852756381035], [-3.8804557613038924, 5.224203135818243], [5.7952826395921875, 2.3365389239042997], [5.7952826395921875, -0.0896412543952465], [5.306494453572668, -2.5554569642990828], [4.907245658541797, -2.4643614534288645], [4.4671994973905385, -2.3890201542526484], [3.8402084519620985, -5.224203135818243], [-5.7952826395921875, -2.845437604933977]]]], "centroids": [[0.09430099916062318, -0.11481139622628689, 9.0]], "h": 9.0}, "mtl": {"face": 2}}, {"geom": {"polygons": [[[[-5.7952826395921875, -2.845437604933977], [-5.7952826395921875, -2.842852756381035], [-3.8804557613038924, 5.224203135818243], [5.7952826395921875, 2.3365389239042997], [5.7952826395921875, -0.0896412543952465], [5.306494453572668, -2.5554569642990828], [4.907245658629108, -2.4643614534288645], [4.4671994973905385, -2.3890201542526484], [3.8402084519620985, -5.224203135818243], [-5.7952826395921875, -2.845437604933977]]]], "centroids": [[0.09430099913151935, -0.11481139808893204, 12.0]], "h": 12.0}, "mtl": {"face": 3}}], "featureCount": 4, "startIndex": 0}