{"type": "block", "layer": 1, "block": 0, "features": [{"geom": {"triangles": {"v": [-14.840887774247676, 8.697365947067738, 3.0, -16.872137774247676, -2.3026340529322624, 3.0, -12.434637774247676, -2.3026340529322624, 3.0, -6.294012774247676, -3.3026340529322624, 3.0, 5.799737225752324, 2.6973659470677376, 3.0, -0.5440127742476761, -5.302634052932262, 3.0, 4.971612225752324, -1.3026340529322624, 3.0, 4.518487225752324, -6.302634052932262, 3.0, -12.684637774247676, -3.3026340529322624, 3.0], "f": [0, 1, 2, 0, 2, 3, 3, 4, 0, 5, 4, 3, 6, 4, 5, 5, 7, 6, 1, 8, 2]}, "centroids": [[-5.730505825544242, 0.8409526385366917, 3.0]]}, "mtl": 0}], "featureCount": 1, "startIndex": 0}