{"type": "block", "layer": 0, "block": 0, "features": [{"geom": {"polygons": [[[[-15.22777754656272, -11.642641685903072], [-15.22777754656272, -11.633076068013906], [-11.171699523867574, 13.233700001612306], [15.22777754656272, 10.899034682661295], [15.22777754656272, 10.889055512845516], [13.669527724938234, 0.8162526246160269], [-2.3304841164208483, 2.1165493950247765], [-4.643299523857422, -13.23369999974966], [-15.22777754656272, -11.642641685903072]]]], "centroids": [[-2.4953114249219652, 2.5448219068348408, 3.0]], "h": 3.0}, "mtl": {"face": 0}}], "featureCount": 1, "startIndex": 0}