{"type": "block", "layer": 0, "block": 0, "features": [{"geom": {"polygons": [[[[-6.441480221372331, -3.479945445433259], [-6.441480221372331, 6.441480221226811], [-4.482163765496807, 6.441480221226811], [-4.429654323641444, 6.431388830766082], [-1.680327716487227, 5.802260849624872], [-2.3996098113420885, 2.8945145811885595], [-5.0284320511855185, 3.481488334015012], [-6.441480221372331, -3.479945445433259]]]], "centroids": [[-4.688604834576836, 3.827325187623501, 3.0]], "h": 3.0}, "mtl": {"face": 0}}, {"geom": {"polygons": [[[[-6.441480221372331, -4.182963069528341], [-6.441480221372331, 3.796999279409647], [-2.3996098113420885, 2.8945145811885595], [-1.680327716487227, 5.802260849624872], [6.441480221372331, 3.9437487963587046], [6.441480221372331, 3.940539352595806], [4.3917202753946185, -5.802260858938098], [4.2923232593457215, -6.274709144607186], [4.0390689790656324, -6.300951510667801], [3.8006997145712376, -6.315587159246206], [3.4722783749748487, -6.319894904270768], [3.144848695374094, -6.305922383442521], [2.7890498058404773, -6.269903471693397], [2.484545463346876, -6.221548743546009], [2.2380281036894303, -6.170271763578057], [1.8796144792286213, -6.075700715184212], [1.5816338785516564, -5.978232767432928], [1.2675487211963627, -5.855899719521403], [1.0346195436432026, -5.75138976611197], [0.8443156477005687, -5.656746096909046], [0.5594225127715617, -5.498408941552043], [0.36085254707722925, -5.375344332307577], [-4.1343218469119165, -4.3470256719738245], [-4.249370962264948, -4.356221100315452], [-4.414658811641857, -4.36626891605556], [-4.578254369611386, -4.3725541811436415], [-4.803055230004247, -4.37526828981936], [-5.0314741912297904, -4.371009528636932], [-5.2917937756865285, -4.357516249641776], [-5.554121610010043, -4.334557933732867], [-5.908375395316398, -4.288478555157781], [-6.2252110926492605, -4.232341004535556], [-6.441480221372331, -4.182963069528341]]]], "centroids": [[-0.0812895329145249, -0.2696022130548954, 6.0]], "h": 6.0}, "mtl": {"face": 1}}, {"geom": {"polygons": [[[[-6.441480221372331, -4.182963069528341], [-6.441480221372331, 3.796999279409647], [-2.3996098113420885, 2.8945145811885595], [-1.680327716487227, 5.802260849624872], [6.441480221372331, 3.9437487963587046], [6.441480221372331, 3.940539352595806], [4.3917202753946185, -5.802260858938098], [4.2923232593457215, -6.274709144607186], [4.039068940852303, -6.300951501354575], [3.8006997145712376, -6.315587159246206], [3.4722783367615193, -6.319894894957542], [3.1448486571607646, -6.305922374129295], [2.7890498058404773, -6.269903471693397], [2.484545425133547, -6.221548734232783], [2.2380281036894303, -6.170271763578057], [1.8796144792286213, -6.075700715184212], [1.581633840338327, -5.978232758119702], [1.2675487211963627, -5.855899719521403], [1.0346195436432026, -5.75138976611197], [0.8443156477005687, -5.656746096909046], [0.5594225127715617, -5.498408941552043], [0.36085250886389986, -5.375344322994351], [-4.1343218469119165, -4.3470256719738245], [-4.249371000478277, -4.356221091002226], [-4.414658849855186, -4.366268906742334], [-4.578254369611386, -4.3725541811436415], [-4.803055268217577, -4.375268280506134], [-5.0314741912297904, -4.371009528636932], [-5.2917937756865285, -4.357516249641776], [-5.554121648223372, -4.3345579244196415], [-5.908375433529727, -4.288478545844555], [-6.2252110926492605, -4.232341004535556], [-6.441480221372331, -4.182963069528341]]]], "centroids": [[-0.08128953273990192, -0.2696022130548954, 9.0]], "h": 9.0}, "mtl": {"face": 2}}, {"geom": {"polygons": [[[[-6.441480221372331, 3.796999279409647], [-6.441480221372331, 6.441480221226811], [-4.482163765642326, 6.441480221226811], [-4.429654323786963, 6.431388830766082], [-1.6803277166327462, 5.802260849624872], [-2.3996098114876077, 2.8945145811885595], [-5.0284320511855185, 3.481488334015012], [-6.441480221372331, 3.796999279409647]]]], "centroids": [[-4.186480935022701, 4.830564636737108, 9.0]], "h": 9.0}, "mtl": {"face": 2}}, {"geom": {"polygons": [[[[-6.441480221372331, -4.182963067665696], [-6.441480221372331, 3.796999279409647], [-2.3996098114876077, 2.8945145811885595], [-1.680327716487227, 5.802260849624872], [6.441480221372331, 3.9437487963587046], [6.441480221372331, 3.940539352595806], [4.3917202753946185, -5.802260858938098], [4.2923232593457215, -6.274709144607186], [4.039068940852303, -6.300951501354575], [3.800699676357908, -6.3155871499329805], [3.4722783367615193, -6.319894894957542], [3.1448486571607646, -6.305922374129295], [2.789049767627148, -6.269903462380171], [2.484545425133547, -6.221548734232783], [2.238028065476101, -6.1702717542648315], [1.879614441015292, -6.075700705870986], [1.581633840338327, -5.978232758119702], [1.2675486829830334, -5.855899710208178], [1.0346195054298732, -5.751389756798744], [0.8443156094872393, -5.65674608759582], [0.5594224745582324, -5.498408932238817], [0.36085250886389986, -5.375344322994351], [-4.134321885125246, -4.347025662660599], [-4.249371000478277, -4.356221091002226], [-4.414658849855186, -4.366268906742334], [-4.578254407824716, -4.372554171830416], [-4.803055268217577, -4.375268280506134], [-5.03147422944312, -4.371009519323707], [-5.291793813899858, -4.35751624032855], [-5.554121648223372, -4.3345579244196415], [-5.908375433529727, -4.288478545844555], [-6.22521113086259, -4.23234099522233], [-6.441480221372331, -4.182963067665696]]]], "centroids": [[-0.08128953239065595, -0.2696022093296051, 12.0]], "h": 12.0}, "mtl": {"face": 3}}, {"geom": {"polygons": [[[[-6.441480221372331, 3.796999277547002], [-6.441480221372331, 6.441480221226811], [-4.482163765642326, 6.441480221226811], [-4.429654323786963, 6.431388830766082], [-1.6803277166327462, 5.802260849624872], [-2.3996098114876077, 2.8945145811885595], [-5.0284320511855185, 3.481488334015012], [-6.441480221372331, 3.796999277547002]]]], "centroids": [[-4.18648093516822, 4.830564636737108, 12.0]], "h": 12.0}, "mtl": {"face": 3}}, {"geom": {"polygons": [[[[-6.441480221372331, -3.4832570794969797], [-6.441480221372331, -3.479945445433259], [-5.0284320511855185, 3.481488334015012], [-2.3996098113420885, 2.8945145811885595], [-1.6803277716389857, 5.802260860800743], [6.441480221372331, 3.9437487963587046], [6.441480221372331, 3.940539352595806], [4.3917202753946185, -5.802260858938098], [-6.441480221372331, -3.4832570794969797]]]], "centroids": [[0.2467813961848151, -0.07043320126831532, 3.0]], "h": 3.0}, "mtl": {"face": 0}}, {"geom": {"polygons": [[[[-6.441480221372331, 3.796999279409647], [-6.441480221372331, 6.441480221226811], [-4.482163765642326, 6.441480221226811], [-4.429654323786963, 6.431388830766082], [-1.6803277166327462, 5.802260849624872], [-2.3996098114876077, 2.8945145811885595], [-5.0284320511855185, 3.481488334015012], [-6.441480221372331, 3.796999279409647]]]], "centroids": [[-4.186480935022701, 4.830564636737108, 6.0]], "h": 6.0},