{"type": "block", "layer": 0, "block": 0, "features": [{"geom": {"polygons": [[[[-5.289035359688569, -1.3898293189704418], [-5.289035359688569, -1.387571956962347], [-4.294435683870688, 2.6359084248542786], [5.289035359688569, 0.393032219260931], [5.289035359688569, 0.3907088879495859], [4.6182854129583575, -2.3984400555491447], [0.561137903976487, -1.5909795258194208], [0.3176387866260484, -2.6359084248542786], [-5.289035359688569, -1.3898293189704418]]]], "centroids": [[-0.3322558766521979, -0.2002466283738613, 3.0]], "h": 3.0}, "mtl": {"face": 0}}], "featureCount": 1, "startIndex": 0}