{"type": "block", "layer": 1, "block": 0, "features": [{"geom": {"triangles": {"v": [-16.83043568386347, -6.7100915759801865, 3.0, -17.68981068386347, -10.710091575980186, 3.0, 2.1539393161365297, -12.710091575980186, 3.0, 5.29456431613653, 0.28990842401981354, 3.0, -13.87731068386347, 5.2899084240198135, 3.0, 6.51331431613653, 0.28990842401981354, 3.0, 3.4195643161365297, -13.710091575980186, 3.0, 1.7476893161365297, -14.710091575980186, 3.0], "f": [0, 1, 2, 3, 0, 2, 4, 0, 3, 5, 3, 2, 2, 6, 5, 1, 7, 2]}, "centroids": [[-5.63298606153694, -5.201980922371149, 3.0]]}, "mtl": 0}], "featureCount": 1, "startIndex": 0}