{"type": "block", "layer": 1, "block": 0, "features": [{"geom": {"triangles": {"v": [-3.8846250000060536, 10.23633148521185, 3.0, -8.119000000006054, -9.76366851478815, 3.0, 3.6309999999939464, -11.76366851478815, 3.0, 8.115374999993946, 9.23633148521185, 3.0], "f": [0, 1, 2, 3, 0, 2]}, "centroids": [[0.00024868411128409207, -0.39781060814857483, 3.0]]}, "mtl": 0}], "featureCount": 1, "startIndex": 0}