{"type": "block", "layer": 0, "block": 0, "features": [{"geom": {"polygons": [[[[-9.70735083418549, 4.5565486419945955], [-9.70735083418549, 4.558571206405759], [-7.9079057526250836, 7.48614233545959], [9.70735083418549, -0.28011488169431686], [9.70735083418549, -0.28249008394777775], [6.115728152130032, -7.486142333596945], [-5.651846859429497, -2.1868370305746794], [-3.8361256635107566, 1.8769192900508642], [-9.70735083418549, 4.5565486419945955]]]], "centroids": [[0.6083172925573308, -0.20032362453639507, 3.0]], "h": 3.0}, "mtl": {"face": 0}}, {"geom": {"polygons": [[[[-9.70735083418549, 4.5565486419945955], [-9.70735083418549, 4.558571206405759], [-7.9079057526250836, 7.48614233545959], [9.70735083418549, -0.28011488169431686], [9.70735083418549, -1.9615859407931566], [9.261011276743375, -2.856872323900461], [8.986772205331363, -2.735246129333973], [8.10209981285152, -4.509214419871569], [8.234959994879318, -4.5788432359695435], [6.662813243019627, -7.732511779293418], [-6.35928057768615, -1.8682576082646847], [-4.5298292049265, 2.193525845184922], [-9.70735083418549, 4.5565486419945955]]]], "centroids": [[0.703634173667524, -0.32592320069670677, 6.0]], "h": 6.0}, "mtl": {"face": 1}}, {"geom": {"polygons": [[[[-6.35928057768615, -1.8682576082646847], [-3.1006160087999888, 5.366692727431655], [9.70735083418549, -0.28011488169431686], [9.70735083418549, -1.9615859407931566], [9.261011276743375, -2.856872323900461], [8.986772205331363, -2.735246129333973], [8.10209981285152, -4.509214419871569], [8.234959994879318, -4.5788432359695435], [6.662813243019627, -7.732511779293418], [-6.35928057768615, -1.8682576082646847]]]], "centroids": [[1.8550851973413955, -1.179517550393939, 9.0]], "h": 9.0}, "mtl": {"face": 2}}, {"geom": {"polygons": [[[[-2.0302424568508286, -3.8177582193166018], [1.2433393815299496, 3.4515190981328487], [9.70735083418549, -0.28011488169431686], [9.70735083418549, -1.9615859407931566], [9.261011276743375, -2.856872323900461], [8.986772205331363, -2.735246129333973], [8.10209981285152, -4.509214419871569], [8.234959994879318, -4.5788432359695435], [6.662813243019627, -7.732511779293418], [-2.0302424568508286, -3.8177582193166018]]]], "centroids": [[4.016113396879518, -2.1397167798131704, 12.0]], "h": 12.0}, "mtl": {"face": 3}}], "featureCount": 4, "startIndex": 0}