{"type": "block", "layer": 0, "block": 0, "features": [{"geom": {"polygons": [[[[-4.846621624397812, -3.9183821622282267], [1.5819950572622474, 6.240514585748315], [1.583263167500263, 6.240514585748315], [4.846621624397812, 3.907958233729005], [-1.5347447756503243, -6.240514585748315], [-1.5360270008968655, -6.240514585748315], [-4.846621624397812, -3.9183821622282267]]]], "centroids": [[0.0064297139178961515, -0.009263284504413605, 3.0]], "h": 3.0}, "mtl": {"face": 0}}, {"geom": {"polygons": [[[[-6.240514586534118, -2.9406713861972094], [-6.240514586534118, 2.087780114263296], [-5.119801572931465, 3.8157759811729193], [-6.240514586534118, 4.605590261518955], [-6.240514586534118, 6.240514585748315], [1.581995057495078, 6.240514585748315], [-4.846621624397812, -3.9183821622282267], [-6.240514586534118, -2.9406713861972094]]]], "centroids": [[-3.456327389838407, 2.3958667051047087, 3.0]], "h": 3.0}, "mtl": {"face": 0}}, {"geom": {"polygons": [[[[-6.240514586534118, 2.087780114263296], [-6.240514586534118, 4.605590261518955], [-5.119801572960569, 3.8157759811729193], [-6.240514586534118, 2.087780114263296]]]], "centroids": [[-5.866943581990199, 3.503048786893487, 3.0]], "h": 3.0}, "mtl": {"face": 0}}, {"geom": {"polygons": [[[[-6.240514586534118, -2.9406713861972094], [-6.240514586534118, 2.087780114263296], [-5.119801572960569, 3.8157759811729193], [-6.240514586534118, 4.605590261518955], [-6.240514586534118, 6.240514585748315], [1.581995057495078, 6.240514585748315], [-4.846621624397812, -3.9183821622282267], [-6.240514586534118, -2.9406713861972094]]]], "centroids": [[-3.456327389809303, 2.3958667051047087, 6.0]], "h": 6.0}, "mtl": {"face": 1}}], "featureCount": 4, "startIndex": 0}