{"type": "block", "layer": 1, "block": 0, "features": [{"geom": {"triangles": {"v": [-16.281280031835195, 8.200735505670309, 3.0, -18.000030031835195, 0.20073550567030907, 3.0, 1.4843449681648053, -4.799264494329691, 3.0, 3.3905949681648053, 3.200735505670309, 3.0], "f": [0, 1, 2, 0, 2, 3]}, "centroids": [[-7.3704192525474355, 1.6753362640738487, 3.0]]}, "mtl": 0}], "featureCount": 1, "startIndex": 0}