{"type": "block", "layer": 0, "block": 0, "features": [{"geom": {"polygons": [[[[-6.631249996746192, -6.422999985516071], [-0.42909107549348846, 7.846215298399329], [-0.42682305080234073, 7.846215298399329], [6.631249996717088, 4.971999999135733], [1.255879008967895, -7.323071300983429], [-2.2512676953338087, -5.826456531882286], [-3.113165144546656, -7.846215298399329], [-3.1154384773399215, -7.846215298399329], [-6.631249996746192, -6.422999985516071]]]], "centroids": [[0.06509513460332528, -0.20164979249238968, 3.0]], "h": 3.0}, "mtl": {"face": 0}}, {"geom": {"polygons": [[[[0.07767910289112478, -1.2164423316717148], [3.393363051174674, -2.434009922668338], [1.7369353929825593, -6.222752356901765], [-1.3451080925005954, -5.090980956330895], [0.07767910289112478, -1.2164423316717148]]]], "centroids": [[0.9750882586813532, -3.7177249267697334, 6.0]], "h": 6.0}, "mtl": {"face": 1}}, {"geom": {"polygons": [[[[-6.631245450436836, -6.423001842573285], [-0.4290857220184989, 7.846215298399329], [-0.42682306477217935, 7.846215298399329], [6.6312499972991645, 4.971999999135733], [1.255879008967895, -7.323071300983429], [-2.2512676953338087, -5.826456531882286], [-3.113165144546656, -7.846215298399329], [-3.1154384773690253, -7.846215298399329], [-6.631245450436836, -6.423001842573285]]]], "centroids": [[0.06509762885980308, -0.20165042951703072, 0.0]], "h": 0.0}, "mtl": {"face": 2}}], "featureCount": 3, "startIndex": 0}