{"type": "block", "layer": 0, "block": 0, "features": [{"geom": {"polygons": [[[[-5.643980799475685, -4.009007966145873], [-5.643980799475685, -4.007254790514708], [-3.550505906547187, 2.525538083165884], [5.643980799475685, 4.0089251305907965], [5.643980799475685, 3.9830809626728296], [5.5077992645674385, -2.274109922349453], [0.6376236880314536, -2.199546694755554], [-0.05427233126829378, -3.9274763353168964], [-5.643980799475685, -4.009007966145873]]]], "centroids": [[0.33842187430127524, -0.08788515441119671, 3.0]], "h": 3.0}, "mtl": {"face": 0}}, {"geom": {"polygons": [[[[-5.643980799475685, -4.009007966145873], [-5.643980799475685, -4.007254790514708], [-3.550505906547187, 2.525538083165884], [5.643980799475685, 4.0089251305907965], [5.643980799475685, 3.9830809626728296], [5.5077992645674385, -2.274109922349453], [0.6376236880314536, -2.199546694755554], [-0.05427233126829378, -3.9274763353168964], [-5.643980799475685, -4.009007966145873]]]], "centroids": [[0.33842187430127524, -0.08788515441119671, 6.0]], "h": 6.0}, "mtl": {"face": 1}}], "featureCount": 2, "startIndex": 0}