{"type": "block", "layer": 1, "block": 0, "features": [{"geom": {"triangles": {"v": [-13.033085815026425, 4.328454595059156, 3.0, -13.658085815026425, -3.6715454049408436, 3.0, 10.232539184973575, -5.671545404940844, 3.0, 11.154414184973575, 4.328454595059156, 3.0, -12.829960815026425, 6.328454595059156, 3.0], "f": [0, 1, 2, 0, 2, 3, 4, 0, 3]}, "centroids": [[-1.299292754410999, 0.6238777786493301, 3.0]]}, "mtl": 0}], "featureCount": 1, "startIndex": 0}