{"type": "block", "layer": 0, "block": 0, "features": [{"geom": {"polygons": [[[[-3.760091533418745, 4.8607509061694145], [-3.694421724649146, 5.165502086281776], [5.165502087183995, 5.165502086281776], [5.165502087183995, 4.296105721965432], [2.974525562429335, 4.759653573855758], [2.729840155603597, 3.5491439793258905], [-3.760091533418745, 4.8607509061694145]]]], "centroids": [[1.0168217867903877, 4.649102354422212, 3.0]], "h": 3.0}, "mtl": {"face": 0}}, {"geom": {"polygons": [[[[-5.165502087183995, -1.663793034851551], [-5.165502087183995, -1.6612800396978855], [-4.012873203027993, 3.6876774094998837], [5.165502087183995, 1.8326141219586134], [5.165502087183995, 1.8302974104881287], [3.876981311594136, -3.6876774094998837], [-5.165502087183995, -1.663793034851551]]]], "centroids": [[-0.006566933647263795, 0.04124441742897034, 3.0]], "h": 3.0}, "mtl": {"face": 0}}, {"geom": {"polygons": [[[[-4.012873203027993, 3.6876774094998837], [-3.760091533418745, 4.8607509061694145], [2.729840155603597, 3.5491439793258905], [2.974525562429335, 4.759653573855758], [5.165502087183995, 4.296105721965432], [5.165502087183995, 1.8326141219586134], [-4.012873203027993, 3.6876774094998837]]]], "centroids": [[1.3357296186732128, 3.4702518675476313, 3.0]], "h": 3.0}, "mtl": {"face": 0}}, {"geom": {"polygons": [[[[-5.165502087183995, -2.5288821682333946], [-5.165502087183995, 2.246263789013028], [-5.115768649615347, 2.4570891223847866], [-5.146978645469062, 2.702252434566617], [-5.165502087183995, 2.831573521718383], [-5.165502087183995, 3.9306180365383625], [-5.0867935470014345, 4.137576183304191], [-4.94031938558328, 4.412546701729298], [-4.782427976926556, 4.636086415499449], [-4.614518688409589, 4.850322591140866], [-4.544314000871964, 5.165502086281776], [5.165502087183995, 5.165502086281776], [5.165502087183995, 4.296105723828077], [2.974525562429335, 4.759653573855758], [2.492089862265857, 2.3729438334703445], [5.165502087183995, 1.8326141219586134], [5.165502087183995, 1.8302974104881287], [3.876981311594136, -3.6876774094998837], [3.692622575588757, -4.47717740945518], [1.0124813115980942, -3.9086774084717035], [0.7430361940641887, -3.9347340129315853], [0.47359107655938715, -3.952796895056963], [0.20414595905458555, -3.964660469442606], [-0.06529915847931989, -3.9526600316166878], [-0.32051868838607334, -3.898677408695221], [-0.5374046920915134, -3.8224656879901886], [-0.6466611013456713, -3.7558844964951277], [-0.7478952346427832, -3.689203567802906], [-0.8897276993957348, -3.5810345839709044], [-1.0091186884092167, -3.4546774085611105], [-5.165502087183995, -2.5288821682333946]]]], "centroids": [[-0.30275565246120095, 0.6835970692336559, 6.0]], "h": 6.0}, "mtl": {"face": 1}}, {"geom": {"polygons": [[[[2.492089862265857, 2.3729438334703445], [2.974525562429335, 4.759653573855758], [5.165502087183995, 4.296105721965432], [5.165502087183995, 1.8326141219586134], [2.492089862265857, 2.3729438334703445]]]], "centroids": [[3.943570467294194, 3.275813078507781, 6.0]], "h": 6.0}, "mtl": {"face": 1}}, {"geom": {"polygons": [[[[-5.165502087183995, -2.5288821682333946], [-5.165502087183995, 2.246263789013028], [-5.115768649615347, 2.4570891223847866], [-5.146978645469062, 2.702252434566617], [-5.165502087183995, 2.831573521718383], [-5.165502087183995, 3.9306180365383625], [-5.0867935470014345, 4.137576183304191], [-4.94031938558328, 4.412546701729298], [-4.782427976926556, 4.636086415499449], [-4.614518688409589, 4.850322591140866], [-4.544314000871964, 5.165502086281776], [5.165502087183995, 5.165502086281776], [5.165502087183995, 4.296105723828077], [2.974525562429335, 4.759653573855758], [2.492089862265857, 2.3729438334703445], [5.165502087183995, 1.8326141219586134], [5.165502087183995, 1.8302974104881287], [3.876981311594136, -3.6876774094998837], [3.692622575588757, -4.47717740945518], [1.0124813115980942, -3.9086774084717035], [0.7430361940641887, -3.9347340129315853], [0.47359107655938715, -3.952796895056963], [0.20414595905458555, -3.964660469442606], [-0.06529915847931989, -3.9526600316166878], [-0.32051868838607334, -3.898677408695221], [-0.5374046920915134, -3.8224656879901886], [-0.6466611013456713, -3.7558844964951277], [-0.7478952346427832, -3.689203567802906], [-0.8897276993957348, -3.5810345839709044], [-1.0091186884092167, -3.4546774085611105], [-5.165502087183995, -2.5288821682333946]]]], "centroids": [[-0.30275565246120095, 0.6835970692336559, 9.0]], "h": 9.0}, "mtl": {"face": 2}}, {"geom": {"polygons": [[[[2.492089862265857, 2.3729438334703445], [2.974525562429335, 4.759653573855758], [5.165502087183995, 4.296105721965432], [5.165502087183995, 1.8326141200959682], [2.492089862265857, 2.3729438334703445]]]], "centroids": [[3.9435704673815053, 3.275813078507781, 9.0]], "h": 9.0}, "mtl": {"face": 2}}, {"geom": {"polygons": [[[[-5.165502087183995, -2.5288821682333946], [-5.165502087183995, 2.246263789013028], [-5.115768649615347, 2.4570891223847866], [-5.146978645469062, 2.702252434566617], [-5.165502087183995, 2.831573521718383], [-5.165502087183995, 3.9306180365383625], [-5.0867935470014345, 4.137576183304191], [-4.94031938558328, 4.412546701729298], [-4.782427976926556, 4.636086415499449], [-4.614518688409589, 4.850322591140866], [-4.544314000871964, 5.165502086281776], [5.165502087183995, 5.165502086281776], [5.165502087183995, 4.296105723828077], [2.974525562429335, 4.759653573855758], [2.492089862265857, 2.3729438334703445], [5.165502087183995, 1.8326141200959682], [5.165502087183995, 1.83029705286026], [3.876981311594136, -3.6876774094998837], [3.692622575588757, -4.47717740945518], [1.0124813115980942, -3.9086774084717035], [0.7430361940641887, -3.9347340129315853], [0.47359107655938715, -3.952796895056963], [0.20414595905458555, -3.964660469442606], [-0.06529915847931989, -3.9526600316166878], [-0.32051868838607334, -3.898677408695221], [-0.5374046920915134, -3.8224656879901886], [-0.6466611013456713, -3.7558844964951277], [-0.7478952346427832, -3.689203567802906], [-0.8897276993957348, -3.5810345839709044], [-1.0091186884092167, -3.4546774085611105], [-5.165502087183995, -2.5288821682333946]]]], "centroids": [[-0.30275563820032403, 0.6835970673710108, 12.0]], "h": 12.0}, "mtl": {"face": 3}}, {"geom": {"polygons": [[[[2.492089862265857, 2.3729438334703445], [2.974525562429335, 4.759653573855758], [5.165502087183995, 4.296105723828077], [5.165502087183995, 1.8326141219586134], [2.492089862265857, 2.3729438334703445]]]], "centroids": [[3.943570467439713, 3.275813076645136, 12.0]], "h": 12.0}, "mtl": {"face": 3}}], "featureCount": 9, "startIndex": 0}