{"type": "block", "layer": 1, "block": 0, "features": [{"geom": {"triangles": {"v": [-2.8633936883998103, 9.247322591021657, 3.0, -5.16026868839981, -1.752677408978343, 3.0, 3.8709813116001897, -3.752677408978343, 3.0, 6.41785631160019, 7.247322591021657, 3.0], "f": [0, 1, 2, 0, 2, 3]}, "centroids": [[0.5861034123518039, 2.735070187598467, 3.0]]}, "mtl": 0}], "featureCount": 1, "startIndex": 0}