{"type": "block", "layer": 0, "block": 0, "features": [{"geom": {"polygons": [[[[-4.393539641896496, 0.42834170535206795], [-4.393539641896496, 0.429188909009099], [-2.1128209592425264, 2.917548445984721], [-0.9220209596969653, 4.184548446908593], [4.393539641896496, -0.3840739019215107], [4.393539641896496, -0.3849611431360245], [1.1173006698372774, -4.184548446908593], [-4.393539641896496, 0.42834170535206795]]]], "centroids": [[0.0310718099353835, 0.012839995324611664, 3.0]], "h": 3.0}, "mtl": {"face": 0}}, {"geom": {"polygons": [[[[-3.9109026435180567, -4.3935396410524845], [-3.5356833274418022, -3.9830528870224953], [-3.0716925768065266, -4.3935396410524845], [-3.9109026435180567, -4.3935396410524845]]]], "centroids": [[-3.5060928492748644, -4.256710724905133, 3.0]], "h": 3.0}, "mtl": {"face": 0}}, {"geom": {"polygons": [[[[-3.9109026435180567, -4.3935396410524845], [-3.5356833274418022, -3.9830528870224953], [-3.0716925768065266, -4.3935396410524845], [-3.9109026435180567, -4.3935396410524845]]]], "centroids": [[-3.5060928492748644, -4.256710724905133, 6.0]], "h": 6.0}, "mtl": {"face": 1}}, {"geom": {"polygons": [[[[-4.393539641896496, 0.42834170535206795], [-4.393539641896496, 0.42918890714645386], [-2.1128209592425264, 2.917548445984721], [-0.9220209596969653, 4.184548446908593], [4.393539641896496, -0.3840739019215107], [4.393539641896496, -0.3849611431360245], [1.1173006703029387, -4.184548446908593], [-4.393539641896496, 0.42834170535206795]]]], "centroids": [[0.031071810226421803, 0.012839995324611664, 6.0]], "h": 6.0}, "mtl": {"face": 1}}], "featureCount": 4, "startIndex": 0}