{"type": "block", "layer": 1, "block": 0, "features": [{"geom": {"triangles": {"v": [-2.3835045360028744, 4.11348070204258, 3.0, -6.508504536002874, -14.88651929795742, 3.0, 7.413370463997126, 2.1134807020425797, 3.0, 3.3508704639971256, -16.88651929795742, 3.0], "f": [0, 1, 2, 1, 3, 2]}, "centroids": [[0.4714202480390668, -6.40577089600265, 3.0]]}, "mtl": 0}], "featureCount": 1, "startIndex": 0}