{"type": "block", "layer": 0, "block": 0, "features": [{"geom": {"polygons": [[[[-8.056694250000874, -1.346658470109105], [-8.056694250000874, -1.342366149649024], [-6.95350000000326, 4.317500000819564], [-6.039500000013504, 4.086500002071261], [-0.7685000000055879, 2.7945000007748604], [8.056694250000874, 0.8846743702888489], [8.056694250000874, 0.8803458753973246], [7.048500000004424, -4.317499998956919], [-8.056694250000874, -1.346658470109105]]]], "centroids": [[-0.08413460990414023, -0.1203650813549757, 3.0]], "h": 3.0}, "mtl": {"face": 0}}, {"geom": {"polygons": [[[[-8.056694250000874, -1.346658470109105], [-8.056694250000874, -1.342366149649024], [-6.95350000000326, 4.317500000819564], [-6.039500000013504, 4.086500002071261], [-0.7685000000055879, 2.7945000007748604], [8.056694250000874, 0.8846743702888489], [8.056694250000874, -2.786202007904649], [7.741500000003725, -4.419499998912215], [7.048500000004424, -4.317499998956919], [-8.056694250000874, -1.346658470109105]]]], "centroids": [[0.13370275558554567, -0.18692808598279953, 6.0]], "h": 6.0}, "mtl": {"face": 1}}, {"geom": {"polygons": [[[[-8.056694250000874, -1.346658470109105], [-8.056694250000874, -1.342366149649024], [-6.95350000000326, 4.317500000819564], [-6.039500000013504, 4.086500002071261], [-0.7685000000055879, 2.7945000007748604], [8.056694250000874, 0.8846743702888489], [8.056694250000874, -2.786202007904649], [7.741500000003725, -4.419499998912215], [7.048500000004424, -4.317499998956919], [-8.056694250000874, -1.346658470109105]]]], "centroids": [[0.13370275558554567, -0.18692808598279953, 9.0]], "h": 9.0}, "mtl": {"face": 2}}, {"geom": {"polygons": [[[[-8.056694250000874, -1.346658470109105], [-8.056694250000874, -1.342366149649024], [-6.95350000000326, 4.317500000819564], [-6.039500000013504, 4.086500002071261], [-0.7685000000055879, 2.7945000007748604], [8.056694250000874, 0.8846743702888489], [8.056694250000874, -2.786202007904649], [7.741500000003725, -4.419499998912215], [7.048500000004424, -4.317499998956919], [-8.056694250000874, -1.346658470109105]]]], "centroids": [[0.13370275558554567, -0.18692808598279953, 12.0]], "h": 12.0}, "mtl": {"face": 3}}], "featureCount": 4, "startIndex": 0}