{"type": "block", "layer": 1, "block": 0, "features": [{"geom": {"triangles": {"v": [-6.9476250000006985, 4.0485000014305115, 3.0, -8.057000000000698, -0.9514999985694885, 3.0, -6.0413750000006985, 4.0485000014305115, 3.0, -0.7757500000006985, 3.0485000014305115, 3.0, 7.0523749999993015, -3.9514999985694885, 3.0, 8.052374999999302, 1.0485000014305115, 3.0], "f": [0, 1, 2, 2, 1, 3, 3, 1, 4, 5, 3, 4]}, "centroids": [[-0.08409968778141774, -0.12036291509866714, 3.0]]}, "mtl": 0}], "featureCount": 1, "startIndex": 0}