{"type": "block", "layer": 1, "block": 0, "features": [{"geom": {"triangles": {"v": [-5.2267500000598375, 4.109999964013696, 3.0, -17.054875000059837, 3.1099999640136957, 3.0, -18.336125000059837, 0.10999996401369572, 3.0, -16.101750000059837, 7.109999964013696, 3.0, -5.1486250000598375, 5.109999964013696, 3.0, 4.2419999999401625, -4.890000035986304, 3.0, 5.4138749999401625, 2.1099999640136957, 3.0], "f": [0, 1, 2, 3, 1, 0, 3, 0, 4, 2, 5, 0, 6, 0, 5]}, "centroids": [[-6.190594233921729, 1.2907429486513138, 3.0]]}, "mtl": 0}], "featureCount": 1, "startIndex": 0}