{"type": "block", "layer": 1, "block": 0, "features": [{"geom": {"triangles": {"v": [-3.803465509787202, 12.093132838606834, 3.0, -9.569090509787202, -4.906867161393166, 3.0, -0.3347155097872019, -7.906867161393166, 3.0, 5.571534490212798, 8.093132838606834, 3.0, -7.928465509787202, -6.906867161393166, 3.0], "f": [0, 1, 2, 0, 2, 3, 2, 1, 4]}, "centroids": [[-2.148097172816051, 1.6180042568594217, 3.0]]}, "mtl": 0}], "featureCount": 1, "startIndex": 0}