{"type": "block", "layer": 0, "block": 0, "features": [{"geom": {"polygons": [[[[-5.313110858201981, -3.933393193408847], [-5.313110858201981, -3.1553753577172756], [-5.073056620662101, -2.0838351976126432], [-2.4590293857909273, -2.6233197562396526], [-2.875113020767458, -4.480684157460928], [-5.313110858201981, -3.933393193408847]]]], "centroids": [[-3.947952500428073, -3.2670696955174208, 3.0]], "h": 3.0}, "mtl": {"face": 0}}, {"geom": {"polygons": [[[[-2.875113020767458, -4.480684157460928], [-0.6811236080538947, 5.313110858201981], [-0.6786325932771433, 5.313110858201981], [2.8751130207965616, 4.517010662704706], [0.8355462719046045, -5.313110858201981], [0.8330689741414972, -5.313110858201981], [-2.875113020767458, -4.480684157460928]]]], "centroids": [[0.031142756575718522, -0.025763925164937973, 3.0]], "h": 3.0}, "mtl": {"face": 0}}, {"geom": {"polygons": [[[[-5.313110858201981, 4.032915515825152], [-5.313110858201981, 5.313110858201981], [-2.3601973006443586, 5.313110858201981], [-2.741116501012584, 3.484909487888217], [-5.313110858201981, 4.032915515825152]]]], "centroids": [[-3.844379020825727, 4.542042907327414, 3.0]], "h": 3.0}, "mtl": {"face": 0}}], "featureCount": 3, "startIndex": 0}