{"type": "block", "layer": 0, "block": 0, "features": [{"geom": {"polygons": [[[[-5.883118804893456, -3.5287918001413345], [-5.883118804893456, -3.5258527398109436], [-3.974178029107861, 5.605541750788689], [5.883118804893456, 3.6795134898275137], [5.883118804893456, 3.6766112986952066], [3.923700407234719, -5.6055417489260435], [-5.883118804893456, -3.5287918001413345]]]], "centroids": [[0.0014138817496132106, 0.03629454784095287, 3.0]], "h": 3.0}, "mtl": {"face": 0}}, {"geom": {"polygons": [[[[-2.8627651918504853, 5.88311880454421], [0.32677445869194344, 5.88311880454421], [0.22004486530204304, 5.286012172698975], [-2.8627651918504853, 5.88311880454421]]]], "centroids": [[-0.771981955942465, 5.6840832605957985, 3.0]], "h": 3.0}, "mtl": {"face": 0}}, {"geom": {"polygons": [[[[-5.883118804893456, -3.5287918001413345], [-5.883118804893456, -3.5258527398109436], [-3.974178029107861, 5.605541750788689], [5.883118804893456, 3.6795134898275137], [5.883118804893456, 3.6766112986952066], [3.923700407234719, -5.6055417489260435], [-5.883118804893456, -3.5287918001413345]]]], "centroids": [[0.0014138817496132106, 0.03629454784095287, 6.0]], "h": 6.0}, "mtl": {"face": 1}}], "featureCount": 3, "startIndex": 0}