{"type": "block", "layer": 1, "block": 0, "features": [{"geom": {"triangles": {"v": [-3.7897051081527025, 5.757999999448657, 3.0, -5.6959551081527025, -4.242000000551343, 3.0, 6.1321698918472975, 3.757999999448657, 3.0, 4.0696698918472975, -6.242000000551343, 3.0], "f": [0, 1, 2, 1, 3, 2]}, "centroids": [[0.18051772520993836, 0.005190020427107811, 3.0]]}, "mtl": 0}], "featureCount": 1, "startIndex": 0}