{"type": "block", "layer": 1, "block": 0, "features": [{"geom": {"triangles": {"v": [-29.750445996411145, 11.566156636923552, 3.0, -31.203570996411145, 2.5661566369235516, 3.0, -28.859820996411145, 10.566156636923552, 3.0, -26.062945996411145, 10.566156636923552, 3.0, -12.141070996411145, -1.4338433630764484, 3.0, -8.016070996411145, 6.566156636923552, 3.0, -9.359820996411145, -3.4338433630764484, 3.0, -7.172320996411145, -4.433843363076448, 3.0, -6.266070996411145, -4.433843363076448, 3.0, 7.124554003588855, 3.5661566369235516, 3.0, 5.874554003588855, -6.433843363076448, 3.0], "f": [0, 1, 2, 2, 1, 3, 3, 1, 4, 3, 4, 5, 4, 6, 5, 5, 6, 7, 5, 7, 8, 5, 8, 9, 8, 10, 9]}, "centroids": [[-11.68734280159697, 2.511603694409132, 3.0]]}, "mtl": 0}], "featureCount": 1, "startIndex": 0}