{"type": "block", "layer": 1, "block": 0, "features": [{"geom": {"triangles": {"v": [0.7738978667475749, 14.589263755828142, 3.0, -3.179227133252425, -4.410736244171858, 3.0, 11.539522866747575, 12.589263755828142, 3.0, 8.789522866747575, -6.410736244171858, 3.0, 12.805147866747575, 12.589263755828142, 3.0], "f": [0, 1, 2, 1, 3, 2, 2, 3, 4]}, "centroids": [[4.798650983837433, 4.266343345865607, 3.0]]}, "mtl": 0}], "featureCount": 1, "startIndex": 0}