{"type": "block", "layer": 0, "block": 0, "features": [{"geom": {"polygons": [[[[-8.143384515598882, 0.6635528039187193], [-8.143384515598882, 0.667581032961607], [-7.359801064885687, 0.8314794395118952], [1.0453989351226483, 2.7309794407337904], [8.143384515598882, 4.290300525724888], [8.143384515598882, 4.2789014503359795], [7.540596833045129, -4.290479442104697], [2.7482223416736815, -4.290479442104697], [2.353767596592661, -1.1711568403989077], [-7.352117820293643, -3.0846537966281176], [-8.143384515598882, 0.6635528039187193]]]], "centroids": [[1.3719258380006067, -0.15292907692492008, 3.0]], "h": 3.0}, "mtl": {"face": 0}}, {"geom": {"polygons": [[[[1.9840467270987574, -3.1833079736679792], [2.313860444002785, -6.722729744389653], [-1.2500846261100378, -7.311078608036041], [-1.870943865738809, -4.095312947407365], [1.9840467270987574, -3.1833079736679792]]]], "centroids": [[0.3142887984577101, -5.298508647829294, 3.0]], "h": 3.0}, "mtl": {"face": 0}}, {"geom": {"polygons": [[[[-8.143384515598882, -3.1745538283139467], [-8.143384515598882, -1.7756170239299536], [-7.930835341452621, -3.137257933616638], [-8.143384515598882, -3.1745538283139467]]]], "centroids": [[-8.07253479087376, -2.6958095971494913, 3.0]], "h": 3.0}, "mtl": {"face": 0}}], "featureCount": 3, "startIndex": 0}