{"type": "block", "layer": 0, "block": 0, "features": [{"geom": {"polygons": [[[[-8.00079736020416, -0.0029738135635852814], [-8.00079736020416, 0.0010081343352794647], [-7.466306332935346, 2.5489268619567156], [-0.8326762172800954, 1.1573535222560167], [-0.3895526629057713, 3.248969204723835], [3.1357636839093175, 2.502106038853526], [2.6996153129730374, 0.4197153653949499], [8.00079736020416, -0.6905959434807301], [8.00079736020416, -0.6948218625038862], [7.497209694120102, -3.248969204723835], [-8.00079736020416, -0.0029738135635852814]]]], "centroids": [[0.18792425678111613, -0.006381191313266754, 3.0]], "h": 3.0}, "mtl": {"face": 0}}], "featureCount": 1, "startIndex": 0}