{"type": "block", "layer": 0, "block": 0, "features": [{"geom": {"polygons": [[[[-6.064910019340459, 0.9115318804979324], [-6.064910019340459, 0.9128574226051569], [-3.7324165709433146, 4.676878610625863], [6.064910019340459, -1.0304219964891672], [6.064910019340459, -1.0317146927118301], [3.711195162148215, -4.676878610625863], [-6.064910019340459, 0.9115318804979324]]]], "centroids": [[-0.021092889714054763, -0.017571115866303444, 3.0]], "h": 3.0}, "mtl": {"face": 0}}, {"geom": {"polygons": [[[[-3.7324165709433146, 4.676878610625863], [-2.822147733415477, 6.06491001881659], [6.038897275284398, 6.06491001881659], [6.064910019340459, 6.0481703244149685], [6.064910019340459, -1.0304219964891672], [-3.7324165709433146, 4.676878610625863]]]], "centroids": [[2.3526665480749216, 3.593548597767949, 3.0]], "h": 3.0}, "mtl": {"face": 0}}, {"geom": {"polygons": [[[[-6.064910019340459, 0.9115318804979324], [-6.064910019340459, 0.9128574226051569], [-3.7324165709433146, 4.676878610625863], [6.064910019340459, -1.0304219964891672], [6.064910019340459, -1.0317146927118301], [3.711195162148215, -4.676878610625863], [-6.064910019340459, 0.9115318804979324]]]], "centroids": [[-0.021092889714054763, -0.017571115866303444, 6.0]], "h": 6.0}, "mtl": {"face": 1}}], "featureCount": 3, "startIndex": 0}