{"type": "block", "layer": 1, "block": 0, "features": [{"geom": {"triangles": {"v": [-3.7348415709566325, 5.064878610894084, 3.0, -6.0629665709566325, 1.064878610894084, 3.0, 3.7182834290433675, -4.935121389105916, 3.0, 9.296408429043368, 4.064878610894084, 3.0, -0.1879665709566325, 10.064878610894084, 3.0], "f": [0, 1, 2, 0, 2, 3, 4, 0, 3]}, "centroids": [[1.6283286269754171, 2.6075425762683153, 3.0]]}, "mtl": 0}], "featureCount": 1, "startIndex": 0}