{"type": "block", "layer": 0, "block": 0, "features": [{"geom": {"polygons": [[[[-6.844315500668017, -3.9966515880078077], [-6.844315500668017, -3.9923565350472927], [-5.3139999982959125, 5.387447943910956], [6.844315500668017, 3.700542915612459], [6.844315500668017, 3.695268288254738], [6.4806958512053825, 0.9437319710850716], [3.6494634414848406, 1.3086795546114445], [2.7204094826593064, -5.387447942048311], [-6.844315500668017, -3.9966515880078077]]]], "centroids": [[-0.8187643465353176, 0.20511379279196262, 3.0]], "h": 3.0}, "mtl": {"face": 0}}, {"geom": {"polygons": [[[[-6.844315500668017, -3.9966515880078077], [-6.844315500668017, -1.3834628742188215], [-6.684413566981675, -1.1491553001105785], [-6.844315500668017, -1.1230672933161259], [-6.844315500668017, 0.1813439130783081], [-6.4769999999844, 2.322447942569852], [-6.127328876929823, 2.26539908349514], [-6.214634326781379, 2.624124938622117], [-6.265656665927963, 2.98977942019701], [-6.279885144293075, 3.3587022181600332], [-6.2571773304080125, 3.727200297638774], [-6.197760536510032, 4.091584881767631], [-6.1022295431175735, 4.44820836558938], [-5.971540645026835, 4.793500838801265], [-5.80700207859627, 5.124005816876888], [-5.6102609570662025, 5.436414796859026], [-5.3139999982959125, 5.387447943910956], [6.844315500668017, 3.700542915612459], [6.844315500668017, 3.695268288254738], [6.4806958512053825, 0.9437319710850716], [4.442936091101728, 1.2064004465937614], [4.333012197603239, 0.4141342006623745], [4.035839779477101, 0.4552196469157934], [3.2152164734725375, -5.459397293627262], [-6.844315500668017, -3.9966515880078077]]]], "centroids": [[-0.903403864329448, 0.18894473649561405, 9.0]], "h": 9.0}, "mtl": {"face": 1}}, {"geom": {"polygons": [[[[-6.844315500668017, -3.9966515880078077], [-6.844315500668017, -1.3834628742188215], [-6.684413566981675, -1.1491553001105785], [-6.844315500668017, -1.1230672933161259], [-6.844315500668017, 0.1813439130783081], [-6.4769999999844, 2.322447942569852], [-6.127328876929823, 2.26539908349514], [-6.214634326781379, 2.624124938622117], [-6.265656665927963, 2.98977942019701], [-6.279885144293075, 3.3587022181600332], [-6.2571773304080125, 3.727200297638774], [-6.197760536510032, 4.091584881767631], [-6.1022295431175735, 4.44820836558938], [-5.971540645026835, 4.793500838801265], [-5.80700207859627, 5.124005816876888], [-5.6102609570662025, 5.436414796859026], [-5.3140000000130385, 5.387447942048311], [6.844315500668017, 3.700542915612459], [6.844315500668017, 3.695268288254738], [6.4806958512053825, 0.9437319710850716], [4.442936091101728, 1.2064004465937614], [4.3329932856722735, 0.41399109177291393], [4.035839779477101, 0.4552196469157934], [3.2152164734725375, -5.459397293627262], [-6.844315500668017, -3.9966515880078077]]]], "centroids": [[-0.9034028085297905, 0.18894478678703308, 6.0]], "h": 6.0}, "mtl": {"face": 2}}], "featureCount": 3, "startIndex": 0}