{"type": "block", "layer": 0, "block": 0, "features": [{"geom": {"polygons": [[[[-6.229132996784756, -3.465499999001622], [-3.944782094709808, 6.510848851874471], [-3.9417900153493974, 6.510848851874471], [6.22913299681386, 4.181327059864998], [5.722788939223392, 1.228635860607028], [4.395578665658832, -6.510848851874471], [4.3912295792251825, -6.510848851874471], [-4.9885329967946745, -5.069499999284744], [-6.229132996784756, -3.465499999001622]]]], "centroids": [[0.01675874093780294, -0.1647819895297289, 3.0]], "h": 3.0}, "mtl": {"face": 0}}, {"geom": {"polygons": [[[[-6.510848850943148, -4.4965183939784765], [-6.510848850943148, -2.5111600570380688], [-4.414873273402918, 6.510848851874471], [-3.9417900153493974, 6.510848851874471], [6.22913299681386, 4.181327059864998], [5.7227889389614575, 1.228635860607028], [4.395578665658832, -6.510848851874471], [0.2694718610146083, -6.510848851874471], [-5.628232996794395, -5.600499998778105], [-6.510848850943148, -4.4965183939784765]]]], "centroids": [[-0.3010047048155684, -0.3676471374928951, 6.0]], "h": 6.0}, "mtl": {"face": 1}}, {"geom": {"polygons": [[[[-6.510848850943148, -4.4965183939784765], [-6.510848850943148, -2.5111600570380688], [-4.414873273402918, 6.510848851874471], [-3.9417900153493974, 6.510848851874471], [6.22913299681386, 4.181327059864998], [5.7227889389614575, 1.228635860607028], [4.395578665600624, -6.510848851874471], [0.2694718610146083, -6.510848851874471], [-5.628232996794395, -5.600499998778105], [-6.510848850943148, -4.4965183939784765]]]], "centroids": [[-0.30100470484467223, -0.3676471393555403, 9.0]], "h": 9.0}, "mtl": {"face": 2}}], "featureCount": 3, "startIndex": 0}