{"type": "block", "layer": 1, "block": 0, "features": [{"geom": {"triangles": {"v": [-3.9515329967834987, 6.671500001102686, 3.0, -6.232782996783499, -3.328499998897314, 3.0, 6.235967003216501, 4.671500001102686, 3.0, -4.982782996783499, -5.328499998897314, 3.0, 4.392217003216501, -6.328499998897314, 3.0], "f": [0, 1, 2, 1, 3, 2, 3, 4, 2]}, "centroids": [[0.016754800191847607, -0.1647775899618864, 3.0]]}, "mtl": 0}], "featureCount": 1, "startIndex": 0}