{"type": "block", "layer": 1, "block": 0, "features": [{"geom": {"triangles": {"v": [-4.048159677069634, 3.1822969261556864, 3.0, -5.610659677069634, 0.18229692615568638, 3.0, 2.967465322930366, -2.8177030738443136, 3.0, 4.061215322930366, 2.1822969261556864, 3.0, 2.529965322930366, -3.8177030738443136, 3.0], "f": [0, 1, 2, 3, 0, 2, 1, 4, 2]}, "centroids": [[-0.3846021213394124, 0.058969637379050255, 3.0]]}, "mtl": 0}], "featureCount": 1, "startIndex": 0}