{"type": "block", "layer": 0, "block": 0, "features": [{"geom": {"polygons": [[[[-4.179014613182517, -5.606321845203638], [-1.4615238409605809, 6.815640214830637], [-1.4581232467317022, 6.815640214830637], [4.179014613211621, 5.633885204792023], [1.569128282222664, -6.815640214830637], [1.5657473566243425, -6.815640214830637], [-4.179014613182517, -5.606321845203638]]]], "centroids": [[0.022848877677461132, -0.012917721644043922, 3.0]], "h": 3.0}, "mtl": {"face": 0}}, {"geom": {"polygons": [[[[-4.415220331080491, -6.703519884496927], [-4.179014613182517, -5.606321845203638], [-1.4615238409605809, 6.815640214830637], [-1.4581232467317022, 6.815640214830637], [4.179014613211621, 5.633885204792023], [1.569128282222664, -6.815640214830637], [-3.894410726206843, -6.815640214830637], [-4.415220331080491, -6.703519884496927]]]], "centroids": [[-0.08653641870478168, -0.30969439446926117, 6.0]], "h": 6.0}, "mtl": {"face": 1}}, {"geom": {"polygons": [[[[-4.415220331080491, -6.703519884496927], [-4.179014613182517, -5.606321845203638], [-1.4615238409605809, 6.815640214830637], [-1.4581232467317022, 6.815640214830637], [4.179014613211621, 5.633885204792023], [1.569128282222664, -6.815640214830637], [-3.894410726206843, -6.815640214830637], [-4.415220331080491, -6.703519884496927]]]], "centroids": [[-0.08653641870478168, -0.30969439446926117, 9.0]], "h": 9.0}, "mtl": {"face": 2}}, {"geom": {"polygons": [[[[-4.415220331080491, -6.703519884496927], [-4.179014613182517, -5.606321845203638], [-1.4615238409605809, 6.815640214830637], [-1.4581232467317022, 6.815640214830637], [4.179014613211621, 5.633885204792023], [1.569128282222664, -6.815640214830637], [-3.894410726206843, -6.815640214830637], [-4.415220331080491, -6.703519884496927]]]], "centroids": [[-0.08653641870478168, -0.30969439446926117, 12.0]], "h": 12.0}, "mtl": {"face": 3}}], "featureCount": 4, "startIndex": 0}