{"type": "block", "layer": 1, "block": 0, "features": [{"geom": {"triangles": {"v": [-1.4665146131883375, 7.051678154617548, 3.0, -4.1852646131883375, -5.948321845382452, 3.0, 1.5647353868116625, -6.948321845382452, 3.0, 4.1741103868116625, 6.051678154617548, 3.0], "f": [0, 1, 2, 3, 0, 2]}, "centroids": [[0.022816499549662694, -0.012941060587763786, 3.0]]}, "mtl": 0}], "featureCount": 1, "startIndex": 0}