{"type": "block", "layer": 1, "block": 0, "features": [{"geom": {"triangles": {"v": [-3.3483588135277387, 14.959361333400011, 3.0, -5.567108813527739, -9.040638666599989, 3.0, 6.620391186472261, 13.959361333400011, 3.0, 4.526641186472261, -10.040638666599989, 3.0], "f": [0, 1, 2, 1, 3, 2]}, "centroids": [[0.5576367115427274, 2.4235333148390055, 3.0]]}, "mtl": 0}], "featureCount": 1, "startIndex": 0}