{"type": "block", "layer": 1, "block": 0, "features": [{"geom": {"triangles": {"v": [-11.969319641240872, 5.557900846004486, 3.0, -12.922444641240872, -5.442099153995514, 3.0, 5.046305358759128, 3.557900846004486, 3.0, 3.9681803587591276, -7.442099153995514, 3.0], "f": [0, 1, 2, 1, 3, 2]}, "centroids": [[-3.8976944811001886, -0.9848660621792078, 3.0]]}, "mtl": 0}], "featureCount": 1, "startIndex": 0}