{"type": "block", "layer": 1, "block": 0, "features": [{"geom": {"triangles": {"v": [-12.323312996159075, 5.943369895219803, 3.0, -14.292062996159075, -2.056630104780197, 3.0, 11.754812003840925, -1.0566301047801971, 3.0, 11.832937003840925, -1.0566301047801971, 3.0, 10.364187003840925, -9.056630104780197, 3.0], "f": [0, 1, 2, 0, 2, 3, 1, 4, 2]}, "centroids": [[-1.0942790719564073, -1.5646174754947424, 3.0]]}, "mtl": 0}], "featureCount": 1, "startIndex": 0}