{"type": "block", "layer": 0, "block": 0, "features": [{"geom": {"polygons": [[[[-5.843046487803804, -1.026360560208559], [-5.843046487803804, -1.024652186781168], [-3.875782113027526, 3.8695783130824566], [-3.22087414143607, 5.4400000013411045], [1.412616894725943, 3.9217699449509382], [0.13214858004357666, 0.4759426470845938], [5.843046487803804, -1.757175736129284], [5.843046487803804, -1.7588991783559322], [4.40412585856393, -5.439999999478459], [3.0441258585778996, -4.897999998182058], [-5.843046487803804, -1.026360560208559]]]], "centroids": [[-0.4017921907652635, -0.19981170631945133, 3.0]], "h": 3.0}, "mtl": {"face": 0}}, {"geom": {"polygons": [[[[-5.843046487803804, -1.026360560208559], [-5.843046487803804, -1.024652186781168], [-3.875782113027526, 3.8695783130824566], [-3.22087414143607, 5.4400000013411045], [1.412616894725943, 3.9217699449509382], [0.13214858004357666, 0.4759426470845938], [5.843046487803804, -1.757175736129284], [5.843046487803804, -1.7588991783559322], [4.40412585856393, -5.439999999478459], [3.0441258585778996, -4.897999998182058], [-5.843046487803804, -1.026360560208559]]]], "centroids": [[-0.4017921907652635, -0.19981170631945133, 6.0]], "h": 6.0}, "mtl": {"face": 1}}], "featureCount": 2, "startIndex": 0}