{"type": "block", "layer": 1, "block": 0, "features": [{"geom": {"triangles": {"v": [-4.330359117768239, 1.8229301311075687, 3.0, -2.1741091177682392, -13.177069868892431, 3.0, 3.6227658822317608, 2.8229301311075687, 3.0, 5.763390882231761, -12.177069868892431, 3.0], "f": [0, 1, 2, 2, 1, 3]}, "centroids": [[0.7198442958469968, -4.960891701281071, 3.0]]}, "mtl": 0}], "featureCount": 1, "startIndex": 0}