{"type": "block", "layer": 0, "block": 0, "features": [{"geom": {"polygons": [[[[3.397282784222625, -6.350143248215318], [3.7979298631253187, -4.4400828164070845], [6.350143248564564, -4.898138904944062], [6.350143248564564, -6.350143248215318], [3.397282784222625, -6.350143248215318]]]], "centroids": [[4.905404055461986, -5.521542144939303, 3.0]], "h": 3.0}, "mtl": {"face": 0}}, {"geom": {"polygons": [[[[-4.532748225086834, -5.348138798028231], [-4.10132934487774, -3.2373074516654015], [-2.1754086994333193, 6.350143248215318], [-2.1721728535194416, 6.350143248215318], [4.5327482250577305, 4.980202240869403], [3.5240754340193234, 0.14676987379789352], [1.54525072031538, 0.43703312054276466], [0.287702323141275, -6.350143248215318], [0.28453142481157556, -6.350143248215318], [-4.532748225086834, -5.348138798028231]]]], "centroids": [[-0.3880616241367534, 0.3973313346505165, 6.0]], "h": 6.0}, "mtl": {"face": 1}}, {"geom": {"polygons": [[[[-4.532748225086834, -5.348138798028231], [-4.10132934487774, -3.2373074516654015], [-2.1754086994333193, 6.350143248215318], [-2.1721728535194416, 6.350143248215318], [4.5327482250577305, 4.980202240869403], [3.5240754340193234, 0.14676987379789352], [1.54525072031538, 0.43703312054276466], [0.287702323141275, -6.350143248215318], [0.28453142481157556, -6.350143248215318], [-4.532748225086834, -5.348138798028231]]]], "centroids": [[-0.3880616241367534, 0.3973313346505165, 3.0]], "h": 3.0}, "mtl": {"face": 0}}], "featureCount": 3, "startIndex": 0}