{"type": "block", "layer": 0, "block": 0, "features": [{"geom": {"polygons": [[[[-5.303001961117843, -4.582950592041016], [-4.512661414424656, 5.380872283130884], [-4.50621469138423, 5.380872283130884], [5.303001961117843, 4.55658957734704], [4.491045930626569, -5.380872283130884], [4.484401087713195, -5.380872283130884], [-5.303001961117843, -4.582950592041016]]]], "centroids": [[-0.007247769390232861, -0.00442984513938427, 3.0]], "h": 3.0}, "mtl": {"face": 0}}, {"geom": {"polygons": [[[[-5.303001961117843, -4.582950592041016], [-4.512661414424656, 5.380872283130884], [-4.50621469138423, 5.380872283130884], [5.303001961117843, 4.55658957734704], [5.380872282636119, 4.51393523812294], [5.380872282636119, -0.9960508905351162], [5.337001961132046, -0.9904104210436344], [5.259001961123431, -2.0274104215204716], [5.380872282636119, -2.0350273177027702], [5.380872282636119, -3.6292966213077307], [5.232729067385662, -5.380872283130884], [4.4844025357451756, -5.380872283130884], [-5.303001961117843, -4.582950592041016]]]], "centroids": [[0.21946585984551348, -0.08118242397904396, 6.0]], "h": 6.0}, "mtl": {"face": 1}}, {"geom": {"polygons": [[[[-5.303001961117843, -4.582950592041016], [-4.51266141483211, 5.380872283130884], [-4.506214691791683, 5.380872283130884], [5.303001961117843, 4.55658957734704], [5.380872282636119, 4.51393523812294], [5.380872282636119, -0.9960508905351162], [5.337001961132046, -0.9904104210436344], [5.259001961123431, -2.0274104215204716], [5.380872282636119, -2.0350273177027702], [5.380872282636119, -3.6292966213077307], [5.232729067385662, -5.380872283130884], [4.484401087713195, -5.380872283130884], [-5.303001961117843, -4.582950592041016]]]], "centroids": [[0.2194658654043451, -0.08118245378136635, 9.0]], "h": 9.0}, "mtl": {"face": 2}}], "featureCount": 3, "startIndex": 0}