{"type": "block", "layer": 1, "block": 0, "features": [{"geom": {"triangles": {"v": [12.258633466379251, 7.553709181025624, 3.0, -12.710116533620749, 9.553709181025624, 3.0, -13.522616533620749, -0.4462908189743757, 3.0, 11.446133466379251, -2.4462908189743757, 3.0], "f": [0, 1, 2, 0, 2, 3]}, "centroids": [[-0.6433297362236772, 3.393033003434539, 3.0]]}, "mtl": 0}], "featureCount": 1, "startIndex": 0}