{"type": "block", "layer": 1, "block": 0, "features": [{"geom": {"triangles": {"v": [-29.699516008608043, 9.414757020771503, 3.0, -32.76201600860804, -11.585242979228497, 3.0, -5.402641008608043, -15.585242979228497, 3.0, 3.987983991391957, 3.4147570207715034, 3.0, 1.5192339913919568, -17.585242979228497, 3.0, 8.456733991391957, -15.585242979228497, 3.0, 10.472358991391957, -15.585242979228497, 3.0, 12.784858991391957, -15.585242979228497, 3.0, 15.691108991391957, -14.585242979228497, 3.0, 30.691108991391957, 9.414757020771503, 3.0, 28.316108991391957, -12.585242979228497, 3.0, 34.01923399139196, 4.4147570207715034, 3.0, 34.97235899139196, -12.585242979228497, 3.0, 44.40985899139196, -11.585242979228497, 3.0, 45.26923399139196, -12.585242979228497, 3.0, 45.00360899139196, -12.585242979228497, 3.0, 31.612983991391957, -15.585242979228497, 3.0, 19.175483991391957, -19.585242979228497, 3.0, 24.456733991391957, 14.414757020771503, 3.0, 28.862983991391957, 11.414757020771503, 3.0, 22.706733991391957, 15.414757020771503, 3.0, 21.784858991391957, 15.414757020771503, 3.0, 7.206733991391957, 18.414757020771503, 3.0, 3.378608991391957, -17.585242979228497, 3.0, 4.081733991391957, -18.585242979228497, 3.0, -1.1682660086080432, -17.585242979228497, 3.0], "f": [0, 1, 2, 0, 2, 3, 3, 2, 4, 3, 4, 5, 6, 3, 5, 7, 3, 6, 8, 3, 7, 8, 9, 3, 10, 9, 8, 9, 10, 11, 11, 10, 12, 11, 12, 13, 14, 11, 13, 14, 13, 15, 12, 10, 16, 10, 8, 17, 9, 18, 3, 19, 18, 9, 18, 20, 3, 20, 21, 3, 21, 22, 3, 23, 5, 4, 5, 23, 24, 2, 25, 4]}, "centroids": [[5.707962761312956, -2.4901626370847225, 3.0]]}, "mtl": 0}], "featureCount": 1, "startIndex": 0}