{"type": "block", "layer": 0, "block": 0, "features": [{"geom": {"polygons": [[[[-5.470191332802642, -3.716998990625143], [1.1942508622305468, 6.494408059865236], [1.1956849075504579, 6.494408059865236], [5.470191332773538, 3.745978282764554], [-1.2131640902953222, -6.494408059865236], [-1.2145831763918977, -6.494408059865236], [-5.470191332802642, -3.716998990625143]]]], "centroids": [[-0.0037209026922937483, 0.006592219695448875, 3.0]], "h": 3.0}, "mtl": {"face": 0}}, {"geom": {"polygons": [[[[-6.438824039913015, -6.494408059865236], [-4.8782801703200676, -4.103307919576764], [-1.2145831761299632, -6.494408059865236], [-6.438824039913015, -6.494408059865236]]]], "centroids": [[-4.177229128807085, -5.697374679148197, 3.0]], "h": 3.0}, "mtl": {"face": 0}}, {"geom": {"polygons": [[[[-5.470191332948161, -3.716998990625143], [1.1942508620850276, 6.494408059865236], [1.1956849074049387, 6.494408059865236], [5.470191332628019, 3.745978282764554], [-1.2131640904408414, -6.494408059865236], [-1.2145831765374169, -6.494408059865236], [-5.470191332948161, -3.716998990625143]]]], "centroids": [[-0.00372090280870907, 0.006592219695448875, 6.0]], "h": 6.0}, "mtl": {"face": 1}}, {"geom": {"polygons": [[[[-6.494408060330898, 5.603452304378152], [-6.494408060330898, 6.494408059865236], [1.1942508622305468, 6.494408059865236], [-1.510228955448838, 2.3505437318235636], [-6.494408060330898, 5.603452304378152]]]], "centroids": [[-2.5836414883378893, 5.07679033651948, 3.0]], "h": 3.0}, "mtl": {"face": 0}}], "featureCount": 4, "startIndex": 0}