{"type": "block", "layer": 0, "block": 0, "features": [{"geom": {"polygons": [[[[-1.1501124071364757, -0.9026656318455935], [-0.7113627040816937, 1.246742082759738], [-0.710727740690345, 1.246742082759738], [1.1501124071073718, 0.8660713322460651], [0.718475501606008, -1.246742082759738], [0.7177731393603608, -1.246742082759738], [-1.1501124071364757, -0.9026656318455935]]]], "centroids": [[-0.0008787460974417627, -0.008597852662205696, 3.0]], "h": 3.0}, "mtl": {"face": 0}}], "featureCount": 1, "startIndex": 0}