{"type": "block", "layer": 1, "block": 0, "features": [{"geom": {"triangles": {"v": [-8.770224999985658, 5.268532406538725, 3.0, -9.317099999985658, -2.731467593461275, 3.0, 7.511025000014342, -4.731467593461275, 3.0, 9.323525000014342, 2.268532406538725, 3.0], "f": [0, 1, 2, 0, 2, 3]}, "centroids": [[-0.35688012797618285, -0.05527966283261776, 3.0]]}, "mtl": 0}], "featureCount": 1, "startIndex": 0}