{"type": "block", "layer": 0, "block": 0, "features": [{"geom": {"polygons": [[[[-3.9477769220247865, -2.837350880727172], [-2.4375862535089254, 4.080270363017917], [-2.4355300233291928, 4.080270363017917], [3.9477769220538903, 2.7561047077178955], [2.482621202885639, -4.080270363017917], [2.4804232763126493, -4.080270363017917], [-3.9477769220247865, -2.837350880727172]]]], "centroids": [[0.004032217286294326, -0.02131958305835724, 3.0]], "h": 3.0}, "mtl": {"face": 0}}], "featureCount": 1, "startIndex": 0}