{"type": "block", "layer": 1, "block": 0, "features": [{"geom": {"triangles": {"v": [2.4838622651877813, -4.06153548695147, 3.0, -2.4380127348122187, 3.9384645130485296, 3.0, -7.672387734812219, -20.06153548695147, 3.0, 3.9526122651877813, 2.9384645130485296, 3.0, -1.2505127348122187, -21.06153548695147, 3.0], "f": [0, 1, 2, 1, 0, 3, 0, 2, 4]}, "centroids": [[-1.8504901875276119, -8.560284728184342, 3.0]]}, "mtl": 0}], "featureCount": 1, "startIndex": 0}