{"type": "block", "layer": 0, "block": 0, "features": [{"geom": {"polygons": [[[[-10.83091669814894, -1.974584298208356], [-10.83091669814894, -1.9694212786853313], [-9.113999898254406, 5.812669014558196], [10.83091669814894, 1.3099136035889387], [10.83091669814894, 1.3044578228145838], [9.867670909879962, -3.3296836633235216], [6.37501022341894, -2.4942598827183247], [5.581266382738249, -5.812669016420841], [-10.83091669814894, -1.974584298208356]]]], "centroids": [[-0.5773317214625422, -0.04667876847088337, 3.0]], "h": 3.0}, "mtl": {"face": 0}}, {"geom": {"polygons": [[[[-10.83091669814894, -1.974584298208356], [-10.83091669814894, 0.9871665388345718], [-10.625487562152557, 1.9361813515424728], [-9.997468949499307, 1.808260690420866], [-10.166105633979896, 2.3317695446312428], [-10.253123198548565, 2.8748424984514713], [-10.256495107081719, 3.42483202368021], [-10.176142896874808, 3.9689308498054743], [-10.013937751966296, 4.494468191638589], [-9.77365701252711, 4.989205656573176], [-9.46089623516309, 5.441622035577893], [-9.113999898254406, 5.812669014558196], [10.83091669814894, 1.3099136035889387], [10.83091669814894, 1.3044578228145838], [9.867670909879962, -3.3296836633235216], [6.37501022341894, -2.4942598827183247], [5.581266382738249, -5.812669016420841], [-0.5021169689134695, -4.390034345909953], [-10.83091669814894, -1.974584298208356]]]], "centroids": [[-0.7796304293733556, 0.0030892081558704376, 6.0]], "h": 6.0}, "mtl": {"face": 1}}, {"geom": {"polygons": [[[[-10.83091669814894, -1.974584298208356], [-10.83091669814894, 0.9871665388345718], [-10.625487562152557, 1.9361813515424728], [-9.997468949499307, 1.808260690420866], [-10.166105636861175, 2.3317695539444685], [-10.25312317724456, 2.874842245131731], [-10.256495107081719, 3.42483202368021], [-10.17614289370249, 3.9689308665692806], [-10.013937751966296, 4.494468191638589], [-9.773657007928705, 4.989205654710531], [-9.460896211356157, 5.441622069105506], [-9.113999898254406, 5.812669014558196], [10.83091669814894, 1.3099136035889387], [10.83091669814894, 1.3044578228145838], [9.867670909879962, -3.3296836633235216], [6.37501022341894, -2.4942598827183247], [5.581266382738249, -5.812669016420841], [-0.5021169689134695, -4.390034345909953], [-10.83091669814894, -1.974584298208356]]]], "centroids": [[-0.7796304293442518, 0.0030892081558704376, 9.0]], "h": 9.0}, "mtl": {"face": 2}}, {"geom": {"polygons": [[[[-10.83091669814894, -1.974584298208356], [-10.83091669814894, 0.9871665388345718], [-10.625487562152557, 1.9361813515424728], [-9.997468949499307, 1.808260690420866], [-10.166105637443252, 2.331769557669759], [-10.253123198112007, 2.874842496588826], [-10.256495105859358, 3.4248320404440165], [-10.176142894488294, 3.9689308647066355], [-10.013937756273663, 4.494468182325363], [-9.773656997276703, 4.989205675199628], [-9.460896189702908, 5.441622091457248], [-9.113999898254406, 5.812669014558196], [10.83091669814894, 1.3099136035889387], [10.83091669814894, 1.3044578228145838], [9.867670909879962, -3.3296836633235216], [6.37501022341894, -2.4942598827183247], [5.581266382738249, -5.812669016420841], [-0.5021169689134695, -4.390034345909953], [-10.83091669814894, -1.974584298208356]]]], "centroids": [[-0.7796304293151479, 0.0030892062932252884, 12.0]], "h": 12.0}, "mtl": {"face": 3}}, {"geom": {"polygons": [[[[-10.83091669814894, -1.974584298208356], [-10.83091669814894, 0.9871665388345718], [-10.625487562152557, 1.9361813515424728], [-9.997468949499307, 1.808260690420866], [-10.166105675831204, 2.331769675016403], [-10.253123197355308, 2.874842369928956], [-10.256495105830254, 3.424832032993436], [-10.176142896874808, 3.9689308498054743], [-10.013937754556537, 4.4944681860506535], [-9.773657007986913, 4.989205654710531], [-9.46089616973768, 5.441622119396925], [-9.113999898254406, 5.812669014558196], [10.83091669814894, 1.3099136035889387], [10.83091669814894, 1.3044578228145838], [9.867670909879962, -3.3296836633235216], [6.37501022341894, -2.4942598827183247], [5.581266382738249, -5.812669016420841], [-0.5021169689134695, -4.390034345909953], [-10.83091669814894, -1.974584298208356]]]], "centroids": [[-0.779630429984536, 0.0030892062932252884, 15.0]], "h": 15.0}, "mtl": {"face": 4}}], "featureCount": 5, "startIndex": 0}