{"type": "block", "layer": 1, "block": 0, "features": [{"geom": {"triangles": {"v": [-9.115874898445327, 5.469669014215469, 3.0, -10.834624898445327, -1.5303309857845306, 3.0, 10.837250101554673, 1.4696690142154694, 3.0, 9.181000101554673, -6.530330985784531, 3.0], "f": [0, 1, 2, 1, 3, 2]}, "centroids": [[0.04762615670915693, -0.38701116666197777, 3.0]]}, "mtl": 0}], "featureCount": 1, "startIndex": 0}