{"type": "block", "layer": 1, "block": 0, "features": [{"geom": {"triangles": {"v": [-1.6244086034130305, 16.222904358059168, 3.0, -5.7025336034130305, -3.777095641940832, 3.0, 4.0787163965869695, -5.777095641940832, 3.0, 8.14121639658697, 14.222904358059168, 3.0], "f": [0, 1, 2, 3, 0, 2]}, "centroids": [[1.2240096782334149, 5.4506884310394526, 3.0]]}, "mtl": 0}], "featureCount": 1, "startIndex": 0}