{"type": "block", "layer": 1, "block": 0, "features": [{"geom": {"triangles": {"v": [-2.560925631900318, 2.9228343963623047, 3.0, -2.982800631900318, -2.0771656036376953, 3.0, 13.923449368099682, -4.077165603637695, 3.0, 14.470324368099682, 0.9228343963623047, 3.0], "f": [0, 1, 2, 0, 2, 3]}, "centroids": [[5.566394094465068, -0.6020340770483017, 3.0]]}, "mtl": 0}], "featureCount": 1, "startIndex": 0}