{"type": "block", "layer": 0, "block": 0, "features": [{"geom": {"polygons": [[[[-7.947552143450594, -2.1907669752836227], [-7.947552143450594, -2.1882363110780716], [-5.31828061665874, 5.197522759437561], [-4.763424263539491, 4.9905721321702], [7.947552143450594, 0.4262245483696461], [7.947552143450594, -2.754260441288352], [7.725795604026644, -3.610375877469778], [1.8489003276918083, -1.528437653556466], [0.4016310357837938, -5.320354735478759], [-7.947552143450594, -2.1907669752836227]]]], "centroids": [[-0.5816711660299916, -0.20812192000448704, 6.0]], "h": 6.0}, "mtl": {"face": 0}}, {"geom": {"polygons": [[[[-7.947552143450594, -2.1907669752836227], [-7.947552143450594, -2.1882363110780716], [-5.31828061665874, 5.197522759437561], [-4.763424263539491, 4.9905721321702], [7.947552143450594, 0.4262245483696461], [7.947552143450594, -2.754260441288352], [7.725795604026644, -3.610375877469778], [1.8489003276918083, -1.528437653556466], [0.4016310357837938, -5.320354735478759], [-7.947552143450594, -2.1907669752836227]]]], "centroids": [[-0.5816711660299916, -0.20812192000448704, 9.0]], "h": 9.0}, "mtl": {"face": 1}}, {"geom": {"polygons": [[[[-7.947552143450594, -2.1907669752836227], [-7.947552143450594, -2.1882363092154264], [-5.31828061665874, 5.197522759437561], [-4.763424263539491, 4.9905721321702], [7.947552143450594, 0.4262245483696461], [7.947552143450594, 0.42287058755755424], [7.060025014390703, -3.0035252161324024], [1.6397787732712459, -1.0755467545241117], [0.0739371883973945, -5.197522761300206], [-7.947552143450594, -2.1907669752836227]]]], "centroids": [[-0.8968209134764038, -0.06873334012925625, 3.0]], "h": 3.0}, "mtl": {"face": 2}}, {"geom": {"polygons": [[[[-7.947552143450594, -2.1907669752836227], [-7.947552143450594, -2.1882363092154264], [-5.318280616716947, 5.197522759437561], [-4.763424263539491, 4.9905721321702], [3.2401144434988964, 2.11660467274487], [0.4016310359875206, -5.320354735478759], [-7.947552143450594, -2.1907669752836227]]]], "centroids": [[-2.3912435194361024, -0.042581403627991676, 12.0]], "h": 12.0}, "mtl": {"face": 3}}], "featureCount": 4, "startIndex": 0}