{"type": "block", "layer": 0, "block": 0, "features": [{"geom": {"polygons": [[[[-4.167152175272349, -5.6850211806595325], [-1.5012976901780348, 6.831295618787408], [-1.4977614075760357, 6.831295618787408], [4.167152175272349, 5.689882492646575], [1.5347313606762327, -6.831295618787408], [1.53119142370997, -6.831295618787408], [-4.167152175272349, -5.6850211806595325]]]], "centroids": [[0.007007309788605198, -0.004837272688746452, 3.0]], "h": 3.0}, "mtl": {"face": 0}}, {"geom": {"polygons": [[[[2.497585275239544, -6.831295618787408], [3.36104326826171, -2.746055258437991], [6.8312956186709926, -3.5631259959191084], [6.8312956186709926, -6.831295618787408], [2.497585275239544, -6.831295618787408]]]], "centroids": [[4.794032502162736, -5.0441774148494005, 3.0]], "h": 3.0}, "mtl": {"face": 0}}, {"geom": {"polygons": [[[[-4.167152175272349, -5.6850211806595325], [-1.5012976901780348, 6.831295618787408], [-1.4977614075760357, 6.831295618787408], [4.167152175272349, 5.689882492646575], [1.5347313606762327, -6.831295618787408], [1.53119142370997, -6.831295618787408], [-4.167152175272349, -5.6850211806595325]]]], "centroids": [[0.007007309788605198, -0.004837272688746452, 6.0]], "h": 6.0}, "mtl": {"face": 1}}, {"geom": {"polygons": [[[[2.497585275239544, -6.831295618787408], [3.36104326826171, -2.746055258437991], [6.8312956186709926, -3.5631259959191084], [6.8312956186709926, -6.831295618787408], [2.497585275239544, -6.831295618787408]]]], "centroids": [[4.794032502162736, -5.0441774148494005, 6.0]], "h": 6.0}, "mtl": {"face": 1}}], "featureCount": 4, "startIndex": 0}