{"type": "block", "layer": 0, "block": 0, "features": [{"geom": {"polygons": [[[[-3.961287618323695, -2.991517936810851], [-3.149338449933566, 5.006981315091252], [-3.1468204308184795, 5.006981315091252], [2.2408127923554275, 3.9134904853999615], [1.5023422415542882, -0.4510654956102371], [3.9612876183527987, -0.86711211130023], [3.2608334361284506, -5.006981315091252], [3.258954827033449, -5.006981315091252], [-3.961287618323695, -2.991517936810851]]]], "centroids": [[-0.3281810089829378, -0.1357463989406824, 3.0]], "h": 3.0}, "mtl": {"face": 0}}, {"geom": {"polygons": [[[[-3.961287618323695, -2.991517936810851], [-3.149338449933566, 5.006981315091252], [-3.1468204308184795, 5.006981315091252], [2.2408127923554275, 3.9134904853999615], [1.5023422415542882, -0.4510654956102371], [3.9612876183527987, -0.86711211130023], [3.2608334361284506, -5.006981315091252], [3.258954827033449, -5.006981315091252], [-3.961287618323695, -2.991517936810851]]]], "centroids": [[-0.3281810089829378, -0.1357463989406824, 6.0]], "h": 6.0}, "mtl": {"face": 1}}], "featureCount": 2, "startIndex": 0}