{"type": "block", "layer": 1, "block": 0, "features": [{"geom": {"triangles": {"v": [-3.1510376177029684, 4.700482062995434, 3.0, -3.9635376177029684, -3.299517937004566, 3.0, 3.2552123822970316, -5.299517937004566, 3.0, 16.16146238229703, 0.7004820629954338, 3.0, 5.427087382297032, -6.299517937004566, 3.0, 14.552087382297032, -6.299517937004566, 3.0, 12.473962382297032, -8.299517937004566, 3.0], "f": [0, 1, 2, 3, 0, 2, 2, 4, 3, 3, 4, 5, 5, 4, 6]}, "centroids": [[6.069883675372694, -1.3152229152619839, 3.0]]}, "mtl": 0}], "featureCount": 1, "startIndex": 0}