{"type": "block", "layer": 1, "block": 0, "features": [{"geom": {"triangles": {"v": [-2.8480211205314845, -5.5703196078538895, 3.0, 34.401978879468516, -1.5703196078538895, 3.0, -1.7542711205314845, 5.4296803921461105, 3.0, 33.839478879468516, -7.5703196078538895, 3.0, 33.776978879468516, -8.57031960785389, 3.0, 34.808228879468516, 2.4296803921461105, 3.0], "f": [0, 1, 2, 1, 0, 3, 3, 0, 4, 2, 1, 5]}, "centroids": [[15.972013004706241, -1.42182813026011, 3.0]]}, "mtl": 0}], "featureCount": 1, "startIndex": 0}