{"type": "block", "layer": 1, "block": 0, "features": [{"geom": {"triangles": {"v": [-4.4161394276306964, 7.531745700165629, 3.0, -6.5098894276306964, -17.46825429983437, 3.0, 5.5838605723693036, 6.531745700165629, 3.0, 3.4588605723693036, -17.46825429983437, 3.0], "f": [0, 1, 2, 1, 3, 2]}, "centroids": [[-0.46843342334614135, -5.419019432738423, 3.0]]}, "mtl": 0}], "featureCount": 1, "startIndex": 0}