{"type": "block", "layer": 1, "block": 0, "features": [{"geom": {"triangles": {"v": [4.69126100486028, 4.32625175267458, 3.0, -12.68373899513972, 6.32625175267458, 3.0, -12.96498899513972, -3.6737482473254204, 3.0, 3.87876100486028, -5.67374824732542, 3.0], "f": [0, 1, 2, 0, 2, 3]}, "centroids": [[-4.269192846346414, 0.35451055876910686, 3.0]]}, "mtl": 0}], "featureCount": 1, "startIndex": 0}