{"type": "block", "layer": 0, "block": 0, "features": [{"geom": {"polygons": [[[[-4.82677623766358, -2.4714810103178024], [-3.154935627535451, 4.996253499761224], [-3.1534074905212037, 4.996253499761224], [4.826776237692684, 2.1807531770318747], [2.3148480530653615, -4.996253499761224], [2.313260091439588, -4.996253499761224], [-4.82677623766358, -2.4714810103178024]]]], "centroids": [[-0.19023416822892614, -0.005170552060008049, 3.0]], "h": 3.0}, "mtl": {"face": 0}}, {"geom": {"polygons": [[[[-4.82677623766358, -2.4714810103178024], [-3.154935627535451, 4.996253499761224], [-0.5947046282235533, 4.996253499761224], [4.996253499499289, 3.0263059958815575], [4.996253499499289, 2.629733057692647], [4.826776237692684, 2.1807531770318747], [2.3148480530653615, -4.996253499761224], [2.313260091439588, -4.996253499761224], [-4.82677623766358, -2.4714810103178024]]]], "centroids": [[-0.03502120036864653, 0.34257835149765015, 9.0]], "h": 9.0}, "mtl": {"face": 1}}, {"geom": {"polygons": [[[[-4.82677623766358, -2.4714810103178024], [-3.154935627535451, 4.996253499761224], [-0.5947046282235533, 4.996253499761224], [4.996253499499289, 3.0263059958815575], [4.996253499499289, 2.629733057692647], [4.826776237692684, 2.1807531770318747], [2.3148480530653615, -4.996253499761224], [2.313260091439588, -4.996253499761224], [-4.82677623766358, -2.4714810103178024]]]], "centroids": [[-0.03502120036864653, 0.34257835149765015, 6.0]], "h": 6.0}, "mtl": {"face": 2}}], "featureCount": 3, "startIndex": 0}