{"type": "block", "layer": 1, "block": 0, "features": [{"geom": {"triangles": {"v": [-1.6670891929534264, 8.486413020640612, 3.0, -4.042089192953426, 8.486413020640612, 3.0, -7.292089192953426, -6.513586979359388, 3.0, 3.5360358070465736, -8.513586979359388, 3.0, 13.489160807046574, -3.5135869793593884, 3.0, 12.207910807046574, -10.513586979359388, 3.0], "f": [0, 1, 2, 3, 0, 2, 4, 0, 3, 3, 5, 4]}, "centroids": [[2.4996317707700655, -2.0801386404782534, 3.0]]}, "mtl": 0}], "featureCount": 1, "startIndex": 0}