{"type": "block", "layer": 1, "block": 0, "features": [{"geom": {"triangles": {"v": [-3.7445108879182953, 5.93214824795723, 3.0, -6.228885887918295, -5.06785175204277, 3.0, 2.6773641120817047, -7.06785175204277, 3.0, 5.083614112081705, 3.9321482479572296, 3.0], "f": [0, 1, 2, 0, 2, 3]}, "centroids": [[-0.5521216326742433, -0.30598398484289646, 3.0]]}, "mtl": 0}], "featureCount": 1, "startIndex": 0}