{"type": "block", "layer": 1, "block": 0, "features": [{"geom": {"triangles": {"v": [-3.713107132934965, -5.572690078988671, 3.0, -4.431857132934965, -9.572690078988671, 3.0, 13.536892867065035, -12.572690078988671, 3.0, -1.4631071329349652, 6.427309921011329, 3.0, 71.94314286706503, -8.572690078988671, 3.0, 35.630642867065035, -27.57269007898867, 3.0, 50.771267867065035, -30.57269007898867, 3.0, 63.740017867065035, -33.57269007898867, 3.0, 78.39626786706503, -12.572690078988671, 3.0, 81.45876786706503, 8.427309921011329, 3.0, 75.03689286706503, 9.427309921011329, 3.0, 75.00564286706503, 9.427309921011329, 3.0, 68.61501786706503, -34.57269007898867, 3.0, 88.70876786706503, -39.57269007898867, 3.0, 105.75564286706503, -16.57269007898867, 3.0, 91.81814286706503, -39.57269007898867, 3.0, 17.583767867065035, -23.57269007898867, 3.0, 14.786892867065035, -23.57269007898867, 3.0, 11.786892867065035, -22.57269007898867, 3.0], "f": [0, 1, 2, 3, 0, 2, 3, 2, 4, 4, 2, 5, 6, 4, 5, 4, 6, 7, 4, 7, 8, 4, 8, 9, 10, 4, 9, 11, 10, 9, 8, 7, 12, 8, 12, 13, 14, 8, 13, 14, 13, 15, 2, 16, 5, 2, 17, 16, 2, 18, 17]}, "centroids": [[51.642107003193814, -16.135174503549933, 3.0]]}, "mtl": 0}], "featureCount": 1, "startIndex": 0}