{"type": "block", "layer": 0, "block": 0, "features": [{"geom": {"polygons": [[[[-4.704415958723985, 2.6925308480858803], [-1.1886783602822106, 5.454977238550782], [-1.1875859475694597, 5.454977238550782], [4.704415958694881, -2.619477206841111], [1.1070302613079548, -5.454977238550782], [1.105949063639855, -5.454977238550782], [-4.704415958723985, 2.6925308480858803]]]], "centroids": [[-0.008869471726939082, 0.0018179751932621002, 3.0]], "h": 3.0}, "mtl": {"face": 0}}, {"geom": {"polygons": [[[[-4.704415958723985, 2.6925308480858803], [-1.1886783602822106, 5.454977238550782], [-1.1875859475694597, 5.454977238550782], [4.704415958694881, -2.619477206841111], [1.1070302613079548, -5.454977238550782], [1.105949063639855, -5.454977238550782], [-4.704415958723985, 2.6925308480858803]]]], "centroids": [[-0.008869471726939082, 0.0018179751932621002, 6.0]], "h": 6.0}, "mtl": {"face": 1}}], "featureCount": 2, "startIndex": 0}