{"type": "block", "layer": 1, "block": 0, "features": [{"geom": {"triangles": {"v": [-1.1871590415248647, 5.115522792562842, 3.0, -12.327784041524865, -2.8844772074371576, 3.0, 4.703465958475135, -2.8844772074371576, 3.0, -6.171534041524865, -10.884477207437158, 3.0], "f": [0, 1, 2, 1, 3, 2]}, "centroids": [[-3.7610647707479075, -2.9015366099774837, 3.0]]}, "mtl": 0}], "featureCount": 1, "startIndex": 0}