{"type": "block", "layer": 1, "block": 0, "features": [{"geom": {"triangles": {"v": [-1.3471637588227168, 15.086854819208384, 3.0, -5.956538758822717, -6.913145180791616, 3.0, 9.809086241177283, -9.913145180791616, 3.0, 14.996586241177283, 14.086854819208384, 3.0, 0.7309612411772832, 17.086854819208384, 3.0], "f": [0, 1, 2, 0, 2, 3, 4, 0, 3]}, "centroids": [[4.490914468100527, 3.5485533587634563, 3.0]]}, "mtl": 0}], "featureCount": 1, "startIndex": 0}