{"type": "block", "layer": 0, "block": 0, "features": [{"geom": {"polygons": [[[[-8.67563235751004, -1.7601251434534788], [-8.67563235751004, -1.7540305387228727], [-8.614912146731513, -1.3362661749124527], [-7.827499991341028, 4.082000000402331], [8.67563235751004, 1.7641218602657318], [8.67563235751004, 1.7599061504006386], [7.437500007566996, -4.082000000402331], [5.825500008766539, -3.849999999627471], [-8.67563235751004, -1.7601251434534788]]]], "centroids": [[-0.08194522751728073, 0.010340748354792595, 3.0]], "h": 3.0}, "mtl": {"face": 0}}, {"geom": {"polygons": [[[[-8.67563235751004, -1.7601252608001232], [-8.67563235751004, -1.754030529409647], [-8.614912145858398, -1.3362661749124527], [-7.827499991341028, 4.082000000402331], [8.67563235751004, 1.7641218602657318], [8.67563235751004, 0.027129268273711205], [7.827500008774223, -4.157999999821186], [7.437500007566996, -4.082000000402331], [5.825500008766539, -3.849999999627471], [-8.67563235751004, -1.7601252608001232]]]], "centroids": [[0.0765104200982023, -0.02139747515320778, 6.0]], "h": 6.0}, "mtl": {"face": 1}}, {"geom": {"polygons": [[[[-8.67563235751004, -1.760125145316124], [-8.67563235751004, -1.754030529409647], [-8.614912146731513, -1.3362661749124527], [-7.827499991632067, 4.082000000402331], [8.67563235751004, 1.7641218602657318], [8.67563235751004, 0.027129268273711205], [7.827500008774223, -4.157999999821186], [7.437500007275958, -4.082000000402331], [5.825500008766539, -3.849999999627471], [-8.67563235751004, -1.760125145316124]]]], "centroids": [[0.07651045272359625, -0.021397452801465988, 9.0]], "h": 9.0}, "mtl": {"face": 2}}, {"geom": {"polygons": [[[[-8.67563235751004, -1.760125145316124], [-8.67563235751004, -1.754030529409647], [-8.614912145858398, -1.3362661749124527], [-7.827499991224613, 4.082000000402331], [8.67563235751004, 1.7641218602657318], [8.67563235751004, -1.8492789883166552], [8.179832591704326, -4.188968859612942], [7.827500008774223, -4.157999999821186], [7.437500007683411, -4.082000000402331], [5.825500008766539, -3.849999999627471], [-8.67563235751004, -1.760125145316124]]]], "centroids": [[0.17604193804436363, -0.051010968163609505, 12.0]], "h": 12.0}, "mtl": {"face": 3}}], "featureCount": 4, "startIndex": 0}