{"type": "block", "layer": 1, "block": 0, "features": [{"geom": {"triangles": {"v": [-10.51320923739695, 3.8369828555732965, 3.0, -11.04445923739695, -2.1630171444267035, 3.0, 9.42429076260305, 1.8369828555732965, 3.0, 8.87741576260305, -4.1630171444267035, 3.0], "f": [0, 1, 2, 1, 3, 2]}, "centroids": [[-0.8134952438122127, 0.11097642220556736, 3.0]]}, "mtl": 0}], "featureCount": 1, "startIndex": 0}