{"type": "block", "layer": 0, "block": 0, "features": [{"geom": {"polygons": [[[[-2.7668416395317763, -3.5293050725013018], [-1.1588226965395734, 4.390821063891053], [-1.156677750434028, 4.390821063891053], [2.76684163956088, 3.5527398101985455], [1.0829347271937877, -4.390821063891053], [1.0808804049738683, -4.390821063891053], [-2.7668416395317763, -3.5293050725013018]]]], "centroids": [[-0.015011569979833439, 0.017069535329937935, 3.0]], "h": 3.0}, "mtl": {"face": 0}}, {"geom": {"polygons": [[[[-2.7668416395317763, -3.5293050725013018], [-1.1588226965395734, 4.390821063891053], [-1.156677750434028, 4.390821063891053], [2.76684163956088, 3.5527398101985455], [1.0829347271937877, -4.390821063891053], [1.0808804049738683, -4.390821063891053], [-2.7668416395317763, -3.5293050725013018]]]], "centroids": [[-0.015011569979833439, 0.017069535329937935, 6.0]], "h": 6.0}, "mtl": {"face": 1}}], "featureCount": 2, "startIndex": 0}