{"type": "block", "layer": 1, "block": 0, "features": [{"geom": {"triangles": {"v": [-2.194159217819106, 5.524999998509884, 3.0, -3.912909217819106, -4.475000001490116, 3.0, 4.727715782180894, 4.524999998509884, 3.0, 3.055840782180894, -6.475000001490116, 3.0], "f": [0, 1, 2, 1, 3, 2]}, "centroids": [[0.4169580889865756, -0.015636185184121132, 3.0]]}, "mtl": 0}], "featureCount": 1, "startIndex": 0}