{"type": "block", "layer": 1, "block": 0, "features": [{"geom": {"triangles": {"v": [6.0543049077969044, 12.066745776683092, 3.0, -5.0863200922030956, 2.066745776683092, 3.0, 11.632429907796904, 3.066745776683092, 3.0, 1.1636799077969044, -5.933254223316908, 3.0], "f": [0, 1, 2, 1, 3, 2]}, "centroids": [[3.411984301113989, 2.927075592800975, 3.0]]}, "mtl": 0}], "featureCount": 1, "startIndex": 0}