{"type": "block", "layer": 1, "block": 0, "features": [{"geom": {"triangles": {"v": [-8.935796493082307, -5.0392651073634624, 3.0, -12.560796493082307, 6.9607348926365376, 3.0, -13.138921493082307, -1.0392651073634624, 3.0, 2.8610785069176927, 4.9607348926365376, 3.0, 2.0329535069176927, -6.0392651073634624, 3.0, -11.607671493082307, -4.0392651073634624, 3.0], "f": [0, 1, 2, 1, 0, 3, 0, 4, 3, 0, 2, 5]}, "centroids": [[-5.103263806347968, 0.6038777437061071, 3.0]]}, "mtl": 0}], "featureCount": 1, "startIndex": 0}