{"type": "block", "layer": 1, "block": 0, "features": [{"geom": {"triangles": {"v": [0.37983391364105046, 19.60883477702737, 3.0, -8.08891608635895, 4.6088347770273685, 3.0, 5.9267089136410505, 12.608834777027369, 3.0, -5.1357910863589495, 1.6088347770273685, 3.0, 12.33295891364105, 5.6088347770273685, 3.0, 1.8798339136410505, -5.3911652229726315, 3.0], "f": [0, 1, 2, 1, 3, 2, 2, 3, 4, 3, 5, 4]}, "centroids": [[1.7338986320828553, 6.545479778200388, 3.0]]}, "mtl": 0}], "featureCount": 1, "startIndex": 0}