{"type": "block", "layer": 0, "block": 0, "features": [{"geom": {"polygons": [[[[-6.05500380686135, 0.09743915498256683], [-6.05500380686135, 0.10021635890007019], [-5.57561301504029, 2.183303190395236], [-4.452205953624798, 1.9820803962647915], [-3.764718198450282, 5.394032347947359], [6.05500380686135, 3.4198042973876], [6.05500380686135, 3.416784554719925], [4.213910935242893, -5.394032349810004], [-5.647161811910337, -3.3229570407420397], [-4.890685412712628, -0.18303664214909077], [-6.05500380686135, 0.09743915498256683]]]], "centroids": [[0.08944649915792979, 0.043193330988287926, 3.0]], "h": 3.0}, "mtl": {"face": 0}}], "featureCount": 1, "startIndex": 0}