{"type": "block", "layer": 0, "block": 0, "features": [{"geom": {"polygons": [[[[-4.758547026838642, -8.252966351807117], [-1.1058631149644498, 9.4029281437397], [-1.09343034948688, 9.4029281437397], [4.758547026809538, 8.953261418268085], [0.8917850783327594, -9.4029281437397], [0.8869703287491575, -9.4029281437397], [-4.758547026838642, -8.252966351807117]]]], "centroids": [[-0.031029019475681707, 0.1896319631487131, 3.0]], "h": 3.0}, "mtl": {"face": 0}}, {"geom": {"polygons": [[[[-6.7136635465722065, 4.4559512455016375], [-6.218338754551951, 9.4029281437397], [-1.1058631149644498, 9.4029281437397], [-2.2184863854490686, 4.024866545572877], [-6.7136635465722065, 4.4559512455016375]]]], "centroids": [[-4.021139548131032, 6.86901181936264, 3.0]], "h": 3.0}, "mtl": {"face": 0}}, {"geom": {"polygons": [[[[-4.7585470263438765, -8.252966353669763], [-1.1058631144696847, 9.4029281437397], [-1.0934303489921149, 9.4029281437397], [4.758547027304303, 8.953261418268085], [0.8917850663710851, -9.4029281437397], [0.8869703263335396, -9.4029281437397], [-4.7585470263438765, -8.252966353669763]]]], "centroids": [[-0.031029021425638348, 0.1896319668740034, 6.0]], "h": 6.0}, "mtl": {"face": 1}}], "featureCount": 3, "startIndex": 0}