{"type": "block", "layer": 1, "block": 0, "features": [{"geom": {"triangles": {"v": [-2.754097817116417, 5.468206832185388, 3.0, -4.785347817116417, -3.5317931678146124, 3.0, 14.683402182883583, -8.531793167814612, 3.0, 16.917777182883583, 1.4682068321853876, 3.0], "f": [0, 1, 2, 0, 2, 3]}, "centroids": [[6.020868675783277, -1.1289189625531435, 3.0]]}, "mtl": 0}], "featureCount": 1, "startIndex": 0}