{"type": "block", "layer": 0, "block": 0, "features": [{"geom": {"polygons": [[[[-3.8937153445731383, -4.348930614069104], [-1.8177307975129224, 5.520517330616713], [-1.814989524660632, 5.520517330616713], [3.8937153445440345, 4.319890448823571], [1.8241775633068755, -5.520517330616713], [1.821368234057445, -5.520517330616713], [-3.8937153445731383, -4.348930614069104]]]], "centroids": [[0.00019541505025699735, -0.007014637812972069, 3.0]], "h": 3.0}, "mtl": {"face": 0}}, {"geom": {"polygons": [[[[3.616459563403623, 0.08631845377385616], [4.480870203173254, 4.196402911096811], [5.520517330325674, 3.977749412879348], [5.520517330325674, -0.3141198270022869], [3.616459563403623, 0.08631845377385616]]]], "centroids": [[4.763438206107821, 1.7809871975332499, 3.0]], "h": 3.0}, "mtl": {"face": 0}}, {"geom": {"polygons": [[[[-4.398625422094483, -4.245424510911107], [-2.3444134820019826, 5.520517330616713], [-1.8149903821467888, 5.520517330616713], [4.4808702030277345, 4.196402911096811], [2.4372603141819127, -5.520517330616713], [1.8213681422639638, -5.520517330616713], [-3.893715347163379, -4.348930614069104], [-4.398625422094483, -4.245424510911107]]]], "centroids": [[0.040738792973570526, -0.014770923182368279, 6.0]], "h": 6.0}, "mtl": {"face": 1}}, {"geom": {"polygons": [[[[-2.2938714752090164, -4.676896955817938], [-0.22006426367443055, 5.185080450028181], [4.4808702030277345, 4.196402911096811], [2.4372603142110165, -5.520517330616713], [1.821368228411302, -5.520517330616713], [-2.2938714752090164, -4.676896955817938]]]], "centroids": [[1.0928706869017333, -0.2298830021172762, 9.0]], "h": 9.0}, "mtl": {"face": 2}}], "featureCount": 4, "startIndex": 0}