{"type": "block", "layer": 1, "block": 0, "features": [{"geom": {"triangles": {"v": [-8.951928101945668, 4.478269869461656, 3.0, -11.014428101945668, -3.5217301305383444, 3.0, 2.7668218980543315, -7.521730130538344, 3.0, 10.094946898054332, -1.5217301305383444, 3.0, 8.251196898054332, -8.521730130538344, 3.0, 8.219946898054332, -9.521730130538344, 3.0], "f": [0, 1, 2, 0, 2, 3, 2, 4, 3, 2, 5, 4]}, "centroids": [[-0.464297138096299, -2.4814816620200872, 3.0]]}, "mtl": 0}], "featureCount": 1, "startIndex": 0}