{"type": "block", "layer": 1, "block": 0, "features": [{"geom": {"triangles": {"v": [-1.0583245655870996, 2.955252718180418, 3.0, -3.0739495655870996, -4.044747281819582, 3.0, 1.7229254344129004, -6.044747281819582, 3.0, 8.2385504344129, -1.044747281819582, 3.0, 6.0666754344129, -8.044747281819582, 3.0, 12.8635504344129, -3.044747281819582, 3.0, 10.8948004344129, -10.044747281819582, 3.0], "f": [0, 1, 2, 0, 2, 3, 2, 4, 3, 3, 4, 5, 4, 6, 5]}, "centroids": [[4.937411835038802, -3.7900352086871862, 3.0]]}, "mtl": 0}], "featureCount": 1, "startIndex": 0}