{"type": "block", "layer": 0, "block": 0, "features": [{"geom": {"polygons": [[[[-5.765973117668182, -7.289867289364338], [-3.2661580787680577, 8.049860978499055], [-3.259237559948815, 8.049860978499055], [5.7659731176972855, 6.979666044935584], [3.7789427301031537, -8.049860978499055], [3.7687361059361137, -8.049860978499055], [-5.765973117668182, -7.289867289364338]]]], "centroids": [[0.10081264149630442, -0.13847072795033455, 3.0]], "h": 3.0}, "mtl": {"face": 0}}, {"geom": {"polygons": [[[[-5.8777125818887725, -7.975539224222302], [-5.765973117668182, -7.289867289364338], [-3.2661580787680577, 8.049860978499055], [-3.259237559948815, 8.049860978499055], [5.7659731176972855, 6.979666044935584], [3.7789427301031537, -8.049860978499055], [-4.906039522815263, -8.049860978499055], [-5.8777125818887725, -7.975539224222302]]]], "centroids": [[0.033943167742108926, -0.32805117778480053, 6.0]], "h": 6.0}, "mtl": {"face": 1}}, {"geom": {"polygons": [[[[-5.8777125818887725, -7.975539224222302], [-5.765973117668182, -7.289867289364338], [-3.2661580787680577, 8.049860978499055], [2.9438934989157133, 8.049860978499055], [5.861346967460122, 7.70105604454875], [5.7659731176972855, 6.979666044935584], [3.7789427301031537, -8.049860978499055], [-4.906039522815263, -8.049860978499055], [-5.8777125818887725, -7.975539224222302]]]], "centroids": [[0.10721824289066717, -0.09596244245767593, 9.0]], "h": 9.0}, "mtl": {"face": 2}}], "featureCount": 3, "startIndex": 0}