{"type": "block", "layer": 1, "block": 0, "features": [{"geom": {"triangles": {"v": [-5.751526882289909, -7.328333955258131, 3.0, -5.767151882289909, -7.328333955258131, 3.0, 3.779723117710091, -8.328333955258131, 3.0, -3.267151882289909, 7.671666044741869, 3.0, 5.764098117710091, 6.671666044741869, 3.0], "f": [0, 1, 2, 3, 0, 2, 3, 2, 4]}, "centroids": [[0.10084155676304363, -0.13846459612250328, 3.0]]}, "mtl": 0}], "featureCount": 1, "startIndex": 0}