{"type": "block", "layer": 0, "block": 0, "features": [{"geom": {"polygons": [[[[-10.854150699597085, -2.773382695391774], [-10.854150699597085, -2.7679922729730606], [-8.802813244226854, 6.9823122546076775], [10.854150699597085, 2.8309169970452785], [10.854150699597085, 2.825113570317626], [8.944236223236658, -6.982312256470323], [-10.854150699597085, -2.773382695391774]]]], "centroids": [[0.03856899295351468, 0.007376722991466522, 3.0]], "h": 3.0}, "mtl": {"face": 0}}, {"geom": {"polygons": [[[[-10.854150699597085, -2.773382695391774], [-10.854150699597085, -2.7679922729730606], [-8.802813244226854, 6.9823122546076775], [10.854150699597085, 2.8309169970452785], [10.854150699597085, -3.3392704892903566], [10.710236223210813, -3.6673122569918633], [10.492236223217333, -4.586312256753445], [10.345037783583393, -4.556775528937578], [9.893224190745968, -6.808421501889825], [10.027236223220825, -6.835312256589532], [9.945824142749188, -7.195239350199699], [8.944236223236658, -6.982312256470323], [-10.854150699597085, -2.773382695391774]]]], "centroids": [[0.39782494606333785, -0.10761148296296597, 6.0]], "h": 6.0}, "mtl": {"face": 1}}, {"geom": {"polygons": [[[[-10.854150699597085, -2.773382695391774], [-10.854150699597085, -2.7679922729730606], [-8.802813244226854, 6.9823122546076775], [10.854150699597085, 2.8309169970452785], [10.854150699597085, -3.3392704892903566], [10.710236223210813, -3.6673122569918633], [10.492236223217333, -4.586312256753445], [10.345037783583393, -4.556775528937578], [9.893224190745968, -6.808421501889825], [10.027236223220825, -6.835312256589532], [9.945824142749188, -7.195239350199699], [8.944236223236658, -6.982312256470323], [-10.854150699597085, -2.773382695391774]]]], "centroids": [[0.39782494606333785, -0.10761148296296597, 9.0]], "h": 9.0}, "mtl": {"face": 2}}, {"geom": {"polygons": [[[[-10.854150699597085, -2.773382695391774], [-10.854150699597085, -2.7679922729730606], [-8.802813244226854, 6.9823122546076775], [10.854150699597085, 2.8309169970452785], [10.854150699597085, -3.3392704892903566], [10.710236223210813, -3.6673122569918633], [10.492236223217333, -4.586312256753445], [10.345037783583393, -4.556775528937578], [9.893224190745968, -6.808421501889825], [10.027236223220825, -6.835312256589532], [9.945824142749188, -7.195239350199699], [8.944236223236658, -6.982312256470323], [-10.854150699597085, -2.773382695391774]]]], "centroids": [[0.39782494606333785, -0.10761148296296597, 12.0]], "h": 12.0}, "mtl": {"face": 3}}, {"geom": {"polygons": [[[[-10.854150699597085, -2.773382695391774], [-10.854150699597085, -2.7679922729730606], [-8.802813244226854, 6.9823122546076775], [10.854150699597085, 2.8309169970452785], [10.854150699597085, -3.3392704892903566], [10.710236223210813, -3.6673122569918633], [10.492236223217333, -4.586312256753445], [10.345037783583393, -4.556775528937578], [9.893224190745968, -6.808421501889825], [10.027236223220825, -6.835312256589532], [9.945824142749188, -7.195239350199699], [8.944236223236658, -6.982312256470323], [-10.854150699597085, -2.773382695391774]]]], "centroids": [[0.39782494606333785, -0.10761148296296597, 15.0]], "h": 15.0}, "mtl": {"face": 4}}], "featureCount": 5, "startIndex": 0}