{"type": "block", "layer": 1, "block": 0, "features": [{"geom": {"triangles": {"v": [-2.5565290957456455, 13.437938217073679, 3.0, -6.7440290957456455, -6.562061782926321, 3.0, 3.0684709042543545, -8.562061782926321, 3.0, 7.2403459042543545, 11.437938217073679, 3.0], "f": [0, 1, 2, 0, 2, 3]}, "centroids": [[0.2473791719530709, 2.1713398098945618, 3.0]]}, "mtl": 0}], "featureCount": 1, "startIndex": 0}