{"type": "block", "layer": 0, "block": 0, "features": [{"geom": {"polygons": [[[[-8.500002978224074, -4.140307320281863], [-8.500002978224074, -4.13099330291152], [-8.152572803577641, -0.35793271847069263], [-7.075324166245991, -0.4579118937253952], [-6.503234273492126, 5.75499969907105], [3.5672991378523875, 4.801402695477009], [3.159836453560274, 0.32975323870778084], [2.510248575359583, -0.09485964849591255], [-0.6942847708705813, 0.199805099517107], [-0.8540303425688762, -1.5374574027955532], [8.500002978224074, -2.4056028723716736], [8.500002978224074, -2.4152833335101604], [8.204317648953293, -5.7549996972084045], [-8.500002978224074, -4.140307320281863]]]], "centroids": [[-1.1180750133062247, -0.40281724743545055, 3.0]], "h": 3.0}, "mtl": {"face": 0}}, {"geom": {"polygons": [[[[3.017824926384492, -0.35372344218194485], [2.87583512449055, -1.883625278249383], [2.3502525305957533, -1.8348460905253887], [2.151769052783493, -3.9933904502540827], [-1.052764293475775, -3.6987257059663534], [-0.7956616972514894, -0.9026876389980316], [1.3985871608892921, -1.1044542342424393], [1.499006264435593, -0.0018734224140644073], [2.510248575359583, -0.09485964849591255], [2.49089411975001, -0.30534291453659534], [3.017824926384492, -0.35372344218194485]]]], "centroids": [[0.9571860378200654, -2.1585084330290556, 6.0]], "h": 6.0}, "mtl": {"face": 1}}, {"geom": {"polygons": [[[[2.510248575359583, -0.09485964849591255], [2.3502525305957533, -1.8348460905253887], [-0.8540303425688762, -1.5374574027955532], [-0.6942847708705813, 0.199805099517107], [2.510248575359583, -0.09485964849591255]]]], "centroids": [[0.8284648659755476, -0.8168781585991383, 3.0]], "h": 3.0}, "mtl": {"face": 0}}, {"geom": {"polygons": [[[[-8.500002978224074, -4.140307320281863], [-8.500002978224074, -4.13099330291152], [-7.903939058393007, 2.3422074895352125], [-7.6453996336204, 2.4497282821685076], [-7.331360384676373, 5.833416456356645], [4.1182267067197245, 4.749234369024634], [3.710817648941884, -0.0018996968865394592], [3.5418595453957096, -0.2214881982654333], [3.2948079066409264, -0.3469132278114557], [3.017824926384492, -0.35372344218194485], [2.49089411975001, -0.30534291453659534], [2.510248575359583, -0.09485964849591255], [-0.6942847708705813, 0.199805099517107], [-1.052764293475775, -3.6987257059663534], [2.151769052783493, -3.9933904502540827], [2.3502525305957533, -1.8348460905253887], [2.87583512449055, -1.883625278249383], [8.500002978224074, -2.4056028723716736], [8.500002978224074, -5.782188707962632], [8.204317648953293, -5.7549996972084045], [6.000282099616015, -5.541950661689043], [-8.500002978224074, -4.140307320281863]]]], "centroids": [[-1.3613889527332503, -0.07785000652074814, 6.0]], "h": 6.0}, "mtl": {"face": 1}}, {"geom": {"polygons": [[[[-8.500002978224074, -4.140307320281863], [-8.500002978224074, -4.13099330291152], [-7.903939058393007, 2.3422074895352125], [-7.6453996336204, 2.4497282821685076], [-7.331360384676373, 5.833416456356645], [4.1182267067197245, 4.749234369024634], [3.710817648941884, -0.0018996968865394592], [3.5418595453957096, -0.2214881982654333], [3.2948079066409264, -0.3469132278114557], [3.017824926384492, -0.35372344218194485], [2.49089411975001, -0.30534291453659534], [2.510248575359583, -0.09485964849591255], [-0.6942847708705813, 0.199805099517107], [-1.052764293475775, -3.6987257059663534], [2.151769052783493, -3.9933904502540827], [2.3502525305957533, -1.8348460905253887], [3.6358042182400823, -1.954157818108797], [3.6788176489353646, -1.4906996972858906], [8.500002978224074, -1.9399502035230398], [8.500002978224074, -5.782188707962632], [8.204317648953293, -5.7549996972084045], [6.000282099616015, -5.541950661689043], [-5.833511329779867, -4.398058822378516], [-8.500002978224074, -4.140307320281863]]]], "centroids": [[-1.224181264929939, -0.11234253644943237, 9.0]], "h": 9.0}, "mtl": {"face": 2}}, {"geom": {"polygons": [[[[3.017824926384492, -0.35372344218194485], [2.87583512449055, -1.883625278249383], [2.3502525305957533, -1.8348460905253887], [2.151769052783493, -3.9933904502540827], [-1.052764293475775, -3.6987257059663534], [-0.7956616972514894, -0.9026876389980316], [1.3985871608892921, -1.1044542342424393], [1.499006264435593, -0.0018734224140644073], [2.510248575359583, -0.09485964849591255], [2.49089411975001, -0.30534291453659534], [3.017824926384492, -0.35372344218194485]]]], "centroids": [[0.9571860378200654, -2.1585084330290556, 9.0]], "h": 9.0}, "mtl": {"face": 2}}, {"geom": {"polygons": [[[[-8.500002978224074, -4.140307320281863], [-8.500002978224074, -4.13099330291152], [-7.903939058393007, 2.3422074895352125], [-7.6453996336204, 2.4497282821685076], [-7.331360384676373, 5.833416456356645], [-0.6179715081816539, 5.19771353341639], [-1.2397386668017134, -1.5016599111258984], [-0.8540303423942532, -1.5374574027955532], [-1.052764293475775, -3.6987257059663534], [2.151769052783493, -3.9933904502540827], [2.3502525305957533, -1.8348460905253887], [3.6358042182400823, -1.954157818108797], [3.6788176489353646, -1.4906996972858906], [6.34991764894221, -1.739599697291851], [6.000330149487127, -5.5419553052634], [-8.500002978224074, -4.140307320281863]]]], "centroids": [[-2.828712521586567, -0.43378462456166744, 12.0]], "h": 12.0}, "mtl": {"face": 3}}], "featureCount": 7, "startIndex": 0}