{"type": "block", "layer": 0, "block": 0, "features": [{"geom": {"polygons": [[[[-10.563943499990273, -1.7917239405214787], [-10.563943499990273, -1.7862619683146477], [-8.997000000003027, 5.982499999925494], [10.563943499990273, 1.7917263470590115], [10.563943499990273, 1.785451965406537], [9.207000000023982, -5.982499999925494], [1.479370989545714, -4.344502164050937], [2.2822527947137132, -0.207917258143425], [0.5373350236332044, 0.15318967401981354], [-0.19904321222566068, -3.988734720274806], [-10.563943499990273, -1.7917239405214787]]]], "centroids": [[-0.005654299719026312, 0.09619788266718388, 3.0]], "h": 3.0}, "mtl": {"face": 0}}, {"geom": {"polygons": [[[[-10.563943499990273, -1.7917239405214787], [-10.563943499990273, 1.9650062248110771], [-9.71099999998114, 6.136500000953674], [-8.997000000003027, 5.982499999925494], [10.563943499990273, 1.7917263470590115], [10.563943499990273, 1.785451965406537], [9.207000000023982, -5.982499999925494], [1.479370989545714, -4.344502164050937], [2.2822527947137132, -0.207917258143425], [0.5373350236332044, 0.15318967401981354], [-0.19904321222566068, -3.988734720274806], [-10.563943499990273, -1.7917239405214787]]]], "centroids": [[-0.2916426369047258, 0.17882967740297318, 6.0]], "h": 6.0}, "mtl": {"face": 1}}, {"geom": {"polygons": [[[[-10.563943499990273, -1.7917239405214787], [-10.563943499990273, 1.9650062248110771], [-9.71099999998114, 6.136500000953674], [-8.997000000003027, 5.982499999925494], [10.563943499990273, 1.7917263470590115], [10.563943499990273, 1.785451965406537], [9.207000000023982, -5.982499999925494], [1.479370989545714, -4.344502164050937], [2.2822527947137132, -0.207917258143425], [0.5373350236332044, 0.15318967401981354], [-0.19904321222566068, -3.988734720274806], [-10.563943499990273, -1.7917239405214787]]]], "centroids": [[-0.2916426369047258, 0.17882967740297318, 9.0]], "h": 9.0}, "mtl": {"face": 2}}], "featureCount": 3, "startIndex": 0}