{"type": "block", "layer": 1, "block": 0, "features": [{"geom": {"triangles": {"v": [-9.00099999998929, 5.680500000715256, 3.0, -10.56349999998929, -1.3194999992847443, 3.0, 10.56150000001071, 1.6805000007152557, 3.0, 9.20212500001071, -6.319499999284744, 3.0], "f": [0, 1, 2, 1, 3, 2]}, "centroids": [[0.04214804377988912, -0.00470518134534359, 3.0]]}, "mtl": 0}], "featureCount": 1, "startIndex": 0}