{"type": "block", "layer": 1, "block": 0, "features": [{"geom": {"triangles": {"v": [-1.9236455426143948, 6.593403730541468, 3.0, -9.658020542614395, -14.406596269458532, 3.0, 5.591979457385605, 3.5934037305414677, 3.0, -2.548645542614395, -17.406596269458532, 3.0], "f": [0, 1, 2, 1, 3, 2]}, "centroids": [[-2.1008272403269075, -5.6144031677395105, 3.0]]}, "mtl": 0}], "featureCount": 1, "startIndex": 0}