{"type": "block", "layer": 1, "block": 0, "features": [{"geom": {"triangles": {"v": [1.5653031478868797, 8.774973399937153, 3.0, -3.1065718521131203, -2.225026600062847, 3.0, 9.75280314788688, -8.225026600062847, 3.0, 14.62780314788688, 2.774973399937153, 3.0], "f": [0, 1, 2, 3, 0, 2]}, "centroids": [[5.767765419092029, 0.06707664206624031, 3.0]]}, "mtl": 0}], "featureCount": 1, "startIndex": 0}