{"type": "block", "layer": 0, "block": 0, "features": [{"geom": {"polygons": [[[[-4.107543448451906, -3.5165090914815664], [-0.771545471274294, 5.40365894138813], [-0.7703205230354797, 5.40365894138813], [1.4672827197355218, 4.221414657309651], [4.107543448451906, 2.8371812906116247], [1.1468141472141724, -5.40365894138813], [1.1451157910341863, -5.40365894138813], [-4.107543448451906, -3.5165090914815664]]]], "centroids": [[0.052058214001590386, -0.17045260965824127, 3.0]], "h": 3.0}, "mtl": {"face": 0}}], "featureCount": 1, "startIndex": 0}