{"type": "block", "layer": 1, "block": 0, "features": [{"geom": {"triangles": {"v": [-5.097670232236851, 15.638271570205688, 3.0, -11.519545232236851, 4.6382715702056885, 3.0, 19.54295476776315, -2.3617284297943115, 3.0, 12.980454767763149, -12.361728429794312, 3.0], "f": [0, 1, 2, 1, 3, 2]}, "centroids": [[4.037006508704508, 1.3695664778351784, 3.0]]}, "mtl": 0}], "featureCount": 1, "startIndex": 0}