{"type": "block", "layer": 1, "block": 0, "features": [{"geom": {"triangles": {"v": [-6.0280756607535295, -2.120092246681452, 3.0, -5.6218256607535295, -3.120092246681452, 3.0, -1.9655756607535295, 16.879907753318548, 3.0, 8.33129933924647, 14.879907753318548, 3.0, 4.1906743392464705, -5.120092246681452, 3.0], "f": [0, 1, 2, 2, 1, 3, 1, 4, 3]}, "centroids": [[1.1372820438118652, 6.246701771393418, 3.0]]}, "mtl": 0}], "featureCount": 1, "startIndex": 0}