{"type": "block", "layer": 0, "block": 0, "features": [{"geom": {"polygons": [[[[-2.888372162648011, -1.6960768122226], [-2.1254657909448724, 2.7889123409986496], [7.407399786374299, 0.8720372132956982], [7.407399786374299, 0.8679683860391378], [6.558887335355394, -3.6217602901160717], [4.101945237867767, -3.1208836790174246], [-2.888372162648011, -1.6960768122226]]]], "centroids": [[2.243317547516199, -0.4119167234748602, 6.0]], "h": 6.0}, "mtl": {"face": 0}}, {"geom": {"polygons": [[[[-7.407399786374299, -0.7749825026839972], [-7.407399786374299, -0.7719764802604914], [-6.267325335153146, 3.6217602901160717], [7.407399786374299, 0.8720372132956982], [7.407399786374299, 0.8679683860391378], [6.558887335209874, -3.6217602901160717], [4.101945237867767, -3.1208836790174246], [-7.407399786374299, -0.7749825026839972]]]], "centroids": [[0.08050960893160664, 0.01434338465332985, 3.0]], "h": 3.0}, "mtl": {"face": 1}}], "featureCount": 2, "startIndex": 0}