{"type": "block", "layer": 1, "block": 0, "features": [{"geom": {"triangles": {"v": [-4.636215599486604, 10.052168494090438, 3.0, -7.401840599486604, -0.9478315059095621, 3.0, 4.098159400513396, -2.947831505909562, 3.0, 18.723159400513396, 4.052168494090438, 3.0, 11.879409400513396, -4.947831505909562, 3.0, 16.551284400513396, -5.947831505909562, 3.0], "f": [0, 1, 2, 3, 0, 2, 4, 3, 2, 3, 4, 5]}, "centroids": [[5.612821091286605, 1.913704976439476, 3.0]]}, "mtl": 0}], "featureCount": 1, "startIndex": 0}