{"type": "block", "layer": 1, "block": 0, "features": [{"geom": {"triangles": {"v": [-17.118527352722595, 6.930085143074393, 3.0, -18.556027352722595, -2.0699148569256067, 3.0, -7.8841523527225945, 5.930085143074393, 3.0, 1.8658476472774055, -5.069914856925607, 3.0, 4.5533476472774055, 3.9300851430743933, 3.0, -7.4466523527225945, 6.930085143074393, 3.0], "f": [0, 1, 2, 2, 1, 3, 2, 3, 4, 5, 2, 4]}, "centroids": [[-7.096778390783584, 1.0798308998346329, 3.0]]}, "mtl": 0}], "featureCount": 1, "startIndex": 0}