{"type": "block", "layer": 1, "block": 0, "features": [{"geom": {"triangles": {"v": [-6.082745276653441, 9.662399239838123, 3.0, -10.17649527665344, -10.337600760161877, 3.0, -1.3014952766534407, 8.662399239838123, 3.0, -4.332745276653441, -11.337600760161877, 3.0, 4.729754723346559, 7.662399239838123, 3.0, 0.8078797233465593, -12.337600760161877, 3.0], "f": [0, 1, 2, 1, 3, 2, 2, 3, 4, 3, 5, 4]}, "centroids": [[-2.6877297628088854, -1.2177965957671404, 3.0]]}, "mtl": 0}], "featureCount": 1, "startIndex": 0}