{"type": "block", "layer": 0, "block": 0, "features": [{"geom": {"polygons": [[[[-3.444087516894797, -3.2083680238574743], [-1.4629027882474475, 4.442402860149741], [-1.460984571283916, 4.442402860149741], [3.444087516894797, 3.2338340803980827], [1.5438189670967404, -4.442402860149741], [1.541913889319403, -4.442402860149741], [-3.444087516894797, -3.2083680238574743]]]], "centroids": [[0.01781971420859918, -0.004317017272114754, 3.0]], "h": 3.0}, "mtl": {"face": 0}}], "featureCount": 1, "startIndex": 0}