{"type": "block", "layer": 0, "block": 0, "features": [{"geom": {"polygons": [[[[-8.272445854148827, -1.6876696702092886], [-8.272445854148827, -1.6847380213439465], [-6.725435225729598, 3.397044589743018], [-6.081932175002294, 3.146652489900589], [-5.198042233852902, 5.599489446729422], [-2.563726818509167, 4.712510554119945], [8.272445854148827, 1.1477827169001102], [8.272445854148827, -2.2551695089787245], [7.5405847588554025, -5.734220603480935], [6.853673181467457, -5.5994894448667765], [-8.272445854148827, -1.6876696702092886]]]], "centroids": [[0.3923105819558259, -0.22328068129718304, 9.0]], "h": 9.0}, "mtl": {"face": 0}}, {"geom": {"polygons": [[[[5.963082138070604, 1.9074838925153017], [4.346381923212903, -4.951069880276918], [-4.064824542292627, -2.7758176755160093], [-2.7403531598392874, 1.9271498918533325], [-3.8307381788035855, 2.2612850069999695], [-2.972759808297269, 4.850232722237706], [-2.563726818509167, 4.712510554119945], [5.963082138070604, 1.9074838925153017]]]], "centroids": [[0.8274112812941894, -0.1635107696056366, 12.0]], "h": 12.0}, "mtl": {"face": 1}}, {"geom": {"polygons": [[[[-8.272445854148827, -1.6876696702092886], [-8.272445854148827, -1.6847380213439465], [-6.725435225729598, 3.397044589743018], [-6.081932175002294, 3.146652489900589], [-5.198042233852902, 5.599489446729422], [-2.563726818509167, 4.712510554119945], [8.272445854148827, 1.1477827169001102], [8.272445854148827, 1.143578477203846], [6.853673181467457, -5.5994894448667765], [-8.272445854148827, -1.6876696702092886]]]], "centroids": [[0.15091593554825522, -0.13119019754230976, 3.0]], "h": 3.0}, "mtl": {"face": 2}}, {"geom": {"polygons": [[[[-8.272445854148827, -1.6876696702092886], [-8.272445854148827, -1.6847380213439465], [-6.725435225729598, 3.397044589743018], [-6.081932175002294, 3.146652489900589], [-5.198042233852902, 5.599489446729422], [-2.563726818509167, 4.712510554119945], [8.272445854148827, 1.1477827169001102], [8.272445854148827, -2.2551695089787245], [7.5405847588554025, -5.734220603480935], [6.853673181467457, -5.5994894448667765], [-8.272445854148827, -1.6876696702092886]]]], "centroids": [[0.3923105819558259, -0.22328068129718304, 6.0]], "h": 6.0}, "mtl": {"face": 3}}], "featureCount": 4, "startIndex": 0}