{"type": "block", "layer": 1, "block": 0, "features": [{"geom": {"triangles": {"v": [-20.282601818500552, 10.90851055458188, 3.0, -22.126351818500552, 1.9085105545818806, 3.0, -2.5638518185005523, 4.908510554581881, 3.0, 6.858023181499448, -6.091489445418119, 3.0, 8.279898181499448, 0.9085105545818806, 3.0], "f": [0, 1, 2, 2, 1, 3, 4, 2, 3]}, "centroids": [[-7.455955261801137, 2.2055376190692186, 3.0]]}, "mtl": 0}], "featureCount": 1, "startIndex": 0}