{"type": "block", "layer": 0, "block": 0, "features": [{"geom": {"polygons": [[[[-5.471760531363543, 4.831484017893672], [-5.471760531363543, 5.471760531887412], [-3.851695304038003, 5.471760531887412], [-4.0630221540050115, 4.509675735607743], [-5.471760531363543, 4.831484017893672]]]], "centroids": [[-4.660113302466925, 5.07283092290163, 3.0]], "h": 3.0}, "mtl": {"face": 0}}, {"geom": {"polygons": [[[[-3.3446452593780123, -4.519326878711581], [-1.1980945824179798, 5.471760531887412], [-1.1953031887824181, 5.471760531887412], [3.3446452593780123, 4.5426051542162895], [1.2950841587153263, -5.471760531887412], [1.2923079537576996, -5.471760531887412], [-3.3446452593780123, -4.519326878711581]]]], "centroids": [[0.02065320932888426, -0.011941071599721909, 3.0]], "h": 3.0}, "mtl": {"face": 0}}], "featureCount": 2, "startIndex": 0}