{"type": "block", "layer": 0, "block": 0, "features": [{"geom": {"polygons": [[[[-3.646015759324655, -3.315249728038907], [-1.9261154513806105, 4.570293195545673], [-1.9239536632376257, 4.570293195545673], [3.646015759295551, 3.3356750328093767], [2.139830427040579, -4.570293195545673], [2.137636999192182, -4.570293195545673], [-3.646015759324655, -3.315249728038907]]]], "centroids": [[0.04697825835319236, -0.018726767972111702, 3.0]], "h": 3.0}, "mtl": {"face": 0}}, {"geom": {"polygons": [[[[-4.326822758768685, -3.1688460670411587], [-2.634263796993764, 4.570293195545673], [-1.9239536632376257, 4.570293195545673], [3.646015759295551, 3.3356750328093767], [2.139830427040579, -4.570293195545673], [2.137636999192182, -4.570293195545673], [-3.646015759324655, -3.315249728038907], [-4.326822758768685, -3.1688460670411587]]]], "centroids": [[-0.28986609863932244, 0.0531399417668581, 6.0]], "h": 6.0}, "mtl": {"face": 1}}, {"geom": {"polygons": [[[[-4.326822758768685, -3.1688460670411587], [-2.634263796993764, 4.570293195545673], [-1.9239536632376257, 4.570293195545673], [3.646015759295551, 3.3356750328093767], [2.139830427040579, -4.570293195545673], [2.137636999192182, -4.570293195545673], [-3.646015759324655, -3.315249728038907], [-4.326822758768685, -3.1688460670411587]]]], "centroids": [[-0.28986609863932244, 0.0531399417668581, 9.0]], "h": 9.0}, "mtl": {"face": 2}}], "featureCount": 3, "startIndex": 0}