{"type": "block", "layer": 0, "block": 0, "features": [{"geom": {"polygons": [[[[-5.752626599161886, -3.442068872973323], [-2.286626743938541, 5.9639306385070086], [-2.091236234700773, 6.53141563385725], [-2.0893985464645084, 6.53141563385725], [5.752626599132782, 3.3552481196820736], [2.1106140449410304, -6.53141563385725], [2.10871123362449, -6.53141563385725], [-5.752626599161886, -3.442068872973323]]]], "centroids": [[0.0022726573515683413, -0.020577598363161087, 3.0]], "h": 3.0}, "mtl": {"face": 0}}, {"geom": {"polygons": [[[[-5.752626599161886, -3.442068872973323], [-2.286626743938541, 5.9639306385070086], [-2.091236234700773, 6.53141563385725], [-2.0893985464645084, 6.53141563385725], [5.752626599132782, 3.3552481196820736], [2.1106140449410304, -6.53141563385725], [2.10871123362449, -6.53141563385725], [-5.752626599161886, -3.442068872973323]]]], "centroids": [[0.0022726573515683413, -0.020577598363161087, 6.0]], "h": 6.0}, "mtl": {"face": 1}}, {"geom": {"polygons": [[[[-5.752626599161886, -3.442068872973323], [-2.286626745510148, 5.963930634781718], [-2.091236234700773, 6.53141563385725], [-2.0893985464645084, 6.53141563385725], [5.752626599132782, 3.3552481196820736], [2.1106140449410304, -6.53141563385725], [2.10871123362449, -6.53141563385725], [-5.752626599161886, -3.442068872973323]]]], "centroids": [[0.002272657322464511, -0.020577598363161087, 9.0]], "h": 9.0}, "mtl": {"face": 2}}, {"geom": {"polygons": [[[[-5.752626599161886, -3.442068872973323], [-2.28658397772233, 5.964046735316515], [-2.0912362198287155, 6.53141563385725], [-2.0893985452712514, 6.53141563385725], [5.752626599132782, 3.3552481196820736], [2.1106140449410304, -6.53141563385725], [2.10871123362449, -6.53141563385725], [-5.752626599161886, -3.442068872973323]]]], "centroids": [[0.0022726746392436326, -0.020577650517225266, 12.0]], "h": 12.0}, "mtl": {"face": 3}}], "featureCount": 4, "startIndex": 0}