{"type": "block", "layer": 0, "block": 0, "features": [{"geom": {"polygons": [[[[-2.7456938118848484, -6.287856766954064], [-2.1632533941883594, 6.287856766954064], [-2.0896379460173193, 6.287856766954064], [1.8123192828788888, 6.254511659964919], [1.7319926859636325, 1.9485825076699257], [2.745722936815582, 1.9485825076699257], [2.4529051228018943, -6.223184008151293], [-2.6956606931926217, -6.287856766954064], [-2.7456938118848484, -6.287856766954064]]]], "centroids": [[-0.05972905215458013, -0.3348833918571472, 3.0]], "h": 3.0}, "mtl": {"face": 0}}, {"geom": {"polygons": [[[[-3.1823229368019383, -5.88948561437428], [-3.054922936775256, -2.409485613927245], [-2.5498426505946554, -2.0591528080403805], [-3.006822936789831, -1.660485614091158], [-2.9222229367878754, 1.7425143849104643], [-2.3615744777198415, 2.005823688581586], [-2.8606229368015192, 2.415514385327697], [-2.7061229367973283, 6.08151438459754], [-2.1648737812938634, 6.287856766954064], [-2.0896379460173193, 6.287856766954064], [1.8123192828788888, 6.254511659964919], [1.7319926859636325, 1.9485825076699257], [2.745722936815582, 1.9485825076699257], [2.4529051228018943, -6.223184008151293], [-2.6956606931926217, -6.287856766954064], [-2.7464110442379024, -6.287856766954064], [-3.1823229368019383, -5.88948561437428]]]], "centroids": [[-0.2930229268677067, -0.28433119878172874, 6.0]], "h": 6.0}, "mtl": {"face": 1}}, {"geom": {"polygons": [[[[-3.1823229368019383, -5.88948561437428], [-3.054922936775256, -2.409485613927245], [-2.5498426505946554, -2.0591528080403805], [-3.006822936789831, -1.660485614091158], [-2.9222229367878754, 1.7425143849104643], [-2.3615744777198415, 2.005823688581586], [-2.8606229368015192, 2.415514385327697], [-2.7061229367973283, 6.08151438459754], [-2.1648737860959955, 6.287856766954064], [-2.089637732016854, 6.287856766954064], [1.8123192828788888, 6.254511659964919], [1.7319926859636325, 1.9485825076699257], [2.745722936815582, 1.9485825076699257], [2.4529051228018943, -6.223184008151293], [-2.6956606931926217, -6.287856766954064], [-2.7464110442379024, -6.287856766954064], [-3.1823229368019383, -5.88948561437428]]]], "centroids": [[-0.29302292692591436, -0.2843312006443739, 9.0]], "h": 9.0}, "mtl": {"face": 2}}], "featureCount": 3, "startIndex": 0}