{"type": "block", "layer": 1, "block": 0, "features": [{"geom": {"triangles": {"v": [-2.159972936788108, 6.267514385282993, 3.0, -2.738097936788108, -6.732485614717007, 3.0, 6.340027063211892, 6.267514385282993, 3.0, 11.511902063211892, -5.732485614717007, 3.0, 11.980652063211892, 5.267514385282993, 3.0, 10.308777063211892, 6.267514385282993, 3.0], "f": [0, 1, 2, 2, 1, 3, 2, 3, 4, 5, 2, 4]}, "centroids": [[4.626170024857856, 0.024623194709420204, 3.0]]}, "mtl": 0}], "featureCount": 1, "startIndex": 0}