{"type": "block", "layer": 0, "block": 0, "features": [{"geom": {"polygons": [[[[-3.6716482754272874, 1.078875733539462], [-3.6716482754272874, 1.0804206114262342], [2.6808855284762103, 2.748856510967016], [3.6716482754272874, -1.157877366989851], [3.6716482754272874, -1.1594168804585934], [-2.7012594185071066, -2.748856509104371], [-3.6716482754272874, 1.078875733539462]]]], "centroids": [[0.005750158277805895, -0.016991520300507545, 3.0]], "h": 3.0}, "mtl": {"face": 0}}, {"geom": {"polygons": [[[[-3.6716482754272874, 1.0804206114262342], [-3.6716482754272874, 1.3713668826967478], [2.6332253028522246, 2.9366440903395414], [2.682438872550847, 2.749264482408762], [-3.6716482754272874, 1.0804206114262342]]]], "centroids": [[-0.7024290241824929, 1.9842836633324623, 3.0]], "h": 3.0}, "mtl": {"face": 0}}], "featureCount": 2, "startIndex": 0}