{"type": "block", "layer": 1, "block": 0, "features": [{"geom": {"triangles": {"v": [5.478091363562271, 3.750047877430916, 3.0, -3.740658636437729, 1.7500478774309158, 3.0, -1.271908636437729, -8.249952122569084, 3.0, 13.165591363562271, -4.249952122569084, 3.0, 10.962466363562271, 4.750047877430916, 3.0, 13.384341363562271, -4.249952122569084, 3.0], "f": [0, 1, 2, 3, 0, 2, 4, 0, 3, 3, 2, 5]}, "centroids": [[4.832235843437957, -1.6728697679936886, 3.0]]}, "mtl": 0}], "featureCount": 1, "startIndex": 0}