{"type": "block", "layer": 0, "block": 0, "features": [{"geom": {"polygons": [[[[-4.243809459003387, 8.588946187868714], [-4.240391827042913, 8.588946187868714], [0.20731887195142917, 7.484553510323167], [3.4428511941514444, 6.683194832876325], [4.2438511941581964, -8.143805166706443], [4.267899077094626, -8.588946187868714], [-3.4091905410168692, -8.588946187868714], [-4.243809459003387, 8.588946187868714]]]], "centroids": [[-0.060427845892263576, -0.48270130157470703, 6.0]], "h": 6.0}, "mtl": {"face": 0}}, {"geom": {"polygons": [[[[-4.243809459003387, 8.588946187868714], [-4.240391827042913, 8.588946187868714], [0.20731887195142917, 7.484553510323167], [3.4428511941514444, 6.683194832876325], [4.2438511941581964, -8.143805166706443], [4.267899077094626, -8.588946187868714], [-3.4091905410168692, -8.588946187868714], [-4.243809459003387, 8.588946187868714]]]], "centroids": [[-0.060427845892263576, -0.48270130157470703, 9.0]], "h": 9.0}, "mtl": {"face": 1}}, {"geom": {"polygons": [[[[-4.243809459003387, 8.588946187868714], [-4.240391827042913, 8.588946187868714], [0.20731887195142917, 7.484553510323167], [3.4428511941514444, 6.683194832876325], [4.2438511941581964, -8.143805166706443], [-3.3944093825411983, -8.588946187868714], [-3.4091905410168692, -8.588946187868714], [-4.243809459003387, 8.588946187868714]]]], "centroids": [[-0.08508864749455824, -0.3715890757739544, 3.0]], "h": 3.0}, "mtl": {"face": 2}}], "featureCount": 3, "startIndex": 0}