{"type": "block", "layer": 1, "block": 0, "features": [{"geom": {"triangles": {"v": [-14.112177266157232, 7.093541534617543, 3.0, -15.862177266157232, -0.9064584653824568, 3.0, 5.387822733842768, 3.093541534617543, 3.0, 3.7159477338427678, -4.906458465382457, 3.0], "f": [0, 1, 2, 1, 3, 2]}, "centroids": [[-5.2072466592653655, 1.1964588668197393, 3.0]]}, "mtl": 0}], "featureCount": 1, "startIndex": 0}