{"type": "block", "layer": 1, "block": 0, "features": [{"geom": {"triangles": {"v": [-5.951940996863414, 4.131794165819883, 3.0, -6.733190996863414, -3.8682058341801167, 3.0, 6.235559003136586, -4.868205834180117, 3.0, 6.938684003136586, 3.1317941658198833, 3.0], "f": [0, 1, 2, 0, 2, 3]}, "centroids": [[0.11978249717503786, -0.008859261870384216, 3.0]]}, "mtl": 0}], "featureCount": 1, "startIndex": 0}