{"type": "block", "layer": 0, "block": 0, "features": [{"geom": {"polygons": [[[[-8.321560253214557, 0.2678447365760803], [-8.321560253214557, 0.26973993703722954], [-4.245392492477549, 7.150335116311908], [7.846207507536747, 0.05333511531352997], [8.321560253214557, -0.39408919401466846], [8.321560253214557, -0.39625928550958633], [4.268189523194451, -7.150335118174553], [-8.321560253214557, 0.2678447365760803]]]], "centroids": [[0.02551341033540666, -0.0004934109747409821, 3.0]], "h": 3.0}, "mtl": {"face": 0}}, {"geom": {"polygons": [[[[-8.321560253214557, 0.2678447365760803], [-8.321560253214557, 1.4099421799182892], [-8.131391058006557, 1.80733753554523], [-7.841740490635857, 2.2102310080081224], [-7.4856806863390375, 2.5558348521590233], [-7.07433546858374, 2.8333519026637077], [-6.873335468408186, 2.714351899921894], [-4.245392492477549, 7.150335116311908], [7.846207507536747, 0.05333511531352997], [8.321560253214557, -0.39408919401466846], [8.321560253214557, -0.39625928550958633], [4.268189523194451, -7.150335118174553], [-8.321560253214557, 0.2678447365760803]]]], "centroids": [[-0.05599258598522283, 0.01759362407028675, 6.0]], "h": 6.0}, "mtl": {"face": 1}}, {"geom": {"polygons": [[[[-8.321560253214557, 0.2678447365760803], [-8.321560253214557, 1.4099421799182892], [-8.131391058006557, 1.80733753554523], [-7.841740490635857, 2.2102310080081224], [-7.4856806863390375, 2.5558348521590233], [-7.07433546858374, 2.8333519026637077], [-6.873335468408186, 2.714351899921894], [-4.245392492477549, 7.150335116311908], [7.846207507536747, 0.05333511531352997], [8.321560253214557, -0.39408919401466846], [8.321560253214557, -0.39625928550958633], [4.268189523194451, -7.150335118174553], [-8.321560253214557, 0.2678447365760803]]]], "centroids": [[-0.05599258598522283, 0.01759362407028675, 9.0]], "h": 9.0}, "mtl": {"face": 2}}, {"geom": {"polygons": [[[[-8.321560253214557, 0.2678447365760803], [-8.321560253214557, 1.4099421799182892], [-8.131391058006557, 1.80733753554523], [-7.841740490635857, 2.2102310080081224], [-7.4856806863390375, 2.5558348521590233], [-7.07433546858374, 2.8333519026637077], [-6.873335468408186, 2.714351899921894], [-5.908209011366125, 4.343491042032838], [1.7342877805349417, -0.04916389286518097], [3.2312358399794903, 2.762029906734824], [7.846207507536747, 0.05333511531352997], [8.321560253214557, -0.39408919401466846], [8.321560253214557, -0.39625928550958633], [4.268189523194451, -7.150335118174553], [-8.321560253214557, 0.2678447365760803]]]], "centroids": [[0.33679324318654835, -1.0867564622312784, 12.0]], "h": 12.0}, "mtl": {"face": 3}}], "featureCount": 4, "startIndex": 0}