{"type": "block", "layer": 0, "block": 0, "features": [{"geom": {"polygons": [[[[-7.138389093015576, -7.138389093801379], [-7.138389093015576, -6.311890026554465], [-1.7894965454761405, -6.787257416173816], [-1.8208427348872647, -7.138389093801379], [-7.138389093015576, -7.138389093801379]]]], "centroids": [[-4.82909524513525, -6.827652223408222, 3.0]], "h": 3.0}, "mtl": {"face": 0}}, {"geom": {"polygons": [[[[-7.138389093015576, -6.311890026554465], [-7.138389093015576, -6.304207816720009], [-5.911672155227279, 6.787164151668549], [5.641103003290482, 5.879618341103196], [7.138389093015576, 5.798656944185495], [7.138389093015576, 5.791404705494642], [6.759275424352381, 1.960688665509224], [-0.9382495147001464, 2.748185446485877], [-1.7905459966568742, -6.787164149805903], [-7.138389093015576, -6.311890026554465]]]], "centroids": [[-1.8288307796756271, 1.2287178207188845, 3.0]], "h": 3.0}, "mtl": {"face": 0}}], "featureCount": 2, "startIndex": 0}