{"type": "block", "layer": 1, "block": 0, "features": [{"geom": {"triangles": {"v": [-7.386896996700671, -8.781381659209728, 3.0, -8.43377199670067, -19.78138165920973, 3.0, 4.456853003299329, -21.78138165920973, 3.0, 7.144353003299329, 6.218618340790272, 3.0, 5.644353003299329, 6.218618340790272, 3.0, -5.918146996700671, 7.218618340790272, 3.0], "f": [0, 1, 2, 0, 2, 3, 4, 0, 3, 5, 0, 4]}, "centroids": [[-0.6779740033380222, -7.191737050190568, 3.0]]}, "mtl": 0}], "featureCount": 1, "startIndex": 0}