{"type": "block", "layer": 0, "block": 0, "features": [{"geom": {"polygons": [[[[-2.268019833485596, -0.14991424605250359], [-2.268019833485596, -0.14821340329945087], [-2.145989013661165, 0.7494027353823185], [2.268019833485596, 0.7668812815099955], [2.268019833485596, 0.7652800008654594], [2.051107582228724, -0.7668821811676025], [-2.268019833485596, -0.14991424605250359]]]], "centroids": [[0.16622202840517275, 0.13698953948915005, 3.0]], "h": 3.0}, "mtl": {"face": 0}}, {"geom": {"polygons": [[[[-2.268019833485596, -2.2680198326706886], [-2.268019833485596, -0.14991424605250359], [2.268019833485596, -0.7978671211749315], [2.268019833485596, -2.2680198326706886], [-2.268019833485596, -2.2680198326706886]]]], "centroids": [[-0.13651655390276574, -1.361204870045185, 3.0]], "h": 3.0}, "mtl": {"face": 0}}, {"geom": {"polygons": [[[[-2.268019833485596, -2.2680198326706886], [-2.268019833485596, -0.14991424605250359], [-0.22556533935130574, -0.4416696894913912], [-0.156525948055787, 0.045990847051143646], [2.120549174316693, -0.27638069726526737], [2.0511075823451392, -0.7668821811676025], [2.268019833485596, -0.7978671211749315], [2.268019833485596, -2.2680198326706886], [-2.268019833485596, -2.2680198326706886]]]], "centroids": [[-0.0036143542965874076, -1.238554708659649, 6.0]], "h": 6.0}, "mtl": {"face": 1}}, {"geom": {"polygons": [[[[0.24134442233480513, -2.2680198326706886], [0.487676741060568, -0.5435531139373779], [2.0511075821123086, -0.7668821811676025], [1.8979604605410714, -2.2680198326706886], [0.24134442233480513, -2.2680198326706886]]]], "centroids": [[1.1498970933316741, -1.465727599337697, 9.0]], "h": 9.0}, "mtl": {"face": 2}}], "featureCount": 4, "startIndex": 0}