{"type": "block", "layer": 1, "block": 0, "features": [{"geom": {"triangles": {"v": [-2.1460890136659145, 0.4620027355849743, 3.0, -4.0679640136659145, -13.537997264415026, 3.0, 3.6351609863340855, -15.537997264415026, 3.0, 6.0101609863340855, 0.4620027355849743, 3.0], "f": [0, 1, 2, 0, 2, 3]}, "centroids": [[0.9469162023451645, -6.80374332331121, 3.0]]}, "mtl": 0}], "featureCount": 1, "startIndex": 0}