{"type": "block", "layer": 0, "block": 0, "features": [{"geom": {"polygons": [[[[-5.4755335544468835, 1.7672369852662086], [-1.3112788421276491, 5.52368095703423], [-1.3101595015614294, 5.52368095703423], [5.47553355441778, -1.870766619220376], [1.3367728872108273, -5.52368095703423], [1.335630917310482, -5.52368095703423], [-5.4755335544468835, 1.7672369852662086]]]], "centroids": [[-0.0006115218275226653, -0.014230195432901382, 3.0]], "h": 3.0}, "mtl": {"face": 0}}, {"geom": {"polygons": [[[[-5.523680957005126, -4.206778047606349], [-5.523680957005126, 0.9991366285830736], [-2.8534250626980793, -1.9070693757385015], [-5.506128439476015, -4.2267499174922705], [-5.523680957005126, -4.206778047606349]]]], "centroids": [[-4.6335564873879775, -1.716566078364849, 3.0]], "h": 3.0}, "mtl": {"face": 0}}, {"geom": {"polygons": [[[[-5.475533554883441, 1.7672369852662086], [-1.3112788421276491, 5.52368095703423], [-1.3101595015614294, 5.52368095703423], [5.47553355441778, -1.870766619220376], [1.799060477875173, -5.11566099524498], [1.3367728872108273, -5.52368095703423], [1.335630917310482, -5.52368095703423], [-5.475533554883441, 1.7672369852662086]]]], "centroids": [[-0.0006115219439379871, -0.014230195432901382, 6.0]], "h": 6.0}, "mtl": {"face": 1}}], "featureCount": 3, "startIndex": 0}