{"type": "block", "layer": 0, "block": 0, "features": [{"geom": {"polygons": [[[[-4.817518199997721, -2.518102278932929], [-4.817518199997721, -2.51456749625504], [-3.926006479159696, 3.8850260321050882], [4.817518199997721, 2.087073042988777], [4.817518199997721, 2.084090892225504], [3.820000000006985, -3.8850260339677334], [-4.817518199997721, -2.518102278932929]]]], "centroids": [[-0.07187797588994727, -0.08930549025535583, 3.0]], "h": 3.0}, "mtl": {"face": 0}}, {"geom": {"polygons": [[[[-4.817518199997721, -3.1254422832280397], [-4.817518199997721, -2.51456749625504], [-3.926006479159696, 3.8850260321050882], [4.817518199997721, 2.087073042988777], [4.817518199997721, -1.6927282474935055], [4.336948533920804, -4.5717015359550714], [-4.817518199997721, -3.1254422832280397]]]], "centroids": [[0.10095088748494163, -0.4605969488620758, 6.0]], "h": 6.0}, "mtl": {"face": 1}}, {"geom": {"polygons": [[[[-4.817518199997721, -3.1254422832280397], [-4.817518199997721, -2.51456749625504], [-3.926006479159696, 3.8850260321050882], [4.817518199997721, 2.087073042988777], [4.817518199997721, -1.6927282474935055], [4.336948533920804, -4.5717015359550714], [-4.817518199997721, -3.1254422832280397]]]], "centroids": [[0.10095088748494163, -0.4605969488620758, 9.0]], "h": 9.0}, "mtl": {"face": 2}}], "featureCount": 3, "startIndex": 0}