{"type": "block", "layer": 0, "block": 0, "features": [{"geom": {"polygons": [[[[-3.7465210856171325, -0.7553212679922581], [-3.7465210856171325, -0.7535076923668385], [-3.1134275116201025, 2.1798987183719873], [3.7465210856171325, 0.7588646356016397], [3.7465210856171325, 0.7569622900336981], [3.1434671179158613, -2.179898716509342], [-3.7465210856171325, -0.7553212679922581]]]], "centroids": [[0.006788968719774857, -6.088241934776306e-05, 3.0]], "h": 3.0}, "mtl": {"face": 0}}, {"geom": {"polygons": [[[[3.6027486546663567, -2.2748600002378225], [3.7465210856171325, -1.6086972132325172], [3.7465210856171325, -2.30458646081388], [3.6027486546663567, -2.2748600002378225]]]], "centroids": [[3.698596941976575, -2.062714559957385, 6.0]], "h": 6.0}, "mtl": {"face": 1}}], "featureCount": 2, "startIndex": 0}