{"type": "block", "layer": 1, "block": 0, "features": [{"geom": {"triangles": {"v": [-6.317442876170389, 9.670122720301151, 3.0, -8.34869287617039, 0.6701227203011513, 3.0, 13.30755712382961, 5.670122720301151, 3.0, 11.32318212382961, -4.329877279698849, 3.0], "f": [0, 1, 2, 1, 3, 2]}, "centroids": [[2.4741466622799635, 3.095915637910366, 3.0]]}, "mtl": 0}], "featureCount": 1, "startIndex": 0}