{"type": "block", "layer": 0, "block": 0, "features": [{"geom": {"polygons": [[[[-4.843995369126787, -2.925326958298683], [-3.0960066539118998, 4.93983599729836], [1.4041552822454832, 4.93983599729836], [3.7692031422047876, 4.404330030083656], [3.573052918916801, 3.4176279213279486], [2.5493576885783114, -1.3146466165781021], [4.843995369155891, -1.8328604903072119], [4.203678936813958, -4.93983599729836], [4.20135886175558, -4.93983599729836], [-4.843995369126787, -2.925326958298683]]]], "centroids": [[-0.05209082961664535, 0.15662488713860512, 6.0]], "h": 6.0}, "mtl": {"face": 0}}, {"geom": {"polygons": [[[[-4.843995369126787, -2.925326958298683], [-3.0960066539118998, 4.93983599729836], [-3.093733150337357, 4.93983599729836], [2.695576308935415, 3.6179796308279037], [1.6714304086926859, -1.1163782365620136], [4.843995369155891, -1.8328604903072119], [4.203678936813958, -4.93983599729836], [4.20135886175558, -4.93983599729836], [-4.843995369126787, -2.925326958298683]]]], "centroids": [[-0.35383442614693195, -0.25424106419086456, 3.0]], "h": 3.0}, "mtl": {"face": 1}}], "featureCount": 2, "startIndex": 0}