{"type": "block", "layer": 1, "block": 0, "features": [{"geom": {"triangles": {"v": [-0.8027796750247944, 7.876120623201132, 3.0, -3.0059046750247944, -1.1238793767988682, 3.0, 16.619095324975206, -6.123879376798868, 3.0, 18.681595324975206, 3.876120623201132, 3.0], "f": [0, 1, 2, 3, 0, 2]}, "centroids": [[7.871710351668298, 1.246578237041831, 3.0]]}, "mtl": 0}], "featureCount": 1, "startIndex": 0}