{"type": "block", "layer": 0, "block": 0, "features": [{"geom": {"polygons": [[[[-5.77100488889846, -3.7796733509749174], [-3.8611223808838986, 6.040722517296672], [-3.858115858689416, 6.040722517296672], [3.8289992706559133, 4.433255987241864], [2.5475435777334496, -1.8275740407407284], [5.77100488889846, -2.502312669530511], [5.04676937678596, -6.040722517296672], [5.043756116298027, -6.040722517296672], [-5.77100488889846, -3.7796733509749174]]]], "centroids": [[-0.35974273839383386, -0.22321846522390842, 3.0]], "h": 3.0}, "mtl": {"face": 0}}, {"geom": {"polygons": [[[[-6.040722516831011, -3.727461475878954], [-6.040722516831011, -1.0752875860780478], [-5.875004888890544, -0.24067335203289986], [-5.283004888915457, -0.31767335161566734], [-5.433491324714851, -0.03502095676958561], [-5.565463448496303, 0.3492806423455477], [-5.6218598664563615, 0.6796342916786671], [-5.631417198252166, 0.967880517244339], [-5.617004888888914, 1.1653266474604607], [-5.551338958030101, 1.5043755415827036], [-5.401879267854383, 1.902253257110715], [-5.216609466180671, 2.217200506478548], [-5.041027536790352, 2.437536049634218], [-4.894677394622704, 2.58558795414865], [-4.749004888901254, 2.7093266490846872], [-5.283004888915457, 2.839326648041606], [-4.667644482717151, 6.040722517296672], [-3.858115858689416, 6.040722517296672], [4.623196542990627, 4.267179960384965], [3.341708218504209, -1.9938094969838858], [5.77100488889846, -2.502312669530511], [5.04676937678596, -6.040722517296672], [5.043756116298027, -6.040722517296672], [-5.77100488889846, -3.7796733509749174], [-6.040722516831011, -3.727461475878954]]]], "centroids": [[-0.46394245387637056, -0.03339134156703949, 6.0]], "h": 6.0}, "mtl": {"face": 1}}, {"geom": {"polygons": [[[[-6.040722516831011, -3.727461475878954], [-6.040722516831011, -1.0752875860780478], [-5.875004888890544, -0.24067335203289986], [-5.283004888915457, -0.31767335161566734], [-5.433491324714851, -0.03502095676958561], [-5.565463448496303, 0.3492806423455477], [-5.6218598664563615, 0.6796342916786671], [-5.631417198252166, 0.967880517244339], [-5.617004888888914, 1.1653266474604607], [-5.551338958030101, 1.5043755415827036], [-5.401879267854383, 1.902253257110715], [-5.216609466180671, 2.217200506478548], [-5.041027536790352, 2.437536049634218], [-4.894677394622704, 2.58558795414865], [-4.749004888901254, 2.7093266490846872], [-5.283004888915457, 2.839326648041606], [-4.667644482717151, 6.040722517296672], [-3.858115858689416, 6.040722517296672], [4.623196542990627, 4.267179960384965], [3.3417082185624167, -1.9938094969838858], [5.77100488889846, -2.502312669530511], [5.046769376756856, -6.040722517296672], [5.0437561162689235, -6.040722517296672], [-5.77100488889846, -3.7796733509749174], [-6.040722516831011, -3.727461475878954]]]], "centroids": [[-0.4639424539054744, -0.03339134156703949, 9.0]], "h": 9.0}, "mtl": {"face": 2}}, {"geom": {"polygons": [[[[-6.040722516831011, -3.727461475878954], [-6.040722516831011, -1.075287587940693], [-5.875004888745025, -0.24067335203289986], [-5.283004888769938, -0.31767335161566734], [-5.4334913245693315, -0.03502095676958561], [-5.565463448350783, 0.3492806423455477], [-5.621859866310842, 0.6796342916786671], [-5.6314171981066465, 0.967880517244339], [-5.617004888743395, 1.1653266474604607], [-5.551338957884582, 1.5043755415827036], [-5.401879267708864, 1.902253257110715], [-5.216609466035152, 2.217200506478548], [-5.041027536644833, 2.437536049634218], [-4.894677394477185, 2.58558795414865], [-4.749004888755735, 2.7093266490846872], [-5.283004888769938, 2.839326648041606], [-4.667644482571632, 6.040722517296672], [-3.858115858543897, 6.040722517296672], [4.623196542990627, 4.267179960384965], [3.3417082185624167, -1.9938094969838858], [5.77100488889846, -2.502312669530511], [5.046769376756856, -6.040722517296672], [5.0437561162689235, -6.040722517296672], [-5.771004888752941, -3.7796733509749174], [-6.040722516831011, -3.727461475878954]]]], "centroids": [[-0.46394245387637056, -0.03339134156703949, 12.0]], "h": 12.0}, "mtl": {"face": 3}}], "featureCount": 4, "startIndex": 0}