{"type": "block", "layer": 0, "block": 0, "features": [{"geom": {"polygons": [[[[-3.0544719556637574, -3.902562627568841], [-2.2021946962631773, 3.902562627568841], [-2.1977450160193257, 3.902562627568841], [3.0545145737414714, 3.437415946274996], [2.35411985826795, -3.4764310363680124], [-3.0495653256075457, -3.902562627568841], [-3.0544719556637574, -3.902562627568841]]]], "centroids": [[-0.016584795870585367, -0.016209477558732033, 3.0]], "h": 3.0}, "mtl": {"face": 0}}, {"geom": {"polygons": [[[[-2.1977450160193257, 3.902562627568841], [0.8333969228260685, 3.902562627568841], [0.8064447242068127, 3.6365078259259462], [-2.1977450160193257, 3.902562627568841]]]], "centroids": [[-0.18596778964274563, 3.8138776924461126, 3.0]], "h": 3.0}, "mtl": {"face": 0}}, {"geom": {"polygons": [[[[-3.0544719556637574, -3.902562627568841], [-2.2021946962631773, 3.902562627568841], [-2.1977450160193257, 3.902562627568841], [3.0545145737414714, 3.437415946274996], [2.35411985826795, -3.4764310363680124], [-3.0495653256075457, -3.902562627568841], [-3.0544719556637574, -3.902562627568841]]]], "centroids": [[-0.016584795870585367, -0.016209477558732033, 6.0]], "h": 6.0}, "mtl": {"face": 1}}], "featureCount": 3, "startIndex": 0}