{"type": "block", "layer": 1, "block": 0, "features": [{"geom": {"triangles": {"v": [-7.1567307483637705, 46.573641303926706, 3.0, -10.12548074836377, 13.573641303926706, 3.0, -1.2192307483637705, 12.573641303926706, 3.0, 11.12451925163623, 44.573641303926706, 3.0, 6.2338942516362295, -3.4263586960732937, 3.0, -3.0473557483637705, -3.4263586960732937, 3.0], "f": [0, 1, 2, 0, 2, 3, 2, 4, 3, 2, 5, 4]}, "centroids": [[0.7978068935626652, 24.543098172172904, 3.0]]}, "mtl": 0}], "featureCount": 1, "startIndex": 0}