{"type": "block", "layer": 0, "block": 0, "features": [{"geom": {"polygons": [[[[-5.350609893735964, 2.6415341664105654], [-4.533955621853238, 7.791442420333624], [-4.526952632237226, 7.791442420333624], [5.350609893735964, 6.672624656930566], [3.1481895225588232, -7.791442420333624], [3.1415723816026, -7.791442420333624], [-1.970774848246947, -7.178429702296853], [-0.45240409884718247, 2.079677475616336], [-5.350609893735964, 2.6415341664105654]]]], "centroids": [[0.6382107559184078, 1.0480557326227427, 3.0]], "h": 3.0}, "mtl": {"face": 0}}, {"geom": {"polygons": [[[[-5.350609893735964, 2.6415341664105654], [-4.533955621853238, 7.791442420333624], [-4.526952632237226, 7.791442420333624], [5.350609893735964, 6.672624656930566], [3.1481895225588232, -7.791442420333624], [3.1415723816026, -7.791442420333624], [-1.970774848246947, -7.178429702296853], [-0.45240409884718247, 2.079677475616336], [-5.350609893735964, 2.6415341664105654]]]], "centroids": [[0.6382107559184078, 1.0480557326227427, 6.0]], "h": 6.0}, "mtl": {"face": 1}}], "featureCount": 2, "startIndex": 0}