{"type": "block", "layer": 0, "block": 0, "features": [{"geom": {"polygons": [[[[-9.61099999997532, -8.944499988108873], [-4.650588315416826, 12.409258937463164], [-4.644388534914469, 12.409258937463164], [9.611000000004424, 9.416500011458993], [5.415238578309072, -12.409258937463164], [5.409619726706296, -12.409258937463164], [-9.61099999997532, -8.944499988108873]]]], "centroids": [[0.18602815773920156, 0.012879757210612297, 3.0]], "h": 3.0}, "mtl": {"face": 0}}, {"geom": {"polygons": [[[[-9.61484676762484, -9.296450838446617], [-9.61099999997532, -8.944499988108873], [-6.574167662009131, 4.128565266728401], [-7.210999999719206, 4.276500012725592], [-6.424999999784632, 7.730500012636185], [-5.772651380248135, 7.57896145991981], [-4.650588315416826, 12.409258937463164], [-4.644388534914469, 12.409258937463164], [9.611000000062631, 9.416500011458993], [10.296552669809898, 9.272567486390471], [6.128460687352344, -12.409258937463164], [2.8487335469399113, -12.409258937463164], [-9.407000000501284, -9.580499988049269], [-9.61484676762484, -9.296450838446617]]]], "centroids": [[0.41055523566319607, -0.26080976985394955, 6.0]], "h": 6.0}, "mtl": {"face": 1}}], "featureCount": 2, "startIndex": 0}