{"type": "block", "layer": 1, "block": 0, "features": [{"geom": {"triangles": {"v": [-4.650125112908427, 0.9335801489651203, 3.0, -5.681375112908427, -2.0664198510348797, 3.0, 19.131124887091573, -7.06641985103488, 3.0, -2.8532501129084267, 3.9335801489651203, 3.0, 16.537374887091573, -14.06641985103488, 3.0], "f": [0, 1, 2, 3, 0, 2, 1, 4, 2]}, "centroids": [[6.799631092144409, -4.639023477211595, 3.0]]}, "mtl": 0}], "featureCount": 1, "startIndex": 0}