{"type": "block", "layer": 1, "block": 0, "features": [{"geom": {"triangles": {"v": [-4.557522984570824, 6.068319147452712, 3.0, -6.713772984570824, -17.931680852547288, 3.0, 3.2862270154291764, -18.931680852547288, 3.0, 5.567477015429176, 5.068319147452712, 3.0], "f": [0, 1, 2, 0, 2, 3]}, "centroids": [[-0.6008089171373285, -6.380100924521685, 3.0]]}, "mtl": 0}], "featureCount": 1, "startIndex": 0}