{"type": "block", "layer": 0, "block": 0, "features": [{"geom": {"polygons": [[[[-7.877489215170499, -0.8942309431731701], [-7.877489215170499, -0.8880070112645626], [-7.453499848867068, 2.4193851482123137], [7.877489215170499, 0.8973765969276428], [7.877489215170499, 0.8911269269883633], [7.454880463075824, -2.4193851482123137], [-7.877489215170499, -0.8942309431731701]]]], "centroids": [[0.0014861123636364937, 0.0006409436464309692, 3.0]], "h": 3.0}, "mtl": {"face": 0}}, {"geom": {"polygons": [[[[-0.4403182117966935, -7.877489214763045], [-0.1727998529386241, -5.63361487723887], [3.931465148285497, -6.175856247544289], [3.7286922240746208, -7.877489214763045], [-0.4403182117966935, -7.877489214763045]]]], "centroids": [[1.667006539501017, -6.884906588122249, 3.0]], "h": 3.0}, "mtl": {"face": 0}}, {"geom": {"polygons": [[[[7.454880463075824, -2.4193851482123137], [7.877489215170499, 0.8911269269883633], [7.877489215170499, -2.461423236876726], [7.454880463075824, -2.4193851482123137]]]], "centroids": [[7.736619631119538, -1.3298938181251287, 3.0]], "h": 3.0}, "mtl": {"face": 0}}], "featureCount": 3, "startIndex": 0}