{"type": "block", "layer": 0, "block": 0, "features": [{"geom": {"polygons": [[[[-5.508728624059586, -7.904333965852857], [-1.773691875510849, 9.935244612395763], [-1.7686376348719932, 9.935244612395763], [5.256054692697944, 8.494962664321065], [3.242340768512804, -1.2787814270704985], [0.27803223620867357, -0.6581501010805368], [-0.06250543417991139, -2.395244963467121], [5.508728624059586, -3.618979739025235], [4.180802456045058, -9.935244612395763], [4.175855368404882, -9.935244612395763], [-5.508728624059586, -7.904333965852857]]]], "centroids": [[0.2619534424156882, -0.4656630102545023, 3.0]], "h": 3.0}, "mtl": {"face": 0}}, {"geom": {"polygons": [[[[-5.508728624059586, -7.904333965852857], [-1.773691875510849, 9.935244612395763], [-1.7686376348719932, 9.935244612395763], [1.7420266331464518, 9.21544848009944], [1.8009663725970313, 9.502915482968092], [5.314575091149891, 8.77899675257504], [5.256054692697944, 8.494962664321065], [3.242340768512804, -1.2787814270704985], [0.27803223620867357, -0.6581501010805368], [-0.06250543417991139, -2.395244963467121], [5.508728624059586, -3.618979739025235], [4.180802456015954, -9.935244612395763], [4.175855368375778, -9.935244612395763], [-5.508728624059586, -7.904333965852857]]]], "centroids": [[0.28559637020225637, -0.3970856349915266, 6.0]], "h": 6.0}, "mtl": {"face": 1}}, {"geom": {"polygons": [[[[-5.508728624059586, -7.904333965852857], [-1.7736918757727835, 9.935244612395763], [-0.2973843549261801, 9.935244612395763], [1.8009663725970313, 9.502915482968092], [1.8493446939974092, 9.735839571803808], [5.853282589145238, 8.924972850829363], [5.753840405261144, 8.433242488652468], [3.7675491586560383, -1.3887432534247637], [0.27803223620867357, -0.6581501010805368], [-0.06250543417991139, -2.395244963467121], [5.508728624059586, -3.618979739025235], [4.180802456015954, -9.935244612395763], [4.175855368375778, -9.935244612395763], [-5.508728624059586, -7.904333965852857]]]], "centroids": [[0.4578992970054969, -0.13632397912442684, 9.0]], "h": 9.0}, "mtl": {"face": 2}}], "featureCount": 3, "startIndex": 0}