{"type": "block", "layer": 0, "block": 0, "features": [{"geom": {"polygons": [[[[-9.935182887275005, -3.0947629529982805], [-9.935182887275005, -3.089763483032584], [-7.893178985250415, 6.761481367051601], [9.935182887275005, 3.0337263885885477], [9.935182887275005, -0.47416613064706326], [8.553477416571695, -6.9271635338664055], [7.754176504560746, -6.761481368914247], [0.7864406612352468, -5.317182298749685], [1.7403961550735403, -0.7150122746825218], [-1.6867517339996994, -0.004619887098670006], [-2.640707227779785, -4.606789909303188], [-9.935182887275005, -3.0947629529982805]]]], "centroids": [[0.3435996073530987, 0.14107193239033222, 6.0]], "h": 6.0}, "mtl": {"face": 0}}, {"geom": {"polygons": [[[[-9.935182887275005, -3.0947629529982805], [-9.935182887275005, -3.089763483032584], [-7.893178985250415, 6.761481367051601], [9.935182887275005, 3.0337263885885477], [9.935182887275005, -0.47416613064706326], [8.553477416571695, -6.9271635338664055], [7.754176504560746, -6.761481368914247], [0.7864406617591158, -5.317182298749685], [1.7403961548989173, -0.7150122746825218], [-1.6867517341161147, -0.004619887098670006], [-2.640707227430539, -4.606789909303188], [-9.935182887275005, -3.0947629529982805]]]], "centroids": [[0.3435996073822025, 0.14107193239033222, 12.0]], "h": 12.0}, "mtl": {"face": 1}}, {"geom": {"polygons": [[[[-9.935182887275005, -3.0947629529982805], [-9.935182887275005, -3.089763483032584], [-7.893178985250415, 6.761481367051601], [9.935182887275005, 3.0337263885885477], [9.935182887275005, 3.0290582813322544], [7.754176504560746, -6.761481368914247], [0.7864406614098698, -5.317182298749685], [1.7403961551608518, -0.7150122746825218], [-1.6867517339996994, -0.004619887098670006], [-2.640707227634266, -4.606789909303188], [-9.935182887275005, -3.0947629529982805]]]], "centroids": [[0.0029487126448657364, 0.2555721253156662, 3.0]], "h": 3.0}, "mtl": {"face": 2}}, {"geom": {"polygons": [[[[-9.935182887275005, -3.0947629529982805], [-9.935182887275005, -3.089763483032584], [-7.893178985250415, 6.761481367051601], [9.935182887275005, 3.0337263885885477], [9.935182887275005, -0.47416613064706326], [8.553477416571695, -6.9271635338664055], [7.754176504560746, -6.761481368914247], [0.7864406615844928, -5.317182298749685], [1.7403961549862288, -0.7150122746825218], [-1.6867517339996994, -0.004619887098670006], [-2.6407072275178507, -4.606789909303188], [-9.935182887275005, -3.0947629529982805]]]], "centroids": [[0.34359960732399486, 0.14107193239033222, 9.0]], "h": 9.0}, "mtl": {"face": 3}}], "featureCount": 4, "startIndex": 0}