{"type": "block", "layer": 1, "block": 0, "features": [{"geom": {"triangles": {"v": [-9.803748495440232, 7.316518630832434, 3.0, -11.881873495440232, -2.6834813691675663, 3.0, 7.758751504559768, -6.683481369167566, 3.0, 9.930626504559768, 3.3165186308324337, 3.0], "f": [0, 1, 2, 0, 2, 3]}, "centroids": [[-1.0012142558407504, 0.19098609685897827, 3.0]]}, "mtl": 0}], "featureCount": 1, "startIndex": 0}