{"type": "block", "layer": 0, "block": 0, "features": [{"geom": {"polygons": [[[[-4.176598886260763, -0.4677243009209633], [-4.176598886260763, -0.4664234612137079], [-2.8368150153255556, 3.2003241684287786], [4.176598886260763, 0.6504751089960337], [4.176598886260763, 0.6488797906786203], [3.0627322939690202, -3.2003241684287786], [-4.176598886260763, -0.4677243009209633]]]], "centroids": [[0.06677930310252123, 0.029318470507860184, 3.0]], "h": 3.0}, "mtl": {"face": 0}}, {"geom": {"polygons": [[[[3.0627322939690202, -3.2003241684287786], [4.176598886260763, 0.6488797906786203], [4.176598886260763, -3.620770702138543], [3.0627322939690202, -3.2003241684287786]]]], "centroids": [[3.8053100221732166, -2.057405026629567, 3.0]], "h": 3.0}, "mtl": {"face": 0}}], "featureCount": 2, "startIndex": 0}