{"type": "block", "layer": 1, "block": 0, "features": [{"geom": {"triangles": {"v": [-1.9786076279415283, 4.6021162532269955, 3.0, -3.7754826279415283, -3.3978837467730045, 3.0, 15.740142372058472, -7.3978837467730045, 3.0, 17.45889237205847, 0.6021162532269955, 3.0], "f": [0, 1, 2, 0, 2, 3]}, "centroids": [[6.815425290144049, -1.4858726151287556, 3.0]]}, "mtl": 0}], "featureCount": 1, "startIndex": 0}