{"type": "block", "layer": 1, "block": 0, "features": [{"geom": {"triangles": {"v": [4.364103860920295, 0.49258509278297424, 3.0, -1.4327711390797049, 4.492585092782974, 3.0, -2.073396139079705, -9.507414907217026, 3.0, 3.770353860920295, 4.492585092782974, 3.0, 4.567228860920295, -10.507414907217026, 3.0], "f": [0, 1, 2, 3, 1, 0, 0, 2, 4]}, "centroids": [[1.3183787010493688, -3.0687268432229757, 3.0]]}, "mtl": 0}], "featureCount": 1, "startIndex": 0}