{"type": "block", "layer": 0, "block": 0, "features": [{"geom": {"polygons": [[[[-3.957312861777609, -5.487937714904547], [-2.600510970747564, 5.940760161727667], [-2.5447768174053635, 6.410223539918661], [-2.5413240384077653, 6.410223539918661], [3.957312861777609, 5.176406729966402], [2.314707605954027, -6.410223539918661], [2.3102600887359586, -6.410223539918661], [-3.957312861777609, -5.487937714904547]]]], "centroids": [[-0.0643362142436672, -0.03526974469423294, 3.0]], "h": 3.0}, "mtl": {"face": 0}}], "featureCount": 1, "startIndex": 0}