{"type": "block", "layer": 1, "block": 0, "features": [{"geom": {"triangles": {"v": [-3.84474999998929, 16.43694705888629, 3.0, -7.61037499998929, -2.5630529411137104, 3.0, -0.03224999998928979, 15.43694705888629, 3.0, 7.60837500001071, 2.4369470588862896, 3.0, 4.31150000001071, -5.56305294111371, 3.0, 6.15525000001071, -4.56305294111371, 3.0, 9.87400000001071, 13.43694705888629, 3.0], "f": [0, 1, 2, 1, 3, 2, 4, 3, 1, 5, 3, 4, 2, 3, 6]}, "centroids": [[1.0489369338029064, 5.47492185421288, 3.0]]}, "mtl": 0}], "featureCount": 1, "startIndex": 0}