{"type": "block", "layer": 0, "block": 0, "features": [{"geom": {"polygons": [[[[-3.777440383913927, -4.257664522156119], [-1.7343276916071773, 5.444856956601143], [-1.7316383942670655, 5.444856956601143], [3.777440383913927, 4.279669279232621], [1.7222444535291288, -5.444856956601143], [1.7196079872664995, -5.444856956601143], [-3.777440383913927, -4.257664522156119]]]], "centroids": [[-0.0016888734826352447, 0.006310638040304184, 3.0]], "h": 3.0}, "mtl": {"face": 0}}, {"geom": {"polygons": [[[[-3.777440383913927, -4.257664522156119], [-1.7343276916071773, 5.444856956601143], [-1.7316383942670655, 5.444856956601143], [3.777440383913927, 4.279669279232621], [1.7222444535291288, -5.444856956601143], [1.7196079872664995, -5.444856956601143], [-3.777440383913927, -4.257664522156119]]]], "centroids": [[-0.0016888734826352447, 0.006310638040304184, 6.0]], "h": 6.0}, "mtl": {"face": 1}}, {"geom": {"polygons": [[[[4.756450594548369, -5.444856956601143], [4.996201237809146, -4.33474132232368], [5.4448569570377, -4.426471058279276], [5.4448569570377, -5.444856956601143], [4.756450594548369, -5.444856956601143]]]], "centroids": [[5.151696587505285, -4.947801945731044, 3.0]], "h": 3.0}, "mtl": {"face": 0}}], "featureCount": 3, "startIndex": 0}