{"type": "block", "layer": 0, "block": 0, "features": [{"geom": {"polygons": [[[[-4.107589640014339, 3.172276336699724], [-3.3926382844219916, 5.17101850733161], [5.171018506545806, 5.17101850733161], [5.171018506545806, -0.29249717108905315], [-4.107589640014339, 3.172276336699724]]]], "centroids": [[1.3576093511946965, 3.143295407295227, 3.0]], "h": 3.0}, "mtl": {"face": 0}}, {"geom": {"polygons": [[[[-4.107589640014339, 3.172276336699724], [-3.3926381596538704, 5.17101850733161], [5.171018506545806, 5.17101850733161], [5.171018506545806, -0.29249717108905315], [-4.107589640014339, 3.172276336699724]]]], "centroids": [[1.3576093695301097, 3.1432954035699368, 6.0]], "h": 6.0}, "mtl": {"face": 1}}, {"geom": {"polygons": [[[[-5.171018506545806, 0.1976846121251583], [-5.171018506545806, 0.19931918010115623], [-4.1075896406546235, 3.172276336699724], [5.171018506545806, -0.29249717108905315], [5.171018506545806, -0.29403007961809635], [4.06003185766167, -3.172276336699724], [-5.171018506545806, 0.1976846121251583]]]], "centroids": [[-0.029077426908770576, -0.01517556793987751, 3.0]], "h": 3.0}, "mtl": {"face": 0}}], "featureCount": 3, "startIndex": 0}