{"type": "block", "layer": 1, "block": 0, "features": [{"geom": {"triangles": {"v": [-7.680807625758462, -6.685604194179177, 3.0, -2.6183076257584617, -8.685604194179177, 3.0, -1.7745576257584617, 9.314395805820823, 3.0, 7.662942374241538, 6.314395805820823, 3.0, 1.8348173742415383, -8.685604194179177, 3.0], "f": [0, 1, 2, 3, 2, 1, 3, 1, 4]}, "centroids": [[-0.05699635230121203, 0.03505641222000122, 3.0]]}, "mtl": 0}], "featureCount": 1, "startIndex": 0}