{"type": "block", "layer": 1, "block": 0, "features": [{"geom": {"triangles": {"v": [-3.5342508735484444, 5.607533358037472, 3.0, -5.549875873548444, -4.392466641962528, 3.0, 15.950124126451556, 1.6075333580374718, 3.0, 13.950124126451556, -8.392466641962528, 3.0], "f": [0, 1, 2, 1, 3, 2]}, "centroids": [[5.220584532507928, -1.0784598346799612, 3.0]]}, "mtl": 0}], "featureCount": 1, "startIndex": 0}