{"type": "block", "layer": 0, "block": 0, "features": [{"geom": {"polygons": [[[[-3.4929330670565832, -4.212420053780079], [-1.9786368552886415, 5.685344319790602], [-1.976335329178255, 5.685344319790602], [3.492933067085687, 4.281087087467313], [2.055815055849962, -5.685344319790602], [2.0535919421818107, -5.685344319790602], [-3.4929330670565832, -4.212420053780079]]]], "centroids": [[0.019576923019485548, 0.0039662644267082214, 3.0]], "h": 3.0}, "mtl": {"face": 0}}, {"geom": {"polygons": [[[[-5.685344319557771, -3.630207635462284], [-5.685344319557771, -0.5071850251406431], [-3.033576751127839, -1.2099687866866589], [-3.4929330670565832, -4.212420053780079], [-5.685344319557771, -3.630207635462284]]]], "centroids": [[-4.470587702293415, -2.341572491452098, 3.0]], "h": 3.0}, "mtl": {"face": 0}}, {"geom": {"polygons": [[[[-3.4929330670565832, -4.212420053780079], [-1.9786368552886415, 5.685344319790602], [-1.976335329178255, 5.685344319790602], [3.492933067085687, 4.281087087467313], [2.055815055849962, -5.685344319790602], [2.0535919421818107, -5.685344319790602], [-3.4929330670565832, -4.212420053780079]]]], "centroids": [[0.019576923019485548, 0.0039662644267082214, 6.0]], "h": 6.0}, "mtl": {"face": 1}}], "featureCount": 3, "startIndex": 0}