{"type": "block", "layer": 0, "block": 0, "features": [{"geom": {"polygons": [[[[-6.051890874456149, -2.6714009940624237], [-6.051890874456149, -0.4748838320374489], [-4.649496124009602, 5.681733889505267], [4.345503875985742, 3.7837338894605637], [4.278503874025773, 3.297733888030052], [3.3999625919386744, -0.6378901265561581], [6.051890874456149, -1.228885481134057], [6.051890874456149, -1.231731716543436], [5.172149034682661, -5.1727338917553425], [-6.051890874456149, -2.6714009940624237]]]], "centroids": [[-0.3717123879469, 0.15868881344795227, 6.0]], "h": 6.0}, "mtl": {"face": 0}}, {"geom": {"polygons": [[[[-6.051890874456149, -2.6714009940624237], [-6.051890874456149, -2.6685547586530447], [-4.301496124011464, 5.172733889892697], [4.278503874025773, 3.297733888030052], [3.3999625919386744, -0.6378901265561581], [6.051890874456149, -1.228885481134057], [6.051890874456149, -1.231731716543436], [5.172149034682661, -5.1727338917553425], [-6.051890874456149, -2.6714009940624237]]]], "centroids": [[-0.19082827810780145, -0.12749763391911983, 3.0]], "h": 3.0}, "mtl": {"face": 1}}], "featureCount": 2, "startIndex": 0}