{"type": "block", "layer": 0, "block": 0, "features": [{"geom": {"polygons": [[[[-6.583863888838096, -1.371727978810668], [-0.8813090294715948, 6.705763069912791], [-0.8799414034874644, 6.705763069912791], [6.583863888867199, 1.1077643018215895], [0.7281915842322633, -6.705763069912791], [0.7267698259965982, -6.705763069912791], [-6.583863888838096, -1.371727978810668]]]], "centroids": [[-0.031247509323293343, -0.04026533663272858, 3.0]], "h": 3.0}, "mtl": {"face": 0}}, {"geom": {"polygons": [[[[-0.8799414034874644, 6.705763069912791], [6.70576307005831, 6.705763069912791], [6.70576307005831, -6.705763069912791], [0.7281915842322633, -6.705763069912791], [6.583863888867199, 1.1077643018215895], [-0.8799414034874644, 6.705763069912791]]]], "centroids": [[4.4578008825774305, 0.1604556441307068, 3.0]], "h": 3.0}, "mtl": {"face": 0}}], "featureCount": 2, "startIndex": 0}