{"type": "block", "layer": 0, "block": 0, "features": [{"geom": {"polygons": [[[[-6.61093656218145, 3.536039946600795], [-4.578958666854305, 6.678651727735996], [-4.577493781747762, 6.678651727735996], [1.8684168351755943, 2.510797470808029], [2.643433657474816, 3.7094212360680103], [6.610936562152347, 1.1440778970718384], [1.455715454154415, -6.678651727735996], [1.4542422756785527, -6.678651727735996], [-5.798103214940056, -1.9893656335771084], [-3.518369213619735, 1.536420226097107], [-6.61093656218145, 3.536039946600795]]]], "centroids": [[-0.3034777794673573, -0.0028364304453134537, 3.0]], "h": 3.0}, "mtl": {"face": 0}}, {"geom": {"polygons": [[[[-6.61093656218145, 3.536039946600795], [-4.578958666854305, 6.678651727735996], [-4.577493781747762, 6.678651727735996], [1.8684168351755943, 2.510797470808029], [2.643433657474816, 3.7094212360680103], [6.610936562152347, 1.1440778970718384], [1.455715454154415, -6.678651727735996], [1.4542422756785527, -6.678651727735996], [-5.798103214940056, -1.9893656335771084], [-3.518369213619735, 1.536420226097107], [-6.61093656218145, 3.536039946600795]]]], "centroids": [[-0.3034777794673573, -0.0028364304453134537, 6.0]], "h": 6.0}, "mtl": {"face": 1}}], "featureCount": 2, "startIndex": 0}