{"type": "block", "layer": 0, "block": 0, "features": [{"geom": {"polygons": [[[[-3.0675205356092192, -2.06743579916656], [-3.0675205356092192, -2.064123872667551], [-2.631837240769528, 2.598661571741104], [3.0675205356092192, 2.0755514353513718], [3.0675205356092192, 2.0723370146006346], [2.6177830698143225, -2.598661571741104], [-3.0675205356092192, -2.06743579916656]]]], "centroids": [[-0.002479830669471994, 0.002841481938958168, 3.0]], "h": 3.0}, "mtl": {"face": 0}}], "featureCount": 1, "startIndex": 0}