{"type": "block", "layer": 1, "block": 0, "features": [{"geom": {"triangles": {"v": [-4.625776679778937, 6.816033219918609, 3.0, -6.938276679778937, -3.1839667800813913, 3.0, 6.936723320221063, 2.8160332199186087, 3.0, 4.842973320221063, -6.183966780081391, 3.0], "f": [0, 1, 2, 1, 3, 2]}, "centroids": [[0.047998293361160904, -0.006974169984459877, 3.0]]}, "mtl": 0}], "featureCount": 1, "startIndex": 0}