{"type": "block", "layer": 0, "block": 0, "features": [{"geom": {"polygons": [[[[-5.479389906075085, 2.635879335924983], [-5.479389906075085, 2.6385515220463276], [-5.081933918438153, 4.500580232590437], [5.120532748987898, 2.3178846519440413], [5.462549114134163, 2.243555596098304], [5.411727998434799, 1.9977418221533298], [5.479389906075085, 1.388951312750578], [5.479389906075085, 1.3722769506275654], [5.451155182148796, 0.7671919614076614], [5.3260907031653915, 0.16248951479792595], [5.107833214540733, -0.4151521045714617], [4.801773082639556, -0.9514667205512524], [4.710632967035053, -1.3921406138688326], [4.782385225233156, -1.9885039627552032], [4.757103228097549, -2.588635990396142], [4.635447748587467, -3.176851576194167], [4.420598388736835, -3.7377770468592644], [4.118170476984233, -4.256751986220479], [4.067745902080787, -4.500580232590437], [3.725532748969272, -4.42711534909904], [-4.6647633418033365, -2.7203519586473703], [-3.622523536090739, 2.2803872171789408], [-5.479389906075085, 2.635879335924983]]]], "centroids": [[0.21932098839897662, -0.038713837042450905, 6.0]], "h": 6.0}, "mtl": {"face": 0}}, {"geom": {"polygons": [[[[-5.479389906075085, 2.635879335924983], [-5.479389906075085, 2.6385515220463276], [-5.081933918292634, 4.500580232590437], [5.120532748987898, 2.3178846519440413], [5.462549114134163, 2.243555596098304], [5.411727998434799, 1.9977418221533298], [5.479389906075085, 1.388951312750578], [5.479389906075085, 1.3722769506275654], [5.451155182148796, 0.7671919614076614], [5.3260907031653915, 0.16248951479792595], [5.107833214540733, -0.4151521045714617], [4.801773082639556, -0.9514667205512524], [4.710632967035053, -1.3921406138688326], [4.782385225233156, -1.9885039627552032], [4.757103228097549, -2.588635990396142], [4.635447748587467, -3.176851576194167], [4.420598388736835, -3.7377770468592644], [4.118170476984233, -4.256751986220479], [4.067745902080787, -4.500580232590437], [3.725532748969272, -4.42711534909904], [-4.6647633418033365, -2.7203519586473703], [-3.622523536090739, 2.2803872171789408], [-5.479389906075085, 2.635879335924983]]]], "centroids": [[0.21932098839897662, -0.038713837042450905, 9.0]], "h": 9.0}, "mtl": {"face": 1}}, {"geom": {"polygons": [[[[-5.479389906075085, 2.635879335924983], [-5.479389906075085, 2.6385515220463276], [-5.081933918292634, 4.500580232590437], [5.120532748987898, 2.3178846519440413], [5.479389906075085, 2.239895621314645], [5.479389906075085, -1.2698699031025171], [4.769120218552416, -4.651148330420256], [3.725532748969272, -4.42711534909904], [-4.6647633418033365, -2.7203519586473703], [-3.622523536090739, 2.2803872171789408], [-5.479389906075085, 2.635879335924983]]]], "centroids": [[0.39950348011916503, -0.12269285693764687, 12.0]], "h": 12.0}, "mtl": {"face": 2}}, {"geom": {"polygons": [[[[-5.479389906075085, 2.635879335924983], [-5.479389906075085, 2.6385515220463276], [-5.081933918292634, 4.500580232590437], [5.120532748987898, 2.3178846519440413], [3.725532748969272, -4.42711534909904], [-4.6647633418033365, -2.7203519586473703], [-3.622523536090739, 2.2803872171789408], [-5.479389906075085, 2.635879335924983]]]], "centroids": [[-0.03352145478129387, 0.021952874958515167, 3.0]], "h": 3.0}, "mtl": {"face": 3}}], "featureCount": 4, "startIndex": 0}