{"type": "block", "layer": 0, "block": 0, "features": [{"geom": {"polygons": [[[[-5.605506915104343, -11.44648165255785], [-5.583493084879592, -11.298105807974935], [-4.228330472775269, -2.1641740668565035], [-1.7413376928016078, -2.5553632024675608], [-1.3265381499368232, 0.10207838006317616], [-3.8340268556203227, 0.4934718068689108], [-1.9629497060959693, 13.104719204828143], [-1.9561563901952468, 13.104719204828143], [5.605506915104343, 11.602894192561507], [2.0073219565383624, -12.79096494615078], [1.4722966596018523, -12.927435794845223], [0.928927093744278, -13.025731455534697], [0.37996745386044495, -13.08536228723824], [-0.13684268706128933, -13.104719204828143], [-0.21114322627545334, -13.104719204828143], [-0.7237511033308692, -13.087628204375505], [-0.6316012492752634, -12.545402785763144], [-2.6774037350260187, -12.197723761200905], [-2.7611763316672295, -12.690655959770083], [-3.396435489616124, -12.63544343225658], [-4.01437542802887, -12.477973377332091], [-4.598615014896495, -12.222413813695312], [-5.1336990106792655, -11.875525210052729], [-5.605506915104343, -11.44648165255785]]]], "centroids": [[0.06893374814535491, -0.0738437082618475, 3.0]], "h": 3.0}, "mtl": {"face": 0}}, {"geom": {"polygons": [[[[-5.605506915104343, -11.44648165255785], [-5.583493084879592, -11.298105807974935], [-4.228330472775269, -2.1641740668565035], [-1.7413376928016078, -2.5553632024675608], [-1.3265381499368232, 0.10207838006317616], [-3.8340268556203227, 0.4934718068689108], [-1.9629497060959693, 13.104719204828143], [-1.9561563901952468, 13.104719204828143], [5.605506915104343, 11.602894192561507], [2.0073219565383624, -12.79096494615078], [1.4722966596018523, -12.927435794845223], [0.928927093744278, -13.025731455534697], [0.37996745386044495, -13.08536228723824], [-0.13684268706128933, -13.104719204828143], [-0.21114322627545334, -13.104719204828143], [-0.7237511033308692, -13.087628204375505], [-0.6316012492752634, -12.545402785763144], [-2.6774037350260187, -12.197723761200905], [-2.7611763316672295, -12.690655959770083], [-3.396435489616124, -12.63544343225658], [-4.01437542802887, -12.477973377332091], [-4.598615014896495, -12.222413813695312], [-5.1336990106792655, -11.875525210052729], [-5.605506915104343, -11.44648165255785]]]], "centroids": [[0.06893374814535491, -0.0738437082618475, 6.0]], "h": 6.0}, "mtl": {"face": 1}}, {"geom": {"polygons": [[[[-5.605506915104343, -11.44648165255785], [-5.583493084879592, -11.298105807974935], [-4.228330472600646, -2.1641740668565035], [-1.7413376928016078, -2.5553632024675608], [-1.3265381499368232, 0.10207838006317616], [-3.834026855736738, 0.4934718068689108], [-1.9629497060959693, 13.104719204828143], [-1.9561563901952468, 13.104719204828143], [5.605506915104343, 11.602894192561507], [6.003506915061735, 11.539894193410873], [5.398506915080361, 7.363894192501903], [4.989145271276357, 7.4242765586823225], [4.418986377510009, 3.5588900092989206], [4.832506915059639, 3.4978941921144724], [4.199534649902489, -0.7569797951728106], [3.7912624494929332, -0.6967581268399954], [3.4259934153524227, -3.173095902428031], [3.8312116400629748, -3.2328670974820852], [3.508506915124599, -5.4021058063954115], [3.1059644202468917, -5.342729290947318], [2.5368577260524035, -9.200982466340065], [3.031505568767898, -9.273944862186909], [2.529439113335684, -12.676878407597542], [2.007321956421947, -12.79096494615078], [1.4722966596018523, -12.927435794845223], [0.928927093744278, -13.025731455534697], [0.37996745386044495, -13.08536228723824], [-0.13684268706128933, -13.104719204828143], [-0.21114322627545334, -13.104719204828143], [-0.7237511033308692, -13.087628204375505], [-0.6316012492752634, -12.545402785763144], [-2.6774037350260187, -12.197723761200905], [-2.7611763316672295, -12.690655959770083], [-3.396435489616124, -12.63544343225658], [-4.01437542802887, -12.477973377332091], [-4.598615014896495, -12.222413813695312], [-5.1336990106792655, -11.875525210052729], [-5.605506915104343, -11.44648165255785]]]], "centroids": [[0.19446908117970452, -0.094233812764287, 9.0]], "h": 9.0}, "mtl": {"face": 2}}, {"geom": {"polygons": [[[[-5.605506915104343, -11.44648165255785], [-5.583493084879592, -11.298105807974935], [-4.228330472775269, -2.1641740668565035], [-1.7413376928016078, -2.5553632024675608], [-1.3265381499368232, 0.10207838006317616], [-3.8340268556494266, 0.4934718068689108], [-1.9629497060959693, 13.104719204828143], [-1.9561563901952468, 13.104719204828143], [5.605506915104343, 11.602894192561507], [6.003506915061735, 11.539894193410873], [5.398506915080361, 7.363894192501903], [4.989145271276357, 7.4242765586823225], [4.418986377510009, 3.5588900092989206], [4.832506915059639, 3.4978941921144724], [4.199534650018904, -0.7569797951728106], [3.7912624494929332, -0.6967581268399954], [3.4259934153524227, -3.173095902428031], [3.8312116402375977, -3.2328670974820852], [3.508506915124599, -5.4021058063954115], [3.1059644202468917, -5.342729290947318], [2.5368577260524035, -9.200982466340065], [3.031505568767898, -9.273944862186909], [2.529439113335684, -12.676878407597542], [2.007321956421947, -12.79096494615078], [1.4722966596018523, -12.927435794845223], [0.928927093744278, -13.025731455534697], [0.37996745386044495, -13.08536228723824], [-0.13684268706128933, -13.104719204828143], [-0.21114322627545334, -13.104719204828143], [-0.7237511033308692, -13.087628204375505], [-0.6316012492752634, -12.545402785763144], [-2.6774037350260187, -12.197723761200905], [-2.7611763316672295, -12.690655959770083], [-3.396435489616124, -12.63544343225658], [-4.01437542802887, -12.477973377332091], [-4.598615014896495, -12.222413813695312], [-5.1336990106792655, -11.875525210052729], [-5.605506915104343, -11.44648165255785]]]], "centroids": [[0.19446908120880835, -0.094233812764287, 12.0]], "h": 12.0}, "mtl": {"face": 3}}, {"geom": {"polygons": [[[[4.989145271276357, 7.4242765586823225], [4.418986377510009, 3.5588900092989206], [4.832506915059639, 3.4978941921144724], [3.508506915124599, -5.4021058063954115], [3.1059644202468917, -5.342729290947318], [-4.521837701584445, -4.142442187294364], [-4.228330472600646, -2.1641740668565035], [-1.7413376928016078, -2.5553632024675608], [-1.3265381499368232, 0.10207838006317616], [-3.8340268556203227, 0.4934718068689108], [-2.62226083126734, 8.660896183922887], [4.989145271276357, 7.4242765586823225]]]], "centroids": [[0.5912063306896016, 1.7391359936445951, 15.0]], "h": 15.0}, "mtl": {"face": 4}}, {"geom": {"polygons": [[[[-5.583493084879592, -11.298105807974935], [-4.228330472600646, -2.1641740668565035], [-1.7413376928016078, -2.5553632024675608], [-1.3265381499368232, 0.10207838006317616], [-3.8340268556203227, 0.4934718068689108], [-1.9629497060959693, 13.104719204828143], [-1.9561563901952468, 13.104719204828143], [5.605506915104343, 11.602894192561507], [2.0365069151157513, -12.593105809763074], [-5.583493084879592, -11.298105807974935]]]], "centroids": [[0.12170061239157803, 0.24570655450224876, 0.0]], "h": 0.0}, "mtl": {"face": 5}}], "featureCount": 6, "startIndex": 0}