{"type": "block", "layer": 1, "block": 0, "features": [{"geom": {"triangles": {"v": [-15.512310745747527, 7.635226963087916, 3.0, -17.262310745747527, -0.3647730369120836, 3.0, -5.637310745747527, 5.635226963087916, 3.0, 1.972064254252473, -4.364773036912084, 3.0, 3.659564254252473, 3.6352269630879164, 3.0], "f": [0, 1, 2, 2, 1, 3, 2, 3, 4]}, "centroids": [[-6.78526577464072, 1.392017938196659, 3.0]]}, "mtl": 0}], "featureCount": 1, "startIndex": 0}