{"type": "block", "layer": 1, "block": 0, "features": [{"geom": {"triangles": {"v": [-1.6761058298870921, 5.782285138964653, 3.0, -5.113605829887092, -13.217714861035347, 3.0, 5.995769170112908, -8.217714861035347, 3.0, 8.198894170112908, 3.782285138964653, 3.0, 4.573894170112908, -15.217714861035347, 3.0], "f": [0, 1, 2, 0, 2, 3, 1, 4, 2]}, "centroids": [[1.5053459542104974, -4.888178335502744, 3.0]]}, "mtl": 0}], "featureCount": 1, "startIndex": 0}