{"type": "block", "layer": 0, "block": 0, "features": [{"geom": {"polygons": [[[[-5.909454481239663, -6.182545566931367], [-5.789329906896455, -5.415272762998939], [-1.196510238427436, -6.182545566931367], [-5.909454481239663, -6.182545566931367]]]], "centroids": [[-4.29843154217815, -5.926787964999676, 3.0]], "h": 3.0}, "mtl": {"face": 0}}, {"geom": {"polygons": [[[[-5.789329906896455, -5.415272762998939], [-3.9735702663310803, 6.182545566931367], [-3.969529167865403, 6.182545566931367], [5.654754503717413, 4.673821842297912], [4.087185486161616, -6.182545566931367], [-1.1965102345275227, -6.182545566931367], [-5.789329906896455, -5.415272762998939]]]], "centroids": [[-0.07815864871372469, -0.2941458337008953, 6.0]], "h": 6.0}, "mtl": {"face": 1}}, {"geom": {"polygons": [[[[-5.654754503746517, -4.555698048323393], [-3.9735702663310803, 6.182545566931367], [-3.969529167865403, 6.182545566931367], [5.654754503717413, 4.673821842297912], [4.0871854860160965, -6.182545566931367], [4.083395026013022, -6.182545566931367], [-5.654754503746517, -4.555698048323393]]]], "centroids": [[0.03388934244867414, 0.016435271129012108, 3.0]], "h": 3.0}, "mtl": {"face": 0}}, {"geom": {"polygons": [[[[-5.909454481152352, -6.182545566931367], [-5.78932990678004, -5.415272762998939], [-1.1965102383110207, -6.182545566931367], [-5.909454481152352, -6.182545566931367]]]], "centroids": [[-4.298431542061735, -5.926787964999676, 6.0]], "h": 6.0}, "mtl": {"face": 1}}], "featureCount": 4, "startIndex": 0}