{"type": "block", "layer": 1, "block": 0, "features": [{"geom": {"triangles": {"v": [-8.816841051797383, 6.1432219333946705, 3.0, -9.785591051797383, -3.8567780666053295, 3.0, 14.198783948202617, -5.8567780666053295, 3.0, 15.151908948202617, 4.1432219333946705, 3.0], "f": [0, 1, 2, 3, 0, 2]}, "centroids": [[2.71146786515601, 0.33377764746546745, 3.0]]}, "mtl": 0}], "featureCount": 1, "startIndex": 0}