{"type": "block", "layer": 1, "block": 0, "features": [{"geom": {"triangles": {"v": [-19.42851592367515, 3.3690526373684406, 3.0, -20.72539092367515, -6.630947362631559, 3.0, -6.80351592367515, -5.630947362631559, 3.0, 8.14960907632485, 5.369052637368441, 3.0, 8.46210907632485, -4.630947362631559, 3.0], "f": [0, 1, 2, 0, 2, 3, 3, 2, 4]}, "centroids": [[-5.884511298208963, -0.5791067387908697, 3.0]]}, "mtl": 0}], "featureCount": 1, "startIndex": 0}