{"type": "block", "layer": 0, "block": 0, "features": [{"geom": {"polygons": [[[[-9.575976603198797, -1.9221638329327106], [-9.575976603198797, -1.9193745497614145], [-7.577452826604713, 3.575066728517413], [-7.243934295838699, 4.491992512717843], [9.575976603198797, 2.110654117539525], [9.575976603198797, 2.105721663683653], [8.658551569911651, -2.489451091736555], [6.454397142777452, -2.0662554297596216], [6.165442100726068, -4.491992514580488], [-9.575976603198797, -1.9221638329327106]]]], "centroids": [[-0.0120319259876851, 0.07023465260863304, 3.0]], "h": 3.0}, "mtl": {"face": 0}}, {"geom": {"polygons": [[[[6.454397142777452, -2.0662554297596216], [8.658551569911651, -2.489451091736555], [8.192670528718736, -4.822942974045873], [6.16544210066786, -4.491992514580488], [6.454397142777452, -2.0662554297596216]]]], "centroids": [[7.366160136734834, -3.449420051649213, 3.0]], "h": 3.0}, "mtl": {"face": 0}}, {"geom": {"polygons": [[[[-9.575976603198797, -2.6416551619768143], [-9.575976603198797, -0.00028763897716999054], [-8.247934295388404, 3.6699925139546394], [-7.577452826604713, 3.575066728517413], [-7.243934295838699, 4.491992512717843], [9.575976603198797, 2.110654117539525], [9.575976603198797, 2.105721663683653], [8.658551569911651, -2.489451091736555], [6.454397142777452, -2.0662554297596216], [6.165442100784276, -4.491992514580488], [6.106332451076014, -4.988209739327431], [2.7950657041510567, -4.457007488235831], [2.8552703259629197, -3.95159812271595], [1.4429701426706742, -3.7210363429039717], [1.3600657040078659, -4.417007487267256], [-1.0569342958333436, -4.051007488742471], [-0.9706901360477787, -3.3269998505711555], [-2.7956513990066014, -3.029070045799017], [-3.0449342953506857, -3.7180074844509363], [-9.575976603198797, -2.6416551619768143]]]], "centroids": [[-0.4077357829082757, -0.12395077757537365, 6.0]], "h": 6.0}, "mtl": {"face": 1}}, {"geom": {"polygons": [[[[4.903052197070792, -1.7683985959738493], [5.711976397695253, 2.6577136162668467], [9.575976603198797, 2.110654117539525], [9.575976603198797, 2.105721663683653], [8.658551569911651, -2.489451091736555], [4.903052197070792, -1.7683985959738493]]]], "centroids": [[7.227119436167413, 0.13270371034741402, 9.0]], "h": 9.0}, "mtl": {"face": 2}}], "featureCount": 4, "startIndex": 0}