{"type": "block", "layer": 1, "block": 0, "features": [{"geom": {"triangles": {"v": [-7.23955929587828, 4.075992513448, 3.0, -9.58330929587828, -1.924007486552, 3.0, 8.19794070412172, -4.924007486552, 3.0, 9.57294070412172, 2.075992513448, 3.0], "f": [0, 1, 2, 0, 2, 3]}, "centroids": [[0.30536720299278386, -0.0811760164797306, 3.0]]}, "mtl": 0}], "featureCount": 1, "startIndex": 0}