{"type": "block", "layer": 0, "block": 0, "features": [{"geom": {"polygons": [[[[-4.537035695073428, 1.3878427185118198], [-4.537035695073428, 4.537035694345832], [-3.840648440324003, 4.537035694345832], [-4.537035695073428, 1.3878427185118198]]]], "centroids": [[-4.304906610166654, 3.487304702401161, 3.0]], "h": 3.0}, "mtl": {"face": 0}}, {"geom": {"polygons": [[[[-4.537035695073428, 1.3878427185118198], [-4.537035695073428, 4.537035694345832], [-3.840648440324003, 4.537035694345832], [-4.537035695073428, 1.3878427185118198]]]], "centroids": [[-4.304906610166654, 3.487304702401161, 6.0]], "h": 6.0}, "mtl": {"face": 1}}, {"geom": {"polygons": [[[[-3.6756393346877303, -3.256721695885062], [-1.9521903890708927, 4.537035694345832], [-1.950042245676741, 4.537035694345832], [3.6756393346877303, 3.29051055572927], [2.042733991489513, -4.537035694345832], [2.040613466204377, -4.537035694345832], [-3.6756393346877303, -3.256721695885062]]]], "centroids": [[0.021122602134710178, -0.0024380236864089966, 3.0]], "h": 3.0}, "mtl": {"face": 0}}, {"geom": {"polygons": [[[[-3.675639334920561, -3.256721695885062], [-1.9521903890708927, 4.537035694345832], [-1.9500422368873842, 4.537035694345832], [3.6756393346586265, 3.29051055572927], [2.042733991489513, -4.537035694345832], [2.0406134575023316, -4.537035694345832], [-3.675639334920561, -3.256721695885062]]]], "centroids": [[0.021122602047398686, -0.0024380236864089966, 6.0]], "h": 6.0}, "mtl": {"face": 1}}], "featureCount": 4, "startIndex": 0}