{"type": "block", "layer": 1, "block": 0, "features": [{"geom": {"triangles": {"v": [-6.394487043377012, 3.2347716130316257, 3.0, -4.472612043377012, -4.765228386968374, 3.0, 16.918012956622988, 7.234771613031626, 3.0, 17.871137956622988, -0.7652283869683743, 3.0], "f": [0, 1, 2, 2, 1, 3]}, "centroids": [[6.043236969533609, 0.9741809964179993, 3.0]]}, "mtl": 0}], "featureCount": 1, "startIndex": 0}