{"type": "block", "layer": 1, "block": 0, "features": [{"geom": {"triangles": {"v": [3.145728668605443, 17.594895305112004, 3.0, -1.026146331394557, -1.4051046948879957, 3.0, 3.520728668605443, 17.594895305112004, 3.0, 7.520728668605443, -3.4051046948879957, 3.0, 11.598853668605443, 15.594895305112004, 3.0], "f": [0, 1, 2, 2, 1, 3, 4, 2, 3]}, "centroids": [[5.305616196797928, 7.094462335109711, 3.0]]}, "mtl": 0}], "featureCount": 1, "startIndex": 0}