{"type": "block", "layer": 0, "block": 0, "features": [{"geom": {"polygons": [[[[-2.903454148035962, -1.6773528289049864], [-2.903454148035962, -1.675919296219945], [-1.9744967850274406, 2.713605411350727], [2.903454148035962, 1.6355192586779594], [2.903454148035962, 1.6340683698654175], [1.9930637099896558, -2.713605411350727], [-2.903454148035962, -1.6773528289049864]]]], "centroids": [[0.00040786663885228336, -0.010270411148667336, 3.0]], "h": 3.0}, "mtl": {"face": 0}}], "featureCount": 1, "startIndex": 0}