{"type": "block", "layer": 1, "block": 0, "features": [{"geom": {"triangles": {"v": [-4.183710387442261, 4.754639733582735, 3.0, -5.793085387442261, -13.245360266417265, 3.0, 2.894414612557739, -12.245360266417265, 3.0, 4.722539612557739, 3.754639733582735, 3.0], "f": [0, 1, 2, 0, 2, 3]}, "centroids": [[-0.6375980735756457, -4.149658365175128, 3.0]]}, "mtl": 0}], "featureCount": 1, "startIndex": 0}