{"type": "block", "layer": 0, "block": 0, "features": [{"geom": {"polygons": [[[[-4.09513054753188, -4.328008979558945], [-2.040967760665808, 5.562113922089338], [-2.0381573791382834, 5.562113922089338], [4.095130547560984, 4.296090127900243], [2.0035132905468345, -5.562113922089338], [2.0006476198032033, -5.562113922089338], [-4.09513054753188, -4.328008979558945]]]], "centroids": [[-0.009369458595756441, -0.002038547769188881, 3.0]], "h": 3.0}, "mtl": {"face": 0}}, {"geom": {"polygons": [[[[-4.09513054753188, -4.328008979558945], [-2.040967760665808, 5.562113922089338], [-2.0381573791382834, 5.562113922089338], [4.095130547560984, 4.296090127900243], [2.0035132905468345, -5.562113922089338], [2.0006476198032033, -5.562113922089338], [-4.09513054753188, -4.328008979558945]]]], "centroids": [[-0.009369458595756441, -0.002038547769188881, 6.0]], "h": 6.0}, "mtl": {"face": 1}}], "featureCount": 2, "startIndex": 0}