{"type": "block", "layer": 1, "block": 0, "features": [{"geom": {"triangles": {"v": [-7.086323732626624, 2.102092172950506, 3.0, -8.914448732626624, -10.897907827049494, 3.0, 20.460551267373376, -14.897907827049494, 3.0, 22.366801267373376, -1.8979078270494938, 3.0], "f": [0, 1, 2, 0, 2, 3]}, "centroids": [[6.709479059296427, -6.720165740698576, 3.0]]}, "mtl": 0}], "featureCount": 1, "startIndex": 0}