{"type": "block", "layer": 1, "block": 0, "features": [{"geom": {"triangles": {"v": [-19.616600989655126, 7.715262955054641, 3.0, -21.054100989655126, -0.28473704494535923, 3.0, 4.367774010344874, 3.7152629550546408, 3.0, 5.664649010344874, -5.284737044945359, 3.0], "f": [0, 1, 2, 2, 1, 3]}, "centroids": [[-7.624785499065183, 1.5121588632464409, 3.0]]}, "mtl": 0}], "featureCount": 1, "startIndex": 0}