{"type": "block", "layer": 0, "block": 0, "features": [{"geom": {"polygons": [[[[-5.426942423189757, -3.0130687057971954], [-5.426942423189757, -3.010403875261545], [-3.704237747209845, 5.084008578211069], [0.11898697819560766, 4.270325416699052], [-0.5452661063754931, 1.1492225863039494], [5.426942423189757, -0.13706817850470543], [5.426942423189757, -0.13969433307647705], [4.357496729731793, -5.084008580073714], [-2.395945968135493, -3.6532792393118143], [-5.426942423189757, -3.0130687057971954]]]], "centroids": [[-0.4240047644416336, -0.6419089920818806, 3.0]], "h": 3.0}, "mtl": {"face": 0}}, {"geom": {"polygons": [[[[-3.704237747209845, 5.084008578211069], [-3.6312523710075766, 5.426942422986031], [0.36514561405056156, 5.426942422986031], [0.1189869784284383, 4.270325416699052], [-3.704237747209845, 5.084008578211069]]]], "centroids": [[-1.359250431531109, 5.0152614545077085, 3.0]], "h": 3.0}, "mtl": {"face": 0}}, {"geom": {"polygons": [[[[-5.426942423189757, -3.0130687057971954], [-5.426942423189757, -3.010403875261545], [-3.7042377472971566, 5.084008578211069], [0.1189869784284383, 4.270325416699052], [-0.5452661063754931, 1.1492225863039494], [5.426942423189757, -0.13706817850470543], [5.426942423189757, -0.13969433307647705], [4.357496729731793, -5.084008580073714], [-2.395945968135493, -3.6532792393118143], [-5.426942423189757, -3.0130687057971954]]]], "centroids": [[-0.42400476449984126, -0.6419089939445257, 6.0]], "h": 6.0}, "mtl": {"face": 1}}], "featureCount": 3, "startIndex": 0}