{"type": "block", "layer": 1, "block": 0, "features": [{"geom": {"triangles": {"v": [-5.428998418734409, -2.6693618930876255, 3.0, -2.397748418734409, -3.6693618930876255, 3.0, -1.257123418734409, 16.330638106912374, 3.0, 8.571001581265591, 14.330638106912374, 3.0, 4.352251581265591, -4.6693618930876255, 3.0], "f": [0, 1, 2, 3, 2, 1, 3, 1, 4]}, "centroids": [[1.5579850334033836, 5.722351413220167, 3.0]]}, "mtl": 0}], "featureCount": 1, "startIndex": 0}