{"type": "block", "layer": 1, "block": 0, "features": [{"geom": {"triangles": {"v": [-4.053307110618334, 6.217544382438064, 3.0, -4.693932110618334, 1.2175443824380636, 3.0, -3.6158071106183343, 1.2175443824380636, 3.0, 10.056067889381666, 0.21754438243806362, 3.0, -3.5533071106183343, -0.7824556175619364, 3.0, -4.162682110618334, 0.21754438243806362, 3.0, 8.040442889381666, -8.782455617561936, 3.0, -4.115807110618334, -3.7824556175619364, 3.0, -4.397057110618334, -2.7824556175619364, 3.0, 8.212317889381666, -8.782455617561936, 3.0], "f": [0, 1, 2, 0, 2, 3, 2, 4, 3, 2, 5, 4, 4, 6, 3, 4, 7, 6, 8, 7, 4, 6, 9, 3]}, "centroids": [[2.4759566314751282, -1.4457443971186876, 3.0]]}, "mtl": 0}], "featureCount": 1, "startIndex": 0}