{"type": "block", "layer": 1, "block": 0, "features": [{"geom": {"triangles": {"v": [-2.70034409451182, -1.9979954957962036, 3.0, -2.87221909451182, -2.9979954957962036, 3.0, 14.37778090548818, -5.997995495796204, 3.0, 15.31528090548818, 1.0020045042037964, 3.0, -1.62221909451182, 4.002004504203796, 3.0], "f": [0, 1, 2, 0, 2, 3, 4, 0, 3]}, "centroids": [[6.286609975999454, -0.9163719434291124, 3.0]]}, "mtl": 0}], "featureCount": 1, "startIndex": 0}