{"type": "block", "layer": 0, "block": 0, "features": [{"geom": {"polygons": [[[[-4.106321637955261, -4.238469023257494], [-3.7970537555520423, 2.3560661673545837], [3.784934164606966, 4.238469023257494], [3.7866620690911077, 4.238469023257494], [4.1063415173848625, -2.355107083916664], [-4.1044934988894965, -4.238469023257494], [-4.106321637955261, -4.238469023257494]]]], "centroids": [[0.012302260583965108, -0.039969831705093384, 3.0]], "h": 3.0}, "mtl": {"face": 0}}, {"geom": {"polygons": [[[[-4.106321637955261, -4.238469023257494], [-3.7970537555520423, 2.3560661673545837], [-3.8053286251961254, 2.956009102985263], [1.35065438048332, 4.238469023257494], [3.7866620690911077, 4.238469023257494], [4.1063415173848625, -2.355107083916664], [-4.1044934988894965, -4.238469023257494], [-4.106321637955261, -4.238469023257494]]]], "centroids": [[-0.028084880963433534, 0.19900489412248135, 6.0]], "h": 6.0}, "mtl": {"face": 1}}, {"geom": {"polygons": [[[[-4.106321637955261, -4.238469023257494], [-3.7970537555520423, 2.3560661673545837], [-3.8053286251961254, 2.956009102985263], [1.35065438048332, 4.238469023257494], [3.7866620690911077, 4.238469023257494], [4.1063415173848625, -2.355107083916664], [-4.1044934988894965, -4.238469023257494], [-4.106321637955261, -4.238469023257494]]]], "centroids": [[-0.028084880963433534, 0.19900489412248135, 9.0]], "h": 9.0}, "mtl": {"face": 2}}], "featureCount": 3, "startIndex": 0}