{"type": "block", "layer": 1, "block": 0, "features": [{"geom": {"triangles": {"v": [-20.35330848256126, 1.3898929134011269, 3.0, -20.50955848256126, -0.6101070865988731, 3.0, -15.44705848256126, -4.610107086598873, 3.0, -5.1189334825612605, 2.389892913401127, 3.0, -1.3376834825612605, -14.610107086598873, 3.0, 3.7873165174387395, 4.389892913401127, 3.0, 14.53731651743874, -7.610107086598873, 3.0, 4.6935665174387395, -18.610107086598873, 3.0, 8.55294151743874, -21.610107086598873, 3.0, 24.49044151743874, -17.610107086598873, 3.0, 15.13106651743874, -27.610107086598873, 3.0], "f": [0, 1, 2, 0, 2, 3, 3, 2, 4, 4, 5, 3, 6, 5, 4, 6, 4, 7, 7, 8, 6, 9, 6, 8, 9, 8, 10]}, "centroids": [[4.023121316859033, -9.41318728774786, 3.0]]}, "mtl": 0}], "featureCount": 1, "startIndex": 0}