{"type": "block", "layer": 0, "block": 0, "features": [{"geom": {"polygons": [[[[-5.902265416400041, -0.5674887355417013], [-5.902265416400041, -0.5640243720263243], [-4.88314429714228, 4.945804646238685], [5.902265416400041, 0.11106925085186958], [5.902265416400041, 0.10952838696539402], [3.5641116678889375, -4.94580464810133], [-5.902265416400041, -0.5674887355417013]]]], "centroids": [[-0.2920407799829263, -0.06758950091898441, 3.0]], "h": 3.0}, "mtl": {"face": 0}}, {"geom": {"polygons": [[[[-5.902265416400041, -0.5674887355417013], [-5.902265416400041, -0.5640243720263243], [-4.883144297200488, 4.945804646238685], [5.902265416400041, 0.11106925085186958], [5.902265416400041, 0.10952838696539402], [3.56411166783073, -4.94580464810133], [-5.902265416400041, -0.5674887355417013]]]], "centroids": [[-0.2920407800702378, -0.06758949905633926, 6.0]], "h": 6.0}, "mtl": {"face": 1}}], "featureCount": 2, "startIndex": 0}