{"type": "block", "layer": 0, "block": 0, "features": [{"geom": {"polygons": [[[[-5.790581188135548, 1.3591271415352821], [-5.790581188135548, 1.3617654535919428], [-4.934243048192002, 5.067304318770766], [5.790581188135548, 2.624827567487955], [5.790581188135548, 0.8451353963464499], [4.404299423738848, -5.155573610216379], [4.01416030418477, -5.067304320633411], [-4.7639698857674375, -3.0812453161925077], [-5.251643785217311, -2.9709087051451206], [-4.328870986297261, 1.025029120966792], [-5.790581188135548, 1.3591271415352821]]]], "centroids": [[0.09326959869940765, -0.0002601630985736847, 9.0]], "h": 9.0}, "mtl": {"face": 0}}, {"geom": {"polygons": [[[[-5.790581188135548, 1.3591271415352821], [-5.790581188135548, 1.3617654535919428], [-4.934243048192002, 5.067304318770766], [5.790581188135548, 2.624827567487955], [5.790581188135548, 2.6221888922154903], [4.01416030418477, -5.067304320633411], [-4.7639698857674375, -3.0812453161925077], [-5.251643785217311, -2.9709087051451206], [-4.328870986297261, 1.025029120966792], [-5.790581188135548, 1.3591271415352821]]]], "centroids": [[-0.07729569618823007, 0.05782097578048706, 6.0]], "h": 6.0}, "mtl": {"face": 1}}, {"geom": {"polygons": [[[[-5.790581188135548, 1.3591271415352821], [-5.790581188135548, 1.3617654535919428], [-4.934243048192002, 5.067304318770766], [5.790581188135548, 2.624827567487955], [5.790581188135548, 0.8451353963464499], [4.404299423738848, -5.155573610216379], [4.01416030418477, -5.067304320633411], [-4.7639698857674375, -3.0812453161925077], [-5.251643785217311, -2.9709087051451206], [-4.328870986297261, 1.025029120966792], [-5.790581188135548, 1.3591271415352821]]]], "centroids": [[0.09326959869940765, -0.0002601630985736847, 12.0]], "h": 12.0}, "mtl": {"face": 2}}, {"geom": {"polygons": [[[[-5.790581188135548, 1.3591271415352821], [-5.790581188135548, 1.3617654535919428], [-4.934243048192002, 5.067304318770766], [5.790581188135548, 2.624827567487955], [5.790581188135548, 2.6221888922154903], [4.01416030418477, -5.067304320633411], [-4.7639698857674375, -3.0812453161925077], [-3.8414412137353793, 0.9136189930140972], [-5.790581188135548, 1.3591271415352821]]]], "centroids": [[0.039100674679502845, 0.08610992692410946, 3.0]], "h": 3.0}, "mtl": {"face": 3}}], "featureCount": 4, "startIndex": 0}