{"type": "block", "layer": 1, "block": 0, "features": [{"geom": {"triangles": {"v": [-12.550948353629792, 8.989540573209524, 3.0, -14.035323353629792, -1.0104594267904758, 3.0, -12.504073353629792, -1.0104594267904758, 3.0, 12.120926646370208, 5.989540573209524, 3.0, 10.699051646370208, -4.010459426790476, 3.0], "f": [0, 1, 2, 0, 2, 3, 2, 4, 3]}, "centroids": [[-0.9840606765937991, 2.5279640853405, 3.0]]}, "mtl": 0}], "featureCount": 1, "startIndex": 0}