{"type": "block", "layer": 0, "block": 0, "features": [{"geom": {"polygons": [[[[-3.5500680760887917, -3.3729738742113113], [-1.7960365500184707, 4.559083744883537], [-1.7939501346554607, 4.559083744883537], [3.5500680760887917, 3.3319307658821344], [1.8051124941848684, -4.559083744883537], [1.802953901264118, -4.559083744883537], [-3.5500680760887917, -3.3729738742113113]]]], "centroids": [[-4.3989624828100204e-05, -0.009738968685269356, 3.0]], "h": 3.0}, "mtl": {"face": 0}}, {"geom": {"polygons": [[[[-3.5500680760887917, -3.3729738742113113], [-1.7960365500184707, 4.559083744883537], [-1.7939501346554607, 4.559083744883537], [3.5500680759141687, 3.3319307658821344], [1.8051124941557646, -4.559083744883537], [1.8029538924456574, -4.559083744883537], [-3.5500680760887917, -3.3729738742113113]]]], "centroids": [[-4.398965393193066e-05, -0.009738968685269356, 6.0]], "h": 6.0}, "mtl": {"face": 1}}], "featureCount": 2, "startIndex": 0}