{"type": "block", "layer": 1, "block": 0, "features": [{"geom": {"triangles": {"v": [-1.8004611681972165, 4.917659070342779, 3.0, -3.5504611681972165, -3.082340929657221, 3.0, 17.480788831802784, -0.08234092965722084, 3.0, 15.824538831802784, -8.08234092965722, 3.0], "f": [0, 1, 2, 1, 3, 2]}, "centroids": [[6.959726352710277, -1.582134773954749, 3.0]]}, "mtl": 0}], "featureCount": 1, "startIndex": 0}