{"type": "block", "layer": 0, "block": 0, "features": [{"geom": {"polygons": [[[[-7.22842698750901, -8.932978289201856], [-3.4114427675958723, 9.987485388293862], [-3.4065030174388085, 9.987485388293862], [7.22842698750901, 7.745581038296223], [6.074488422484137, 2.4951572623103857], [0.7553763749892823, 3.504666144028306], [-2.072460356866941, -9.987485388293862], [-2.077548716100864, -9.987485388293862], [-7.22842698750901, -8.932978289201856]]]], "centroids": [[-1.2109052417217754, 1.2841701935976744, 3.0]], "h": 3.0}, "mtl": {"face": 0}}], "featureCount": 1, "startIndex": 0}