{"type": "block", "layer": 1, "block": 0, "features": [{"geom": {"triangles": {"v": [-11.747396963677602, 8.223905069753528, 3.0, -12.716146963677602, -0.7760949302464724, 3.0, -8.544271963677602, 8.223905069753528, 3.0, 6.205728036322398, 6.223905069753528, 3.0, 8.424478036322398, -2.7760949302464724, 3.0, 11.549478036322398, 0.22390506975352764, 3.0, 13.049478036322398, 5.223905069753528, 3.0], "f": [0, 1, 2, 2, 1, 3, 3, 1, 4, 3, 4, 5, 3, 5, 6]}, "centroids": [[-0.4820146952115465, 2.66400652192533, 3.0]]}, "mtl": 0}], "featureCount": 1, "startIndex": 0}