{"type": "block", "layer": 1, "block": 0, "features": [{"geom": {"triangles": {"v": [-11.392979824042413, 8.61004263907671, 3.0, -13.471104824042413, 1.6100426390767097, 3.0, 2.7007701759575866, 2.6100426390767097, 3.0, 1.1695201759575866, -4.38995736092329, 3.0, 3.6538951759575866, 2.6100426390767097, 3.0], "f": [0, 1, 2, 2, 1, 3, 4, 2, 3]}, "centroids": [[-4.954900422046194, 1.9943574294447899, 3.0]]}, "mtl": 0}], "featureCount": 1, "startIndex": 0}