{"type": "block", "layer": 1, "block": 0, "features": [{"geom": {"triangles": {"v": [-13.294245776400203, 7.7157412730157375, 3.0, -15.059870776400203, -0.28425872698426247, 3.0, 6.033879223599797, 2.7157412730157375, 3.0, 4.299504223599797, -5.2842587269842625, 3.0], "f": [0, 1, 2, 1, 3, 2]}, "centroids": [[-4.535850585554726, 1.015454351902008, 3.0]]}, "mtl": 0}], "featureCount": 1, "startIndex": 0}