{"type": "block", "layer": 0, "block": 0, "features": [{"geom": {"polygons": [[[[-3.1377462862583343, -3.281029300764203], [-2.93091343602282, -2.2982056979089975], [1.7392452605126891, -3.281029300764203], [-3.1377462862583343, -3.281029300764203]]]], "centroids": [[-1.443138153932523, -2.9534214343875647, 3.0]], "h": 3.0}, "mtl": {"face": 0}}, {"geom": {"polygons": [[[[-3.1377462862583343, -3.281029300764203], [-2.93091343602282, -2.2982056979089975], [1.7392452605126891, -3.281029300764203], [-3.1377462862583343, -3.281029300764203]]]], "centroids": [[-1.443138153932523, -2.9534214343875647, 6.0]], "h": 6.0}, "mtl": {"face": 1}}, {"geom": {"polygons": [[[[-2.930913436372066, -2.2982056979089975], [-1.7567769236920867, 3.281029300764203], [-1.7551923952123616, 3.281029300764203], [2.930913436372066, 2.2663738317787647], [1.7408748849702533, -3.281029300764203], [1.7392452605126891, -3.281029300764203], [-2.930913436372066, -2.2982056979089975]]]], "centroids": [[-0.005426096293376759, -0.005402624607086182, 3.0]], "h": 3.0}, "mtl": {"face": 0}}], "featureCount": 3, "startIndex": 0}