{"type": "block", "layer": 1, "block": 0, "features": [{"geom": {"triangles": {"v": [-13.259773214929737, 8.911973407492042, 3.0, -14.869148214929737, 2.9119734074920416, 3.0, -5.759773214929737, -0.08802659250795841, 3.0, 4.099601785070263, 4.911973407492042, 3.0, 2.052726785070263, -3.0880265925079584, 3.0, 2.505851785070263, -3.0880265925079584, 3.0], "f": [0, 1, 2, 0, 2, 3, 2, 4, 3, 4, 5, 3]}, "centroids": [[-5.3062950092426036, 3.444394677877426, 3.0]]}, "mtl": 0}], "featureCount": 1, "startIndex": 0}