{"type": "block", "layer": 1, "block": 0, "features": [{"geom": {"triangles": {"v": [-2.282753649225924, -17.60710258409381, 3.0, -8.767128649225924, -6.607102584093809, 3.0, -9.626503649225924, -23.60710258409381, 3.0, 0.029746350774075836, -6.607102584093809, 3.0, -8.470253649225924, 2.392897415906191, 3.0, 1.9984963507740758, 2.392897415906191, 3.0, -3.329628649225924, -24.60710258409381, 3.0], "f": [0, 1, 2, 1, 0, 3, 4, 1, 3, 4, 3, 5, 0, 2, 6]}, "centroids": [[-4.7350231568852905, -9.476276686415076, 3.0]]}, "mtl": 0}], "featureCount": 1, "startIndex": 0}