{"type": "block", "layer": 0, "block": 0, "features": [{"geom": {"polygons": [[[[-5.307545466028387, -0.715276263654232], [-5.307545466028387, -0.7126325275748968], [-4.5682080586848315, 2.8131156247109175], [5.307545466028387, 0.7214227542281151], [5.307545466028387, 0.7186711020767689], [4.597224768920569, -2.8131156247109175], [-5.307545466028387, -0.715276263654232]]]], "centroids": [[0.007077002199366689, 0.0006732530891895294, 3.0]], "h": 3.0}, "mtl": {"face": 0}}, {"geom": {"polygons": [[[[-5.307545466028387, 1.832844041287899], [-5.307545466028387, 5.307545466348529], [-4.571564734796993, 5.307545466348529], [-5.307545466028387, 1.832844041287899]]]], "centroids": [[-5.06221855559852, 4.149311657994986, 6.0]], "h": 6.0}, "mtl": {"face": 1}}, {"geom": {"polygons": [[[[-5.307545466028387, 1.832844041287899], [-5.307545466028387, 5.307545466348529], [-4.571564734796993, 5.307545466348529], [-5.307545466028387, 1.832844041287899]]]], "centroids": [[-5.06221855559852, 4.149311657994986, 3.0]], "h": 3.0}, "mtl": {"face": 0}}], "featureCount": 3, "startIndex": 0}