{"type": "block", "layer": 0, "block": 0, "features": [{"geom": {"polygons": [[[[-5.84488369373139, -3.3161725495010614], [-5.84488369373139, -3.313260542228818], [-3.987531759456033, 5.521211633458734], [-0.13953024326474406, 4.701363857835531], [-0.34967530725407414, 3.7478300258517265], [5.1048067555821035, 2.5761816147714853], [5.316674933768809, 3.538875315338373], [5.84488369373139, 3.4263361766934395], [5.84488369373139, 3.423454688861966], [3.9483735490066465, -5.521211633458734], [-5.84488369373139, -3.3161725495010614]]]], "centroids": [[-0.15766872026142664, -0.2040382567793131, 3.0]], "h": 3.0}, "mtl": {"face": 0}}, {"geom": {"polygons": [[[[-5.84488369373139, -3.3161725495010614], [-5.84488369373139, -3.313260542228818], [-3.987531759456033, 5.521211633458734], [-0.13953024326474406, 4.701363857835531], [-0.34967530725407414, 3.7478300258517265], [5.1048067555821035, 2.5761816147714853], [5.316674933768809, 3.538875315338373], [5.84488369373139, 3.4263361766934395], [5.84488369373139, 3.423454688861966], [3.9483735490066465, -5.521211633458734], [-5.84488369373139, -3.3161725495010614]]]], "centroids": [[-0.15766872026142664, -0.2040382567793131, 6.0]], "h": 6.0}, "mtl": {"face": 1}}], "featureCount": 2, "startIndex": 0}