{"type": "block", "layer": 1, "block": 0, "features": [{"geom": {"triangles": {"v": [7.180456132744439, 6.72627916559577, 3.0, -5.694543867255561, 7.72627916559577, 3.0, -6.960168867255561, -6.27372083440423, 3.0, 5.867956132744439, -7.27372083440423, 3.0], "f": [0, 1, 2, 0, 2, 3]}, "centroids": [[0.09416322220931761, 0.3924444802105427, 3.0]]}, "mtl": 0}], "featureCount": 1, "startIndex": 0}