{"type": "block", "layer": 0, "block": 0, "features": [{"geom": {"polygons": [[[[-12.753074565000134, -3.3349202629178762], [-12.753074565000134, -3.328070206567645], [-10.790350000024773, 6.8742999993264675], [-0.44064540628460236, 5.165828473865986], [-1.3998654270544648, -0.1854921653866768], [5.957429065514589, -1.3811065703630447], [6.878120904846583, 3.6900073643773794], [12.753074565000134, 2.47786314971745], [12.753074565000134, 2.4748130533844233], [9.089149999985239, -5.531200002878904], [8.385690229275497, -6.108608225360513], [7.383650000003399, -6.874300001189113], [5.1309499999915715, -6.423400001600385], [-12.753074565000134, -3.3349202629178762]]]], "centroids": [[-1.306953083461849, -0.4509394336491823, 3.0]], "h": 3.0}, "mtl": {"face": 0}}, {"geom": {"polygons": [[[[-12.753074565000134, -3.3349202629178762], [-12.753074565000134, -3.328070206567645], [-12.69767544651404, -3.0401019789278507], [-12.753074565000134, -3.032139027491212], [-12.753074565000134, 0.3751579448580742], [-12.654850155842723, 0.8857989106327295], [-12.161934271862265, 0.8030915725976229], [-12.171397638623603, 1.309188049286604], [-12.110571851197165, 1.8117051348090172], [-11.980632810475072, 2.30092803388834], [-11.78409253366408, 2.767398953437805], [-12.27556540054502, 2.8575932439416647], [-11.566067670151824, 6.546071585267782], [-11.143042811803753, 6.628417382016778], [-10.84702455351362, 6.579701976850629], [-10.790350000024773, 6.8742999993264675], [0.1513430897030048, 5.06810631416738], [-0.8076344752043951, -0.28173404559493065], [2.57660665421281, -0.8316980917006731], [2.7165954052470624, -0.044041043147444725], [6.100346662424272, -0.5939252506941557], [6.878120904846583, 3.6900073643773794], [12.753074565000134, 2.47786314971745], [12.753074565000134, 2.4748130533844233], [9.089149999985239, -5.531200002878904], [8.385690228431486, -6.108608225360513], [7.383650000003399, -6.874300001189113], [5.1309499999915715, -6.423400001600385], [-12.753074565000134, -3.3349202629178762]], [[2.722748358588433, -5.855298072099686], [2.8683638364309445, -5.040166065096855], [0.7739904344489332, -4.679333254694939], [0.6280968131904956, -5.493562925606966], [2.722748358588433, -5.855298072099686]]]], "centroids": [[-1.5017205926124007, -0.29329543001949787, 6.0]], "h": 6.0}, "mtl": {"face": 1}}, {"geom": {"polygons": [[[[-12.753074565000134, -3.3349202629178762], [-12.753074565000134, -3.328070206567645], [-12.69767544651404, -3.0401019789278507], [-12.753074565000134, -3.032139027491212], [-12.753074565000134, 0.3751579448580742], [-12.654850155842723, 0.8857989106327295], [-12.161934271862265, 0.8030915725976229], [-12.171397638623603, 1.309188049286604], [-12.110571851197165, 1.8117051348090172], [-11.980632810475072, 2.30092803388834], [-11.78409253366408, 2.767398953437805], [-12.27556540054502, 2.8575932439416647], [-11.566067670151824, 6.546071585267782], [-11.143042811803753, 6.628417382016778], [-10.84702455351362, 6.579701976850629], [-10.790350000024773, 6.8742999993264675], [0.1513430897030048, 5.06810631416738], [-0.8076344752043951, -0.28173404559493065], [1.5895550675340928, -0.6712949573993683], [1.7295438095170539, 0.11636203899979591], [2.7165954052179586, -0.044041043147444725], [6.100346662424272, -0.5939252506941557], [5.1309499999915715, -6.423400001600385], [-12.753074565000134, -3.3349202629178762]], [[2.8683638364309445, -5.040166065096855], [0.7739904344489332, -4.679333254694939], [0.6280968131904956, -5.493562925606966], [2.722748358588433, -5.855298072099686], [2.8683638364309445, -5.040166065096855]]]], "centroids": [[-4.440222872624872, -0.0029485784471035004, 9.0]], "h": 9.0}, "mtl": {"face": 2}}, {"geom": {"polygons": [[[[-12.753074565000134, -3.3349202629178762], [-12.753074565000134, -3.328070206567645], [-12.69767544651404, -3.0401019789278507], [-12.753074565000134, -3.032139027491212], [-12.753074565000134, -0.2367927860468626], [-12.654850155842723, 0.8857989106327295], [-12.161934271862265, 0.8030915725976229], [-12.171397638623603, 1.309188049286604], [-12.110571851197165, 1.8117051348090172], [-11.980632810475072, 2.30092803388834], [-11.78409253366408, 2.767398953437805], [-12.27556540054502, 2.8575932439416647], [-11.566067670151824, 6.546071585267782], [-11.143042811803753, 6.628417382016778], [-10.84702455351362, 6.579701976850629], [-10.790350000024773, 6.8742999993264675], [0.1513430897030048, 5.06810631416738], [-0.8076344752043951, -0.28173404559493065], [1.5895550675340928, -0.6712949573993683], [1.7295438095170539, 0.11636203899979591], [2.7165954052179586, -0.044041043147444725], [6.100346662424272, -0.5939252506941557], [5.1309499999915715, -6.423400001600385], [-12.753074565000134, -3.3349202629178762]], [[2.722748358588433, -5.855298072099686], [2.8683638364309445, -5.040166065096855], [0.7739904344489332, -4.679333254694939], [0.6280968131904956, -5.493562925606966], [2.722748358588433, -5.855298072099686]]]], "centroids": [[-4.438648684328655, -0.0030140429735183716, 12.0]], "h": 12.0}, "mtl": {"face": 3}}, {"geom": {"polygons": [[[[-12.753074565000134, -3.3349202629178762], [-12.753074565000134, -3.328070206567645], [-12.69767544651404, -3.0401019789278507], [-12.753074565000134, -3.032139027491212], [-12.753074565000134, 0.3751579448580742], [-12.654850155842723, 0.8857989106327295], [-12.161934271862265, 0.8030915725976229], [-12.171397638623603, 1.309188049286604], [-12.110571851197165, 1.8117051348090172], [-11.980632810475072, 2.30092803388834], [-11.78409253366408, 2.767398953437805], [-12.27556540054502, 2.8575932439416647], [-11.566067670151824, 6.546071585267782], [-11.143042811803753, 6.628417382016778], [-10.84702455351362, 6.579701976850629], [-10.790350000024773, 6.8742999993264675], [0.1513430897030048, 5.06810631416738], [-0.6664782406878658, 0.5057330951094627], [6.100346662424272, -0.5939252506941557], [5.1309499999915715, -6.423400001600385], [-12.753074565000134, -3.3349202629178762]], [[2.722748358588433, -5.855298072099686], [2.8683638364309445, -5.040166065096855], [0.7739904344489332, -4.679333254694939], [0.6280968131904956, -5.493562925606966], [2.722748358588433, -5.855298072099686]]]], "centroids": [[-4.380745060072513, -0.003917129710316658, 15.0]], "h": 15.0}, "mtl": {"face": 4}}, {"geom": {"polygons": [[[[-12.753074565000134, -3.3349202629178762], [-12.753074565000134, -3.328070206567645], [-12.69767544651404, -3.0401019789278507], [-12.753074565000134, -3.032139027491212], [-12.753074565000134, 0.3751579448580742], [-12.654850155842723, 0.8857989106327295], [-12.161934271862265, 0.8030915725976229], [-12.171397638623603, 1.309188049286604], [-12.110571851197165, 1.8117051348090172], [-11.980632810475072, 2.30092803388834], [-11.78409253366408, 2.767398953437805], [-12.27556540054502, 2.8575932439416647], [-11.566067670151824, 6.546071585267782], [-11.143042811803753, 6.628417382016778], [-10.84702455351362, 6.579701976850629], [-10.790350000024773, 6.8742999993264675], [0.1513430897030048, 5.06810631416738], [-0.6664782406878658, 0.5057330951094627], [6.100346662424272, -0.5939252506941557], [5.1309499999915715, -6.423400001600385], [-12.753074565000134, -3.3349202629178762]]]], "centroids": [[-4.314116804103833, -0.061131423339247704, 18.0]], "h": 18.0}, "mtl": {"face": 5}}], "featureCount": 6, "startIndex": 0}