{"type": "block", "layer": 1, "block": 0, "features": [{"geom": {"triangles": {"v": [-2.328774750290904, 14.1769282463938, 3.0, -6.375649750290904, -5.8230717536062, 3.0, 7.436850249709096, 12.1769282463938, 3.0, 3.358725249709096, -7.8230717536062, 3.0], "f": [0, 1, 2, 1, 3, 2]}, "centroids": [[0.5232105318864342, 3.118509003892541, 3.0]]}, "mtl": 0}], "featureCount": 1, "startIndex": 0}