{"type": "block", "layer": 0, "block": 0, "features": [{"geom": {"polygons": [[[[-6.688488920481177, 1.0763072967529297], [0.49263622183934785, 6.822787726297975], [0.4940280960581731, 6.822787726297975], [6.688488920452073, -1.0165299270302057], [-0.7030356661998667, -6.822787726297975], [-0.7044212328910362, -6.822787726297975], [-6.688488920481177, 1.0763072967529297]]]], "centroids": [[-0.036406426661415026, 0.004685495048761368, 3.0]], "h": 3.0}, "mtl": {"face": 0}}], "featureCount": 1, "startIndex": 0}