{"type": "block", "layer": 1, "block": 0, "features": [{"geom": {"triangles": {"v": [7.630265728046652, 10.375215705484152, 3.0, -2.697859271953348, 9.375215705484152, 3.0, 10.114640728046652, 6.375215705484152, 3.0, 10.005265728046652, 10.375215705484152, 3.0, -2.291609271953348, -4.624784294515848, 3.0, 10.317765728046652, -3.624784294515848, 3.0], "f": [0, 1, 2, 3, 0, 2, 1, 4, 2, 2, 4, 5]}, "centroids": [[3.8483332607138436, 2.9521258007735014, 3.0]]}, "mtl": 0}], "featureCount": 1, "startIndex": 0}