{"type": "block", "layer": 1, "block": 0, "features": [{"geom": {"triangles": {"v": [-1.1286133293469902, 5.2875467743724585, 3.0, -3.15986332934699, -4.7124532256275415, 3.0, 16.40263667065301, -8.712453225627542, 3.0, 18.51201167065301, 1.2875467743724585, 3.0], "f": [0, 1, 2, 0, 2, 3]}, "centroids": [[7.6632531649956945, -1.585978265851736, 3.0]]}, "mtl": 0}], "featureCount": 1, "startIndex": 0}