{"type": "block", "layer": 1, "block": 0, "features": [{"geom": {"triangles": {"v": [-1.3130543401639443, 4.48258063942194, 3.0, -3.0630543401639443, -3.51741936057806, 3.0, 18.265070659836056, 0.48258063942193985, 3.0, 16.577570659836056, -7.51741936057806, 3.0], "f": [0, 1, 2, 1, 3, 2]}, "centroids": [[7.625038052821765, -1.6971007995307446, 3.0]]}, "mtl": 0}], "featureCount": 1, "startIndex": 0}