{"type": "block", "layer": 1, "block": 0, "features": [{"geom": {"triangles": {"v": [-3.0196567451930605, 5.368221588432789, 3.0, -5.0821567451930605, -4.631778411567211, 3.0, 15.38659325480694, -6.631778411567211, 3.0, 16.19909325480694, 3.368221588432789, 3.0], "f": [0, 1, 2, 3, 0, 2]}, "centroids": [[5.899923840857809, -0.43475273810327053, 3.0]]}, "mtl": 0}], "featureCount": 1, "startIndex": 0}