{"type": "block", "layer": 0, "block": 0, "features": [{"geom": {"polygons": [[[[-5.991438697441481, -2.7821566108614206], [-2.407817019848153, 6.928695997223258], [-2.405923711747164, 6.928695997223258], [5.991438697470585, 3.3753889352083206], [2.207397132006008, -6.928695997223258], [2.2055881624110043, -6.928695997223258], [-3.650213938584784, -4.318387323990464], [-3.4437576478812844, -3.72233410179615], [-5.991438697441481, -2.7821566108614206]]]], "centroids": [[-0.008474764064885676, 0.08982090093195438, 3.0]], "h": 3.0}, "mtl": {"face": 0}}, {"geom": {"polygons": [[[[-5.991438697441481, -2.7821566108614206], [-2.407817019848153, 6.928695997223258], [-0.6618518708564807, 6.928695997223258], [6.1864386602828745, 3.932388950139284], [5.991438695025863, 3.3753889352083206], [2.207397132006008, -6.928695997223258], [2.2055881624110043, -6.928695997223258], [-3.650213938584784, -4.318387323990464], [-3.4437576478812844, -3.72233410179615], [-5.991438697441481, -2.7821566108614206]]]], "centroids": [[0.10311113594798371, 0.35901149176061153, 6.0]], "h": 6.0}, "mtl": {"face": 1}}, {"geom": {"polygons": [[[[-5.991438697441481, -2.7821566108614206], [-2.407817019848153, 6.928695997223258], [-2.405923711747164, 6.928695997223258], [5.991438695025863, 3.3753889352083206], [2.207397132006008, -6.928695997223258], [2.2055881624110043, -6.928695997223258], [-3.650213938584784, -4.318387323990464], [-3.4437576478812844, -3.72233410179615], [-5.991438697441481, -2.7821566108614206]]]], "centroids": [[-0.008474764763377607, 0.08982090093195438, 0.0]], "h": 0.0}, "mtl": {"face": 2}}], "featureCount": 3, "startIndex": 0}