{"type": "block", "layer": 1, "block": 0, "features": [{"geom": {"triangles": {"v": [-7.137061302550137, -5.947611063718796, 3.0, -6.746436302550137, -5.947611063718796, 3.0, -2.402686302550137, 7.052388936281204, 3.0, 5.987938697449863, 3.0523889362812042, 3.0, 1.612938697449863, -8.947611063718796, 3.0], "f": [0, 1, 2, 3, 2, 1, 3, 1, 4]}, "centroids": [[-0.5450355733628385, -1.0319835916161537, 3.0]]}, "mtl": 0}], "featureCount": 1, "startIndex": 0}