{"type": "block", "layer": 1, "block": 0, "features": [{"geom": {"triangles": {"v": [-9.950646157521987, 6.096596159040928, 3.0, -10.856896157521987, 2.096596159040928, 3.0, -6.544396157521987, 5.096596159040928, 3.0, -3.5443961575219873, 0.09659615904092789, 3.0, 7.143103842478013, 2.096596159040928, 3.0, 5.439978842478013, -5.903403840959072, 3.0, -4.497521157521987, -3.903403840959072, 3.0], "f": [0, 1, 2, 2, 1, 3, 2, 3, 4, 3, 5, 4, 3, 6, 5]}, "centroids": [[-0.7877920795581304, 0.14333245903253555, 3.0]]}, "mtl": 0}], "featureCount": 1, "startIndex": 0}