{"type": "block", "layer": 0, "block": 0, "features": [{"geom": {"polygons": [[[[-5.250655181269394, -4.026947200298309], [-3.2807717077084817, 5.830469695851207], [-3.277819851442473, 5.830469695851207], [5.250655181269394, 4.076531095430255], [3.31719254568452, -5.830469695851207], [3.3143095698032994, -5.830469695851207], [-5.250655181269394, -4.026947200298309]]]], "centroids": [[0.011169898672960699, 0.007514471188187599, 3.0]], "h": 3.0}, "mtl": {"face": 0}}, {"geom": {"polygons": [[[[4.000179072434548, -5.830469695851207], [4.795302676211577, -1.5650366377085447], [5.830469695356442, -1.7705980483442545], [5.830469695356442, -5.830469695851207], [4.000179072434548, -5.830469695851207]]]], "centroids": [[5.08881425682921, -3.9350886065512896, 3.0]], "h": 3.0}, "mtl": {"face": 0}}, {"geom": {"polygons": [[[[-5.830469695356442, -3.899523723870516], [-5.830469695356442, -2.9216382168233395], [-5.368456189200515, -0.6350600756704807], [-4.841541336820228, -0.5013202801346779], [-4.206256990961265, 2.3822478614747524], [-4.682655181270093, 2.8020527996122837], [-4.07678246696014, 5.830469695851207], [-3.2778198513260577, 5.830469695851207], [5.250655181269394, 4.076531095430255], [3.31719254568452, -5.830469695851207], [3.3143095698032994, -5.830469695851207], [-5.250655181269394, -4.026947200298309], [-5.830469695356442, -3.899523723870516]]]], "centroids": [[-0.2843742567638401, 0.0696863979101181, 6.0]], "h": 6.0}, "mtl": {"face": 1}}], "featureCount": 3, "startIndex": 0}