{"type": "block", "layer": 0, "block": 0, "features": [{"geom": {"polygons": [[[[-8.650061299878871, -1.1772070191800594], [-8.650061299878871, -1.175791922956705], [6.0938190982851665, 6.631249999627471], [7.471618552110158, 4.499997304752469], [8.650061299878871, -0.889174547046423], [8.650061299878871, -0.895295899361372], [7.546636367944302, -3.6569752488285303], [5.96807371583418, -3.8512499760836363], [5.486346154328203, -1.843164850026369], [-0.35769284088746645, -4.882587829604745], [-3.719926391961053, -6.631249999627471], [-8.650061299878871, -1.1772070191800594]]]], "centroids": [[1.0062141256930772, -0.2900727950036526, 3.0]], "h": 3.0}, "mtl": {"face": 0}}, {"geom": {"polygons": [[[[-8.650061299878871, -1.4593723583966494], [-8.650061299878871, -1.175791922956705], [6.0938190982851665, 6.631249999627471], [7.471618552110158, 4.499997304752469], [8.650061299878871, -0.889174547046423], [8.650061299878871, -0.895295899361372], [7.546636367944302, -3.6569752488285303], [5.96807371583418, -3.8512499760836363], [5.486346154328203, -1.843164850026369], [-0.35769284088746645, -4.882587829604745], [-3.719926391961053, -6.631249999627471], [-3.9539263919577934, -6.691250000149012], [-8.650061299878871, -1.4593723583966494]]]], "centroids": [[0.9189670238411054, -0.3355757873505354, 6.0]], "h": 6.0}, "mtl": {"face": 1}}, {"geom": {"polygons": [[[[-8.650061299878871, -1.4593723565340042], [-8.650061299878871, -1.175791922956705], [6.0938190982851665, 6.631249999627471], [7.471618552110158, 4.499997304752469], [8.650061299878871, -0.889174547046423], [8.650061299878871, -0.895295899361372], [7.546636367944302, -3.6569752488285303], [5.96807371583418, -3.8512499760836363], [5.486346154328203, -1.843164850026369], [-0.35769284088746645, -4.882587829604745], [-3.719926391961053, -6.631249999627471], [-3.953926391986897, -6.691250000149012], [-8.650061299878871, -1.4593723565340042]]]], "centroids": [[0.9189670241612475, -0.33557578548789024, 9.0]], "h": 9.0}, "mtl": {"face": 2}}], "featureCount": 3, "startIndex": 0}