{"type": "block", "layer": 1, "block": 0, "features": [{"geom": {"triangles": {"v": [-13.985801391943824, 4.648749999701977, 3.0, -11.313926391943824, 1.6487499997019768, 3.0, 1.6079486080561765, 12.648749999701977, 3.0, -8.657676391943824, -1.3512500002980232, 3.0, 5.4829486080561765, -1.3512500002980232, 3.0, 3.5610736080561765, 13.648749999701977, 3.0, 15.311073608056176, 4.648749999701977, 3.0, 16.342323608056176, 7.648749999701977, 3.0, 12.764198608056176, -1.3512500002980232, 3.0, 5.9673236080561765, -3.3512500002980232, 3.0, 8.514198608056176, -7.351250000298023, 3.0, 10.186073608056176, -8.351250000298023, 3.0, -3.7201763919438235, -6.351250000298023, 3.0], "f": [0, 1, 2, 1, 3, 2, 2, 3, 4, 4, 5, 2, 6, 5, 4, 7, 5, 6, 6, 4, 8, 4, 9, 8, 9, 10, 8, 10, 11, 8, 4, 3, 12]}, "centroids": [[2.2994032560964115, 3.268844934180379, 3.0]]}, "mtl": 0}], "featureCount": 1, "startIndex": 0}