{"type": "block", "layer": 1, "block": 0, "features": [{"geom": {"triangles": {"v": [6.166423997288803, -0.5343148745596409, 3.0, -10.364826002711197, 5.465685125440359, 3.0, -11.161701002711197, -3.534314874559641, 3.0, 6.541423997288803, 3.465685125440359, 3.0, 4.822673997288803, -5.534314874559641, 3.0, 5.900798997288803, -5.534314874559641, 3.0], "f": [0, 1, 2, 1, 0, 3, 0, 2, 4, 4, 5, 0]}, "centroids": [[-2.26042925028014, 0.1654813550412655, 3.0]]}, "mtl": 0}], "featureCount": 1, "startIndex": 0}