{"type": "block", "layer": 1, "block": 0, "features": [{"geom": {"triangles": {"v": [4.79976362362504, 10.104639206081629, 3.0, -6.07523637637496, 2.104639206081629, 3.0, 5.72163862362504, 9.104639206081629, 3.0, 6.78413862362504, 6.104639206081629, 3.0, -0.68461137637496, -4.895360793918371, 3.0, 8.22163862362504, -0.8953607939183712, 3.0, 0.70601362362504, -6.895360793918371, 3.0, 8.89351362362504, -3.895360793918371, 3.0, 3.65913862362504, -10.895360793918371, 3.0, 0.44038862362504005, -8.895360793918371, 3.0], "f": [0, 1, 2, 2, 1, 3, 1, 4, 3, 3, 4, 5, 4, 6, 5, 5, 6, 7, 6, 8, 7, 6, 9, 8]}, "centroids": [[2.5017040059610736, -0.05016194097697735, 3.0]]}, "mtl": 0}], "featureCount": 1, "startIndex": 0}