{"type": "block", "layer": 1, "block": 0, "features": [{"geom": {"triangles": {"v": [-3.44378373172367, 7.470884133130312, 3.0, -7.53753373172367, -12.529115866869688, 3.0, 6.33746626827633, 5.470884133130312, 3.0, 2.29059126827633, -14.529115866869688, 3.0], "f": [0, 1, 2, 1, 3, 2]}, "centroids": [[-0.5933939508977346, -3.52428806014359, 3.0]]}, "mtl": 0}], "featureCount": 1, "startIndex": 0}