{"type": "block", "layer": 0, "block": 0, "features": [{"geom": {"polygons": [[[[-5.89820108449203, -1.0843765307217836], [-5.89820108449203, -1.0822670124471188], [-3.9886222528875805, 4.95913315564394], [5.89820108449203, 0.9228182751685381], [5.89820108449203, 0.9211333841085434], [3.496208856027806, -4.959133157506585], [-5.89820108449203, -1.0843765307217836]]]], "centroids": [[-0.10941318329423666, -0.017617572098970413, 3.0]], "h": 3.0}, "mtl": {"face": 0}}, {"geom": {"polygons": [[[[-5.89820108449203, -1.0843765307217836], [-5.89820108449203, -1.0822670869529247], [-3.988622232049238, 4.959133148193359], [5.89820108449203, 0.9228182751685381], [5.89820108449203, 0.9211333263665438], [3.496208876866149, -4.959133164957166], [-5.89820108449203, -1.0843765307217836]]]], "centroids": [[-0.10941316289245151, -0.01761758141219616, 6.0]], "h": 6.0}, "mtl": {"face": 1}}], "featureCount": 2, "startIndex": 0}