{"type": "block", "layer": 0, "block": 0, "features": [{"geom": {"polygons": [[[[-5.2978332857601345, -6.99832409247756], [-2.0064173096907325, 8.615513980388641], [-2.00186211898108, 8.615513980388641], [5.2978332857601345, 7.177396111190319], [4.35842626602971, 2.714895496144891], [2.0336351345758885, -8.615513980388641], [2.029554317065049, -8.615513980388641], [-5.2978332857601345, -6.99832409247756]]]], "centroids": [[0.006575505947694182, 0.03190792538225651, 3.0]], "h": 3.0}, "mtl": {"face": 0}}, {"geom": {"polygons": [[[[-5.2978332857601345, -6.99832409247756], [-4.369565695611527, -2.5948029290884733], [2.953527157776989, -4.132206574082375], [2.0336351345758885, -8.615513980388641], [2.029554317065049, -8.615513980388641], [-5.2978332857601345, -6.99832409247756]]]], "centroids": [[-1.1599805847217795, -5.588868906721473, 6.0]], "h": 6.0}, "mtl": {"face": 1}}, {"geom": {"polygons": [[[[-5.297833285847446, -6.99832409247756], [-4.369565695611527, -2.5948029290884733], [2.953527157980716, -4.132206574082375], [2.033635134488577, -8.615513980388641], [2.0295543169777375, -8.615513980388641], [-5.297833285847446, -6.99832409247756]]]], "centroids": [[-1.1599805847217795, -5.588868908584118, 9.0]], "h": 9.0}, "mtl": {"face": 2}}], "featureCount": 3, "startIndex": 0}