{"type": "block", "layer": 1, "block": 0, "features": [{"geom": {"triangles": {"v": [-2.008791657513939, 8.892624381929636, 3.0, -5.305666657513939, -7.107375618070364, 3.0, 4.350583342486061, 2.892624381929636, 3.0, 5.303708342486061, 6.892624381929636, 3.0, 2.038083342486061, -9.107375618070364, 3.0], "f": [0, 1, 2, 0, 2, 3, 1, 4, 2]}, "centroids": [[0.006529747595777735, 0.03189723193645477, 3.0]]}, "mtl": 0}], "featureCount": 1, "startIndex": 0}