{"type": "block", "layer": 1, "block": 0, "features": [{"geom": {"triangles": {"v": [-2.553266153205186, -0.5040000192821026, 3.0, -4.147016153205186, -5.504000019282103, 3.0, 12.071733846794814, -10.504000019282103, 3.0, 15.618608846794814, 1.4959999807178974, 3.0, -0.7720161532051861, 4.495999980717897, 3.0, -0.03764115320518613, 6.495999980717897, 3.0], "f": [0, 1, 2, 0, 2, 3, 4, 0, 3, 5, 4, 3]}, "centroids": [[5.88886050551082, -1.9316299837082624, 3.0]]}, "mtl": 0}], "featureCount": 1, "startIndex": 0}