{"type": "block", "layer": 1, "block": 0, "features": [{"geom": {"triangles": {"v": [-15.485277263011085, -14.683499999344349, 3.0, -22.407152263011085, -11.683499999344349, 3.0, -23.313402263011085, -14.683499999344349, 3.0, -13.516527263011085, -9.683499999344349, 3.0, -21.204027263011085, -4.683499999344349, 3.0, -12.235277263011085, -6.683499999344349, 3.0, -20.047777263011085, 1.316500000655651, 3.0, -19.797777263011085, 2.316500000655651, 3.0, -6.391527263011085, -4.683499999344349, 3.0, 1.6553477369889151, 4.316500000655651, 3.0, -4.141527263011085, -4.683499999344349, 3.0, -1.7509022630110849, -3.683499999344349, 3.0, 2.311597736988915, -3.683499999344349, 3.0, -16.016527263011085, -16.68349999934435, 3.0], "f": [0, 1, 2, 3, 1, 0, 3, 4, 1, 4, 3, 5, 6, 4, 5, 7, 6, 5, 7, 5, 8, 9, 7, 8, 8, 10, 9, 10, 11, 9, 9, 11, 12, 0, 2, 13]}, "centroids": [[-12.140572779724607, -4.006312994286418, 3.0]]}, "mtl": 0}], "featureCount": 1, "startIndex": 0}