{"type": "block", "layer": 0, "block": 0, "features": [{"geom": {"polygons": [[[[-7.175073106249329, 4.520833503454924], [-5.531200058176182, 8.13849795423448], [-5.529522729979362, 8.13849795423448], [7.175073106249329, 0.22962320782244205], [3.7759422537346836, -8.13849795423448], [3.7741474440845195, -8.13849795423448], [-3.536736232286785, -4.0744397677481174], [-1.3763671583146788, 1.0726179257035255], [-7.175073106249329, 4.520833503454924]]]], "centroids": [[0.4887749292247463, -0.19983224011957645, 3.0]], "h": 3.0}, "mtl": {"face": 0}}, {"geom": {"polygons": [[[[-7.175073106249329, 4.520833503454924], [-5.531200057797832, 8.13849795423448], [-5.5295227296010125, 8.13849795423448], [7.175073106365744, 0.22962320782244205], [7.565586839657044, -0.013479700312018394], [4.265962764038704, -8.13849795423448], [3.774147444200935, -8.13849795423448], [-3.5367362321703695, -4.0744397677481174], [-1.3763671581982635, 1.0726179257035255], [-7.175073106249329, 4.520833503454924]]]], "centroids": [[0.6865870471810922, -0.3448529951274395, 6.0]], "h": 6.0}, "mtl": {"face": 1}}, {"geom": {"polygons": [[[[-7.175073106249329, 4.520833503454924], [-5.531200057797832, 8.13849795423448], [-5.5295227296010125, 8.13849795423448], [7.175073106365744, 0.22962320782244205], [7.565586839657044, -0.013479700312018394], [4.265962764038704, -8.13849795423448], [3.774147444200935, -8.13849795423448], [-3.5367362321703695, -4.0744397677481174], [-1.3763671581982635, 1.0726179257035255], [-7.175073106249329, 4.520833503454924]]]], "centroids": [[0.6865870471810922, -0.3448529951274395, 9.0]], "h": 9.0}, "mtl": {"face": 2}}, {"geom": {"polygons": [[[[1.122327769990079, -6.664373904466629], [4.628244412335334, 1.8150769602507353], [7.175073106365744, 0.22962320782244205], [7.8542274254141375, -0.19316445849835873], [4.632535869692219, -8.13849795423448], [3.774147444200935, -8.13849795423448], [1.122327769990079, -6.664373904466629]]]], "centroids": [[4.51044640535838, -3.3768914844840765, 12.0]], "h": 12.0}, "mtl": {"face": 3}}], "featureCount": 4, "startIndex": 0}