{"type": "block", "layer": 0, "block": 0, "features": [{"geom": {"polygons": [[[[-2.3943119975738227, -3.5290526375174522], [-0.5931911440566182, 4.214202215895057], [-0.5912827373249456, 4.214202215895057], [2.3943119976029266, 3.5191459860652685], [0.5962572674034163, -4.214202215895057], [0.5943208484095521, -4.214202215895057], [-2.3943119975738227, -3.5290526375174522]]]], "centroids": [[0.0004060067003592849, -0.002557845786213875, 3.0]], "h": 3.0}, "mtl": {"face": 0}}], "featureCount": 1, "startIndex": 0}