{"type": "block", "layer": 1, "block": 0, "features": [{"geom": {"triangles": {"v": [-0.5854369975859299, 4.507947362959385, 3.0, -2.39793699758593, -3.492052637040615, 3.0, 17.18018800241407, -8.492052637040615, 3.0, 18.97706300241407, -0.4920526370406151, 3.0], "f": [0, 1, 2, 0, 2, 3]}, "centroids": [[8.276682243129471, -1.9138849824666977, 3.0]]}, "mtl": 0}], "featureCount": 1, "startIndex": 0}