{"type": "block", "layer": 1, "block": 0, "features": [{"geom": {"triangles": {"v": [-19.764573169668438, 10.230210542678833, 3.0, -21.795823169668438, 0.230210542678833, 3.0, 3.547926830331562, 4.230210542678833, 3.0, 1.876051830331562, -5.769789457321167, 3.0], "f": [0, 1, 2, 1, 3, 2]}, "centroids": [[-8.998427144135348, 2.236785978078842, 3.0]]}, "mtl": 0}], "featureCount": 1, "startIndex": 0}