{"type": "block", "layer": 0, "block": 0, "features": [{"geom": {"polygons": [[[[-3.0126125687966123, -4.773772995918989], [-2.01768601857475, 5.254949690774083], [-2.0118779150070623, 5.254949690774083], [3.0126125687966123, 4.796189647167921], [2.1833314019604586, -5.254949690774083], [2.1776191849203315, -5.254949690774083], [-3.0126125687966123, -4.773772995918989]]]], "centroids": [[0.039243161998456344, -0.021637070924043655, 3.0]], "h": 3.0}, "mtl": {"face": 0}}, {"geom": {"polygons": [[[[-3.0126125687966123, -4.773772995918989], [-2.01768601857475, 5.254949690774083], [-2.0118779150070623, 5.254949690774083], [3.0126125687966123, 4.796189647167921], [2.1833314019604586, -5.254949690774083], [2.1776191849203315, -5.254949690774083], [-3.0126125687966123, -4.773772995918989]]]], "centroids": [[0.039243161998456344, -0.021637070924043655, 6.0]], "h": 6.0}, "mtl": {"face": 1}}], "featureCount": 2, "startIndex": 0}