{"type": "block", "layer": 1, "block": 0, "features": [{"geom": {"triangles": {"v": [-20.786186959041515, 6.991524759680033, 3.0, -21.692436959041515, -3.0084752403199673, 3.0, 3.0106880409584846, 4.991524759680033, 3.0, 2.1825630409584846, -5.008475240319967, 3.0], "f": [0, 1, 2, 1, 3, 2]}, "centroids": [[-9.315868776728166, 0.8634976334869862, 3.0]]}, "mtl": 0}], "featureCount": 1, "startIndex": 0}