{"type": "block", "layer": 1, "block": 0, "features": [{"geom": {"triangles": {"v": [-16.57670375503949, 14.25084126740694, 3.0, -16.23295375503949, 2.2508412674069405, 3.0, -1.264203755039489, 14.25084126740694, 3.0, -4.076703755039489, -17.74915873259306, 3.0, 4.985796244960511, -18.74915873259306, 3.0, 6.267046244960511, 15.25084126740694, 3.0, 21.68892124496051, -15.74915873259306, 3.0, 13.267046244960511, 15.25084126740694, 3.0, 13.798296244960511, 15.25084126740694, 3.0, 21.17329624496051, 15.25084126740694, 3.0, 25.86079624496051, 16.25084126740694, 3.0, 21.01704624496051, -20.74915873259306, 3.0, -14.357953755039489, -17.74915873259306, 3.0], "f": [0, 1, 2, 2, 1, 3, 2, 3, 4, 4, 5, 2, 6, 5, 4, 7, 5, 6, 8, 7, 6, 9, 8, 6, 9, 6, 10, 6, 4, 11, 1, 12, 3]}, "centroids": [[4.417876385239651, -1.5212732274085283, 3.0]]}, "mtl": 0}], "featureCount": 1, "startIndex": 0}