{"type": "block", "layer": 1, "block": 0, "features": [{"geom": {"triangles": {"v": [-3.195191583392443, 5.828785868361592, 3.0, -3.710816583392443, -4.171214131638408, 3.0, 3.507933416607557, -4.171214131638408, 3.0, 3.742308416607557, 6.828785868361592, 3.0], "f": [0, 1, 2, 0, 2, 3]}, "centroids": [[0.12716574425576255, 0.8272157981991768, 3.0]]}, "mtl": 0}], "featureCount": 1, "startIndex": 0}