{"type": "block", "layer": 1, "block": 0, "features": [{"geom": {"triangles": {"v": [0.034963195270393044, 8.50650710426271, 3.0, -14.980661804729607, -3.4934928957372904, 3.0, 6.300588195270393, 0.5065071042627096, 3.0, -8.761911804729607, -12.49349289573729, 3.0], "f": [0, 1, 2, 1, 3, 2]}, "centroids": [[-4.42170947912382, -1.9550449848175049, 3.0]]}, "mtl": 0}], "featureCount": 1, "startIndex": 0}