{"type": "block", "layer": 1, "block": 0, "features": [{"geom": {"triangles": {"v": [-14.154965289577376, 9.777026742696762, 3.0, -16.201840289577376, -0.22297325730323792, 3.0, 5.454409710422624, 5.777026742696762, 3.0, 3.360659710422624, -4.222973257303238, 3.0], "f": [0, 1, 2, 1, 3, 2]}, "centroids": [[-5.388274999102578, 3.0067598819732666, 3.0]]}, "mtl": 0}], "featureCount": 1, "startIndex": 0}