{"type": "block", "layer": 1, "block": 0, "features": [{"geom": {"triangles": {"v": [-3.673968900809996, 9.416550559923053, 3.0, -6.736468900809996, -9.583449440076947, 3.0, 3.310406099190004, -10.583449440076947, 3.0, 6.122906099190004, 7.416550559923053, 3.0], "f": [0, 1, 2, 0, 2, 3]}, "centroids": [[-0.25557202455820516, -1.0587463062256575, 3.0]]}, "mtl": 0}], "featureCount": 1, "startIndex": 0}