{"type": "block", "layer": 1, "block": 0, "features": [{"geom": {"triangles": {"v": [-2.8708484870148823, 2.378624889999628, 3.0, -5.027098487014882, -7.621375110000372, 3.0, 20.754151512985118, -2.621375110000372, 3.0, 18.519776512985118, -13.621375110000372, 3.0], "f": [0, 1, 2, 1, 3, 2]}, "centroids": [[7.940987310401397, -5.41097548417747, 3.0]]}, "mtl": 0}], "featureCount": 1, "startIndex": 0}