{"type": "block", "layer": 0, "block": 0, "features": [{"geom": {"polygons": [[[[-3.424035830423236, 2.344129331409931], [0.4370342743641231, 4.223335241898894], [0.4380940325499978, 4.223335241898894], [3.424035830423236, -2.34745442122221], [-0.347130356967682, -4.223335241898894], [-0.34817729526548646, -4.223335241898894], [-3.424035830423236, 2.344129331409931]]]], "centroids": [[0.015933543007122353, 0.009065013378858566, 3.0]], "h": 3.0}, "mtl": {"face": 0}}, {"geom": {"polygons": [[[[3.4944704794615973, -1.0086951609700918], [4.223335241404129, -0.8732656836509705], [4.223335241404129, -4.223335241898894], [4.172113593842369, -4.223335241898894], [3.4944704794615973, -1.0086951609700918]]]], "centroids": [[3.9793016820622142, -2.105645326897502, 3.0]], "h": 3.0}, "mtl": {"face": 0}}, {"geom": {"polygons": [[[[3.471794522862183, 4.223335241898894], [4.223335241404129, 4.223335241898894], [4.223335241404129, 3.792071096599102], [3.5338683878653683, 3.6874167509377003], [3.471794522862183, 4.223335241898894]]]], "centroids": [[3.849394978984492, 3.9836416952311993, 3.0]], "h": 3.0}, "mtl": {"face": 0}}], "featureCount": 3, "startIndex": 0}