{"type": "block", "layer": 1, "block": 0, "features": [{"geom": {"triangles": {"v": [-9.533843858225737, 4.988005317747593, 3.0, -8.440093858225737, 1.988005317747593, 3.0, 10.466156141774263, 6.988005317747593, 3.0, -5.893218858225737, -6.011994682252407, 3.0, 15.731781141774263, -5.011994682252407, 3.0, 16.716156141774263, 7.988005317747593, 3.0, -5.408843858225737, -8.011994682252407, 3.0], "f": [0, 1, 2, 1, 3, 2, 2, 3, 4, 2, 4, 5, 4, 3, 6]}, "centroids": [[4.299103676865343, 0.17000535316765308, 3.0]]}, "mtl": 0}], "featureCount": 1, "startIndex": 0}