{"type": "block", "layer": 0, "block": 0, "features": [{"geom": {"polygons": [[[[-4.442129179573385, -5.114934200420976], [-2.2368545243516564, 5.658082287758589], [-2.2340241673518904, 5.658082287758589], [4.442129179573385, 4.266389027237892], [3.6711100451939274, 0.5676990076899529], [0.45965239277575165, 1.2298121843487024], [-0.41981930407928303, -3.0740269143134356], [-1.420994741260074, -2.8936848677694798], [-1.9189465205708984, -5.658082287758589], [-1.9216743175929878, -5.658082287758589], [-4.442129179573385, -5.114934200420976]]]], "centroids": [[-0.5967085569282062, 0.8784681688994169, 3.0]], "h": 3.0}, "mtl": {"face": 0}}], "featureCount": 1, "startIndex": 0}