{"type": "block", "layer": 1, "block": 0, "features": [{"geom": {"triangles": {"v": [-2.24298869035556, 5.876648150384426, 3.0, -5.89923869035556, -12.123351849615574, 3.0, 3.88201130964444, -14.123351849615574, 3.0, 7.50701130964444, 3.876648150384426, 3.0], "f": [0, 1, 2, 0, 2, 3]}, "centroids": [[0.8031416383455507, -4.242673175409436, 3.0]]}, "mtl": 0}], "featureCount": 1, "startIndex": 0}