{"type": "block", "layer": 1, "block": 0, "features": [{"geom": {"triangles": {"v": [-6.491550378385, 1.8770000003278255, 3.0, -7.132175378385, -4.1229999996721745, 3.0, -2.163425378385, -5.1229999996721745, 3.0, -1.319675378385, 3.8770000003278255, 3.0, 6.195949621615, -5.1229999996721745, 3.0, 7.133449621615, 4.8770000003278255, 3.0, 6.961574621615, 5.8770000003278255, 3.0], "f": [0, 1, 2, 0, 2, 3, 3, 2, 4, 3, 4, 5, 6, 3, 5]}, "centroids": [[0.5649766776768956, -0.24557535909116268, 3.0]]}, "mtl": 0}], "featureCount": 1, "startIndex": 0}