{"type": "block", "layer": 1, "block": 0, "features": [{"geom": {"triangles": {"v": [-13.822875264741015, 7.91455989331007, 3.0, -15.369750264741015, -0.08544010668992996, 3.0, 5.911499735258985, 2.91455989331007, 3.0, 4.114624735258985, -4.08544010668993, 3.0], "f": [0, 1, 2, 1, 3, 2]}, "centroids": [[-4.771931253751973, 1.6102205850183964, 3.0]]}, "mtl": 0}], "featureCount": 1, "startIndex": 0}