{"type": "block", "layer": 0, "block": 0, "features": [{"geom": {"polygons": [[[[-2.409924733074149, -4.629273913800716], [-1.9456922938697971, 2.990215277299285], [-1.6801443141594063, 5.742949495092034], [-1.6781115245248657, 5.742949495092034], [2.409924733074149, 4.555535623803735], [2.409924733074149, 3.2977474946528673], [1.7504572281613946, -5.742949495092034], [1.7482708329043817, -5.742949495092034], [-2.409924733074149, -4.629273913800716]]]], "centroids": [[0.01697071097441949, -0.012301890179514885, 3.0]], "h": 3.0}, "mtl": {"face": 0}}, {"geom": {"polygons": [[[[1.7504572281613946, -5.742949495092034], [2.409924733074149, 3.2977474946528673], [5.742949494917411, 2.4282886013388634], [5.742949494917411, -5.742949495092034], [1.7504572281613946, -5.742949495092034]]]], "centroids": [[3.873432910593692, -1.5580395963042974, 3.0]], "h": 3.0}, "mtl": {"face": 0}}], "featureCount": 2, "startIndex": 0}