{"type": "block", "layer": 1, "block": 0, "features": [{"geom": {"triangles": {"v": [2.4135752669826616, 3.5457260869443417, 3.0, -1.9457997330173384, 2.5457260869443417, 3.0, -2.4145497330173384, -4.454273913055658, 3.0, 2.4135752669826616, 4.545726086944342, 3.0, -1.6801747330173384, 5.545726086944342, 3.0, 1.7573252669826616, -5.454273913055658, 3.0, 10.319825266982662, 1.5457260869443417, 3.0, 8.163575266982662, -7.454273913055658, 3.0], "f": [0, 1, 2, 1, 0, 3, 4, 1, 3, 5, 0, 2, 6, 0, 5, 5, 7, 6]}, "centroids": [[3.4228314057399984, -1.2200905531644821, 3.0]]}, "mtl": 0}], "featureCount": 1, "startIndex": 0}