{"type": "block", "layer": 1, "block": 0, "features": [{"geom": {"triangles": {"v": [-10.558425306575373, 6.597375148907304, 3.0, -12.042800306575373, -1.4026248510926962, 3.0, 9.050949693424627, 1.5973751489073038, 3.0, 7.347824693424627, -5.402624851092696, 3.0], "f": [0, 1, 2, 1, 3, 2]}, "centroids": [[-1.4717913207423408, 0.2747216485440731, 3.0]]}, "mtl": 0}], "featureCount": 1, "startIndex": 0}