{"type": "block", "layer": 0, "block": 0, "features": [{"geom": {"polygons": [[[[-6.221736642823089, 2.9329511914402246], [-6.221736642823089, 6.221736643463373], [-3.559859174711164, 6.221736643463373], [-4.852420847135363, 2.4429894257336855], [-6.221736642823089, 2.9329511914402246]]]], "centroids": [[-5.152407061657868, 4.623127482831478, 3.0]], "h": 3.0}, "mtl": {"face": 0}}, {"geom": {"polygons": [[[[-6.221736642823089, 2.9329511914402246], [-6.221736642823089, 6.221736643463373], [-3.559859174711164, 6.221736643463373], [-4.852420847135363, 2.4429894257336855], [-6.221736642823089, 2.9329511914402246]]]], "centroids": [[-5.152407061657868, 4.623127482831478, 6.0]], "h": 6.0}, "mtl": {"face": 1}}, {"geom": {"polygons": [[[[-4.852420847135363, 2.4429894257336855], [-3.559859174711164, 6.221736643463373], [-3.557909479655791, 6.221736643463373], [1.6075563082413282, 4.371191706508398], [4.852420847135363, 3.208708416670561], [1.1461876849643886, -6.221736643463373], [1.1443071648536716, -6.221736643463373], [-3.6094849513319787, -4.413657004013658], [-1.6196313403488602, 1.1406640708446503], [-4.852420847135363, 2.4429894257336855]]]], "centroids": [[-0.10024578918819316, 0.3514530789107084, 3.0]], "h": 3.0}, "mtl": {"face": 0}}], "featureCount": 3, "startIndex": 0}