{"type": "block", "layer": 1, "block": 0, "features": [{"geom": {"triangles": {"v": [-1.0029709801601712, 16.18093380331993, 3.0, -5.065470980160171, -3.819066196680069, 3.0, 7.356404019839829, 14.180933803319931, 3.0, 3.262654019839829, -4.819066196680069, 3.0], "f": [0, 1, 2, 1, 3, 2]}, "centroids": [[1.1351960359024815, 5.4372554160654545, 3.0]]}, "mtl": 0}], "featureCount": 1, "startIndex": 0}