{"type": "block", "layer": 0, "block": 0, "features": [{"geom": {"polygons": [[[[-3.848999994719634, -4.510808045044541], [-1.8871118438255507, 1.0763642564415932], [-0.4840620513423346, 6.229185074567795], [-0.4820506659161765, 6.229185074567795], [3.84899999469053, 4.764191944152117], [0.6141833041037899, -6.229185074567795], [0.6123825619288255, -6.229185074567795], [-3.848999994719634, -4.510808045044541]]]], "centroids": [[0.07306225382490084, 0.0027841124683618546, 3.0]], "h": 3.0}, "mtl": {"face": 0}}], "featureCount": 1, "startIndex": 0}