{"type": "block", "layer": 1, "block": 0, "features": [{"geom": {"triangles": {"v": [-1.890000005310867, 0.9451919440180063, 3.0, -3.843125005310867, -4.054808055981994, 3.0, 0.609999994689133, -6.054808055981994, 3.0, 8.078749994689133, 2.9451919440180063, 3.0, 7.031874994689133, 6.945191944018006, 3.0, 0.438124994689133, 9.945191944018006, 3.0, 7.406874994689133, -8.054808055981994, 3.0], "f": [0, 1, 2, 0, 2, 3, 4, 0, 3, 5, 0, 4, 2, 6, 3]}, "centroids": [[2.954750548902666, 0.3098134696483612, 3.0]]}, "mtl": 0}], "featureCount": 1, "startIndex": 0}