{"type": "block", "layer": 0, "block": 0, "features": [{"geom": {"polygons": [[[[-2.5410774797783233, 5.602318661287427], [1.8854778918612283, 5.602318661287427], [1.713769596273778, 4.771245306357741], [-2.5410774797783233, 5.602318661287427]]]], "centroids": [[0.35272333610919304, 5.325294209644198, 3.0]], "h": 3.0}, "mtl": {"face": 0}}, {"geom": {"polygons": [[[[4.232411151344422, 2.2083172015845776], [4.906348993070424, 5.397289292886853], [5.602318661491154, 5.247522545978427], [5.602318661491154, 1.9134527910500765], [4.232411151344422, 2.2083172015845776]]]], "centroids": [[5.067529284628108, 3.5143130607903004, 3.0]], "h": 3.0}, "mtl": {"face": 0}}, {"geom": {"polygons": [[[[-5.602318661491154, -1.9801960978657007], [-5.602318661491154, -1.9775116704404354], [-4.289000597578706, 4.0425003208220005], [5.602318661491154, 1.9134527910500765], [5.602318661491154, 1.9106809943914413], [4.344209761969978, -4.042500322684646], [-5.602318661491154, -1.9801960978657007]]]], "centroids": [[0.0030271483992692083, -0.016466941684484482, 6.0]], "h": 6.0}, "mtl": {"face": 1}}, {"geom": {"polygons": [[[[-5.602318661491154, -1.9801960978657007], [-5.602318661491154, -1.9775116704404354], [-4.289000597578706, 4.0425003208220005], [5.602318661491154, 1.9134527910500765], [5.602318661491154, 1.9106809943914413], [4.344209761969978, -4.042500322684646], [-5.602318661491154, -1.9801960978657007]]]], "centroids": [[0.0030271483992692083, -0.016466941684484482, 3.0]], "h": 3.0}, "mtl": {"face": 0}}], "featureCount": 4, "startIndex": 0}