{"type": "block", "layer": 1, "block": 0, "features": [{"geom": {"triangles": {"v": [9.358248080126941, 25.622789781540632, 3.0, -10.469876919873059, -2.3772102184593678, 3.0, -0.6417519198730588, -9.377210218459368, 3.0, 19.63949808012694, 18.622789781540632, 3.0], "f": [0, 1, 2, 3, 0, 2]}, "centroids": [[4.525432869268116, 7.975463533774018, 3.0]]}, "mtl": 0}], "featureCount": 1, "startIndex": 0}