{"type": "block", "layer": 0, "block": 0, "features": [{"geom": {"polygons": [[[[-3.9762426519591827, -4.273431761190295], [-1.932844837778248, 5.575154386460781], [-1.9302408949006349, 5.575154386460781], [3.9762426519591827, 4.2516224682331085], [1.8371828385279514, -5.575154386460781], [1.8345724916143809, -5.575154386460781], [-3.9762426519591827, -4.273431761190295]]]], "centroids": [[-0.021087782544782385, 0.007944252341985703, 3.0]], "h": 3.0}, "mtl": {"face": 0}}, {"geom": {"polygons": [[[[3.631979530415265, 2.6700879763811827], [3.9762426519591827, 4.2516224682331085], [5.575154386926442, 3.893336407840252], [5.575154386926442, 2.2346590235829353], [3.631979530415265, 2.6700879763811827]]]], "centroids": [[4.6868444320280105, 3.236182864755392, 3.0]], "h": 3.0}, "mtl": {"face": 0}}, {"geom": {"polygons": [[[[-3.9762426519591827, -4.273431761190295], [-1.9328448376618326, 5.575154386460781], [-1.9302408860821743, 5.575154386460781], [3.9762426519591827, 4.2516224682331085], [1.8371828385279514, -5.575154386460781], [1.8345724916143809, -5.575154386460781], [-3.9762426519591827, -4.273431761190295]]]], "centroids": [[-0.021087782544782385, 0.007944254204630852, 6.0]], "h": 6.0}, "mtl": {"face": 1}}], "featureCount": 3, "startIndex": 0}