{"type": "block", "layer": 1, "block": 0, "features": [{"geom": {"triangles": {"v": [-1.9355192289804108, 6.065958205610514, 3.0, -3.982394228980411, -3.9340417943894863, 3.0, 17.51760577101959, 1.0659582056105137, 3.0, 15.53323077101959, -8.934041794389486, 3.0], "f": [0, 1, 2, 1, 3, 2]}, "centroids": [[6.786951239075279, -1.5337640698999166, 3.0]]}, "mtl": 0}], "featureCount": 1, "startIndex": 0}