{"type": "block", "layer": 0, "block": 0, "features": [{"geom": {"polygons": [[[[0.6305157766619232, -0.4733836129307747], [3.291097630135482, 3.493011862039566], [5.902072191645857, 1.7865293119102716], [5.902072191645857, -1.5902212783694267], [4.78288152164896, -3.2587107494473457], [0.6305157766619232, -0.4733836129307747]]]], "centroids": [[3.7538879908097442, 0.10291833989322186, 3.0]], "h": 3.0}, "mtl": {"face": 0}}, {"geom": {"polygons": [[[[-4.78288152164896, -0.8097976520657539], [-0.396133009926416, 5.902072191238403], [-0.3948440955718979, 5.902072191238403], [3.291097630135482, 3.493011862039566], [0.6305157766619232, -0.4733836129307747], [4.78288152164896, -3.2587107494473457], [3.0097654699347913, -5.902072191238403], [3.008466402941849, -5.902072191238403], [-4.78288152164896, -0.8097976520657539]]]], "centroids": [[0.049608427099883556, -0.07058965414762497, 3.0]], "h": 3.0}, "mtl": {"face": 0}}, {"geom": {"polygons": [[[[-5.20141721284017, -0.5362508073449135], [-0.9934536355140153, 5.902072191238403], [-0.39484409530996345, 5.902072191238403], [5.902072191645857, 1.7865293119102716], [5.902072191645857, -2.227694369852543], [5.080969530361472, -3.4586624577641487], [4.782881521532545, -3.2587107494473457], [3.0097654699347913, -5.902072191238403], [3.008466402941849, -5.902072191238403], [-5.20141721284017, -0.5362508073449135]]]], "centroids": [[0.9745096473779995, 0.09402128867805004, 6.0]], "h": 6.0}, "mtl": {"face": 1}}, {"geom": {"polygons": [[[[-5.20141721284017, -0.5362508073449135], [-0.9934536355140153, 5.902072191238403], [-0.39484409530996345, 5.902072191238403], [5.902072191645857, 1.7865293119102716], [5.902072191645857, -2.227694369852543], [4.859003881807439, -3.7914255131036043], [4.6431034003035165, -3.6466047801077366], [3.130179208528716, -5.902072191238403], [3.008466402941849, -5.902072191238403], [-5.20141721284017, -0.5362508073449135]]]], "centroids": [[0.9918305101455189, 0.07003668509423733, 9.0]], "h": 9.0}, "mtl": {"face": 2}}], "featureCount": 4, "startIndex": 0}