{"type": "block", "layer": 0, "block": 0, "features": [{"geom": {"polygons": [[[[-3.4774646151345223, -4.361985614523292], [-1.4236629049119074, 5.399265445768833], [-1.420982790295966, 5.399265445768833], [3.4774646151345223, 4.368652967736125], [1.422256236517569, -5.399265445768833], [1.4195933325681835, -5.399265445768833], [-3.4774646151345223, -4.361985614523292]]]], "centroids": [[-7.269022171385586e-05, 0.0016085784882307053, 3.0]], "h": 3.0}, "mtl": {"face": 0}}, {"geom": {"polygons": [[[[5.267721820098814, -5.399265445768833], [5.3992654460598715, -4.5065002627670765], [5.3992654460598715, -5.399265445768833], [5.267721820098814, -5.399265445768833]]]], "centroids": [[5.355417570710415, -5.1016770508140326, 3.0]], "h": 3.0}, "mtl": {"face": 0}}, {"geom": {"polygons": [[[[-3.4774646151345223, -4.361985614523292], [-1.4236629049119074, 5.399265445768833], [-1.420982790295966, 5.399265445768833], [3.4774646151345223, 4.368652967736125], [1.422256236517569, -5.399265445768833], [1.4195933325681835, -5.399265445768833], [-3.4774646151345223, -4.361985614523292]]]], "centroids": [[-7.269022171385586e-05, 0.0016085784882307053, 6.0]], "h": 6.0}, "mtl": {"face": 1}}, {"geom": {"polygons": [[[[5.267721820098814, -5.399265445768833], [5.3992654460598715, -4.5065002627670765], [5.3992654460598715, -5.399265445768833], [5.267721820098814, -5.399265445768833]]]], "centroids": [[5.355417570710415, -5.1016770508140326, 6.0]], "h": 6.0}, "mtl": {"face": 1}}], "featureCount": 4, "startIndex": 0}