{"type": "block", "layer": 1, "block": 0, "features": [{"geom": {"triangles": {"v": [-1.0310065899393521, 2.53886990621686, 3.0, -3.031006589939352, -5.46113009378314, 3.0, 14.968993410060648, -2.46113009378314, 3.0, 14.500243410060648, -11.46113009378314, 3.0], "f": [0, 1, 2, 1, 3, 2]}, "centroids": [[6.301998822251335, -4.161210814490914, 3.0]]}, "mtl": 0}], "featureCount": 1, "startIndex": 0}