{"type": "block", "layer": 0, "block": 0, "features": [{"geom": {"polygons": [[[[-3.884505213238299, -5.1518772561103106], [-2.6021715545502957, 6.451121611520648], [-2.59767207398545, 6.451121611520648], [3.884505213209195, 5.506680062040687], [3.525185627193423, 1.8807821702212095], [2.787874987523537, -6.451121611520648], [2.7845062032865826, -6.451121611520648], [-3.884505213238299, -5.1518772561103106]]]], "centroids": [[0.05112836082116701, 0.05315520986914635, 3.0]], "h": 3.0}, "mtl": {"face": 0}}, {"geom": {"polygons": [[[[-3.884505213238299, -5.1518772561103106], [-2.6021715545502957, 6.451121611520648], [-2.59767207398545, 6.451121611520648], [3.884505213209195, 5.506680062040687], [3.525185627193423, 1.8807821702212095], [2.787874987523537, -6.451121611520648], [2.7845062032865826, -6.451121611520648], [-3.884505213238299, -5.1518772561103106]]]], "centroids": [[0.05112836082116701, 0.05315520986914635, 6.0]], "h": 6.0}, "mtl": {"face": 1}}], "featureCount": 2, "startIndex": 0}