{"type": "block", "layer": 1, "block": 0, "features": [{"geom": {"triangles": {"v": [-1.850325507693924, 13.662972196936607, 3.0, -3.881575507693924, -5.337027803063393, 3.0, 3.524674492306076, 1.6629721969366074, 3.0, 5.024674492306076, 16.662972196936607, 3.0, -0.865950507693924, 17.662972196936607, 3.0, 2.790299492306076, -6.337027803063393, 3.0], "f": [0, 1, 2, 0, 2, 3, 4, 0, 3, 1, 5, 2]}, "centroids": [[0.6452123630442657, 5.720138639211655, 3.0]]}, "mtl": 0}], "featureCount": 1, "startIndex": 0}