{"type": "block", "layer": 1, "block": 0, "features": [{"geom": {"triangles": {"v": [-5.066654696827754, 7.1095868088305, 3.0, -5.926029696827754, -1.8904131911695004, 3.0, 1.0895953031722456, -2.8904131911695004, 3.0, 3.0739703031722456, 18.1095868088305, 3.0, -3.8947796968277544, 19.1095868088305, 3.0], "f": [0, 1, 2, 0, 2, 3, 4, 0, 3]}, "centroids": [[-1.4203189386753365, 7.977832647040486, 3.0]]}, "mtl": 0}], "featureCount": 1, "startIndex": 0}