{"type": "block", "layer": 0, "block": 0, "features": [{"geom": {"polygons": [[[[-2.99803388104192, -3.612500863149762], [-0.9419484324753284, 4.430247463285923], [-0.9400383745378349, 4.430247463285923], [2.99803388104192, 3.459160640835762], [0.7268786873319186, -4.430247463285923], [0.724734079092741, -4.430247463285923], [-2.99803388104192, -3.612500863149762]]]], "centroids": [[-0.04629933362593874, 0.00439414381980896, 3.0]], "h": 3.0}, "mtl": {"face": 0}}], "featureCount": 1, "startIndex": 0}