{"type": "block", "layer": 1, "block": 0, "features": [{"geom": {"triangles": {"v": [-5.659125000005588, 1.84811881929636, 3.0, -7.393500000005588, -8.15188118070364, 3.0, 2.528374999994412, -11.15188118070364, 3.0, 7.387749999994412, 7.84811881929636, 3.0, -4.034125000005588, 10.84811881929636, 3.0], "f": [0, 1, 2, 0, 2, 3, 4, 0, 3]}, "centroids": [[-0.308532925642794, 0.19838073290884495, 3.0]]}, "mtl": 0}], "featureCount": 1, "startIndex": 0}