{"type": "block", "layer": 1, "block": 0, "features": [{"geom": {"triangles": {"v": [-2.144170388317434, 5.482381235808134, 3.0, -5.566045388317434, -13.517618764191866, 3.0, 3.840204611682566, 2.482381235808134, 3.0, 0.6995796116825659, -15.517618764191866, 3.0], "f": [0, 1, 2, 1, 3, 2]}, "centroids": [[-0.8063724209496286, -5.350664738565683, 3.0]]}, "mtl": 0}], "featureCount": 1, "startIndex": 0}