{"type": "block", "layer": 0, "block": 0, "features": [{"geom": {"polygons": [[[[-2.6647162283188663, 4.695229982957244], [2.440295372507535, 4.707981185987592], [2.6288024693494663, 4.707981185987592], [2.6647162282897625, -4.695230010896921], [-2.440283949166769, -4.707981185987592], [-2.6287910378014203, -4.707981185987592], [-2.6647162283188663, 4.695229982957244]]]], "centroids": [[2.851535100489855e-06, 1.6856938600540161e-06, 3.0]], "h": 3.0}, "mtl": {"face": 0}}, {"geom": {"polygons": [[[[3.5104654610331636, 4.707981185987592], [4.707981185812969, 4.707981185987592], [4.707981185812969, 0.7176170200109482], [3.525717169017298, 0.7146639823913574], [3.5104654610331636, 4.707981185987592]]]], "centroids": [[4.112954284413718, 2.7163230311125517, 3.0]], "h": 3.0}, "mtl": {"face": 0}}, {"geom": {"polygons": [[[[-2.6647162283188663, 4.695229982957244], [2.440295372507535, 4.707981185987592], [2.6288024693494663, 4.707981185987592], [2.6647162282897625, -4.695230010896921], [-2.440283949166769, -4.707981185987592], [-2.6287910378014203, -4.707981185987592], [-2.6647162283188663, 4.695229982957244]]]], "centroids": [[2.851535100489855e-06, 1.6856938600540161e-06, 6.0]], "h": 6.0}, "mtl": {"face": 1}}, {"geom": {"polygons": [[[[3.5104654610331636, 4.707981185987592], [4.707981185812969, 4.707981185987592], [4.707981185812969, 0.7176170200109482], [3.525717169017298, 0.7146639823913574], [3.5104654610331636, 4.707981185987592]]]], "centroids": [[4.112954284413718, 2.7163230311125517, 6.0]], "h": 6.0}, "mtl": {"face": 1}}], "featureCount": 4, "startIndex": 0}