{"type": "block", "layer": 1, "block": 0, "features": [{"geom": {"triangles": {"v": [7.270358734589536, 4.351190788671374, 3.0, -2.6671412654104643, 4.351190788671374, 3.0, 7.285983734589536, 0.3511907886713743, 3.0, -2.6046412654104643, -11.648809211328626, 3.0, 5.020358734589536, -12.648809211328626, 3.0], "f": [0, 1, 2, 2, 1, 3, 2, 3, 4, 3, 3, 4]}, "centroids": [[1.9663355599332135, -3.318103013560176, 3.0]]}, "mtl": 0}], "featureCount": 1, "startIndex": 0}