{"type": "block", "layer": 0, "block": 0, "features": [{"geom": {"polygons": [[[[-5.745233806344913, -3.2635333240032196], [-5.745233806344913, -3.260388731956482], [-4.122438891470665, 5.2816609144210815], [5.745233806344913, 3.4070482403039932], [5.745233806344913, 3.404222482815385], [3.908108386589447, -5.281660916283727], [-5.745233806344913, -3.2635333240032196]]]], "centroids": [[-0.034041147358948365, 0.04563131742179394, 3.0]], "h": 3.0}, "mtl": {"face": 0}}, {"geom": {"polygons": [[[[4.912266622122843, -5.491602145135403], [4.573613377549918, -5.420803105458617], [3.9081083864730317, -5.281660916283727], [-3.7867874176590703, -3.6729661002755165], [-3.133550268394174, -0.23446624912321568], [5.633124096319079, -2.0666401740163565], [4.912266622122843, -5.491602145135403]]]], "centroids": [[0.9068263552035205, -2.8642307110130787, 9.0]], "h": 9.0}, "mtl": {"face": 1}}, {"geom": {"polygons": [[[[-3.7867874176590703, -3.6729661002755165], [-2.1565613980055787, 4.908193027600646], [5.745233806344913, 3.4070482403039932], [5.745233806344913, 0.14497401379048824], [4.573613377666334, -5.420803105458617], [3.908108386589447, -5.281660916283727], [-3.7867874176590703, -3.6729661002755165]]]], "centroids": [[1.2071317898808047, -0.24979554675519466, 6.0]], "h": 6.0}, "mtl": {"face": 2}}, {"geom": {"polygons": [[[[-3.133550268423278, -0.23446624912321568], [-2.156561398267513, 4.908193027600646], [5.745233806344913, 3.4070482403039932], [5.745233806344913, -1.5339807961136103], [5.633124096319079, -2.0666401740163565], [-3.133550268423278, -0.23446624912321568]]]], "centroids": [[1.562960422510514, 1.443481856957078, 9.0]], "h": 9.0}, "mtl": {"face": 1}}], "featureCount": 4, "startIndex": 0}