{"type": "block", "layer": 1, "block": 0, "features": [{"geom": {"triangles": {"v": [-13.971091613406315, 7.2477390840649605, 3.0, -15.721091613406315, -0.7522609159350395, 3.0, 3.9039083865936846, -5.7522609159350395, 3.0, 5.7476583865936846, 3.2477390840649605, 3.0], "f": [0, 1, 2, 0, 2, 3]}, "centroids": [[-4.942511499772081, 1.0121905989944935, 3.0]]}, "mtl": 0}], "featureCount": 1, "startIndex": 0}