{"type": "block", "layer": 1, "block": 0, "features": [{"geom": {"triangles": {"v": [-5.541423915070482, 8.339481500908732, 3.0, -9.666423915070482, -12.660518499091268, 3.0, 5.208576084929518, 5.339481500908732, 3.0, 1.0992010849295184, -14.660518499091268, 3.0], "f": [0, 1, 2, 1, 3, 2]}, "centroids": [[-2.2309232594270725, -3.309956043958664, 3.0]]}, "mtl": 0}], "featureCount": 1, "startIndex": 0}