{"type": "block", "layer": 1, "block": 0, "features": [{"geom": {"triangles": {"v": [5.4872119327192195, 22.522783663123846, 3.0, -4.3565380672807805, -1.477216336876154, 3.0, 6.5653369327192195, 14.522783663123846, 3.0, 7.9715869327192195, 22.522783663123846, 3.0, 5.0809619327192195, 5.522783663123846, 3.0, 3.5965869327192195, -3.477216336876154, 3.0], "f": [0, 1, 2, 0, 2, 3, 2, 1, 4, 1, 5, 4]}, "centroids": [[2.545942146447487, 8.08094523102045, 3.0]]}, "mtl": 0}], "featureCount": 1, "startIndex": 0}