{"type": "block", "layer": 1, "block": 0, "features": [{"geom": {"triangles": {"v": [-4.511814166995464, -2.744454424828291, 3.0, -5.152439166995464, -7.744454424828291, 3.0, 2.706935833004536, -8.744454424828291, 3.0, -3.496189166995464, 3.255545575171709, 3.0, 11.003810833004536, 1.255545575171709, 3.0, 11.816310833004536, -4.744454424828291, 3.0, 12.613185833004536, 1.255545575171709, 3.0, 11.019435833004536, -9.744454424828291, 3.0], "f": [0, 1, 2, 3, 0, 2, 3, 2, 4, 5, 4, 2, 4, 5, 6, 5, 2, 7]}, "centroids": [[3.7390815423277672, -3.1954889707267284, 3.0]]}, "mtl": 0}], "featureCount": 1, "startIndex": 0}