{"type": "block", "layer": 1, "block": 0, "features": [{"geom": {"triangles": {"v": [-17.84333730424987, 7.11278235912323, 3.0, -18.74958730424987, -2.88721764087677, 3.0, 6.0004126957501285, 4.11278235912323, 3.0, 5.0785376957501285, -5.88721764087677, 3.0], "f": [0, 1, 2, 1, 3, 2]}, "centroids": [[-6.37086812389316, 0.589524406939745, 3.0]]}, "mtl": 0}], "featureCount": 1, "startIndex": 0}