{"type": "block", "layer": 1, "block": 0, "features": [{"geom": {"triangles": {"v": [-5.029570724000223, 3.730765588581562, 3.0, -4.904570724000223, -3.269234411418438, 3.0, 5.017304275999777, 3.730765588581562, 3.0, 5.032929275999777, -3.269234411418438, 3.0], "f": [0, 1, 2, 2, 1, 3]}, "centroids": [[0.03249689229414798, 0.014987936243414879, 3.0]]}, "mtl": 0}], "featureCount": 1, "startIndex": 0}