{"type": "block", "layer": 0, "block": 0, "features": [{"geom": {"polygons": [[[[-3.7040488754573744, -0.8401075508445501], [-3.240658481401624, 3.904304314404726], [-3.2365236614714377, 3.904304314404726], [3.7040488754573744, 3.242769366130233], [2.989748084830353, -3.904304314404726], [2.9854978603252675, -3.904304314404726], [-2.243295200896682, -3.4194811955094337], [-3.7040488754573744, -0.8401075508445501]]]], "centroids": [[0.013812418794259429, 0.10479066334664822, 3.0]], "h": 3.0}, "mtl": {"face": 0}}, {"geom": {"polygons": [[[[2.989748084830353, -3.904304314404726], [3.4004776755464263, 0.20532944984734058], [3.904304314957699, 0.161741828545928], [3.904304314957699, -3.904304314404726], [2.989748084830353, -3.904304314404726]]]], "centroids": [[3.5390537965286057, -2.0562951173633337, 3.0]], "h": 3.0}, "mtl": {"face": 0}}, {"geom": {"polygons": [[[[-3.7040488754573744, -0.8401075508445501], [-3.240658481401624, 3.904304314404726], [-3.2365236614714377, 3.904304314404726], [3.7040488754573744, 3.242769366130233], [2.989748084830353, -3.904304314404726], [2.9854978603252675, -3.904304314404726], [-2.243295200896682, -3.4194811955094337], [-3.7040488754573744, -0.8401075508445501]]]], "centroids": [[0.013812418794259429, 0.10479066334664822, 6.0]], "h": 6.0}, "mtl": {"face": 1}}, {"geom": {"polygons": [[[[2.989748084830353, -3.904304314404726], [3.4004776755464263, 0.20532944984734058], [3.904304314957699, 0.161741828545928], [3.904304314957699, -3.904304314404726], [2.989748084830353, -3.904304314404726]]]], "centroids": [[3.5390537965286057, -2.0562951173633337, 6.0]], "h": 6.0}, "mtl": {"face": 1}}], "featureCount": 4, "startIndex": 0}