{"type": "block", "layer": 0, "block": 0, "features": [{"geom": {"polygons": [[[[-7.976399523176951, -1.763323975726962], [-7.976399523176951, -1.7608459293842316], [-5.4227972441585734, 5.4978865422308445], [-1.5578414137999061, 4.69173738360405], [3.7346729924320243, 3.4667027313262224], [7.976399523176951, 2.4379951041191816], [7.976399523176951, 2.4342855364084244], [6.17678112059366, -5.4978865422308445], [-7.976399523176951, -1.763323975726962]]]], "centroids": [[0.2496663478668779, 0.13339218497276306, 3.0]], "h": 3.0}, "mtl": {"face": 0}}, {"geom": {"polygons": [[[[-7.976399523176951, -1.763323975726962], [-7.976399523176951, 0.3473471961915493], [-7.396862047520699, 2.050988294184208], [-7.197658071236219, 1.985199049115181], [-6.123497242486337, 5.463886516168714], [-5.7528279663820285, 5.431954387575388], [-5.648883694637334, 5.533747574314475], [-5.422797244071262, 5.4978865422308445], [-1.5578414137708023, 4.69173738360405], [3.734672992461128, 3.4667027313262224], [7.976399523176951, 2.4379951041191816], [7.976399523176951, 2.4342855345457792], [6.176781120622763, -5.4978865422308445], [-7.976399523176951, -1.763323975726962]]]], "centroids": [[-0.004460287455003709, 0.20840814895927906, 6.0]], "h": 6.0}, "mtl": {"face": 1}}, {"geom": {"polygons": [[[[-7.976399523176951, -1.763323975726962], [-7.976399523176951, 0.3473471961915493], [-7.396862047520699, 2.050988294184208], [-7.197658071236219, 1.985199049115181], [-6.123497242486337, 5.463886516168714], [-5.7528279663820285, 5.431954387575388], [-5.648883694637334, 5.533747574314475], [-5.422797244071262, 5.4978865422308445], [-1.5578414137708023, 4.69173738360405], [3.734672992461128, 3.4667027313262224], [7.976399523176951, 2.4379951041191816], [7.976399523176951, 2.4342855345457792], [6.176781120622763, -5.4978865422308445], [-7.976399523176951, -1.763323975726962]]]], "centroids": [[-0.004460287455003709, 0.20840814895927906, 9.0]], "h": 9.0}, "mtl": {"face": 2}}, {"geom": {"polygons": [[[[-7.976399523176951, -1.763323975726962], [-7.976399523176951, 0.3473471961915493], [-7.396862047520699, 2.050988294184208], [-7.197658071236219, 1.985199049115181], [-6.123497242486337, 5.463886516168714], [-5.7528279663820285, 5.431954387575388], [-5.648883694637334, 5.533747574314475], [-5.422797244071262, 5.4978865422308445], [-1.5578414137708023, 4.69173738360405], [3.734672992461128, 3.4667027313262224], [7.976399523176951, 2.4379951041191816], [7.976399523176951, 2.4342855345457792], [6.176781120622763, -5.4978865422308445], [-7.976399523176951, -1.763323975726962]]]], "centroids": [[-0.004460287455003709, 0.20840814895927906, 12.0]], "h": 12.0}, "mtl": {"face": 3}}, {"geom": {"polygons": [[[[-7.976399523176951, -1.763323975726962], [-7.976399523176951, 0.3473471961915493], [-7.396862047520699, 2.050988294184208], [-7.197658071236219, 1.985199049115181], [-6.123497242515441, 5.463886516168714], [-5.7528279663820285, 5.431954387575388], [-5.648883694637334, 5.533747574314475], [-5.422797244100366, 5.4978865422308445], [-1.5578414137999061, 4.69173738360405], [3.7346729924320243, 3.4667027313262224], [7.976399523176951, 2.4379951041191816], [7.976399523176951, 2.4342855364084244], [6.17678112059366, -5.4978865422308445], [-7.976399523176951, -1.763323975726962]]]], "centroids": [[-0.00446028757141903, 0.2084081470966339, 15.0]], "h": 15.0}, "mtl": {"face": 4}}, {"geom": {"polygons": [[[[-7.976399523176951, -1.763323975726962], [-7.976399523176951, 0.3473471961915493], [-7.396862047520699, 2.050988294184208], [-7.197658071236219, 1.985199049115181], [-6.123497242515441, 5.463886516168714], [-5.7528279663820285, 5.431954387575388], [-5.648883694637334, 5.533747574314475], [-5.422797244100366, 5.4978865422308445], [-1.5578414137999061, 4.69173738360405], [3.7346729924320243, 3.4667027313262224], [7.976399523176951, 2.4379951041191816], [7.976399523176951, 2.4342855364084244], [6.17678112059366, -5.4978865422308445], [-7.976399523176951, -1.763323975726962]]]], "centroids": [[-0.00446028757141903, 0.2084081470966339, 18.0]], "h": 18.0}, "mtl": {"face": 5}}], "featureCount": 6, "startIndex": 0}