{"type": "block", "layer": 1, "block": 0, "features": [{"geom": {"triangles": {"v": [-5.417497242509853, 5.1558865159749985, 3.0, -7.979997242509853, -1.8441134840250015, 3.0, -1.558122242509853, 5.1558865159749985, 3.0, 3.738752757490147, 3.1558865159749985, 3.0, 8.473127757490147, -2.8441134840250015, 3.0, 8.723127757490147, 2.1558865159749985, 3.0, 8.410627757490147, -5.8441134840250015, 3.0], "f": [0, 1, 2, 2, 1, 3, 3, 1, 4, 5, 3, 4, 1, 6, 4]}, "centroids": [[0.9849417078366969, -0.11652114987373352, 3.0]]}, "mtl": 0}], "featureCount": 1, "startIndex": 0}