{"type": "block", "layer": 0, "block": 0, "features": [{"geom": {"polygons": [[[[-6.504333558463259, -3.177467802539468], [-6.504333558463259, -3.1730458308011293], [-6.197651196911465, -1.1343476846814156], [-3.367684971279232, -1.5062060318887234], [-3.017721993062878, 0.8885223995894194], [-2.373814353835769, 0.7997364085167646], [-1.769652024115203, 4.993642076849937], [6.504333558463259, 3.689133957028389], [6.504333558463259, 3.682893505319953], [6.176401565171545, 0.5886343456804752], [6.504333558463259, 0.31108276546001434], [6.504333558463259, -1.1703564543277025], [5.911526684445562, -1.9106385000050068], [5.584787566418527, -4.993642078712583], [-6.504333558463259, -3.177467802539468]]]], "centroids": [[1.2153940406278707, -0.24920417182147503, 6.0]], "h": 6.0}, "mtl": {"face": 0}}, {"geom": {"polygons": [[[[-6.504333558463259, -3.177467802539468], [-6.504333558463259, -3.1730458308011293], [-6.197651196911465, -1.1343476846814156], [-2.718294393387623, -1.59153613448143], [-1.769652024115203, 4.993642076849937], [6.504333558463259, 3.689133957028389], [6.504333558463259, 3.682893505319953], [5.584787566418527, -4.993642078712583], [-6.504333558463259, -3.177467802539468]]]], "centroids": [[1.2395584838814102, -0.2431120816618204, 3.0]], "h": 3.0}, "mtl": {"face": 1}}, {"geom": {"polygons": [[[[-6.504333558463259, -3.177467802539468], [-6.504333558463259, -3.1730458308011293], [-6.160455528792227, -0.8870861884206533], [-3.33153045544168, -1.2588077280670404], [-2.403206702962052, 5.093530723825097], [1.3565191077359486, 4.50075801461935], [0.6957673977303784, -1.2892284449189901], [5.911526684445562, -1.9106385000050068], [5.584787566418527, -4.993642078712583], [-6.504333558463259, -3.177467802539468]]]], "centroids": [[-0.3600656994385645, -0.8853268660604954, 9.0]], "h": 9.0}, "mtl": {"face": 2}}, {"geom": {"polygons": [[[[2.082214035646757, -1.4544108919799328], [1.7267556770239025, -4.4140417743474245], [-1.1036080823105294, -3.988830231130123], [-0.6970849209174048, -1.1232828199863434], [2.082214035646757, -1.4544108919799328]]]], "centroids": [[0.5082406980800442, -2.7514573857188225, 12.0]], "h": 12.0}, "mtl": {"face": 3}}], "featureCount": 4, "startIndex": 0}