{"type": "block", "layer": 1, "block": 0, "features": [{"geom": {"triangles": {"v": [-0.5018912643427029, -36.15961541607976, 3.0, -6.689391264342703, -20.15961541607976, 3.0, -9.705016264342703, -32.15961541607976, 3.0, 6.279358735657297, 2.8403845839202404, 3.0, -1.439391264342703, 3.8403845839202404, 3.0, -6.064391264342703, -36.15961541607976, 3.0], "f": [0, 1, 2, 3, 1, 0, 4, 1, 3, 0, 2, 5]}, "centroids": [[-1.4853890761150979, -16.672293163836002, 3.0]]}, "mtl": 0}], "featureCount": 1, "startIndex": 0}