{"type": "block", "layer": 0, "block": 0, "features": [{"geom": {"polygons": [[[[-1.0921666662034113, -1.2060826197266579], [-0.5154334024700802, 1.5473494715988636], [-0.5134548546920996, 1.5473494715988636], [1.0921666661743075, 1.419675512239337], [0.42435384399141185, -1.5473494715988636], [0.4236316610767972, -1.5473494715988636], [-1.0921666662034113, -1.2060826197266579]]]], "centroids": [[-0.011320849152980372, 0.058486273512244225, 3.0]], "h": 3.0}, "mtl": {"face": 0}}, {"geom": {"polygons": [[[[1.371792047371855, -1.5473494715988636], [1.5473494715988636, -0.7140755876898766], [1.5473494715988636, -1.5473494715988636], [1.371792047371855, -1.5473494715988636]]]], "centroids": [[1.4888303301704582, -1.2695915084332228, 3.0]], "h": 3.0}, "mtl": {"face": 0}}, {"geom": {"polygons": [[[[1.371792047371855, -1.5473494715988636], [1.5473494715988636, -0.7140755876898766], [1.5473494715988636, -1.5473494715988636], [1.371792047371855, -1.5473494715988636]]]], "centroids": [[1.4888303301704582, -1.2695915084332228, 6.0]], "h": 6.0}, "mtl": {"face": 1}}], "featureCount": 3, "startIndex": 0}