{"type": "block", "layer": 1, "block": 0, "features": [{"geom": {"triangles": {"v": [3.109017248672899, 18.88542561046779, 3.0, -1.0941077513271011, -1.1145743895322084, 3.0, 10.312142248672899, 16.88542561046779, 3.0, 6.249642248672899, -3.1145743895322084, 3.0], "f": [0, 1, 2, 1, 3, 2]}, "centroids": [[4.6370310978381895, 7.985998662188649, 3.0]]}, "mtl": 0}], "featureCount": 1, "startIndex": 0}