{"type": "block", "layer": 0, "block": 0, "features": [{"geom": {"polygons": [[[[-6.982500000012806, -10.605300281196833], [-6.808500000013737, -9.827300280332565], [-4.508504729892593, 1.498931048437953], [-2.293519048456801, 11.228040205314755], [-2.289791123010218, 11.228040205314755], [6.808499999984633, 8.285699719563127], [1.2984971592377406, -11.228040205314755], [-3.3813250527891796, -11.228040205314755], [-6.982500000012806, -10.605300281196833]]]], "centroids": [[-0.34783370181685314, -0.3735095076262951, 6.0]], "h": 6.0}, "mtl": {"face": 0}}, {"geom": {"polygons": [[[[-6.982500000012806, -10.605300281196833], [-6.808500000013737, -9.827300280332565], [-5.70087146316655, -4.372829483821988], [-2.1728778964607045, -5.089252119883895], [-1.5758590330951847, -2.149257481098175], [-5.103852599015227, -1.4328348450362682], [-4.508504729892593, 1.498931048437953], [-2.293519048456801, 11.228040205314755], [-2.289791123010218, 11.228040205314755], [6.808499999984633, 8.285699719563127], [5.641974222991848, 4.154434949159622], [1.734638218098553, 5.257731014862657], [-0.051991033484227955, -1.0958471838384867], [3.8484907577221747, -2.1972078569233418], [1.2984971592377406, -11.228040205314755], [-3.3813250527891796, -11.228040205314755], [-6.982500000012806, -10.605300281196833]]]], "centroids": [[-0.6633197565097362, -0.5021066386252642, 9.0]], "h": 9.0}, "mtl": {"face": 1}}, {"geom": {"polygons": [[[[-6.808500000013737, -9.827300280332565], [-4.508504729892593, 1.498931048437953], [-2.293519048456801, 11.228040205314755], [-2.289791123010218, 11.228040205314755], [6.808499999984633, 8.285699719563127], [1.2984971592377406, -11.228040205314755], [1.2916864972794428, -11.228040205314755], [-6.808500000013737, -9.827300280332565]]]], "centroids": [[-0.2600787130650133, -0.11220217868685722, 3.0]], "h": 3.0}, "mtl": {"face": 2}}], "featureCount": 3, "startIndex": 0}