{"type": "block", "layer": 1, "block": 0, "features": [{"geom": {"triangles": {"v": [-12.853677594277542, 6.385951271280646, 3.0, -14.634927594277542, -0.6140487287193537, 3.0, 4.771322405722458, -5.614048728719354, 3.0, 6.521322405722458, 2.3859512712806463, 3.0], "f": [0, 1, 2, 0, 2, 3]}, "centroids": [[-4.047400973067852, 0.7601757384836674, 3.0]]}, "mtl": 0}], "featureCount": 1, "startIndex": 0}