{"type": "block", "layer": 1, "block": 0, "features": [{"geom": {"triangles": {"v": [-2.7402966982044745, -2.5718135721981525, 3.0, -3.4121716982044745, -6.5718135721981525, 3.0, 16.134703301795525, -10.571813572198153, 3.0, 18.165953301795525, -0.5718135721981525, 3.0, -1.4277966982044745, 3.4281864278018475, 3.0], "f": [0, 1, 2, 0, 2, 3, 4, 0, 3]}, "centroids": [[7.367470599885564, -3.3726716302335262, 3.0]]}, "mtl": 0}], "featureCount": 1, "startIndex": 0}