{"type": "block", "layer": 0, "block": 0, "features": [{"geom": {"polygons": [[[[-3.2611094395979308, -4.417729277163744], [-1.2157831857912242, 5.3469570856541395], [-1.213098591688322, 5.3469570856541395], [3.261109439568827, 4.416928768157959], [1.179194439027924, -5.3469570856541395], [1.176526661904063, -5.3469570856541395], [-3.2611094395979308, -4.417729277163744]]]], "centroids": [[-0.007540602149674669, 0.006173787638545036, 3.0]], "h": 3.0}, "mtl": {"face": 0}}, {"geom": {"polygons": [[[[3.7802198392455466, 1.4492637403309345], [4.328237018518848, 4.195110999047756], [5.346957085130271, 3.983355425298214], [5.346957085130271, 1.1235916316509247], [3.7802198392455466, 1.4492637403309345]]]], "centroids": [[4.690912976191612, 2.58881594799459, 3.0]], "h": 3.0}, "mtl": {"face": 0}}, {"geom": {"polygons": [[[[-3.2611094395979308, -4.417729277163744], [-1.2157831857912242, 5.3469570856541395], [-1.213098591688322, 5.3469570856541395], [3.261109439568827, 4.416928768157959], [1.1791944389406126, -5.3469570856541395], [1.1765266618167516, -5.3469570856541395], [-3.2611094395979308, -4.417729277163744]]]], "centroids": [[-0.00754060220788233, 0.006173787638545036, 6.0]], "h": 6.0}, "mtl": {"face": 1}}, {"geom": {"polygons": [[[[3.7802198392455466, 1.4492637403309345], [4.328237018518848, 4.195110999047756], [5.346957085130271, 3.983355425298214], [5.346957085130271, 1.1235916316509247], [3.7802198392455466, 1.4492637403309345]]]], "centroids": [[4.690912976191612, 2.58881594799459, 6.0]], "h": 6.0}, "mtl": {"face": 1}}], "featureCount": 4, "startIndex": 0}