{"type": "block", "layer": 1, "block": 0, "features": [{"geom": {"triangles": {"v": [-1.2122871853644028, 5.583246354013681, 3.0, -3.259162185364403, -4.416753645986319, 3.0, 16.334587814635597, -8.416753645986319, 3.0, 18.365837814635597, 1.5832463540136814, 3.0], "f": [0, 1, 2, 3, 0, 2]}, "centroids": [[7.559035484388005, -1.5797820053994656, 3.0]]}, "mtl": 0}], "featureCount": 1, "startIndex": 0}