{"type": "block", "layer": 0, "block": 0, "features": [{"geom": {"polygons": [[[[-3.3803523030073848, 3.9547751378268003], [0.9737596216436941, 5.206173347309232], [0.9757080560375471, 5.206173347309232], [3.380352214764571, -3.9446939639747143], [3.380352302978281, -3.944693937897682], [-1.0088361228699796, -5.206173347309232], [-1.0107845572056249, -5.206173347309232], [-2.465487140842015, 0.32969621382653713], [-2.974647648865357, 2.2673060093075037], [-3.3803523030073848, 3.9547751378268003]]]], "centroids": [[-0.015164824726525694, -0.002482866868376732, 3.0]], "h": 3.0}, "mtl": {"face": 0}}, {"geom": {"polygons": [[[[-3.3803523041133303, 3.9547751415520906], [0.9737596191116609, 5.206173347309232], [0.9757081511197612, 5.206173347309232], [3.380352302978281, -3.944693937897682], [-1.008836125372909, -5.206173347309232], [-1.0107844621525146, -5.206173347309232], [-2.465487117966404, 0.32969622127711773], [-2.974647648865357, 2.2673060093075037], [-3.3803523041133303, 3.9547751415520906]]]], "centroids": [[-0.015164767450187355, -0.0024828314781188965, 6.0]], "h": 6.0}, "mtl": {"face": 1}}], "featureCount": 2, "startIndex": 0}