{"type": "block", "layer": 1, "block": 0, "features": [{"geom": {"triangles": {"v": [-5.748397648858372, 13.46330600976944, 3.0, -2.967147648858372, 2.4633060097694397, 3.0, 2.954727351141628, 16.46330600976944, 3.0, 7.642227351141628, -2.5366939902305603, 3.0, 3.376602351141628, -3.5366939902305603, 3.0, -1.0140226488583721, -5.53669399023056, 3.0], "f": [0, 1, 2, 3, 2, 1, 3, 1, 4, 1, 5, 4]}, "centroids": [[0.9241389777162112, 5.469071144238114, 3.0]]}, "mtl": 0}], "featureCount": 1, "startIndex": 0}