{"type": "block", "layer": 1, "block": 0, "features": [{"geom": {"triangles": {"v": [-7.137887534801848, 18.91520114429295, 3.0, -11.122262534801848, -0.08479885570704937, 3.0, 1.3621124651981518, 17.91520114429295, 3.0, -7.028512534801848, 19.91520114429295, 3.0, 2.5496124651981518, -2.0847988557070494, 3.0, 6.315237465198152, 16.91520114429295, 3.0], "f": [0, 1, 2, 3, 0, 2, 2, 1, 4, 5, 2, 4]}, "centroids": [[-2.332351287244819, 8.601185804232955, 3.0]]}, "mtl": 0}], "featureCount": 1, "startIndex": 0}