{"type": "block", "layer": 1, "block": 0, "features": [{"geom": {"triangles": {"v": [3.7661534562066663, 9.69205000065267, 3.0, -6.577596543793334, -2.307949999347329, 3.0, 5.281778456206666, -3.307949999347329, 3.0, 10.766153456206666, 1.6920500006526709, 3.0, 0.0786534562066663, -9.30794999934733, 3.0], "f": [0, 1, 2, 0, 2, 3, 1, 4, 2]}, "centroids": [[2.019106595980702, 0.03516584075987339, 3.0]]}, "mtl": 0}], "featureCount": 1, "startIndex": 0}