{"type": "block", "layer": 1, "block": 0, "features": [{"geom": {"triangles": {"v": [2.6966850575990975, 4.007711132988334, 3.0, -1.5533149424009025, 4.007711132988334, 3.0, -2.6939399424009025, -3.9922888670116663, 3.0, 11.946685057599097, -3.9922888670116663, 3.0, 13.196685057599097, 6.007711132988334, 3.0], "f": [0, 1, 2, 3, 0, 2, 0, 3, 4]}, "centroids": [[5.388767045660643, 0.37881095707416534, 3.0]]}, "mtl": 0}], "featureCount": 1, "startIndex": 0}