{"type": "block", "layer": 1, "block": 0, "features": [{"geom": {"triangles": {"v": [-7.494558253558353, 6.83519302867353, 3.0, -10.885183253558353, -9.16480697132647, 3.0, 10.411691746441647, -13.16480697132647, 3.0, 13.661691746441647, 2.8351930286735296, 3.0], "f": [0, 1, 2, 0, 2, 3]}, "centroids": [[1.4173828750499524, -3.125169638544321, 3.0]]}, "mtl": 0}], "featureCount": 1, "startIndex": 0}