{"type": "block", "layer": 0, "block": 0, "features": [{"geom": {"polygons": [[[[-5.162649019941455, -1.7903451919555664], [-5.162649019941455, -1.7879106663167477], [-3.9081287843291648, 3.8600608985871077], [3.3190648255695123, 2.311379572376609], [2.7035461140039843, -0.5610466804355383], [5.162649019941455, -1.0878703258931637], [5.162649019941455, -1.0903170071542263], [4.55048196655116, -3.8600608967244625], [-5.162649019941455, -1.7903451919555664]]]], "centroids": [[-0.265460621798411, -0.0936402790248394, 3.0]], "h": 3.0}, "mtl": {"face": 0}}, {"geom": {"polygons": [[[[-0.8061967492685653, -5.162649020552635], [-0.30796909736818634, -2.8248012587428093], [4.55048196655116, -3.8600608967244625], [4.262584758020239, -5.162649020552635], [-0.8061967492685653, -5.162649020552635]]]], "centroids": [[1.6898599511478096, -4.227642985060811, 3.0]], "h": 3.0}, "mtl": {"face": 0}}, {"geom": {"polygons": [[[[-5.162649019941455, -5.162649020552635], [-5.162649019941455, -1.7903451919555664], [-0.30796909736818634, -2.8248012587428093], [-0.8061967492685653, -5.162649020552635], [-5.162649019941455, -5.162649020552635]]]], "centroids": [[-2.9874991612450685, -3.6903761122375727, 3.0]], "h": 3.0}, "mtl": {"face": 0}}, {"geom": {"polygons": [[[[-5.162649019941455, -5.162649020552635], [-5.162649019941455, -1.7879106663167477], [-3.9081287843291648, 3.8600608985871077], [3.3190648255695123, 2.311379572376609], [2.7035461140039843, -0.5610466804355383], [5.162649019941455, -1.0878703258931637], [5.162649019941455, -1.0903170071542263], [4.262584757845616, -5.162649020552635], [-5.162649019941455, -5.162649020552635]]]], "centroids": [[-0.5148067719128449, -1.2790138348937035, 6.0]], "h": 6.0}, "mtl": {"face": 1}}], "featureCount": 4, "startIndex": 0}