{"type": "block", "layer": 1, "block": 0, "features": [{"geom": {"triangles": {"v": [-4.090529586712364, 6.422596152871847, 3.0, -6.293654586712364, -7.577403847128153, 3.0, 3.596970413287636, -9.577403847128153, 3.0, 5.862595413287636, 5.422596152871847, 3.0], "f": [0, 1, 2, 0, 2, 3]}, "centroids": [[-0.22178079112200066, -1.3839904963970184, 3.0]]}, "mtl": 0}], "featureCount": 1, "startIndex": 0}