{"type": "block", "layer": 1, "block": 0, "features": [{"geom": {"triangles": {"v": [-15.440116361365654, -15.603764686733484, 3.0, -20.346366361365654, -20.603764686733484, 3.0, -14.252616361365654, -25.603764686733484, 3.0, -12.549491361365654, -26.603764686733484, 3.0, -0.9088663613656536, -14.603764686733484, 3.0, -4.236991361365654, -10.603764686733484, 3.0, -7.783866361365654, -7.603764686733484, 3.0, -3.8619913613656536, -2.6037646867334843, 3.0, -1.9557413613656536, -0.6037646867334843, 3.0, 2.6536336386343464, 2.3962353132665157, 3.0, 1.3255086386343464, 3.3962353132665157, 3.0], "f": [0, 1, 2, 0, 2, 3, 4, 0, 3, 5, 0, 4, 6, 0, 5, 6, 5, 7, 8, 7, 5, 5, 9, 8, 10, 8, 9]}, "centroids": [[-8.74591072340263, -14.394363658502698, 3.0]]}, "mtl": 0}], "featureCount": 1, "startIndex": 0}