{"type": "block", "layer": 0, "block": 0, "features": [{"geom": {"polygons": [[[[-4.983336737524951, -8.064190484583378], [-2.536539631924825, 6.068349247798324], [0.20185028851847164, 5.664338670670986], [0.8025016786996275, 9.07839678041637], [0.8088153630378656, 9.07839678041637], [4.983336737495847, 8.462505385279655], [1.897282859805273, -9.07839678041637], [1.890969162544934, -9.07839678041637], [-4.983336737524951, -8.064190484583378]]]], "centroids": [[0.06178459609509446, -0.4062224458903074, 3.0]], "h": 3.0}, "mtl": {"face": 0}}, {"geom": {"polygons": [[[[-4.983336737524951, -8.064190484583378], [-2.536539631924825, 6.068349247798324], [0.20185028851847164, 5.664338670670986], [0.8025016786996275, 9.07839678041637], [0.8088153630378656, 9.07839678041637], [4.983336737495847, 8.462505385279655], [1.897282859805273, -9.07839678041637], [1.890969162544934, -9.07839678041637], [-4.983336737524951, -8.064190484583378]]]], "centroids": [[0.06178459609509446, -0.4062224458903074, 6.0]], "h": 6.0}, "mtl": {"face": 1}}], "featureCount": 2, "startIndex": 0}