{"type": "block", "layer": 0, "block": 0, "features": [{"geom": {"polygons": [[[[-6.847363812470576, 0.09074310958385468], [-1.9996568724454846, 7.145839087665081], [-1.9981820354878437, 7.145839087665081], [6.847363812441472, 0.7201017942279577], [6.395605940633686, 0.04524456337094307], [3.2134161308640614, -1.383966002613306], [1.8680992106965277, -3.501359423622489], [4.406084280984942, -5.381573157384992], [3.1116188319574576, -7.145839087665081], [3.1101111188763753, -7.145839087665081], [-6.847363812470576, 0.09074310958385468]]]], "centroids": [[-0.19420323023223318, 0.4052381832152605, 6.0]], "h": 6.0}, "mtl": {"face": 0}}, {"geom": {"polygons": [[[[-6.847363812470576, 0.09074310958385468], [-1.9996568724454846, 7.145839087665081], [-1.9981820354878437, 7.145839087665081], [6.847363812441472, 0.7201017942279577], [6.395605940633686, 0.04524456337094307], [3.2134161308640614, -1.383966002613306], [1.8680992106965277, -3.501359423622489], [4.406084280984942, -5.381573157384992], [3.1116188319574576, -7.145839087665081], [3.1101111188763753, -7.145839087665081], [-6.847363812470576, 0.09074310958385468]]]], "centroids": [[-0.19420323023223318, 0.4052381832152605, 9.0]], "h": 9.0}, "mtl": {"face": 1}}, {"geom": {"polygons": [[[[-6.847363812470576, 0.09074310958385468], [-1.9996568724454846, 7.145839087665081], [-1.9981820354878437, 7.145839087665081], [6.847363812441472, 0.7201017942279577], [6.395605940633686, 0.04524456337094307], [3.2134161308640614, -1.383966002613306], [1.8680992106965277, -3.501359423622489], [4.406084280984942, -5.381573157384992], [3.1116188319574576, -7.145839087665081], [3.1101111188763753, -7.145839087665081], [-6.847363812470576, 0.09074310958385468]]]], "centroids": [[-0.19420323023223318, 0.4052381832152605, 3.0]], "h": 3.0}, "mtl": {"face": 2}}], "featureCount": 3, "startIndex": 0}