{"type": "block", "layer": 1, "block": 0, "features": [{"geom": {"triangles": {"v": [-5.020575454516802, 9.383034342899919, 3.0, -9.676825454516802, 2.3830343428999186, 3.0, 23.932549545483198, -11.616965657100081, 3.0, 19.401299545483198, -18.61696565710008, 3.0], "f": [0, 1, 2, 1, 3, 2]}, "centroids": [[7.15861151527497, -4.800566492602229, 3.0]]}, "mtl": 0}], "featureCount": 1, "startIndex": 0}