{"type": "block", "layer": 0, "block": 0, "features": [{"geom": {"polygons": [[[[-3.273605212714756, -1.7323415894061327], [-3.273605212714756, -1.724609699100256], [-3.0858074336720165, 2.680089982226491], [3.273605212714756, 1.7982814889401197], [3.273605212714756, 1.7961409240961075], [2.5741453506343532, -2.680089982226491], [-3.273605212714756, -1.7323415894061327]]]], "centroids": [[-0.10881913936464116, 0.044277919456362724, 6.0]], "h": 6.0}, "mtl": {"face": 0}}, {"geom": {"polygons": [[[[-3.273605212714756, -1.7323415894061327], [-3.273605212714756, -1.724609699100256], [-3.0858074336720165, 2.680089982226491], [3.273605212714756, 1.7982814889401197], [3.273605212714756, 1.7961409240961075], [2.5741453506343532, -2.680089982226491], [-3.273605212714756, -1.7323415894061327]]]], "centroids": [[-0.10881913936464116, 0.044277919456362724, 3.0]], "h": 3.0}, "mtl": {"face": 1}}, {"geom": {"polygons": [[[[2.4814021276833955, -3.2736052125692368], [3.273605212714756, 1.7961409240961075], [3.273605212714756, -3.2736052125692368], [2.4814021276833955, -3.2736052125692368]]]], "centroids": [[3.0095375177043024, -1.583689833059907, 3.0]], "h": 3.0}, "mtl": {"face": 1}}], "featureCount": 3, "startIndex": 0}