{"type": "block", "layer": 1, "block": 0, "features": [{"geom": {"triangles": {"v": [-11.646002296474762, 4.213699217885733, 3.0, -12.802252296474762, -4.786300782114267, 3.0, -8.114752296474762, -4.786300782114267, 3.0, 12.166497703525238, 0.21369921788573265, 3.0, 10.760247703525238, -8.786300782114267, 3.0], "f": [0, 1, 2, 0, 2, 3, 2, 4, 3]}, "centroids": [[-0.1712576002755668, -2.0631688721477985, 3.0]]}, "mtl": 0}], "featureCount": 1, "startIndex": 0}