{"type": "block", "layer": 1, "block": 0, "features": [{"geom": {"triangles": {"v": [-14.29557912380551, 7.011193118989468, 3.0, -16.12370412380551, -0.9888068810105324, 3.0, 5.11067087619449, 3.0111931189894676, 3.0, 3.40754587619449, -4.988806881010532, 3.0], "f": [0, 1, 2, 1, 3, 2]}, "centroids": [[-5.540794330852805, 1.1725767590105534, 3.0]]}, "mtl": 0}], "featureCount": 1, "startIndex": 0}