{"type": "block", "layer": 1, "block": 0, "features": [{"geom": {"triangles": {"v": [-3.76612856486463, 6.108888551592827, 3.0, -7.90675356486463, -13.891111448407173, 3.0, 1.9682464351353701, -15.891111448407173, 3.0, 6.03074643513537, 4.108888551592827, 3.0], "f": [0, 1, 2, 3, 0, 2]}, "centroids": [[-0.9155353490787093, -4.679580857977271, 3.0]]}, "mtl": 0}], "featureCount": 1, "startIndex": 0}