{"type": "block", "layer": 0, "block": 0, "features": [{"geom": {"polygons": [[[[-4.895056771783857, -2.5966175012290478], [-4.895056771783857, -2.5945422928780317], [-3.2966688737797085, 3.9243039265275], [4.895056771783857, 3.1598273403942585], [4.895056771783857, 3.155841527506709], [4.399790559167741, -0.8302545361220837], [4.154649794480065, -2.9014285318553448], [3.4782813481870107, -3.241049889475107], [3.3727853541786317, -3.9243039265275], [-4.895056771783857, -2.5966175012290478]]]], "centroids": [[0.19186622902634554, 0.08778072334825993, 3.0]], "h": 3.0}, "mtl": {"face": 0}}, {"geom": {"polygons": [[[[-4.895056771783857, -2.5966175012290478], [-4.895056771783857, -2.5945422928780317], [-3.2966688737797085, 3.9243039265275], [4.895056771783857, 3.1598273403942585], [4.895056771783857, -0.8294823653995991], [4.8771823401912116, -0.8354182969778776], [4.741398190730251, -0.8557725790888071], [4.604133398941485, -0.8526088837534189], [4.399790559167741, -0.8302545361220837], [4.154649794480065, -2.9014285318553448], [3.4782813481870107, -3.241049889475107], [3.3727853541786317, -3.9243039265275], [-4.895056771783857, -2.5966175012290478]]]], "centroids": [[0.2666412223770749, 0.09437747858464718, 6.0]], "h": 6.0}, "mtl": {"face": 1}}, {"geom": {"polygons": [[[[-4.895056771783857, -2.5966175012290478], [-4.895056771783857, -2.5945422928780317], [-3.2966688737797085, 3.9243039265275], [4.895056771783857, 3.1598273403942585], [4.895056771783857, -0.8294823653995991], [4.8771823401912116, -0.8354182969778776], [4.741398190730251, -0.8557725790888071], [4.604133398941485, -0.8526088837534189], [4.399790559167741, -0.8302545361220837], [4.154649794480065, -2.9014285318553448], [3.4782813481870107, -3.241049889475107], [3.3727853541786317, -3.9243039265275], [-4.895056771783857, -2.5966175012290478]]]], "centroids": [[0.2666412223770749, 0.09437747858464718, 9.0]], "h": 9.0}, "mtl": {"face": 2}}], "featureCount": 3, "startIndex": 0}