{"type": "block", "layer": 1, "block": 0, "features": [{"geom": {"triangles": {"v": [15.054450736643048, 0.521358996629715, 3.0, -4.523674263356952, 4.521358996629715, 3.0, -6.179924263356952, -2.478641003370285, 3.0, 13.366950736643048, -7.478641003370285, 3.0], "f": [0, 1, 2, 0, 2, 3]}, "centroids": [[4.417466802726267, -1.1820824220776558, 3.0]]}, "mtl": 0}], "featureCount": 1, "startIndex": 0}