{"type": "block", "layer": 0, "block": 0, "features": [{"geom": {"polygons": [[[[-6.875107836996904, -1.0768123026937246], [-6.875107836996904, -1.073146928101778], [-5.9527909167227335, 3.655970934778452], [6.875107836996904, 1.1530062928795815], [6.875107836996904, 1.1497603598982096], [6.446315918699838, -0.7908221073448658], [5.804493960778927, -3.655970934778452], [-6.875107836996904, -1.0768123026937246]]]], "centroids": [[-0.012773159600328654, 0.018355177715420723, 3.0]], "h": 3.0}, "mtl": {"face": 0}}], "featureCount": 1, "startIndex": 0}