{"type": "block", "layer": 1, "block": 0, "features": [{"geom": {"triangles": {"v": [-2.5090076184715144, 21.269359730184078, 3.0, -6.868382618471514, -0.7306402698159218, 3.0, 0.44411738152848557, 20.269359730184078, 3.0, 6.444117381528486, -0.7306402698159218, 3.0, 7.490992381528486, 19.269359730184078, 3.0, 10.756617381528486, 18.269359730184078, 3.0, 5.803492381528486, -3.730640269815922, 3.0], "f": [0, 1, 2, 3, 2, 1, 2, 3, 4, 4, 3, 5, 3, 1, 6]}, "centroids": [[1.818322036328027, 8.906251326203346, 3.0]]}, "mtl": 0}], "featureCount": 1, "startIndex": 0}