{"type": "block", "layer": 0, "block": 0, "features": [{"geom": {"polygons": [[[[-3.564537049474893, -3.2185178585350513], [-1.7739039463340305, 4.391193188726902], [-1.771661741018761, 4.391193188726902], [3.564537049503997, 3.2955415826290846], [1.757811974530341, -4.391193188726902], [1.7557163331075571, -4.391193188726902], [-3.564537049474893, -3.2185178585350513]]]], "centroids": [[0.0003721728571690619, 0.018078560009598732, 3.0]], "h": 3.0}, "mtl": {"face": 0}}, {"geom": {"polygons": [[[[3.9013106148631778, -4.391193188726902], [4.39119318878511, -2.086408132687211], [4.39119318878511, -4.391193188726902], [3.9013106148631778, -4.391193188726902]]]], "centroids": [[4.2278989974875, -3.6229315027594566, 3.0]], "h": 3.0}, "mtl": {"face": 0}}, {"geom": {"polygons": [[[[-3.564537049503997, -3.2185178585350513], [-1.7739039463340305, 4.391193188726902], [-1.771661741018761, 4.391193188726902], [3.564537049503997, 3.2955415826290846], [1.757811974530341, -4.391193188726902], [1.7557163331075571, -4.391193188726902], [-3.564537049503997, -3.2185178585350513]]]], "centroids": [[0.000372172798961401, 0.018078560009598732, 6.0]], "h": 6.0}, "mtl": {"face": 1}}], "featureCount": 3, "startIndex": 0}