{"type": "block", "layer": 1, "block": 0, "features": [{"geom": {"triangles": {"v": [-1.7728005921817385, 3.997632347047329, 3.0, -3.5696755921817385, -3.002367652952671, 3.0, 16.05532440781826, -8.002367652952671, 3.0, 17.83657440781826, -0.002367652952671051, 3.0], "f": [0, 1, 2, 0, 2, 3]}, "centroids": [[7.19810446552583, -1.5167776066809893, 3.0]]}, "mtl": 0}], "featureCount": 1, "startIndex": 0}