{"type": "block", "layer": 0, "block": 0, "features": [{"geom": {"polygons": [[[[-5.936906249989988, -2.8471262603998184], [-5.936906249989988, -2.844439761713147], [-4.1265000000130385, 4.96199999935925], [5.936906249989988, 2.773129142820835], [5.936906249989988, 2.77061915025115], [4.008499999996275, -4.962000001221895], [-5.936906249989988, -2.8471262603998184]]]], "centroids": [[-0.03244786761933938, -0.009074697270989418, 3.0]], "h": 3.0}, "mtl": {"face": 0}}, {"geom": {"polygons": [[[[-5.936906249989988, -2.8471262603998184], [-5.936906249989988, 0.47491593286395073], [-5.542171554930974, 2.1770588271319866], [-5.152494288195157, 2.086691465228796], [-5.379420550569193, 2.878860492259264], [-4.859364523348631, 5.121403858065605], [-4.652303162118187, 5.46364002302289], [-4.3239978680503555, 5.692147422581911], [-3.9256609229487367, 5.767334504052997], [-0.21613272256217897, 4.9491632748395205], [-0.3072565641487017, 4.565849786624312], [0.8602077746181749, 4.288312369957566], [0.9556426749331877, 4.690717222169042], [5.936906249989988, 3.5921789407730103], [5.936906249989988, 2.77061915025115], [4.008499999996275, -4.962000001221895], [-5.936906249989988, -2.8471262603998184]]]], "centroids": [[-0.2235761741467286, 0.45898794010281563, 6.0]], "h": 6.0}, "mtl": {"face": 1}}, {"geom": {"polygons": [[[[-5.936906249989988, -2.8471262603998184], [-5.936906249989988, 0.47491593286395073], [-5.542171554930974, 2.1770588271319866], [-5.152494288195157, 2.086691465228796], [-5.379420550569193, 2.878860492259264], [-4.859364523348631, 5.121403858065605], [-4.652303161361488, 5.463640024885535], [-4.323997863946715, 5.692147424444556], [-3.9256609229487367, 5.767334504052997], [-0.21613272256217897, 4.9491632748395205], [-0.3072565641487017, 4.565849786624312], [0.8602077746181749, 4.288312369957566], [0.9556426749331877, 4.690717222169042], [5.936906249989988, 3.5921789407730103], [5.936906249989988, 2.77061915025115], [4.008499999996275, -4.962000001221895], [-5.936906249989988, -2.8471262603998184]]]], "centroids": [[-0.2235761741467286, 0.45898794010281563, 9.0]], "h": 9.0}, "mtl": {"face": 2}}, {"geom": {"polygons": [[[[-5.936906249989988, -2.8471262603998184], [-5.936906249989988, 1.29281191714108], [-5.04699012695346, 5.197650495916605], [-4.801428059989121, 5.603521583601832], [-4.403135544649558, 5.880741558969021], [-4.105578161281301, 5.936906250193715], [-3.7659012897347566, 5.936906250193715], [5.936906249989988, 3.796944847330451], [5.936906249989988, 2.770619148388505], [4.008499999996275, -4.962000001221895], [-5.936906249989988, -2.8471262603998184]]]], "centroids": [[-0.2590072391903959, 0.6066542714834213, 12.0]], "h": 12.0}, "mtl": {"face": 3}}, {"geom": {"polygons": [[[[-0.6670936868176796, -3.9677429478615522], [1.1991918322455604, 4.8417683113366365], [5.936906249989988, 3.7969409376382828], [5.936906249989988, 2.77061915025115], [4.008499999996275, -4.962000001221895], [-0.6670936868176796, -3.9677429478615522]]]], "centroids": [[2.679911494225962, -0.04822304658591747, 15.0]], "h": 15.0}, "mtl": {"face": 4}}], "featureCount": 5, "startIndex": 0}