{"type": "block", "layer": 1, "block": 0, "features": [{"geom": {"triangles": {"v": [-4.134125000011409, 4.535999998450279, 3.0, -5.931000000011409, -2.4640000015497208, 3.0, 4.006499999988591, -4.464000001549721, 3.0, 5.943999999988591, 2.5359999984502792, 3.0, 13.912749999988591, -7.464000001549721, 3.0, 15.725249999988591, 0.5359999984502792, 3.0], "f": [0, 1, 2, 0, 2, 3, 3, 2, 4, 3, 4, 5]}, "centroids": [[4.879563418275211, -1.0785823427140713, 3.0]]}, "mtl": 0}], "featureCount": 1, "startIndex": 0}