{"type": "block", "layer": 1, "block": 0, "features": [{"geom": {"triangles": {"v": [-3.7921614802617114, 7.853160139173269, 3.0, -8.714036480261711, 3.8531601391732693, 3.0, -2.2452864802617114, -4.146839860826731, 3.0, -1.6046614802617114, 8.85316013917327, 3.0, 11.660963519738289, 6.853160139173269, 3.0, 5.504713519738289, 14.85316013917327, 3.0], "f": [0, 1, 2, 2, 3, 0, 4, 3, 2, 5, 3, 4]}, "centroids": [[1.5036774839682039, 5.309261424466968, 3.0]]}, "mtl": 0}], "featureCount": 1, "startIndex": 0}