{"type": "block", "layer": 1, "block": 0, "features": [{"geom": {"triangles": {"v": [-13.780254480545409, 6.937738470733166, 3.0, -15.405254480545409, -0.06226152926683426, 3.0, -5.155254480545409, -3.0622615292668343, 3.0, 5.907245519454591, 2.9377384707331657, 3.0, 4.141620519454591, -5.062261529266834, 3.0], "f": [0, 1, 2, 0, 2, 3, 2, 4, 3]}, "centroids": [[-4.771201712952461, 1.192710068076849, 3.0]]}, "mtl": 0}], "featureCount": 1, "startIndex": 0}