{"type": "block", "layer": 1, "block": 0, "features": [{"geom": {"triangles": {"v": [-3.8418274247669615, 5.646999999880791, 3.0, -5.8574524247669615, 1.6469999998807907, 3.0, -2.1543274247669615, -1.3530000001192093, 3.0, 4.2987975752330385, -0.3530000001192093, 3.0, 5.8612975752330385, 2.6469999998807907, 3.0, 1.3144225752330385, -5.353000000119209, 3.0], "f": [0, 1, 2, 0, 2, 3, 0, 3, 4, 2, 5, 3]}, "centroids": [[-0.01159861873020418, 0.806741327047348, 3.0]]}, "mtl": 0}], "featureCount": 1, "startIndex": 0}