{"type": "block", "layer": 1, "block": 0, "features": [{"geom": {"triangles": {"v": [-1.761656622751616, 9.100499998778105, 3.0, -7.589781622751616, -5.899500001221895, 3.0, 2.019593377248384, -8.899500001221895, 3.0, 7.582093377248384, 5.100499998778105, 3.0], "f": [0, 1, 2, 0, 2, 3]}, "centroids": [[0.025661258317995816, -0.15538556315004826, 3.0]]}, "mtl": 0}], "featureCount": 1, "startIndex": 0}