{"type": "block", "layer": 0, "block": 0, "features": [{"geom": {"polygons": [[[[-7.401438757107826, 6.522439137101173], [1.8693803494388703, 7.743127271533012], [1.8753404195595067, 7.743127271533012], [2.4641099875734653, 1.9545757174491882], [6.364584581169765, 2.5028363652527332], [7.401438757107826, -6.5573643781244755], [-0.185391553590307, -7.743127271533012], [-0.19146436851588078, -7.743127271533012], [-2.5377387570915744, -6.118060862645507], [-7.401438757107826, 6.522439137101173]]]], "centroids": [[0.37280922062927857, -0.16469227708876133, 3.0]], "h": 3.0}, "mtl": {"face": 0}}, {"geom": {"polygons": [[[[-7.74312727234792, 5.14430021122098], [-7.74312727234792, 5.523124195635319], [-7.607123717578361, 5.593462618067861], [-7.74312727234792, 5.947473334148526], [-7.74312727234792, 6.477449037134647], [1.8693803494097665, 7.743127271533012], [1.8753404195595067, 7.743127271533012], [2.4641099875734653, 1.9545757174491882], [6.364584581169765, 2.5028363652527332], [7.484824777377071, -7.286005010828376], [3.6752009377232753, -7.743127271533012], [-2.319533527333988, -7.743127271533012], [-3.029060362605378, -7.107311258092523], [-7.74312727234792, 5.14430021122098]]]], "centroids": [[0.05675612128106877, -0.4306034352630377, 6.0]], "h": 6.0}, "mtl": {"face": 1}}, {"geom": {"polygons": [[[[-7.74312727234792, 5.14430021122098], [-7.74312727234792, 5.523124195635319], [-7.607123717578361, 5.593462618067861], [-7.74312727234792, 5.947473334148526], [-7.74312727234792, 6.477449037134647], [1.8693803494097665, 7.743127271533012], [1.8753404195595067, 7.743127271533012], [2.4641099875734653, 1.9545757174491882], [6.364584581169765, 2.5028363652527332], [7.484824777377071, -7.286005010828376], [3.6752009377232753, -7.743127271533012], [-2.319533527333988, -7.743127271533012], [-3.029060362605378, -7.107311258092523], [-7.74312727234792, 5.14430021122098]]]], "centroids": [[0.05675612128106877, -0.4306034352630377, 9.0]], "h": 9.0}, "mtl": {"face": 2}}, {"geom": {"polygons": [[[[-7.74312727234792, 5.14430021122098], [-7.74312727234792, 5.523124195635319], [-7.607123717578361, 5.593462618067861], [-7.74312727234792, 5.947473334148526], [-7.74312727234792, 6.477449037134647], [1.8693803494097665, 7.743127271533012], [1.8753404195595067, 7.743127271533012], [2.4641099875734653, 1.9545757174491882], [6.364584581169765, 2.5028363652527332], [7.484824777377071, -7.286005010828376], [3.6752009377232753, -7.743127271533012], [-2.319533527333988, -7.743127271533012], [-3.029060362605378, -7.107311258092523], [-7.74312727234792, 5.14430021122098]]]], "centroids": [[0.05675612128106877, -0.4306034352630377, 12.0]], "h": 12.0}, "mtl": {"face": 3}}, {"geom": {"polygons": [[[[-7.74312727234792, 5.14430021122098], [-7.74312727234792, 5.523124195635319], [-7.607123717578361, 5.593462618067861], [-7.74312727234792, 5.947473334148526], [-7.74312727234792, 6.477449037134647], [1.8693803494097665, 7.743127271533012], [1.8753404195595067, 7.743127271533012], [2.4641099875734653, 1.9545757174491882], [6.364584581169765, 2.5028363652527332], [7.484824777377071, -7.286005010828376], [3.6752009377232753, -7.743127271533012], [-2.319533527333988, -7.743127271533012], [-3.029060362605378, -7.107311258092523], [-7.74312727234792, 5.14430021122098]]]], "centroids": [[0.05675612128106877, -0.4306034352630377, 15.0]], "h": 15.0}, "mtl": {"face": 4}}, {"geom": {"polygons": [[[[-2.4721605052181985, 7.171476876363158], [1.8693803494388703, 7.743127271533012], [1.8753404195595067, 7.743127271533012], [2.4641099875734653, 1.9545757174491882], [6.364584581169765, 2.5028363652527332], [6.99829913888243, -3.0346647035330534], [-1.3634564547101036, -3.909738825634122], [-2.4721605052181985, 7.171476876363158]]]], "centroids": [[1.6376198383513838, 1.146735493093729, 18.0]], "h": 18.0}, "mtl": {"face": 5}}], "featureCount": 6, "startIndex": 0}