{"type": "block", "layer": 0, "block": 0, "features": [{"geom": {"polygons": [[[[-4.085358336684294, -1.8734630104154348], [-4.085358336684294, -1.8688154201954603], [-3.792730361165013, 1.4323824550956488], [-3.6896821045666, 2.594891559332609], [4.085358336684294, 1.8032922185957432], [4.085358336684294, 1.7995526641607285], [3.599829194834456, -2.594891559332609], [-4.085358336684294, -1.8734630104154348]]]], "centroids": [[-0.030840745544992387, -0.012096012011170387, 3.0]], "h": 3.0}, "mtl": {"face": 0}}, {"geom": {"polygons": [[[[-4.085358336684294, -1.8734630104154348], [-4.085358336684294, -1.8688154220581055], [-3.792730361165013, 1.4323824550956488], [-3.6896821045666, 2.594891559332609], [-3.6280652340501547, 3.290004463866353], [0.2405869453214109, 2.8908886834979057], [-0.2139538481424097, -2.236881822347641], [-4.085358336684294, -1.8734630104154348]]]], "centroids": [[-1.924034695053706, 0.5178669691085815, 6.0]], "h": 6.0}, "mtl": {"face": 1}}], "featureCount": 2, "startIndex": 0}