{"type": "block", "layer": 0, "block": 0, "features": [{"geom": {"polygons": [[[[-4.621624506398803, -1.305642906576395], [-4.621624506398803, -1.2950312327593565], [-4.442811191256624, 2.7805868703871965], [4.621624506398803, 1.3204875811934471], [4.621624506398803, 1.3151536472141743], [4.2616867152100895, -2.7805868685245514], [-4.621624506398803, -1.305642906576395]]]], "centroids": [[-0.03679734919569455, 0.009172115474939346, 3.0]], "h": 3.0}, "mtl": {"face": 0}}, {"geom": {"polygons": [[[[-4.621624506398803, -4.621624507009983], [-4.621624506398803, -2.4897244349122047], [-1.6983060705242679, -2.9060112964361906], [-1.8044702469778713, -4.621624507009983], [-4.621624506398803, -4.621624507009983]]]], "centroids": [[-3.237024890811881, -3.649511469528079, 3.0]], "h": 3.0}, "mtl": {"face": 0}}, {"geom": {"polygons": [[[[-4.621624506398803, -1.305642906576395], [-4.621624506398803, -1.2950312327593565], [-4.442811191256624, 2.7805868703871965], [4.621624506398803, 1.3204875811934471], [4.621624506398803, 1.3151536472141743], [4.2616867152100895, -2.7805868685245514], [-4.621624506398803, -1.305642906576395]]]], "centroids": [[-0.03679734919569455, 0.009172115474939346, 6.0]], "h": 6.0}, "mtl": {"face": 1}}, {"geom": {"polygons": [[[[-4.621624506398803, -4.621624507009983], [-4.621624506398803, -2.4897244349122047], [-1.6983060705242679, -2.9060112964361906], [-1.8044702469778713, -4.621624507009983], [-4.621624506398803, -4.621624507009983]]]], "centroids": [[-3.237024890811881, -3.649511469528079, 6.0]], "h": 6.0}, "mtl": {"face": 1}}], "featureCount": 4, "startIndex": 0}