{"type": "block", "layer": 1, "block": 0, "features": [{"geom": {"triangles": {"v": [-5.230138284794521, -15.850586868822575, 3.0, 3.7542367152054794, -7.850586868822575, 3.0, -4.698888284794521, -2.8505868688225746, 3.0, 1.3167367152054794, -15.850586868822575, 3.0, 2.8792367152054794, -14.850586868822575, 3.0, 4.254236715205479, -2.8505868688225746, 3.0, 3.9573617152054794, 2.1494131311774254, 3.0, -4.230138284794521, 8.149413131177425, 3.0, 4.629236715205479, 1.1494131311774254, 3.0], "f": [0, 1, 2, 3, 1, 0, 4, 1, 3, 2, 1, 5, 6, 2, 5, 7, 2, 6, 6, 5, 8]}, "centroids": [[-0.6956223341403529, -5.388602152466774, 3.0]]}, "mtl": 0}], "featureCount": 1, "startIndex": 0}