{"type": "block", "layer": 0, "block": 0, "features": [{"geom": {"polygons": [[[[-5.782566555048106, -8.79939864948392], [-5.6532499997993, -8.213499998673797], [-1.701563905866351, 9.690530851483345], [0.2699222579249181, 9.690530851483345], [5.790758805786027, 7.931530246511102], [5.653249999770196, 7.347500000149012], [1.6416781840962358, -9.690530851483345], [-1.3837435057212133, -9.690530851483345], [-5.782566555048106, -8.79939864948392]]]], "centroids": [[-0.02859291061758995, -0.13512450084090233, 6.0]], "h": 6.0}, "mtl": {"face": 0}}, {"geom": {"polygons": [[[[-5.6532499997993, -8.213499998673797], [-1.701563905866351, 9.690530851483345], [-1.698309170664288, 9.690530851483345], [5.653249999770196, 7.347500000149012], [1.6416781840962358, -9.690530851483345], [1.6366667436959688, -9.690530851483345], [-5.6532499997993, -8.213499998673797]]]], "centroids": [[-0.03201532084494829, -0.160915682092309, 3.0]], "h": 3.0}, "mtl": {"face": 1}}], "featureCount": 2, "startIndex": 0}