{"type": "block", "layer": 1, "block": 0, "features": [{"geom": {"triangles": {"v": [5.649774999765214, 7.040500000119209, 3.0, -1.6939750002347864, 10.04050000011921, 3.0, -5.647100000234786, -7.959499999880791, 3.0, 1.6341499997652136, -9.95949999988079, 3.0], "f": [0, 1, 2, 0, 2, 3]}, "centroids": [[-0.03203106389264576, -0.16094802133738995, 3.0]]}, "mtl": 0}], "featureCount": 1, "startIndex": 0}