{"type": "block", "layer": 1, "block": 0, "features": [{"geom": {"triangles": {"v": [-14.073319298011484, 9.071443166583776, 3.0, -16.167069298011484, -0.9285568334162235, 3.0, 5.520430701988516, 4.0714431665837765, 3.0, 3.4735557019885164, -4.9285568334162235, 3.0], "f": [0, 1, 2, 1, 3, 2]}, "centroids": [[-5.314170644967817, 1.714812120422721, 3.0]]}, "mtl": 0}], "featureCount": 1, "startIndex": 0}