{"type": "block", "layer": 0, "block": 0, "features": [{"geom": {"polygons": [[[[-3.4163894723169506, -3.799327252432704], [-1.5379052908101585, 4.978543445467949], [-1.5354366968385875, 4.978543445467949], [3.4163894722878467, 3.9347292445600033], [1.5056499495985918, -4.978543445467949], [1.5034658899530768, -4.978543445467949], [-3.4163894723169506, -3.799327252432704]]]], "centroids": [[-0.0016334126994479448, 0.03288818523287773, 3.0]], "h": 3.0}, "mtl": {"face": 0}}, {"geom": {"polygons": [[[[-3.6687444047420286, -4.978543445467949], [-3.416389472549781, -3.799327252432704], [1.5034658899530768, -4.978543445467949], [-3.6687444047420286, -4.978543445467949]]]], "centroids": [[-1.8605559957504738, -4.5854713805019855, 3.0]], "h": 3.0}, "mtl": {"face": 0}}, {"geom": {"polygons": [[[[-3.4163894723169506, -3.799327252432704], [-1.5379052908101585, 4.978543445467949], [-1.5354366968385875, 4.978543445467949], [3.4163894722878467, 3.9347292445600033], [1.5056499495985918, -4.978543445467949], [1.5034658899530768, -4.978543445467949], [-3.4163894723169506, -3.799327252432704]]]], "centroids": [[-0.0016334126994479448, 0.03288818523287773, 6.0]], "h": 6.0}, "mtl": {"face": 1}}], "featureCount": 3, "startIndex": 0}