{"type": "block", "layer": 1, "block": 0, "features": [{"geom": {"triangles": {"v": [-1.5323987383162603, 5.323041349649429, 3.0, -4.73552373831626, -9.67695865035057, 3.0, 2.7488512616837397, -11.67695865035057, 3.0, 9.42072626168374, -12.67695865035057, 3.0, 21.37385126168374, 0.3230413496494293, 3.0, 22.68635126168374, -2.6769586503505707, 3.0, 20.65510126168374, -15.67695865035057, 3.0], "f": [0, 1, 2, 0, 2, 3, 0, 3, 4, 4, 3, 5, 3, 6, 5]}, "centroids": [[9.30447579745669, -5.272938463836908, 3.0]]}, "mtl": 0}], "featureCount": 1, "startIndex": 0}