{"type": "block", "layer": 0, "block": 0, "features": [{"geom": {"polygons": [[[[-5.771365980937844, -2.959552926942706], [0.8800944534305017, 6.470004256814718], [0.88146004252485, 6.470004256814718], [5.7713659808796365, 2.9897775538265705], [-0.6665533246996347, -6.470004256814718], [-0.6679343792784493, -6.470004256814718], [-5.771365980937844, -2.959552926942706]]]], "centroids": [[0.03261306762578897, -0.014843601733446121, 6.0]], "h": 6.0}, "mtl": {"face": 0}}, {"geom": {"polygons": [[[[0.8814600421173964, 6.470004256814718], [3.5242371184867807, 6.470004256814718], [6.470004255970707, 4.368237942457199], [6.470004255970707, 4.01634612865746], [5.771365981025156, 2.9897775538265705], [0.8814600421173964, 6.470004256814718]]]], "centroids": [[4.12698106066091, 5.026280781254172, 3.0]], "h": 3.0}, "mtl": {"face": 1}}, {"geom": {"polygons": [[[[0.8814600421173964, 6.470004256814718], [3.5242371184867807, 6.470004256814718], [6.470004255970707, 4.368237942457199], [6.470004255970707, 4.01634612865746], [5.771365981025156, 2.9897775538265705], [0.8814600421173964, 6.470004256814718]]]], "centroids": [[4.12698106066091, 5.026280781254172, 6.0]], "h": 6.0}, "mtl": {"face": 0}}, {"geom": {"polygons": [[[[-5.771365980937844, -2.959552926942706], [0.8800944533431903, 6.470004256814718], [0.8814600424375385, 6.470004256814718], [5.771365980937844, 2.9897775538265705], [-0.6665533246996347, -6.470004256814718], [-0.6679343792784493, -6.470004256814718], [-5.771365980937844, -2.959552926942706]]]], "centroids": [[0.03261306771310046, -0.014843601733446121, 3.0]], "h": 3.0}, "mtl": {"face": 1}}], "featureCount": 4, "startIndex": 0}