{"type": "block", "layer": 1, "block": 0, "features": [{"geom": {"triangles": {"v": [3.8518992912431713, 10.706965548917651, 3.0, -15.569975708756829, -17.29303445108235, 3.0, 8.601899291243171, 6.706965548917651, 3.0, -10.398100708756829, -20.29303445108235, 3.0], "f": [0, 1, 2, 1, 3, 2]}, "centroids": [[-3.5240642961871345, -5.158128144219518, 3.0]]}, "mtl": 0}], "featureCount": 1, "startIndex": 0}