{"type": "block", "layer": 0, "block": 0, "features": [{"geom": {"polygons": [[[[-4.345102930266876, -4.44712839089334], [-3.954798192164162, 4.519903780892491], [-3.942463710089214, 4.519903780892491], [1.8669903787667863, 4.3066578302532434], [1.748592268617358, 1.0811410807073116], [4.345102930266876, 1.0165909137576818], [4.223789063456934, -4.519903780892491], [4.170882865699241, -4.519903780892491], [-4.345102930266876, -4.44712839089334]]]], "centroids": [[-0.3096641957235988, -0.41214272752404213, 3.0]], "h": 3.0}, "mtl": {"face": 0}}, {"geom": {"polygons": [[[[4.223789063456934, -4.519903780892491], [4.31593425211031, -0.31460260041058064], [4.519903781358153, -0.2559572458267212], [4.519903781358153, -4.485906034708023], [4.227664801263018, -4.519903780892491], [4.223789063456934, -4.519903780892491]]]], "centroids": [[4.393662971560843, -2.5243430379778147, 3.0]], "h": 3.0}, "mtl": {"face": 0}}, {"geom": {"polygons": [[[[-4.519903781358153, -3.3097118102014065], [-4.519903781358153, -0.7744418457150459], [-4.185876081028255, -0.7889809478074312], [-4.12081481757923, 0.7057650424540043], [-4.519903781358153, 0.723136043176055], [-4.519903781358153, 0.7353967968374491], [-4.404646905488335, 3.383358793333173], [-4.005025281541748, 3.3659646082669497], [-3.954798192164162, 4.519903780892491], [-3.942463710089214, 4.519903780892491], [1.8669903787667863, 4.3066578302532434], [1.748592268617358, 1.0811410807073116], [4.345102930266876, 1.0165909137576818], [4.223789063456934, -4.519903780892491], [4.170882865699241, -4.519903780892491], [-4.345102930266876, -4.44712839089334], [-4.296019178320421, -3.3194567523896694], [-4.519903781358153, -3.3097118102014065]]]], "centroids": [[-0.41311088341171853, -0.38998071290552616, 6.0]], "h": 6.0}, "mtl": {"face": 1}}, {"geom": {"polygons": [[[[4.223789063456934, -4.519903780892491], [4.31593425211031, -0.31460260041058064], [4.519903781358153, -0.2559572458267212], [4.519903781358153, -4.485906034708023], [4.227664801263018, -4.519903780892491], [4.223789063456934, -4.519903780892491]]]], "centroids": [[4.393662971560843, -2.5243430379778147, 6.0]], "h": 6.0}, "mtl": {"face": 1}}], "featureCount": 4, "startIndex": 0}