{"type": "block", "layer": 1, "block": 0, "features": [{"geom": {"triangles": {"v": [-3.950003516540164, 4.531355816870928, 3.0, -4.340628516540164, -4.468644183129072, 3.0, 4.221871483459836, -4.468644183129072, 3.0, 5.112496483459836, 4.531355816870928, 3.0, -3.762503516540164, 7.531355816870928, 3.0, 5.112496483459836, 15.531355816870928, 3.0, -3.512503516540164, 16.531355816870928, 3.0, 5.174996483459836, 16.531355816870928, 3.0, 8.190621483459836, -4.468644183129072, 3.0], "f": [0, 1, 2, 0, 2, 3, 4, 0, 3, 5, 4, 3, 6, 4, 5, 6, 5, 7, 3, 2, 8]}, "centroids": [[0.9703956468438264, 5.405890012159944, 3.0]]}, "mtl": 0}], "featureCount": 1, "startIndex": 0}