{"type": "block", "layer": 1, "block": 0, "features": [{"geom": {"triangles": {"v": [-11.518175109813455, 4.205905828624964, 3.0, -13.611925109813455, -5.794094171375036, 3.0, 5.9818248901865445, -9.794094171375036, 3.0, 8.044324890186545, 0.20590582862496376, 3.0], "f": [0, 1, 2, 3, 0, 2]}, "centroids": [[-2.781286699027987, -3.045342965051532, 3.0]]}, "mtl": 0}], "featureCount": 1, "startIndex": 0}