{"type": "block", "layer": 0, "block": 0, "features": [{"geom": {"polygons": [[[[-3.510946740017971, -2.420463513582945], [-2.4198805602791253, 5.4116617906838655], [-2.4159999873663764, 5.4116617906838655], [3.510946740017971, 4.568657997995615], [2.1548459048499353, -5.4116617906838655], [2.150789208331844, -5.4116617906838655], [-1.644610248040408, -4.895952427759767], [-1.3210306593682617, -2.6908935662359], [-3.510946740017971, -2.420463513582945]]]], "centroids": [[0.06715884813456796, 0.3052010275423527, 3.0]], "h": 3.0}, "mtl": {"face": 0}}, {"geom": {"polygons": [[[[-3.510946740017971, -2.420463513582945], [-2.419880560308229, 5.4116617906838655], [1.4159323606581893, 5.4116617906838655], [1.6738555220072158, 5.370810119435191], [2.521188692684518, 5.267595116049051], [3.593640907900408, 5.162932071834803], [3.510946740017971, 4.568657997995615], [2.1548459048499353, -5.4116617906838655], [2.150789208331844, -5.4116617906838655], [-1.644610248040408, -4.895952427759767], [-1.3210306593682617, -2.6908935662359], [-3.510946740017971, -2.420463513582945]]]], "centroids": [[0.11908126182970591, 0.49131124652922153, 9.0]], "h": 9.0}, "mtl": {"face": 1}}, {"geom": {"polygons": [[[[-2.877136393362889, 2.1292898803949356], [-2.4198805602791253, 5.4116617906838655], [-2.4159999873663764, 5.4116617906838655], [3.510946740017971, 4.568657997995615], [2.5367527813941706, -2.6009911838918924], [0.2573861716373358, -2.2351164128631353], [0.8669742459605914, 1.6633972376585007], [-1.2578682508610655, 1.904106318950653], [-2.877136393362889, 2.1292898803949356]]]], "centroids": [[0.7405537000740878, 2.1636888403445482, 12.0]], "h": 12.0}, "mtl": {"face": 2}}, {"geom": {"polygons": [[[[-3.510946740017971, -2.420463513582945], [-2.419880560308229, 5.4116617906838655], [1.4159323609783314, 5.4116617906838655], [1.6738555220072158, 5.370810119435191], [1.746664939360926, 5.4116617906838655], [2.5380433109530713, 5.4116617906838655], [2.5492150147620123, 5.406542086973786], [2.658763904037187, 5.333739086985588], [2.7555967824009713, 5.244718698784709], [3.593640907900408, 5.162932071834803], [3.510946740017971, 4.568657997995615], [2.1548459048499353, -5.4116617906838655], [2.150789208331844, -5.4116617906838655], [-1.644610248040408, -4.895952427759767], [-1.3210306593682617, -2.6908935662359], [-3.510946740017971, -2.420463513582945]]]], "centroids": [[0.12267110322136432, 0.4994133189320564, 6.0]], "h": 6.0}, "mtl": {"face": 3}}], "featureCount": 4, "startIndex": 0}