{"type": "block", "layer": 0, "block": 0, "features": [{"geom": {"polygons": [[[[-7.020054632797837, -2.3181478697806597], [-7.020054632797837, -2.314962636679411], [-6.273358548205579, 0.8467164877802134], [-1.9725198303640354, -0.4249658603221178], [-0.6781575152417645, 6.044092293828726], [7.020054632797837, 3.7691151946783066], [7.020054632797837, 3.7649255990982056], [5.290656706463778, -6.044092293828726], [-7.020054632797837, -2.3181478697806597]]]], "centroids": [[1.2072920645878185, -0.21209845878183842, 3.0]], "h": 3.0}, "mtl": {"face": 0}}, {"geom": {"polygons": [[[[-7.020054632797837, -2.3181478697806597], [-7.020054632797837, -2.314962636679411], [-6.089196155866375, 1.6265014689415693], [-2.5852098309842404, 0.5904343537986279], [-1.4484662600734737, 6.271734081208706], [7.020054632797837, 3.7691151946783066], [7.020054632797837, 0.8310291934758425], [7.004764980636537, 0.8114609904587269], [6.908813625021139, 0.7308955416083336], [6.80763908760855, 0.6759041585028172], [6.697826361953048, 0.6412414312362671], [6.565667791495798, 0.6117136180400848], [6.468616373342229, 0.637208329513669], [6.4296631842444185, 0.41626870818436146], [6.545374662004178, 0.3836446888744831], [6.652265679644188, 0.3286193925887346], [6.7460496603744105, 0.2533994633704424], [6.82296564950957, 0.161001393571496], [6.879929137561703, 0.05513055995106697], [6.914655758562731, -0.05996737629175186], [6.92575289317756, -0.1796767171472311], [6.9127755213703495, -0.29919684305787086], [6.579606966988649, -2.1889043897390366], [6.5539902395394165, -2.3090040870010853], [6.504471745516639, -2.4213787838816643], [6.433123393013375, -2.5213266033679247], [6.3429304755991325, -2.6046656165271997], [6.237666761502624, -2.6679088305681944], [6.121736599889118, -2.708410082384944], [5.999990634503774, -2.7244747523218393], [5.877522849070374, -2.7154306787997484], [5.842926881829044, -2.9116564635187387], [5.960913901537424, -2.9459582436829805], [6.0698691423167475, -3.0025273114442825], [6.164959879388334, -3.0802301559597254], [6.24225053639384, -3.1756562273949385], [6.298508841224248, -3.284816961735487], [6.331377617578255, -3.4031415432691574], [6.339481516974047, -3.5256788413971663], [6.322481443610741, -3.6473014540970325], [5.982243932929123, -5.577103599905968], [5.890781143389177, -5.791259977966547], [5.724706700217212, -5.954501131549478], [5.516251788038062, -6.0408169366419315], [5.290656706463778, -6.044092293828726], [-7.020054632797837, -2.3181478697806597]]]], "centroids": [[1.1150310949306004, -0.10417821630835533, 6.0]], "h": 6.0}, "mtl": {"face": 1}}, {"geom": {"polygons": [[[[-3.3871721959440038, -3.4176715034991503], [-1.4484662600734737, 6.271734081208706], [7.020054632797837, 3.7691151946783066], [7.020054632797837, 0.7153505198657513], [7.005453792429762, 0.7030909396708012], [6.9042792550171725, 0.6480995565652847], [6.794466529361671, 0.6134368292987347], [6.68421828377177, 0.6114018056541681], [6.565667791495798, 0.6117136180400848], [6.526448986609466, 0.38898064754903316], [6.644069457426667, 0.3547824062407017], [6.748905847052811, 0.3008147906512022], [6.842689827783033, 0.22559486143290997], [6.919605816918192, 0.13319679163396358], [6.976569304970326, 0.027325958013534546], [7.011295925971353, -0.08777197822928429], [7.020054632797837, -0.18225573934614658], [7.020054632797837, -0.22901797480881214], [7.009415688778972, -0.3270014449954033], [6.650630406948039, -2.3368086889386177], [6.601111912925262, -2.4491833858191967], [6.529763560421998, -2.549131205305457], [6.439570643007755, -2.632470218464732], [6.334306928911246, -2.695713432505727], [6.218376767297741, -2.7362146843224764], [6.121582164167194, -2.7377508226782084], [5.977760075562401, -2.722833076491952], [5.939518223225605, -2.9397379998117685], [5.960913901537424, -2.9459582436829805], [6.059610923111904, -2.974651973694563], [6.16650930972537, -3.030331913381815], [6.261600046796957, -3.108034757897258], [6.338890703802463, -3.203460829332471], [6.39514900863287, -3.3126215636730194], [6.428017784986878, -3.43094614520669], [6.43612168438267, -3.5534834433346987], [6.419121611019364, -3.675106056034565], [6.078884100337746, -5.6049082018435], [5.987421310797799, -5.819064579904079], [5.821346867625834, -5.98230573348701], [5.612891955446685, -6.068621538579464], [5.412590819440084, -6.0718711875379086], [5.290656706463778, -6.044092293828726], [-3.3871721959440038, -3.4176715034991503]]]], "centroids": [[2.1080571872589644, 0.0038765762001276016, 9.0]], "h": 9.0}, "mtl": {"face": 2}}, {"geom": {"polygons": [[[[-3.387172196060419, -3.4176715034991503], [-2.1242044233949855, 2.894480722025037], [2.599882660288131, 1.65349692851305], [3.1847543067124207, 4.90252386406064], [7.020054632797837, 3.7691151835024357], [7.020054632797837, 0.6300470922142267], [7.000792973616626, 0.6195778045803308], [6.890980247961124, 0.5849150773137808], [6.780732002371224, 0.5828800536692142], [6.565667791292071, 0.6117136180400848], [6.526448986493051, 0.38898064754903316], [6.738528548012255, 0.3273183349519968], [6.845419565652264, 0.2722930386662483], [6.939203546382487, 0.19707310944795609], [7.016119535517646, 0.1046750396490097], [7.020054632797837, 0.09736137092113495], [7.020054632797837, -0.8425986059010029], [6.772760852996726, -2.245230743661523], [6.747144125547493, -2.3653304409235716], [6.697625631524716, -2.4777051378041506], [6.626277279021451, -2.577652957290411], [6.536084361607209, -2.660991970449686], [6.4308206475107, -2.7242351844906807], [6.314890485897195, -2.7647364363074303], [6.195621506834868, -2.769919231534004], [5.977760075445985, -2.722833076491952], [5.939518223109189, -2.9397379998117685], [6.154113796335878, -3.0021263416856527], [6.263023028324824, -3.058853665366769], [6.358113765396411, -3.1365565098822117], [6.435404422401916, -3.2319825813174248], [6.491662727232324, -3.3411433156579733], [6.524531503586331, -3.4594678971916437], [6.532635402982123, -3.5820051953196526], [6.515635329618817, -3.703627808019519], [6.175397818937199, -5.633429953828454], [6.083935029397253, -5.847586331889033], [5.917860586225288, -6.010827485471964], [5.709405674046138, -6.097143290564418], [5.534658041055081, -6.099680406972766], [5.290656706347363, -6.044092293828726], [-3.387172196060419, -3.4176715034991503]]]], "centroids": [[2.4728620564565063, -0.8464747108519077, 12.0]], "h": 12.0}, "mtl": {"face": 3}}, {"geom": {"polygons": [[[[-1.4484662612958346, 6.271734081208706], [3.1847543060430326, 4.90252386033535], [2.599882660084404, 1.65349692851305], [-2.1242005490348674, 2.8944797050207853], [-1.4484662612958346, 6.271734081208706]]]], "centroids": [[0.535122282919474, 3.9316211007535458, 12.0]], "h": 12.0},