{"type": "block", "layer": 1, "block": 0, "features": [{"geom": {"triangles": {"v": [-4.767568300419953, 7.197907671332359, 3.0, -7.017568300419953, -2.8020923286676407, 3.0, 7.013681699580047, 4.197907671332359, 3.0, 5.294931699580047, -5.802092328667641, 3.0], "f": [0, 1, 2, 1, 3, 2]}, "centroids": [[0.13327718328218907, 0.6252687517553568, 3.0]]}, "mtl": 0}], "featureCount": 1, "startIndex": 0}