{"type": "block", "layer": 1, "block": 0, "features": [{"geom": {"triangles": {"v": [15.961804418067914, 0.3041686750948429, 3.0, -3.6006955819320865, 5.304168675094843, 3.0, -5.3819455819320865, -2.695831324905157, 3.0, 14.102429418067914, -7.695831324905157, 3.0], "f": [0, 1, 2, 0, 2, 3]}, "centroids": [[5.273742304794723, -1.0977007877081633, 3.0]]}, "mtl": 0}], "featureCount": 1, "startIndex": 0}