{"type": "block", "layer": 1, "block": 0, "features": [{"geom": {"triangles": {"v": [-6.471913933521137, 3.739787682890892, 3.0, -7.175038933521137, -1.260212317109108, 3.0, 6.340586066478863, -3.260212317109108, 3.0, 7.996836066478863, 5.739787682890892, 3.0, -5.800038933521137, 7.739787682890892, 3.0], "f": [0, 1, 2, 0, 2, 3, 4, 0, 3]}, "centroids": [[0.37433521638740785, 2.185179218649864, 3.0]]}, "mtl": 0}], "featureCount": 1, "startIndex": 0}