{"type": "block", "layer": 1, "block": 0, "features": [{"geom": {"triangles": {"v": [-0.6027767541236244, 5.5607256181538105, 3.0, -2.7121517541236244, -4.4392743818461895, 3.0, 17.678473245876376, -8.43927438184619, 3.0, 19.709723245876376, 1.5607256181538105, 3.0], "f": [0, 1, 2, 3, 0, 2]}, "centroids": [[8.52545968364575, -1.751550629734993, 3.0]]}, "mtl": 0}], "featureCount": 1, "startIndex": 0}