{"type": "block", "layer": 0, "block": 0, "features": [{"geom": {"polygons": [[[[-5.572188758407719, 3.3379936069250107], [-5.015447196317837, 6.007406916469336], [-5.012489775836002, 6.007406916469336], [5.572188758407719, 3.7619922850281], [3.45231912645977, -6.007406916469336], [3.4493013320607133, -6.007406916469336], [-4.239284916373435, -4.407607853412628], [-2.721414198342245, 2.7474954314529896], [-5.572188758407719, 3.3379936069250107]]]], "centroids": [[0.24245740150217898, 0.12011719308793545, 3.0]], "h": 3.0}, "mtl": {"face": 0}}, {"geom": {"polygons": [[[[-5.5721887496474665, 3.337993649765849], [-5.015447196376044, 6.007406916469336], [-5.01248977589421, 6.007406916469336], [5.572188758407719, 3.7619922850281], [6.0074069156253245, 3.669665889814496], [6.0074069156253245, 3.0098467729985714], [4.057576056511607, -6.007406916469336], [3.4493013320607133, -6.007406916469336], [-4.239284916431643, -4.407607853412628], [-2.7214141982840374, 2.7474954314529896], [-5.5721887496474665, 3.337993649765849]]]], "centroids": [[0.5272656849119812, 0.037600478157401085, 6.0]], "h": 6.0}, "mtl": {"face": 1}}, {"geom": {"polygons": [[[[-4.239284916373435, -4.407607853412628], [-2.158308089739876, 5.401925956830382], [6.0074069156253245, 3.669665889814496], [6.0074069156253245, 1.5419174283742905], [4.4119672136730514, -6.007406916469336], [3.4493013320607133, -6.007406916469336], [-4.239284916373435, -4.407607853412628]]]], "centroids": [[1.0707146388594992, -0.41833468340337276, 9.0]], "h": 9.0}, "mtl": {"face": 2}}], "featureCount": 3, "startIndex": 0}