{"type": "block", "layer": 0, "block": 0, "features": [{"geom": {"polygons": [[[[-5.912117430445505, -3.75009972974658], [-3.8650080469960812, 5.937250766903162], [-0.5456280474900268, 5.937250766903162], [-0.32788256963249296, 5.589844550937414], [2.6341174303670414, 4.978844551369548], [2.9891174303775188, 5.298844551667571], [5.631117430370068, 4.748844550922513], [5.872117430379149, 4.305844550952315], [5.937250767630758, 4.29323572665453], [5.937250767630758, 4.066675698384643], [4.000642597704427, -5.937250766903162], [3.997837225237163, -5.937250766903162], [-5.912117430445505, -3.75009972974658]]]], "centroids": [[0.13193973983288743, 0.25386237166821957, 6.0]], "h": 6.0}, "mtl": {"face": 0}}, {"geom": {"polygons": [[[[-5.912117430445505, -3.75009972974658], [-3.8650080469960812, 5.937250766903162], [-0.5456280474900268, 5.937250766903162], [-0.32788256963249296, 5.589844550937414], [2.6341174303670414, 4.978844551369548], [2.9891174303775188, 5.298844551667571], [5.631117430370068, 4.748844550922513], [5.872117430379149, 4.305844550952315], [5.937250767630758, 4.29323572665453], [5.937250767630758, 4.066675698384643], [4.000642597704427, -5.937250766903162], [3.997837225237163, -5.937250766903162], [-0.19702462051645853, -5.011434579268098], [-5.912117430445505, -3.75009972974658]]]], "centroids": [[0.13193973986199126, 0.25386237166821957, 9.0]], "h": 9.0}, "mtl": {"face": 1}}, {"geom": {"polygons": [[[[-5.912117430387298, -3.75009972974658], [-3.8650080469960812, 5.937250766903162], [-3.861981301306514, 5.937250766903162], [5.9121174304164015, 3.936844551935792], [4.000642597704427, -5.937250766903162], [3.997837225237163, -5.937250766903162], [-0.19702462051645853, -5.011434579268098], [-5.912117430387298, -3.75009972974658]]]], "centroids": [[0.04382143905968405, 0.030218159779906273, 3.0]], "h": 3.0}, "mtl": {"face": 2}}, {"geom": {"polygons": [[[[-5.912117430911167, -3.75009972974658], [-3.8650080474617425, 5.937250766903162], [-0.5456280479556881, 5.937250766903162], [-0.32788257009815425, 5.589844550937414], [2.63411742990138, 4.978844551369548], [2.9891174299118575, 5.298844551667571], [5.631117429904407, 4.748844550922513], [5.872117429913487, 4.305844550952315], [5.937250767630758, 4.29323572665453], [5.937250767630758, 4.066675700247288], [4.000642597238766, -5.937250766903162], [3.9978372247715015, -5.937250766903162], [-0.1970246209821198, -5.011434579268098], [-5.912117430911167, -3.75009972974658]]]], "centroids": [[0.13193973939632997, 0.25386237166821957, 12.0]], "h": 12.0}, "mtl": {"face": 3}}], "featureCount": 4, "startIndex": 0}