{"type": "block", "layer": 0, "block": 0, "features": [{"geom": {"polygons": [[[[-4.205408192035975, -1.2220828998833895], [-4.205408192035975, -1.2178261019289494], [-3.886828774935566, 1.9769562017172575], [4.205408192035975, 1.149846313521266], [4.205408192035975, 1.145299356430769], [3.913850452459883, -1.9769562017172575], [-4.205408192035975, -1.2220828998833895]]]], "centroids": [[-0.009149610123131424, -0.017159784212708473, 3.0]], "h": 3.0}, "mtl": {"face": 0}}, {"geom": {"polygons": [[[[-3.074828234297456, 1.8939613904803991], [-2.834035914973356, 4.205408191308379], [3.6821382101916242, 4.205408191308379], [4.205408192035975, 4.157778786495328], [4.205408192035975, 1.149846313521266], [-3.074828234297456, 1.8939613904803991]]]], "centroids": [[0.7852914913673885, 2.8458098359405994, 3.0]], "h": 3.0}, "mtl": {"face": 0}}, {"geom": {"polygons": [[[[-4.205408192035975, -1.222082894295454], [-4.205408192035975, 4.132130496203899], [-4.1984880762174726, 4.205408191308379], [4.205408192035975, 4.205408191308379], [4.205408192035975, 1.1452993545681238], [3.9138504539150745, -1.9769561868160963], [-4.205408192035975, -1.222082894295454]]]], "centroids": [[0.05620663848822005, 1.3129589017480612, 6.0]], "h": 6.0}, "mtl": {"face": 1}}, {"geom": {"polygons": [[[[-4.205408192035975, -1.2220828998833895], [-4.205408192035975, 4.205408191308379], [4.205408192035975, 4.205408191308379], [4.205408192035975, -2.0028040520846844], [4.2052906805765815, -2.0040523279458284], [-4.205408192035975, -1.2220828998833895]]]], "centroids": [[0.09419830294791609, 1.2917886041104794, 9.0]], "h": 9.0}, "mtl": {"face": 2}}], "featureCount": 4, "startIndex": 0}