{"type": "block", "layer": 1, "block": 0, "features": [{"geom": {"triangles": {"v": [-3.6048287749290466, 4.693956201896071, 3.0, -4.198578774929047, -1.3060437981039286, 3.0, 8.035796225070953, -2.3060437981039286, 3.0, 8.598296225070953, 3.6939562018960714, 3.0], "f": [0, 1, 2, 0, 2, 3]}, "centroids": [[2.2108643334941007, 1.2590886894613504, 3.0]]}, "mtl": 0}], "featureCount": 1, "startIndex": 0}