{"type": "block", "layer": 1, "block": 0, "features": [{"geom": {"triangles": {"v": [-10.13055011149845, 5.953576147556305, 3.0, -11.41180011149845, -2.046423852443695, 3.0, -4.818050111498451, -3.046423852443695, 3.0, 3.385074888501549, 3.953576147556305, 3.0, 1.8225748885015491, -4.046423852443695, 3.0], "f": [0, 1, 2, 0, 2, 3, 2, 4, 3]}, "centroids": [[-4.065509283827851, 0.9788428917527199, 3.0]]}, "mtl": 0}], "featureCount": 1, "startIndex": 0}