{"type": "block", "layer": 0, "block": 0, "features": [{"geom": {"polygons": [[[[-3.2020206968009006, -3.319612955674529], [-1.4943460891081486, 4.3958411403000355], [-1.4922559733095113, 4.3958411403000355], [3.2020206968009006, 3.3602492287755013], [1.5239495819841977, -4.3958411403000355], [1.521924787783064, -4.3958411403000355], [-3.2020206968009006, -3.319612955674529]]]], "centroids": [[0.007947039644932374, 0.004768429324030876, 3.0]], "h": 3.0}, "mtl": {"face": 0}}], "featureCount": 1, "startIndex": 0}