{"type": "block", "layer": 1, "block": 0, "features": [{"geom": {"triangles": {"v": [-6.6505918860202655, 6.40758341550827, 3.0, -7.8224668860202655, -3.5924165844917297, 3.0, 3.8962831139797345, -5.59241658449173, 3.0, 5.3337831139797345, 11.40758341550827, 3.0, -1.9162168860202655, 12.40758341550827, 3.0, 3.5681581139797345, 18.40758341550827, 3.0, 6.5837831139797345, 18.40758341550827, 3.0, 5.9119081139797345, 10.40758341550827, 3.0], "f": [0, 1, 2, 3, 0, 2, 4, 0, 3, 5, 4, 3, 6, 5, 3, 7, 3, 2]}, "centroids": [[-0.05864231166196987, 5.213299227878451, 3.0]]}, "mtl": 0}], "featureCount": 1, "startIndex": 0}