{"type": "block", "layer": 0, "block": 0, "features": [{"geom": {"polygons": [[[[-3.2306909757026006, -3.918025078251958], [-1.3938430046837311, 4.914285935461521], [-1.3913944019877817, 4.914285935461521], [3.2306909756734967, 3.9461388364434242], [1.3753470681258477, -4.914285935461521], [1.372973064891994, -4.914285935461521], [-3.2306909757026006, -3.918025078251958]]]], "centroids": [[-0.002886930073145777, 0.008676031604409218, 3.0]], "h": 3.0}, "mtl": {"face": 0}}, {"geom": {"polygons": [[[[2.439638774492778, -4.914285935461521], [4.416055243025767, 4.521508824080229], [4.914285935257794, 4.431674640625715], [4.914285935257794, -4.914285935461521], [2.439638774492778, -4.914285935461521]]]], "centroids": [[4.060473048040876, -1.251062398776412, 3.0]], "h": 3.0}, "mtl": {"face": 0}}, {"geom": {"polygons": [[[[-3.2306909757026006, -3.918025078251958], [-1.3938430046837311, 4.914285935461521], [-1.3913944019877817, 4.914285935461521], [3.2306909756734967, 3.9461388364434242], [1.3753470681258477, -4.914285935461521], [1.372973064891994, -4.914285935461521], [-3.2306909757026006, -3.918025078251958]]]], "centroids": [[-0.002886930073145777, 0.008676031604409218, 6.0]], "h": 6.0}, "mtl": {"face": 1}}], "featureCount": 3, "startIndex": 0}