{"type": "block", "layer": 0, "block": 0, "features": [{"geom": {"polygons": [[[[-10.399459950014716, -1.419131437316537], [-10.399459950014716, -1.412325169891119], [-9.711611739301588, 2.9945617262274027], [-7.075790171744302, 2.583149954676628], [-6.795367855025688, 4.149500269442797], [1.952874867391074, 2.938448052853346], [1.4278617505624425, 0.5804428365081549], [4.004284169728635, 0.07758587412536144], [4.544869293051306, 2.5796284954994917], [10.399459950014716, 1.7691554427146912], [10.399459950014716, -2.3379794768989086], [10.108499999972992, -4.216988533735275], [9.4720132741204, -4.149500271305442], [-10.399459950014716, -1.419131437316537]]]], "centroids": [[0.35489534700172953, -0.07481745444238186, 6.0]], "h": 6.0}, "mtl": {"face": 0}}, {"geom": {"polygons": [[[[-10.399459950014716, -1.419131437316537], [-10.399459950014716, -1.412325169891119], [-9.711611739301588, 2.9945617262274027], [-7.075790171744302, 2.583149954676628], [-6.795367855025688, 4.149500269442797], [1.952874867391074, 2.938448052853346], [1.4278617505624425, 0.5804428365081549], [4.004284169728635, 0.07758587412536144], [4.544869293225929, 2.5796284954994917], [10.399459950014716, 1.7691554427146912], [10.399459950014716, 1.7623818069696426], [9.4720132741204, -4.149500271305442], [-10.399459950014716, -1.419131437316537]]]], "centroids": [[0.13264825331862085, -0.029438583180308342, 3.0]], "h": 3.0}, "mtl": {"face": 1}}], "featureCount": 2, "startIndex": 0}