{"type": "block", "layer": 1, "block": 0, "features": [{"geom": {"triangles": {"v": [8.623318885162007, 1.1683229971677065, 3.0, -23.736056114837993, 8.168322997167706, 3.0, -24.611056114837993, 2.1683229971677065, 3.0, 7.904568885162007, -2.8316770028322935, 3.0, 7.545193885162007, -4.8316770028322935, 3.0], "f": [0, 1, 2, 0, 2, 3, 2, 4, 3]}, "centroids": [[-8.0524292337941, 1.6403906662017107, 3.0]]}, "mtl": 0}], "featureCount": 1, "startIndex": 0}