{"type": "block", "layer": 1, "block": 0, "features": [{"geom": {"triangles": {"v": [-13.898099627025658, 10.736272666603327, 3.0, -15.929349627025658, 3.736272666603327, 3.0, 4.039400372974342, 2.736272666603327, 3.0, 0.7581503729743417, -4.263727333396673, 3.0], "f": [0, 1, 2, 1, 3, 2]}, "centroids": [[-6.13933396936045, 2.933266708627343, 3.0]]}, "mtl": 0}], "featureCount": 1, "startIndex": 0}