{"type": "block", "layer": 0, "block": 0, "features": [{"geom": {"polygons": [[[[-3.377447678532917, -2.8782101906836033], [-3.377447670995025, -2.878210164606571], [-1.12858883861918, 4.85130463168025], [-1.1273459138465114, 4.85130463168025], [3.377447678532917, 2.8675451893359423], [1.0665069926762953, -4.85130463168025], [1.065269284619717, -4.85130463168025], [-3.377447678532917, -2.8782101906836033]]]], "centroids": [[-0.012354442122159526, 0.005317298695445061, 3.0]], "h": 3.0}, "mtl": {"face": 0}}, {"geom": {"polygons": [[[[-3.377447678562021, -2.878210188820958], [-3.377447671024129, -2.878210162743926], [-1.1285888391721528, 4.85130463168025], [-1.127345909626456, 4.85130463168025], [3.3774476785038132, 2.8675451911985874], [1.0665069920942187, -4.85130463168025], [1.0652692887815647, -4.85130463168025], [-3.377447678562021, -2.878210188820958]]]], "centroids": [[-0.012354442180367187, 0.005317298695445061, 6.0]], "h": 6.0}, "mtl": {"face": 1}}, {"geom": {"polygons": [[[[4.355706075235503, -4.85130463168025], [4.851304630778031, -3.0008179750293493], [4.851304630778031, -4.85130463168025], [4.355706075235503, -4.85130463168025]]]], "centroids": [[4.686105112254154, -4.2344757448881865, 3.0]], "h": 3.0}, "mtl": {"face": 0}}, {"geom": {"polygons": [[[[4.355706076079514, -4.85130463168025], [4.851304630778031, -3.0008179787546396], [4.851304630778031, -4.85130463168025], [4.355706076079514, -4.85130463168025]]]], "centroids": [[4.686105112545192, -4.234475746750832, 6.0]], "h": 6.0}, "mtl": {"face": 1}}], "featureCount": 4, "startIndex": 0}