{"type": "block", "layer": 0, "block": 0, "features": [{"geom": {"polygons": [[[[-3.463506036932813, -4.948455730453134], [-0.8789917068206705, 5.918512439355254], [-0.8762029267090838, 5.918512439355254], [3.463506036961917, 4.948455730453134], [0.8789917068788782, -5.918512439355254], [0.8762029267672915, -5.918512439355254], [-3.463506036932813, -4.948455730453134]]]], "centroids": [[2.9103830456733704e-11, -1.862645149230957e-09, 3.0]], "h": 3.0}, "mtl": {"face": 0}}], "featureCount": 1, "startIndex": 0}