{"type": "block", "layer": 0, "block": 0, "features": [{"geom": {"polygons": [[[[-5.9974602287693415, -0.4558249171823263], [-5.9974602287693415, -0.4545097295194864], [-2.015665300801629, 5.6802546959370375], [1.130461996421218, 3.629029979929328], [1.842558017873671, 1.970986284315586], [2.9464032121177297, 2.445065328851342], [5.9974602287693415, 0.4558249171823263], [5.9974602287693415, 0.4545097295194864], [3.8890140989096835, -2.7939800955355167], [2.015665301150875, -5.6802546959370375], [-5.127974641160108, -1.022715624421835], [-5.9974602287693415, -0.4558249171823263]]]], "centroids": [[-0.03104375273687765, -0.042191529646515846, 3.0]], "h": 3.0}, "mtl": {"face": 0}}, {"geom": {"polygons": [[[[1.8097817014495376, -5.997460229322314], [5.9974602287693415, 0.4545097295194864], [5.9974602287693415, -5.997460229322314], [1.8097817014495376, -5.997460229322314]]]], "centroids": [[4.601567386329407, -3.846803577616811, 3.0]], "h": 3.0}, "mtl": {"face": 0}}, {"geom": {"polygons": [[[[-5.9974602287693415, -4.985876960679889], [-5.9974602287693415, -1.409364303573966], [-0.42376517099910416, -5.026994772255421], [-1.0536499010049738, -5.997460229322314], [-4.43891058844747, -5.997460229322314], [-5.9974602287693415, -4.985876960679889]]]], "centroids": [[-3.791690175392432, -4.316448448225856, 3.0]], "h": 3.0}, "mtl": {"face": 0}}, {"geom": {"polygons": [[[[4.302988124458352, 0.3668251782655716], [5.45362833145191, -0.3833738472312689], [2.5610332749201916, -4.840004481375217], [1.410393067926634, -4.089805455878377], [0.8659613646159414, -4.928613156080246], [-0.13926081379759125, -4.273224361240864], [0.40517088954220526, -3.434416661038995], [-0.6311944639019202, -2.7587230131030083], [-1.175626167212613, -3.5975307133048773], [-2.8509964662371203, -2.5052160546183586], [-2.306564762897324, -1.6664083544164896], [-3.4422477031475864, -0.9259612280875444], [-3.986679406458279, -1.7647689282894135], [-4.991901584842708, -1.1093801334500313], [-4.447469881561119, -0.27057243324816227], [-5.452692060789559, 0.3848163615912199], [-2.560097004257841, 4.8414469957351685], [-1.554874824883882, 4.186058199033141], [-1.0104431216896046, 5.02486589923501], [-0.0052209433051757514, 4.369477106258273], [-0.5496526466158684, 3.530669406056404], [0.5860302936052904, 2.790222277864814], [1.130461996915983, 3.629029978066683], [2.8058322959404904, 2.536715319380164], [2.2614005926297978, 1.6979076191782951], [3.2977659460448194, 1.0222139731049538], [3.842197649384616, 1.8610216733068228], [4.847419827769045, 1.2056328784674406], [4.302988124458352, 0.3668251782655716]]]], "centroids": [[-0.006931217387318611, 0.0055455174297094345, 6.0]], "h": 6.0}, "mtl": {"face": 1}}], "featureCount": 4, "startIndex": 0}