{"type": "block", "layer": 1, "block": 0, "features": [{"geom": {"triangles": {"v": [-1.6725990897102747, 7.751021023839712, 3.0, -12.610099089710275, -9.248978976160288, 3.0, 10.702400910289725, -0.24897897616028786, 3.0, -0.2819740897102747, -17.248978976160288, 3.0], "f": [0, 1, 2, 1, 3, 2]}, "centroids": [[-0.9629793968633749, -4.62170790322125, 3.0]]}, "mtl": 0}], "featureCount": 1, "startIndex": 0}