{"type": "block", "layer": 1, "block": 0, "features": [{"geom": {"triangles": {"v": [-4.4138673378911335, 8.311999998986721, 3.0, -13.023242337891134, 8.311999998986721, 3.0, -13.726367337891134, 7.311999998986721, 3.0, -3.6794923378911335, -5.688000001013279, 3.0, 2.4767576621088665, -7.688000001013279, 3.0, 13.867382662108866, -4.688000001013279, 3.0, 8.242382662108866, -7.688000001013279, 3.0, 12.508007662108866, -8.688000001013279, 3.0], "f": [0, 1, 2, 3, 0, 2, 0, 3, 4, 5, 0, 4, 6, 5, 4, 5, 6, 7]}, "centroids": [[0.07469658038462512, -0.3499957825988531, 3.0]]}, "mtl": 0}], "featureCount": 1, "startIndex": 0}