{"type": "block", "layer": 1, "block": 0, "features": [{"geom": {"triangles": {"v": [-5.8036048036883585, 7.046636808663607, 3.0, -10.397354803688359, -3.9533631913363934, 3.0, 7.9620201963116415, 1.0466368086636066, 3.0, 3.1026451963116415, -10.953363191336393, 3.0], "f": [0, 1, 2, 1, 3, 2]}, "centroids": [[-1.1802373315149453, -1.4181864596903324, 3.0]]}, "mtl": 0}], "featureCount": 1, "startIndex": 0}