{"type": "block", "layer": 0, "block": 0, "features": [{"geom": {"polygons": [[[[-7.025000000023283, -4.830500001087785], [-3.0502429877233226, 7.595740349963307], [-3.048450713744387, 7.595740349963307], [7.025000000023283, 2.6565000005066395], [3.3562718380999286, -7.595740349963307], [3.3531489779998083, -7.595740349963307], [-2.634752531477716, -6.000274056568742], [-7.025000000023283, -4.830500001087785]]]], "centroids": [[-0.06438950775191188, -0.4509993679821491, 3.0]], "h": 3.0}, "mtl": {"face": 0}}, {"geom": {"polygons": [[[[-7.025000000023283, -4.830500001087785], [-3.0502429877233226, 7.595740349963307], [-1.6874461912666447, 7.595740349963307], [-0.6472396435274277, 7.086614863947034], [0.05995080803404562, 6.293660819530487], [0.30615721284993924, 6.173641674220562], [0.9860597527294885, 6.131135933101177], [1.6508982318337075, 5.982596382498741], [2.2842404491093475, 5.731694335117936], [2.87043266769615, 5.384631106629968], [3.3949865138274617, 4.949984738603234], [3.844937072659377, 4.438497988507152], [4.090588955732528, 4.317347912117839], [5.150537140259985, 4.2438339833170176], [6.945666277373675, 3.362067924812436], [7.150233021267923, 2.939454145729542], [7.025000000023283, 2.6565000005066395], [3.3562718380999286, -7.595740349963307], [3.3531489779998083, -7.595740349963307], [-2.634752531477716, -6.000274056568742], [-7.025000000023283, -4.830500001087785]]]], "centroids": [[0.031124158820603043, -0.22802842408418655, 6.0]], "h": 6.0}, "mtl": {"face": 1}}, {"geom": {"polygons": [[[[-7.025000000023283, -4.830500001087785], [-3.0502429877233226, 7.595740349963307], [-1.6874461912666447, 7.595740349963307], [-0.6472396435274277, 7.086614863947034], [0.05995080803404562, 6.293660819530487], [0.30615721284993924, 6.173641674220562], [0.9860597527294885, 6.131135933101177], [1.6508982318337075, 5.982596382498741], [2.2842404491093475, 5.731694335117936], [2.87043266769615, 5.384631106629968], [3.3949865138274617, 4.949984738603234], [3.844937072659377, 4.438497988507152], [4.090588955732528, 4.317347912117839], [5.150537140259985, 4.2438339833170176], [6.945666277373675, 3.362067924812436], [7.150233021267923, 2.939454145729542], [7.025000000023283, 2.6565000005066395], [3.3562718380999286, -7.595740349963307], [3.3531489779998083, -7.595740349963307], [-2.634752531477716, -6.000274056568742], [-7.025000000023283, -4.830500001087785]]]], "centroids": [[0.031124158820603043, -0.22802842408418655, 9.0]], "h": 9.0}, "mtl": {"face": 2}}, {"geom": {"polygons": [[[[-7.025000000023283, -4.830500001087785], [-3.0502429877233226, 7.595740349963307], [-1.6874461912666447, 7.595740349963307], [-0.6472396435274277, 7.086614863947034], [0.05995080803404562, 6.293660819530487], [0.30615721284993924, 6.173641674220562], [0.9860597527294885, 6.131135933101177], [1.6508982318337075, 5.982596382498741], [2.2842404491093475, 5.731694335117936], [2.87043266769615, 5.384631106629968], [3.3949865138274617, 4.949984738603234], [3.844937072659377, 4.438497988507152], [4.090588955732528, 4.317347912117839], [5.150537140259985, 4.2438339833170176], [6.945666277373675, 3.362067924812436], [7.150233021267923, 2.939454145729542], [7.025000000023283, 2.6565000005066395], [3.3562718380999286, -7.595740349963307], [3.3531489779998083, -7.595740349963307], [-2.634752531477716, -6.000274056568742], [-7.025000000023283, -4.830500001087785]]]], "centroids": [[0.031124158820603043, -0.22802842408418655, 12.0]], "h": 12.0}, "mtl": {"face": 3}}, {"geom": {"polygons": [[[[-7.025000000023283, -4.830500001087785], [-3.0502429877233226, 7.595740349963307], [-1.6874461912666447, 7.595740349963307], [-0.6472396435274277, 7.086614863947034], [0.05995080803404562, 6.293660819530487], [0.30615721284993924, 6.173641674220562], [0.9860597527294885, 6.131135933101177], [1.6508982318337075, 5.982596382498741], [2.2842404491093475, 5.731694335117936], [2.87043266769615, 5.384631106629968], [3.3949865138274617, 4.949984738603234], [3.844937072659377, 4.438497988507152], [4.090588955732528, 4.317347912117839], [5.150537140259985, 4.2438339833170176], [6.945666277373675, 3.362067924812436], [7.150233021267923, 2.939454145729542], [7.025000000023283, 2.6565000005066395], [3.3562718380999286, -7.595740349963307], [3.3531489779998083, -7.595740349963307], [-2.634752531477716, -6.000274056568742], [-7.025000000023283, -4.830500001087785]]]], "centroids": [[0.031124158820603043, -0.22802842408418655, 15.0]], "h": 15.0}, "mtl": {"face": 4}}], "featureCount": 5, "startIndex": 0}