{"type": "block", "layer": 0, "block": 0, "features": [{"geom": {"polygons": [[[[-8.320667850028258, -2.1091660782694817], [-8.320667850028258, -2.1047594137489796], [-6.893500000005588, 5.167999999597669], [8.320667850028258, 2.3361548893153667], [8.320667850028258, 2.331170568242669], [7.028500000014901, -5.167999999597669], [4.039500000013504, -4.575999999418855], [-8.320667850028258, -2.1091660782694817]]]], "centroids": [[0.06613385753007606, 0.04246462136507034, 3.0]], "h": 3.0}, "mtl": {"face": 0}}, {"geom": {"polygons": [[[[-8.320667850028258, -2.1091660782694817], [-8.320667850028258, -2.1047594137489796], [-6.893500000005588, 5.167999999597669], [8.320667850028258, 2.3361548893153667], [8.320667850028258, -1.0943512991070747], [7.656500000011874, -4.904999999329448], [7.600627947918838, -4.974197160452604], [7.480263312376337, -5.074711287394166], [7.33904450526461, -5.142887409776449], [7.185474511061329, -5.174620546400547], [7.028500000014901, -5.167999999597669], [4.039500000013504, -4.575999999418855], [-8.320667850028258, -2.1091660782694817]]]], "centroids": [[0.2827065964520443, -0.018953967839479446, 6.0]], "h": 6.0}, "mtl": {"face": 1}}, {"geom": {"polygons": [[[[-8.320667850028258, -2.1091660782694817], [-8.320667850028258, -2.1047594137489796], [-6.893500000005588, 5.167999999597669], [8.320667850028258, 2.3361548893153667], [8.320667850028258, -1.0943512991070747], [7.656500000011874, -4.904999999329448], [7.600627947918838, -4.974197160452604], [7.480263312376337, -5.074711287394166], [7.33904450526461, -5.142887409776449], [7.185474511061329, -5.174620546400547], [7.028500000014901, -5.167999999597669], [4.039500000013504, -4.575999999418855], [-8.320667850028258, -2.1091660782694817]]]], "centroids": [[0.2827065964520443, -0.018953967839479446, 9.0]], "h": 9.0}, "mtl": {"face": 2}}, {"geom": {"polygons": [[[[-8.320667850028258, -2.1091660782694817], [-8.320667850028258, -2.1047594137489796], [-6.893500000005588, 5.167999999597669], [8.320667850028258, 2.3361548893153667], [8.320667850028258, -1.0943512991070747], [7.656500000011874, -4.904999999329448], [7.600627947918838, -4.974197160452604], [7.480263312376337, -5.074711287394166], [7.33904450526461, -5.142887409776449], [7.185474511061329, -5.174620546400547], [7.028500000014901, -5.167999999597669], [4.039500000013504, -4.575999999418855], [-8.320667850028258, -2.1091660782694817]]]], "centroids": [[0.2827065964520443, -0.018953967839479446, 12.0]], "h": 12.0}, "mtl": {"face": 3}}], "featureCount": 4, "startIndex": 0}