{"type": "block", "layer": 1, "block": 0, "features": [{"geom": {"triangles": {"v": [-6.894124999991618, 5.021999999880791, 3.0, -8.315999999991618, -1.9780000001192093, 3.0, 4.043375000008382, -4.978000000119209, 3.0, 8.324625000008382, 2.0219999998807907, 3.0, 7.027750000008382, -4.978000000119209, 3.0], "f": [0, 1, 2, 0, 2, 3, 2, 4, 3]}, "centroids": [[0.06617341889068484, 0.042470045387744904, 3.0]]}, "mtl": 0}], "featureCount": 1, "startIndex": 0}