{"type": "block", "layer": 0, "block": 0, "features": [{"geom": {"polygons": [[[[-4.278101341653382, 3.8214102555066347], [-4.023083740088623, 3.8499992918223143], [3.255236164375674, 4.665943615138531], [3.2594549809000455, 4.665943615138531], [4.119544426328503, -2.459943976253271], [4.122192524577258, -2.4818836133927107], [4.278101341682486, -3.7735965978354216], [-3.0648557035892736, -4.665943615138531], [-3.068762095965212, -4.665943615138531], [-4.278101341653382, 3.8214102555066347]]]], "centroids": [[0.04035292370826937, 0.028575768694281578, 3.0]], "h": 3.0}, "mtl": {"face": 0}}], "featureCount": 1, "startIndex": 0}