{"type": "block", "layer": 1, "block": 0, "features": [{"geom": {"triangles": {"v": [-7.413641132530756, 7.57092610001564, 3.0, -9.991766132530756, -0.42907389998435974, 3.0, 6.570733867469244, 1.5709261000156403, 3.0, 4.180108867469244, -6.42907389998436, 3.0], "f": [0, 1, 2, 1, 3, 2]}, "centroids": [[-1.7149048010760453, 0.625532129779458, 3.0]]}, "mtl": 0}], "featureCount": 1, "startIndex": 0}