{"type": "block", "layer": 1, "block": 0, "features": [{"geom": {"triangles": {"v": [-4.201420594501542, 4.456249933689833, 3.0, -12.951420594501542, -0.5437500663101673, 3.0, -13.154545594501542, -1.5437500663101673, 3.0, -11.560795594501542, 6.456249933689833, 3.0, 7.626704405498458, -5.543750066310167, 3.0, 9.345454405498458, 2.4562499336898327, 3.0], "f": [0, 1, 2, 3, 1, 0, 4, 0, 2, 5, 0, 4]}, "centroids": [[-1.9447383829392493, 0.3820546753704548, 3.0]]}, "mtl": 0}], "featureCount": 1, "startIndex": 0}