{"type": "block", "layer": 1, "block": 0, "features": [{"geom": {"triangles": {"v": [-1.748004754219437, 4.568107802420855, 3.0, -4.060504754219437, -6.431892197579145, 3.0, 3.392620245780563, 3.5681078024208546, 3.0, 3.611370245780563, -7.431892197579145, 3.0, 11.001995245780563, 2.5681078024208546, 3.0, 9.314495245780563, -8.431892197579145, 3.0], "f": [0, 1, 2, 2, 1, 3, 2, 3, 4, 3, 5, 4]}, "centroids": [[3.676053070346825, -1.9786926209926605, 3.0]]}, "mtl": 0}], "featureCount": 1, "startIndex": 0}