{"type": "block", "layer": 1, "block": 0, "features": [{"geom": {"triangles": {"v": [-20.311508534214227, 9.6326116733253, 3.0, -22.014633534214227, 1.6326116733253002, 3.0, 3.3603664657857735, 3.6326116733253, 3.0, 2.1103664657857735, -5.3673883266747, 3.0], "f": [0, 1, 2, 1, 3, 2]}, "centroids": [[-9.20624749167473, 2.3495118636637926, 3.0]]}, "mtl": 0}], "featureCount": 1, "startIndex": 0}