{"type": "block", "layer": 1, "block": 0, "features": [{"geom": {"triangles": {"v": [-4.813896326959366, 19.285907477140427, 3.0, -8.595146326959366, -6.714092522859573, 3.0, 6.357978673040634, -8.714092522859573, 3.0, 10.107978673040634, 17.285907477140427, 3.0], "f": [0, 1, 2, 3, 0, 2]}, "centroids": [[0.779194441245636, 5.052685763686895, 3.0]]}, "mtl": 0}], "featureCount": 1, "startIndex": 0}