{"type": "block", "layer": 0, "block": 0, "features": [{"geom": {"polygons": [[[[-6.503069000667892, -3.3605783004313707], [-4.9190374402096495, 6.881722880527377], [-4.917288132215617, 6.881722880527377], [6.503069000667892, 2.0974111203104258], [4.747947365831351, -6.881722880527377], [4.744653450092301, -6.881722880527377], [0.94851178326644, -6.0547703597694635], [1.0274511008756235, -5.693009234964848], [-2.9344638928596396, -4.823198163881898], [-2.7922158451983705, -4.175270479172468], [-6.503069000667892, -3.3605783004313707]]]], "centroids": [[-0.12250727930222638, -0.288624607026577, 3.0]], "h": 3.0}, "mtl": {"face": 0}}, {"geom": {"polygons": [[[[-6.503069006372243, -3.3605782985687256], [-4.9190374402096495, 6.881722880527377], [-4.917288132215617, 6.881722880527377], [6.503069000667892, 2.0974111203104258], [4.747947365831351, -6.881722880527377], [4.744653450092301, -6.881722880527377], [0.94851178326644, -6.0547703597694635], [1.0274510951712728, -5.693009233102202], [-2.9344638985639904, -4.823198162019253], [-2.7922158509027213, -4.175270477309823], [-6.503069006372243, -3.3605782985687256]]]], "centroids": [[-0.12250728081562556, -0.28862460888922215, 0.0]], "h": 0.0}, "mtl": {"face": 1}}, {"geom": {"polygons": [[[[-6.503069006372243, -3.3605782985687256], [-4.9190374402096495, 6.881722880527377], [-4.917288132215617, 6.881722880527377], [6.503069000667892, 2.0974111203104258], [4.747947365831351, -6.881722880527377], [4.744653450092301, -6.881722880527377], [0.948511783441063, -6.0547703597694635], [1.0274510951712728, -5.693009233102202], [-2.9344638985639904, -4.823198162019253], [-2.7922158509027213, -4.175270477309823], [-6.503069006372243, -3.3605782985687256]]]], "centroids": [[-0.1225072808447294, -0.28862460888922215, -3.0]], "h": -3.0}, "mtl": {"face": 2}}], "featureCount": 3, "startIndex": 0}