{"type": "block", "layer": 1, "block": 0, "features": [{"geom": {"triangles": {"v": [-4.913930999318836, 6.45041112229228, 3.0, -6.663930999318836, -4.54958887770772, 3.0, 6.507944000681164, 2.45041112229228, 3.0, 4.742319000681164, -6.54958887770772, 3.0], "f": [0, 1, 2, 1, 3, 2]}, "centroids": [[-0.2822729571489617, -0.48109077848494053, 3.0]]}, "mtl": 0}], "featureCount": 1, "startIndex": 0}