{"type": "block", "layer": 1, "block": 0, "features": [{"geom": {"triangles": {"v": [-65.35382345225662, -12.662038449198008, 3.0, -67.47882345225662, -28.662038449198008, 3.0, 4.19305154774338, -35.66203844919801, 3.0, 5.64617654774338, -19.662038449198008, 3.0, -64.55694845225662, -6.662038449198008, 3.0, 6.16180154774338, -13.662038449198008, 3.0, -63.30694845225662, 2.3379615508019924, 3.0, 7.70867654774338, 3.3379615508019924, 3.0, -62.33819845225662, 9.337961550801992, 3.0], "f": [0, 1, 2, 3, 0, 2, 4, 0, 3, 5, 4, 3, 6, 4, 5, 6, 5, 7, 8, 6, 7]}, "centroids": [[-29.550730714108795, -12.893009504303336, 3.0]]}, "mtl": 0}], "featureCount": 1, "startIndex": 0}