{"type": "block", "layer": 0, "block": 0, "features": [{"geom": {"polygons": [[[[-5.887857490393799, -2.842701554298401], [-5.887857490393799, 0.06021284684538841], [-5.856172506231815, 0.1246069185435772], [-5.702254891337361, 0.35449452698230743], [-5.496446335047949, 0.5843821372836828], [-5.780446335033048, 1.1063821371644735], [-5.147446335031418, 3.978382136672735], [-4.668446335039334, 4.29538213647902], [-4.763252828590339, 4.595558799803257], [-4.816446335054934, 4.936382137238979], [-4.8221050867578015, 5.167632136493921], [-4.805574541067472, 5.398882135748863], [-4.789068740414223, 5.630132135003805], [-4.7484463350556325, 5.861382136121392], [-4.739941241365159, 5.887857491150498], [3.327702929498628, 5.887857491150498], [5.883876532199793, 5.47558874078095], [5.369295001466526, 2.5696509908884764], [5.887857490393799, 2.47669261880219], [5.887857490393799, 2.4738682080060244], [4.419141315447632, -4.30758735910058], [-5.887857490393799, -2.842701554298401]]]], "centroids": [[0.036119970929576084, 1.1116699259728193, 6.0]], "h": 6.0}, "mtl": {"face": 0}}, {"geom": {"polygons": [[[[5.369295001466526, 2.5696509908884764], [5.883876532199793, 5.47558874078095], [5.887857490393799, 5.474946677684784], [5.887857490393799, 2.47669261880219], [5.369295001466526, 2.5696509908884764]]]], "centroids": [[5.714993249042891, 3.5146888867020607, 9.0]], "h": 9.0}, "mtl": {"face": 1}}, {"geom": {"polygons": [[[[-5.887857490393799, -2.842701554298401], [-5.887857490393799, 0.06021284684538841], [-5.856172506231815, 0.1246069185435772], [-5.702254891337361, 0.35449452698230743], [-5.496446335047949, 0.5843821372836828], [-5.780446335033048, 1.1063821371644735], [-5.147446335031418, 3.978382136672735], [-4.668446335039334, 4.29538213647902], [-4.763252828590339, 4.595558799803257], [-4.816446335054934, 4.936382137238979], [-4.8221050867578015, 5.167632136493921], [-4.805574541067472, 5.398882135748863], [-4.789068740414223, 5.630132135003805], [-4.7484463350556325, 5.861382136121392], [-4.739941241365159, 5.887857491150498], [3.327702929498628, 5.887857491150498], [5.883876532199793, 5.47558874078095], [5.369295001466526, 2.5696509908884764], [5.887857490393799, 2.47669261880219], [5.887857490393799, 2.4738682080060244], [4.419141315447632, -4.30758735910058], [-5.887857490393799, -2.842701554298401]]]], "centroids": [[0.036119970929576084, 1.1116699259728193, 12.0]], "h": 12.0}, "mtl": {"face": 2}}, {"geom": {"polygons": [[[[5.369295001466526, 2.5696509908884764], [5.883876532199793, 5.47558874078095], [5.887857490393799, 5.474946677684784], [5.887857490393799, 2.47669261880219], [5.369295001466526, 2.5696509908884764]]]], "centroids": [[5.714993249042891, 3.5146888867020607, 12.0]], "h": 12.0}, "mtl": {"face": 2}}, {"geom": {"polygons": [[[[5.369295001466526, 2.5696509908884764], [5.883876532199793, 5.47558874078095], [5.887857490393799, 5.474946677684784], [5.887857490393799, 2.47669261880219], [5.369295001466526, 2.5696509908884764]]]], "centroids": [[5.714993249042891, 3.5146888867020607, 15.0]], "h": 15.0}, "mtl": {"face": 3}}, {"geom": {"polygons": [[[[-5.887857490393799, -2.842701554298401], [-5.887857490393799, 0.06021284684538841], [-5.856172506231815, 0.1246069185435772], [-5.702254891337361, 0.35449452698230743], [-5.496446335047949, 0.5843821372836828], [-5.780446335033048, 1.1063821371644735], [-5.147446335031418, 3.978382136672735], [-4.668446335039334, 4.29538213647902], [-4.763252828590339, 4.595558799803257], [-4.816446335054934, 4.936382137238979], [-4.8221050867578015, 5.167632136493921], [-4.805574541067472, 5.398882135748863], [-4.789068740414223, 5.630132135003805], [-4.7484463350556325, 5.861382136121392], [-4.739941241365159, 5.887857491150498], [3.327702929498628, 5.887857491150498], [5.883876532199793, 5.47558874078095], [5.369295001466526, 2.5696509908884764], [5.887857490393799, 2.47669261880219], [5.887857490393799, 2.4738682080060244], [4.419141315447632, -4.30758735910058], [-5.887857490393799, -2.842701554298401]]]], "centroids": [[0.036119970929576084, 1.1116699259728193, 18.0]], "h": 18.0}, "mtl": {"face": 4}}, {"geom": {"polygons": [[[[-5.887857490393799, -2.842701554298401], [-5.887857490393799, -2.8399237021803856], [-4.325674761115806, 4.30758735910058], [5.887857490393799, 2.47669261880219], [5.887857490393799, 2.4738682080060244], [4.419141315447632, -4.30758735910058], [-5.887857490393799, -2.842701554298401]]]], "centroids": [[-0.021983297978295013, -0.08500605262815952, 3.0]], "h": 3.0}, "mtl": {"face": 5}}, {"geom": {"polygons": [[[[-4.325674761115806, 4.30758735910058], [-3.980285899480805, 5.887857491150498], [3.327702928625513, 5.887857491150498], [5.887857490393799, 5.474946677684784], [5.887857490393799, 2.47669261880219], [-4.325674761115806, 4.30758735910058]]]], "centroids": [[1.3898770358646289, 4.550476858392358, 3.0]], "h": 3.0}, "mtl": {"face": 5}}, {"geom": {"polygons": [[[[5.369295001466526, 2.5696509908884764], [5.883876532199793, 5.47558874078095], [5.887857490393799, 5.474946677684784], [5.887857490393799, 2.47669261880219], [5.369295001466526, 2.5696509908884764]]]], "centroids": [[5.714993249042891, 3.5146888867020607, 6.0]], "h": 6.0}, "mtl": {"face": 0}}, {"geom": {"polygons": [[[[-5.887857490393799, -2.842701554298401], [-5.887857490393799, 0.06021284684538841], [-5.856172506231815, 0.1246069185435772], [-5.702254891337361, 0.35449452698230743], [-5.496446335047949, 0.5843821372836828], [-5.780446335033048, 1.1063821371644735], [-5.147446335031418, 3.978382136672735], [-4.668446335039334, 4.29538213647902], [-4.763252828590339, 4.595558799803257], [-4.816446335054934, 4.936382137238979], [-4.8221050867578015, 5.167632136493921], [-4.805574541067472, 5.398882135748863], [-4.789068740414223, 5.630132135003805], [-4.7484463350556325, 5.861382136121392], [-4.739941241365159, 5.887857491150498], [3.327702929498628, 5.887857491150498], [5.883876532199793, 5.47558874078095], [5.369295001466526, 2.5696509908884764], [5.887857490393799, 2.47669261880219], [5.887857490393799, 2.4738682080060244], [4.419141315447632, -4.30758735910058], [-5.887857490393799, -2.842701554298401]]]], "centroids": [[0.036119970929576084, 1.1116699259728193, 9.0]], "h": 9.0}, "mtl": {"face": 1}}, {"geom": {"polygons": [[[[-5.887857490393799, -2.842701554298401], [-5.887857490393799, 0.06021284684538841], [-5.856172506231815, 0.1246069185435772], [-5.702254891337361, 0.35449452698230743], [-5.496446335047949, 0.5843821372836828], [-5.780446335033048, 1.1063821371644735], [-5.147446335031418, 3.978382136672735], [-4.668446335039334, 4.29538213647902], [-4.763252828590339, 4.595558799803257], [-4.816446335054934, 4.936382137238979], [-4.8221050867578015, 5.167632136493921], [-4.805574541067472, 5.398882135748863], [-4.789068740414223, 5.630132135003805], [-4.7484463350556325, 5.861382136121392], [-4.739941241365159, 5.887857491150498], [3.327702929498628, 5.887857491150498], [5.883876532199793, 5.47558874078095], [5.369295001466526, 2.5696509908884764], [5.887857490393799, 2.47669261880219], [5.887857490393799, 2.4738682080060244], [4.419141315447632, -4.30758735910058], [-5.887857490393799, -2.842701554298401]]]], "centroids": [[0.036119970929576084, 1.1116699259728193, 15.0]], "h": 15.0}, "mtl": {"face": 3}}], "featureCount": 11, "startIndex": 0}