{"type": "block", "layer": 1, "block": 0, "features": [{"geom": {"triangles": {"v": [-3.727946335042361, 7.261382136493921, 3.0, -5.884196335042361, -2.7386178635060787, 3.0, 6.568928664957639, 5.261382136493921, 3.0, 16.14705366495764, -5.738617863506079, 3.0, 18.03767866495764, 3.2613821364939213, 3.0], "f": [0, 1, 2, 2, 1, 3, 2, 3, 4]}, "centroids": [[6.064508470182773, 0.43568980507552624, 3.0]]}, "mtl": 0}], "featureCount": 1, "startIndex": 0}