{"type": "block", "layer": 1, "block": 0, "features": [{"geom": {"triangles": {"v": [-7.0591520343732554, 5.241999998688698, 3.0, -8.277902034373255, -1.7580000013113022, 3.0, 5.3002229656267446, 2.241999998688698, 3.0, 6.7377229656267446, -4.758000001311302, 3.0, 8.284597965626745, 2.241999998688698, 3.0], "f": [0, 1, 2, 2, 1, 3, 4, 2, 3]}, "centroids": [[0.04804268272710033, 0.13920453749597073, 3.0]]}, "mtl": 0}], "featureCount": 1, "startIndex": 0}