{"type": "block", "layer": 1, "block": 0, "features": [{"geom": {"triangles": {"v": [0.19130545546067879, 15.14946934953332, 3.0, -4.886819544539321, -5.8505306504666805, 3.0, 2.128805455460679, -6.8505306504666805, 3.0, 7.394430455460679, 14.14946934953332, 3.0], "f": [0, 1, 2, 0, 2, 3]}, "centroids": [[1.2165580559230875, 4.408741319552064, 3.0]]}, "mtl": 0}], "featureCount": 1, "startIndex": 0}