{"type": "block", "layer": 1, "block": 0, "features": [{"geom": {"triangles": {"v": [8.195740961818956, 4.297999031841755, 3.0, -11.382384038181044, 9.297999031841755, 3.0, -14.116759038181044, -3.702000968158245, 3.0, 5.445740961818956, -7.702000968158245, 3.0, 4.726990961818956, -11.702000968158245, 3.0, 2.758240961818956, -17.702000968158245, 3.0], "f": [0, 1, 2, 0, 2, 3, 2, 4, 3, 2, 5, 4]}, "centroids": [[-2.7328681374783628, -2.6694836020469666, 3.0]]}, "mtl": 0}], "featureCount": 1, "startIndex": 0}