{"type": "block", "layer": 1, "block": 0, "features": [{"geom": {"triangles": {"v": [-15.318378398194909, 6.165958059951663, 3.0, -16.20900339819491, -3.834041940048337, 3.0, 8.525371601805091, 4.165958059951663, 3.0, 7.681621601805091, -5.834041940048337, 3.0], "f": [0, 1, 2, 1, 3, 2]}, "centroids": [[-3.8170319291821215, 0.3827549833804369, 3.0]]}, "mtl": 0}], "featureCount": 1, "startIndex": 0}