{"type": "block", "layer": 1, "block": 0, "features": [{"geom": {"triangles": {"v": [-13.598362238786649, 5.560286398977041, 3.0, -14.301487238786649, -1.4397136010229588, 3.0, 5.698512761213351, 3.5602863989770412, 3.0, 5.323512761213351, -3.4397136010229588, 3.0], "f": [0, 1, 2, 1, 3, 2]}, "centroids": [[-4.235034802288283, 0.9746688473969698, 3.0]]}, "mtl": 0}], "featureCount": 1, "startIndex": 0}