{"type": "block", "layer": 1, "block": 0, "features": [{"geom": {"triangles": {"v": [2.124955487321131, -6.195697898045182, 3.0, -4.359419512678869, -1.1956978980451822, 3.0, -7.890669512678869, -13.195697898045182, 3.0, 4.296830487321131, 0.8043021019548178, 3.0, -3.828169512678869, 0.8043021019548178, 3.0, -3.093794512678869, 3.8043021019548178, 3.0, -3.609419512678869, -14.195697898045182, 3.0, -0.29691951267886907, -15.195697898045182, 3.0, -0.5469195126788691, -16.195697898045182, 3.0], "f": [0, 1, 2, 1, 0, 3, 4, 1, 3, 5, 4, 3, 0, 2, 6, 6, 7, 0, 6, 8, 7]}, "centroids": [[-1.8193562947853934, -6.2305918764323, 3.0]]}, "mtl": 0}], "featureCount": 1, "startIndex": 0}