{"type": "block", "layer": 1, "block": 0, "features": [{"geom": {"triangles": {"v": [-1.263863556785509, 10.876328729093075, 3.0, -5.295113556785509, -3.123671270906925, 3.0, 5.361136443214491, 3.876328729093075, 3.0, 5.876761443214491, 7.876328729093075, 3.0, 3.564261443214491, -7.123671270906925, 3.0], "f": [0, 1, 2, 0, 2, 3, 1, 4, 2]}, "centroids": [[0.6528930953063536, 1.695411704480648, 3.0]]}, "mtl": 0}], "featureCount": 1, "startIndex": 0}