{"type": "block", "layer": 1, "block": 0, "features": [{"geom": {"triangles": {"v": [-2.528763585462002, 5.217203002423048, 3.0, -4.575638585462002, -3.782796997576952, 3.0, 17.033736414537998, 1.217203002423048, 3.0, 15.018111414537998, -8.782796997576952, 3.0], "f": [0, 1, 2, 1, 3, 2]}, "centroids": [[6.237928211310646, -1.3539185654371977, 3.0]]}, "mtl": 0}], "featureCount": 1, "startIndex": 0}