{"type": "block", "layer": 1, "block": 0, "features": [{"geom": {"triangles": {"v": [-1.5811782118980773, 5.336735380813479, 3.0, -3.5811782118980773, -4.663264619186521, 3.0, 17.840696788101923, 1.3367353808134794, 3.0, 15.887571788101923, -8.66326461918652, 3.0, 17.981321788101923, 1.3367353808134794, 3.0], "f": [0, 1, 2, 1, 3, 2, 2, 3, 4]}, "centroids": [[7.206805922789499, -1.4581440314650536, 3.0]]}, "mtl": 0}], "featureCount": 1, "startIndex": 0}