{"type": "block", "layer": 0, "block": 0, "features": [{"geom": {"polygons": [[[[-2.921487235435052, -3.6802440378814936], [-0.9769177863781806, 5.273303778842092], [-0.9754179008887149, 5.273303778842092], [-0.42499422264518216, 5.063763629645109], [2.9214872354641557, 4.187700662761927], [0.9846153445832897, -5.273303778842092], [0.9832147229171824, -5.273303778842092], [-2.921487235435052, -3.6802440378814936]]]], "centroids": [[0.012711473769741133, 0.08658088557422161, 3.0]], "h": 3.0}, "mtl": {"face": 0}}], "featureCount": 1, "startIndex": 0}