{"type": "block", "layer": 1, "block": 0, "features": [{"geom": {"triangles": {"v": [-12.209984575514682, 9.701984398066998, 3.0, -13.131859575514682, 0.7019843980669975, 3.0, -11.866234575514682, 9.701984398066998, 3.0, -0.42873457551468164, 4.7019843980669975, 3.0, 0.9775154244853184, -5.2980156019330025, 3.0, 2.9150154244853184, 3.7019843980669975, 3.0], "f": [0, 1, 2, 2, 1, 3, 3, 1, 4, 5, 3, 4]}, "centroids": [[-5.288828978373203, 2.1809101570397615, 3.0]]}, "mtl": 0}], "featureCount": 1, "startIndex": 0}