{"type": "block", "layer": 0, "block": 0, "features": [{"geom": {"polygons": [[[[-4.168008088803617, 0.5509777702391148], [-4.168008088803617, 0.551577752456069], [-1.0654681827290915, 3.0976274330168962], [4.168008088803617, 0.24966696836054325], [4.168008088803617, 0.24866570346057415], [2.3668346156482585, -3.0976274348795414], [-2.437424931267742, -0.5197643209248781], [-4.168008088803617, 0.5509777702391148]]]], "centroids": [[0.2652504340512678, 0.12326972931623459, 3.0]], "h": 3.0}, "mtl": {"face": 0}}], "featureCount": 1, "startIndex": 0}