{"type": "block", "layer": 1, "block": 0, "features": [{"geom": {"triangles": {"v": [-4.163674931274727, 0.23623567819595337, 3.0, -2.444924931274727, -0.7637643218040466, 3.0, 0.914450068725273, 4.236235678195953, 3.0, 6.430075068725273, 1.2362356781959534, 3.0, 18.633200068725273, -11.763764321804047, 3.0, 21.570700068725273, -6.763764321804047, 3.0], "f": [0, 1, 2, 2, 1, 3, 3, 1, 4, 3, 4, 5]}, "centroids": [[9.176102829253068, -3.355751145631075, 3.0]]}, "mtl": 0}], "featureCount": 1, "startIndex": 0}