{"type": "block", "layer": 1, "block": 0, "features": [{"geom": {"triangles": {"v": [5.518665462383069, 3.9146756045520306, 3.0, -9.153209537616931, 6.914675604552031, 3.0, -11.340709537616931, -2.0853243954479694, 3.0, 3.174915462383069, -6.085324395447969, 3.0], "f": [0, 1, 2, 0, 2, 3]}, "centroids": [[-2.9719265914463904, 0.5989854503422976, 3.0]]}, "mtl": 0}], "featureCount": 1, "startIndex": 0}