{"type": "block", "layer": 0, "block": 0, "features": [{"geom": {"polygons": [[[[-4.021719417389249, 1.4143680799752474], [-1.0012805655424017, 5.3191629853099585], [0.5986406752490439, 6.245538368821144], [0.6001126338378526, 6.245538368821144], [3.1825336887850426, 2.1432416886091232], [4.021719417389249, 0.8101629577577114], [0.2638147206744179, -4.350068928673863], [-1.113910746295005, -6.245538368821144], [-1.1151751185534522, -6.245538368821144], [-3.8595346114307176, -4.130233380943537], [-1.0056744563626125, -0.6685465648770332], [-4.021719417389249, 1.4143680799752474]]]], "centroids": [[-0.1458294387848582, 0.25512626953423023, 3.0]], "h": 3.0}, "mtl": {"face": 0}}], "featureCount": 1, "startIndex": 0}