{"type": "block", "layer": 1, "block": 0, "features": [{"geom": {"triangles": {"v": [-0.9947805658739526, 4.875162985175848, 3.0, -9.151030565873953, -5.124837014824152, 3.0, 0.2708444341260474, -4.124837014824152, 3.0, 4.020844434126047, 0.875162985175848, 3.0, 0.5989694341260474, 5.875162985175848, 3.0, -3.3697805658739526, -9.124837014824152, 3.0], "f": [0, 1, 2, 0, 2, 3, 4, 0, 3, 2, 1, 5]}, "centroids": [[-2.2115639020048548, -1.7440279014408588, 3.0]]}, "mtl": 0}], "featureCount": 1, "startIndex": 0}