{"type": "block", "layer": 0, "block": 0, "features": [{"geom": {"polygons": [[[[-0.29565008264034986, 6.358967060223222], [2.7476395745761693, 6.358967060223222], [4.08327247822308, 5.479027219116688], [3.162158936698688, 4.080898055806756], [-0.29565008264034986, 6.358967060223222]]]], "centroids": [[2.2780935578921344, 5.517882633954287, 3.0]], "h": 3.0}, "mtl": {"face": 0}}, {"geom": {"polygons": [[[[-6.358967060979921, -4.335033616051078], [-6.358967060979921, -2.2230198215693235], [-4.8498914639349096, 0.06755838170647621], [-5.267422795906896, 0.342635802924633], [-3.296598658693256, 3.33408753760159], [-2.8790673267212696, 3.0590101163834333], [-0.7049942105077207, 6.358967060223222], [-0.29565008185454644, 6.358967060223222], [6.358967060979921, 1.9747813027352095], [6.358967060979921, 1.1351365745067596], [2.2008404044026975, -5.176352597773075], [-1.3817120672611054, -2.8161002825945616], [-3.5859984557318967, -6.161916997283697], [-6.358967060979921, -4.335033616051078]]]], "centroids": [[-0.231081553385593, -0.03055530972778797, 6.0]], "h": 6.0}, "mtl": {"face": 1}}, {"geom": {"polygons": [[[[-6.358967060979921, -3.496773172169924], [-6.358967060979921, -3.495388887822628], [-4.265347599313827, -0.31755000725388527], [-4.8498914639349096, 0.06755838170647621], [-2.8790673268958926, 3.0590101163834333], [-2.2945234622748103, 2.673901729285717], [-0.3816624039609451, 5.577373135834932], [6.358967060979921, 1.1365208588540554], [6.358967060979921, 1.1351365745067596], [2.2008404044026975, -5.176352597773075], [-0.37963687197770923, -3.4762860909104347], [-1.0398226805555169, -4.478361286222935], [-2.041897876013536, -3.8181754779070616], [-3.2008900677028578, -5.577373133972287], [-6.358967060979921, -3.496773172169924]]]], "centroids": [[-0.04656472723581828, -0.375018710270524, 3.0]], "h": 3.0}, "mtl": {"face": 0}}, {"geom": {"polygons": [[[[4.2893299473507795, 5.246494319289923], [5.0222477155330125, 6.358967060223222], [6.358967060979921, 6.358967060223222], [6.358967060979921, 4.289514007046819], [6.1721992035454605, 4.006024973466992], [4.2893299473507795, 5.246494319289923]]]], "centroids": [[5.560412936290959, 5.3634227607399225, 3.0]], "h": 3.0}, "mtl": {"face": 0}}], "featureCount": 4, "startIndex": 0}