{"type": "block", "layer": 0, "block": 0, "features": [{"geom": {"polygons": [[[[-3.1015411578700878, -1.7235019318759441], [-3.1015411578700878, -1.7220422197133303], [-2.0791506831592415, 2.8639717921614647], [3.1015411578700878, 1.7505670692771673], [3.1015411578700878, 1.7491079345345497], [2.0739365850458853, -2.8639717921614647], [-3.1015411578700878, -1.7235019318759441]]]], "centroids": [[0.0012063509493600577, 0.006159927695989609, 3.0]], "h": 3.0}, "mtl": {"face": 0}}], "featureCount": 1, "startIndex": 0}