{"type": "block", "layer": 0, "block": 0, "features": [{"geom": {"polygons": [[[[-7.280771850520978, -4.777462769299746], [-7.280771850520978, -4.773202612996101], [-5.662500000064028, 4.777499999850988], [7.280771850520978, 1.8176665101200342], [7.280771850520978, 1.794538278132677], [7.150499999988824, -2.3134999983012676], [4.844500000326661, -4.157499996945262], [-7.280771850520978, -4.777462769299746]]]], "centroids": [[-0.32714284720714204, -0.5025373194366693, 3.0]], "h": 3.0}, "mtl": {"face": 0}}, {"geom": {"polygons": [[[[-7.280771850520978, -5.430362414568663], [-7.280771850520978, -4.773202612996101], [-5.662499995320104, 4.777500009164214], [7.280771850520978, 1.8176665101200342], [7.280771850520978, -3.1516395397484303], [7.129554549523164, -3.435070689767599], [6.848064934980357, -3.8003579638898373], [6.509944591729436, -4.113959349691868], [6.124539544805884, -4.367206551134586], [5.702502823551185, -4.553099533542991], [5.255499995226273, -4.666500004008412], [-7.280771850520978, -5.430362414568663]]]], "centroids": [[-0.23113151310826652, -0.8438244443386793, 6.0]], "h": 6.0}, "mtl": {"face": 1}}, {"geom": {"polygons": [[[[-7.280771850520978, -5.430362414568663], [-7.280771850520978, -4.773202612996101], [-5.662499995320104, 4.777500009164214], [7.280771850520978, 1.8176665101200342], [7.280771850520978, -3.1516395397484303], [7.129554549523164, -3.435070689767599], [6.848064934980357, -3.8003579638898373], [6.509944591729436, -4.113959349691868], [6.124539544805884, -4.367206551134586], [5.702502823551185, -4.553099533542991], [5.255499995226273, -4.666500004008412], [-7.280771850520978, -5.430362414568663]]]], "centroids": [[-0.23113151310826652, -0.8438244443386793, 9.0]], "h": 9.0}, "mtl": {"face": 2}}], "featureCount": 3, "startIndex": 0}