{"type": "block", "layer": 0, "block": 0, "features": [{"geom": {"polygons": [[[[-4.375643083738396, -0.43134975619614124], [-4.375643083738396, -0.42890695109963417], [-3.8831376593152527, 2.2131543047726154], [4.375643083738396, 0.42746064625680447], [4.375643083738396, 0.42532195523381233], [3.8107823742029723, -2.2131543047726154], [-4.375643083738396, -0.43134975619614124]]]], "centroids": [[-0.01477842713939026, 0.0002682078629732132, 3.0]], "h": 3.0}, "mtl": {"face": 0}}], "featureCount": 1, "startIndex": 0}