{"type": "block", "layer": 1, "block": 0, "features": [{"geom": {"triangles": {"v": [-9.058874996204395, 7.85800002142787, 3.0, -6.433874996204395, -7.14199997857213, 3.0, -0.9651249962043948, 7.85800002142787, 3.0, 0.8630000037956052, -8.14199997857213, 3.0, 9.066125003795605, 5.85800002142787, 3.0, 5.706750003795605, -8.14199997857213, 3.0], "f": [0, 1, 2, 2, 1, 3, 4, 2, 3, 4, 3, 5]}, "centroids": [[-0.17502789798891172, 0.4062423799186945, 3.0]]}, "mtl": 0}], "featureCount": 1, "startIndex": 0}