{"type": "block", "layer": 1, "block": 0, "features": [{"geom": {"triangles": {"v": [-14.800443463551346, 8.628818735480309, 3.0, -16.941068463551346, -1.3711812645196915, 3.0, 2.605806536448654, -5.3711812645196915, 3.0, 4.793306536448654, 3.6288187354803085, 3.0], "f": [0, 1, 2, 0, 2, 3]}, "centroids": [[-6.087357548502041, 1.2392466235905886, 3.0]]}, "mtl": 0}], "featureCount": 1, "startIndex": 0}