{"type": "block", "layer": 0, "block": 0, "features": [{"geom": {"polygons": [[[[-11.458856463053962, -1.895588019862771], [-11.458856463053962, -1.8900535926222801], [-9.702555062947795, 6.236333331093192], [11.458856463053962, 1.5909182410687208], [11.458856463053962, 1.5845564920455217], [9.992002462531673, -6.236333331093192], [-11.458856463053962, -1.895588019862771]]]], "centroids": [[-0.007073656131979078, -0.0665319599211216, 3.0]], "h": 3.0}, "mtl": {"face": 0}}, {"geom": {"polygons": [[[[-11.458856463053962, -1.895588019862771], [-11.458856463053962, -1.8900535926222801], [-9.702555062947795, 6.236333331093192], [11.458856463053962, 1.5909182410687208], [11.458856463053962, -2.7218420933932066], [11.356231214071158, -3.168744610622525], [11.18800678109983, -3.7451000083237886], [10.986506116547389, -4.31068155542016], [10.75241305626696, -4.86356982961297], [10.486522045423044, -5.401888485997915], [10.189735442399979, -5.923810623586178], [9.992002462269738, -6.236333331093192], [-11.458856463053962, -1.895588019862771]]]], "centroids": [[0.2112836354644969, -0.11924353800714016, 6.0]], "h": 6.0}, "mtl": {"face": 1}}, {"geom": {"polygons": [[[[-11.458856463053962, -1.895588019862771], [-11.458856463053962, -1.8900535926222801], [-9.702555062947795, 6.236333331093192], [11.458856463053962, 1.5909182410687208], [11.458856463053962, -2.7218420933932066], [11.356231214071158, -3.168744610622525], [11.18800678109983, -3.7451000083237886], [10.986506116547389, -4.31068155542016], [10.75241305626696, -4.86356982961297], [10.486522045423044, -5.401888485997915], [10.189735442399979, -5.923810623586178], [9.992002462269738, -6.236333331093192], [-11.458856463053962, -1.895588019862771]]]], "centroids": [[0.2112836354644969, -0.11924353800714016, 9.0]], "h": 9.0}, "mtl": {"face": 2}}], "featureCount": 3, "startIndex": 0}