{"type": "block", "layer": 1, "block": 0, "features": [{"geom": {"triangles": {"v": [-13.91862253745785, 6.764666669070721, 3.0, -14.01237253745785, -1.2353333309292793, 3.0, 11.45637746254215, 1.7646666690707207, 3.0, 9.98762746254215, -6.235333330929279, 3.0], "f": [0, 1, 2, 1, 3, 2]}, "centroids": [[-1.7210757235297933, 0.3454419616609812, 3.0]]}, "mtl": 0}], "featureCount": 1, "startIndex": 0}