{"type": "block", "layer": 1, "block": 0, "features": [{"geom": {"triangles": {"v": [-1.4307535656844266, 8.115489289164543, 3.0, -2.1963785656844266, -2.884510710835457, 3.0, 10.944246434315573, 6.115489289164543, 3.0, 10.428621434315573, -3.884510710835457, 3.0], "f": [0, 1, 2, 1, 3, 2]}, "centroids": [[4.352169465622865, 1.6535745896399021, 3.0]]}, "mtl": 0}], "featureCount": 1, "startIndex": 0}