{"type": "block", "layer": 1, "block": 0, "features": [{"geom": {"triangles": {"v": [-8.01254888784024, 3.7887727953493595, 3.0, -5.215673887840239, -1.2112272046506405, 3.0, 5.581201112159761, 14.78877279534936, 3.0, 11.78432611215976, 6.7887727953493595, 3.0, -3.2312988878402393, -5.2112272046506405, 3.0, -5.590673887840239, -1.2112272046506405, 3.0], "f": [0, 1, 2, 2, 1, 3, 1, 4, 3, 1, 5, 4]}, "centroids": [[1.5380297760711983, 4.7849282044917345, 3.0]]}, "mtl": 0}], "featureCount": 1, "startIndex": 0}