{"type": "block", "layer": 0, "block": 0, "features": [{"geom": {"polygons": [[[[-5.954858014709316, -3.3891402799636126], [-5.954858014709316, -3.386382782831788], [-4.769447675702395, 1.8489322680979967], [-0.32991556177148595, 0.8177739307284355], [0.772231562907109, 5.484125094488263], [5.954858014709316, 4.383322978392243], [5.954858014709316, 4.380410278216004], [3.846333603520179, -5.484125094488263], [-5.954858014709316, -3.3891402799636126]]]], "centroids": [[0.5904662842513062, -0.3998501915484667, 3.0]], "h": 3.0}, "mtl": {"face": 0}}, {"geom": {"polygons": [[[[-5.954858014709316, 0.1741133276373148], [-5.954858014709316, 1.9850392173975706], [-5.520543447433738, 1.8966236542910337], [-5.954858014709316, 0.1741133276373148]]]], "centroids": [[-5.810086492303526, 1.3519254010170698, 3.0]], "h": 3.0}, "mtl": {"face": 0}}, {"geom": {"polygons": [[[[-5.954858014709316, -3.3891402799636126], [-5.954858014709316, -3.386382782831788], [-4.769447675702395, 1.8489322680979967], [-0.32991556177148595, 0.8177739307284355], [0.772231562907109, 5.484125094488263], [5.954858014709316, 4.383322978392243], [5.954858014709316, 4.380410278216004], [3.846333603520179, -5.484125094488263], [-5.954858014709316, -3.3891402799636126]]]], "centroids": [[0.5904662842513062, -0.3998501915484667, 6.0]], "h": 6.0}, "mtl": {"face": 1}}], "featureCount": 3, "startIndex": 0}