{"type": "block", "layer": 1, "block": 0, "features": [{"geom": {"triangles": {"v": [-13.662055885768496, 8.63366311788559, 3.0, -15.740180885768496, -1.3663368821144104, 3.0, 5.9629441142315045, 4.63366311788559, 3.0, 3.8535691142315045, -5.36633688211441, 3.0], "f": [0, 1, 2, 1, 3, 2]}, "centroids": [[-4.8951413925678935, 1.538239300251007, 3.0]]}, "mtl": 0}], "featureCount": 1, "startIndex": 0}