{"type": "block", "layer": 1, "block": 0, "features": [{"geom": {"triangles": {"v": [9.566838465863839, -6.3060857225209475, 3.0, 6.254338465863839, 3.6939142774790525, 3.0, -6.620661534136161, 2.6939142774790525, 3.0, 6.785588465863839, 2.6939142774790525, 3.0, -4.089411534136161, -21.306085722520947, 3.0, 6.519963465863839, -20.306085722520947, 3.0], "f": [0, 1, 2, 3, 1, 0, 0, 2, 4, 0, 4, 5]}, "centroids": [[1.3310578257660381, -8.479103904217482, 3.0]]}, "mtl": 0}], "featureCount": 1, "startIndex": 0}