{"type": "block", "layer": 1, "block": 0, "features": [{"geom": {"triangles": {"v": [-13.516090817458462, 5.985874516889453, 3.0, -14.547340817458462, 0.9858745168894529, 3.0, -3.562965817458462, -1.014125483110547, 3.0, 7.265159182541538, 1.985874516889453, 3.0, 6.202659182541538, -3.014125483110547, 3.0], "f": [0, 1, 2, 0, 2, 3, 2, 4, 3]}, "centroids": [[-3.609149999683723, 1.5480172671377659, 3.0]]}, "mtl": 0}], "featureCount": 1, "startIndex": 0}