{"type": "block", "layer": 0, "block": 0, "features": [{"geom": {"polygons": [[[[-4.814206996932626, 2.8676367308944464], [-4.371705515193753, 4.925613019615412], [-4.369377320690546, 4.925613019615412], [-1.7276879505370744, 4.340031603351235], [4.814206996903522, 2.8898943681269884], [3.085815937287407, -4.925613019615412], [3.0835278250160627, -4.925613019615412], [-3.6546322777867317, -3.4024266097694635], [-2.2466256572515704, 2.254940999671817], [-4.814206996932626, 2.8676367308944464]]]], "centroids": [[0.25637576647568494, 0.07371583767235279, 3.0]], "h": 3.0}, "mtl": {"face": 0}}, {"geom": {"polygons": [[[[-4.814206996932626, 2.8676367308944464], [-4.371705515193753, 4.925613019615412], [-4.369377320690546, 4.925613019615412], [4.814206996728899, 2.8898943681269884], [4.925613019091543, 2.865135084837675], [4.925613019091543, -0.2726380582898855], [3.9458188319404144, -4.925613019615412], [3.0835278250160627, -4.925613019615412], [-3.6546322777867317, -3.4024266097694635], [-2.2466256572515704, 2.254940999671817], [-4.814206996932626, 2.8676367308944464]]]], "centroids": [[0.577491778152762, -0.06791682727634907, 6.0]], "h": 6.0}, "mtl": {"face": 1}}, {"geom": {"polygons": [[[[-4.814206996932626, 2.8676367308944464], [-4.371705515193753, 4.925613019615412], [-4.369377320690546, 4.925613019615412], [4.814206996728899, 2.8898943681269884], [4.925613019091543, 2.865135084837675], [4.925613019091543, -0.2726380582898855], [3.9458188319404144, -4.925613019615412], [3.0835278250160627, -4.925613019615412], [-3.6546322777867317, -3.4024266097694635], [-2.2466256572515704, 2.254940999671817], [-4.814206996932626, 2.8676367308944464]]]], "centroids": [[0.577491778152762, -0.06791682727634907, 9.0]], "h": 9.0}, "mtl": {"face": 2}}], "featureCount": 3, "startIndex": 0}