{"type": "block", "layer": 1, "block": 0, "features": [{"geom": {"triangles": {"v": [-14.604668003274128, 7.233894368633628, 3.0, -16.448418003274128, -0.7661056313663721, 3.0, 3.082831996725872, -4.766105631366372, 3.0, 4.817206996725872, 3.233894368633628, 3.0], "f": [0, 1, 2, 3, 0, 2]}, "centroids": [[-5.772047519363696, 1.153197867795825, 3.0]]}, "mtl": 0}], "featureCount": 1, "startIndex": 0}