{"type": "block", "layer": 0, "block": 0, "features": [{"geom": {"polygons": [[[[-4.950396886823, -4.301828997209668], [-2.839550414122641, 5.609454685822129], [-2.8367967992671765, 5.609454685822129], [4.950396886823, 3.950984314084053], [3.2768968868185766, -4.19701568596065], [1.0682741205091588, -5.609454685822129], [1.0648162253492046, -5.609454685822129], [-4.950396886823, -4.301828997209668]]]], "centroids": [[-0.03562874018098228, -0.08457845263183117, 3.0]], "h": 3.0}, "mtl": {"face": 0}}, {"geom": {"polygons": [[[[-3.744556467892835, 1.3600827641785145], [-2.839550414122641, 5.609454685822129], [-2.8367967992671765, 5.609454685822129], [5.374041797593236, 3.8607589304447174], [4.500641196180368, -0.39593058079481125], [-3.744556467892835, 1.3600827641785145]]]], "centroids": [[0.8223882915626746, 2.6073652245104313, 6.0]], "h": 6.0}, "mtl": {"face": 1}}], "featureCount": 2, "startIndex": 0}