{"type": "block", "layer": 1, "block": 0, "features": [{"geom": {"triangles": {"v": [-2.330313040933106, 8.042672956362367, 3.0, -5.299063040933106, -7.957327043637633, 3.0, 4.982186959066894, 7.042672956362367, 3.0, 2.029061959066894, -9.957327043637633, 3.0], "f": [0, 1, 2, 1, 3, 2]}, "centroids": [[-0.15703470379230566, -0.6158977840095758, 3.0]]}, "mtl": 0}], "featureCount": 1, "startIndex": 0}