{"type": "block", "layer": 1, "block": 0, "features": [{"geom": {"triangles": {"v": [6.350407223333605, 4.745337903499603, 3.0, -6.352717776666395, 4.745337903499603, 3.0, -4.118342776666395, -0.25466209650039673, 3.0, 2.5691572233336046, -3.2546620965003967, 3.0, 6.319157223333605, -4.254662096500397, 3.0, -6.212092776666395, 1.7453379034996033, 3.0], "f": [0, 1, 2, 2, 3, 0, 3, 4, 0, 1, 5, 2]}, "centroids": [[0.9604328109999187, 0.9278329070657492, 3.0]]}, "mtl": 0}], "featureCount": 1, "startIndex": 0}