{"type": "block", "layer": 1, "block": 0, "features": [{"geom": {"triangles": {"v": [-14.930557415471412, 3.553692027926445, 3.0, -16.118057415471412, -3.446307972073555, 3.0, 4.022567584528588, 1.553692027926445, 3.0, 3.6163175845285878, -6.446307972073555, 3.0, 4.522567584528588, 1.553692027926445, 3.0], "f": [0, 1, 2, 2, 1, 3, 4, 2, 3]}, "centroids": [[-5.608971091278363, -1.159555595368147, 3.0]]}, "mtl": 0}], "featureCount": 1, "startIndex": 0}