{"type": "block", "layer": 1, "block": 0, "features": [{"geom": {"triangles": {"v": [-3.1561416327604093, 18.092055220156908, 3.0, -5.406141632760409, -5.907944779843092, 3.0, 6.734483367239591, 17.092055220156908, 3.0, 4.531358367239591, -6.907944779843092, 3.0], "f": [0, 1, 2, 1, 3, 2]}, "centroids": [[0.6799611898895819, 5.724732605740428, 3.0]]}, "mtl": 0}], "featureCount": 1, "startIndex": 0}