{"type": "block", "layer": 0, "block": 0, "features": [{"geom": {"polygons": [[[[-1.1223208834417164, -5.920462775975466], [-0.9039554520568345, -5.088013457134366], [2.3431199700571597, -5.920462775975466], [-1.1223208834417164, -5.920462775975466]]]], "centroids": [[0.10561454485286959, -5.642979670315981, 6.0]], "h": 6.0}, "mtl": {"face": 0}}, {"geom": {"polygons": [[[[-5.920462775568012, -1.9414077941328287], [-5.920462775568012, -1.938618378713727], [-4.82903175757383, 3.0841783937066793], [5.920462775568012, 2.056229656562209], [5.920462775568012, 2.053928256034851], [4.5651835879834834, -3.0841783955693245], [-5.920462775568012, -1.9414077941328287]]]], "centroids": [[-0.03965569520369172, 0.03544069640338421, 3.0]], "h": 3.0}, "mtl": {"face": 1}}, {"geom": {"polygons": [[[[-1.1223208834417164, -5.920462775975466], [-0.9039554520568345, -5.088013457134366], [2.3431199700571597, -5.920462775975466], [-1.1223208834417164, -5.920462775975466]]]], "centroids": [[0.10561454485286959, -5.642979670315981, 3.0]], "h": 3.0}, "mtl": {"face": 1}}, {"geom": {"polygons": [[[[-5.920462775568012, -1.9414077941328287], [-5.920462775568012, -1.938618378713727], [-4.8290317576611415, 3.0841783937066793], [5.920462775568012, 2.056229656562209], [5.920462775568012, 2.053928256034851], [4.565183587896172, -3.0841783955693245], [-5.920462775568012, -1.9414077941328287]]]], "centroids": [[-0.03965569529100321, 0.03544069454073906, 6.0]], "h": 6.0}, "mtl": {"face": 0}}], "featureCount": 4, "startIndex": 0}