{"type": "block", "layer": 0, "block": 0, "features": [{"geom": {"polygons": [[[[-4.958934720722027, 0.45729453675448895], [-4.958934720722027, 4.788438908755779], [-3.318623493920313, 4.230639968067408], [-4.958934720722027, 0.45729453675448895]]]], "centroids": [[-4.412164311797824, 3.1587911378592253, 3.0]], "h": 3.0}, "mtl": {"face": 0}}, {"geom": {"polygons": [[[[-4.958934720722027, -0.8575417958199978], [-4.958934720722027, -0.8563614804297686], [-4.671526192192687, -0.2860024515539408], [-2.7597862610709853, 4.040603578090668], [0.5796739394718315, 2.9049975257366896], [4.958934720722027, 1.4648198243230581], [4.958934720722027, 1.4631960708647966], [3.0902047762065195, -4.040603579953313], [-4.958934720722027, -0.8575417958199978]]]], "centroids": [[0.1312887533858884, 0.09871967695653439, 3.0]], "h": 3.0}, "mtl": {"face": 0}}, {"geom": {"polygons": [[[[-4.958934720722027, -0.8575417958199978], [-4.958934720722027, -0.8563614804297686], [-4.671526192192687, -0.2860024515539408], [-2.759786261507543, 4.040603578090668], [0.5796738640638068, 2.904997544363141], [0.8085738345398568, 2.829720774665475], [4.958934720722027, 1.4648198243230581], [4.958934720722027, 1.4631960708647966], [3.0902047762065195, -4.040603579953313], [-4.958934720722027, -0.8575417958199978]]]], "centroids": [[0.13128875350230373, 0.09871967695653439, 6.0]], "h": 6.0}, "mtl": {"face": 1}}], "featureCount": 3, "startIndex": 0}