{"type": "block", "layer": 1, "block": 0, "features": [{"geom": {"triangles": {"v": [-14.198776192206424, 8.18899754807353, 3.0, -15.495651192206424, 0.1889975480735302, 3.0, -5.214401192206424, -2.81100245192647, 3.0, 0.5824738077935763, 3.18899754807353, 3.0, 11.707473807793576, -8.81100245192647, 3.0, 13.238723807793576, -0.8110024519264698, 3.0], "f": [0, 1, 2, 0, 2, 3, 3, 2, 4, 5, 3, 4]}, "centroids": [[-1.272128386364784, -0.5148434434086084, 3.0]]}, "mtl": 0}], "featureCount": 1, "startIndex": 0}