{"type": "block", "layer": 1, "block": 0, "features": [{"geom": {"triangles": {"v": [-33.39371060207486, 2.9939018934965134, 3.0, -29.92496060207486, 1.9939018934965134, 3.0, -28.17496060207486, 26.993901893496513, 3.0, -20.00308560207486, -0.006098106503486633, 3.0, 7.0281643979251385, 19.993901893496513, 3.0, -10.721835602074862, -2.0060981065034866, 3.0, -2.5030856020748615, -4.006098106503487, 3.0, -10.768710602074862, -2.0060981065034866, 3.0, 1.8719143979251385, -5.006098106503487, 3.0], "f": [0, 1, 2, 2, 1, 3, 4, 2, 3, 4, 3, 5, 5, 6, 4, 5, 7, 6, 6, 8, 4]}, "centroids": [[-13.051115669339197, 11.169810829684138, 3.0]]}, "mtl": 0}], "featureCount": 1, "startIndex": 0}