{"type": "block", "layer": 0, "block": 0, "features": [{"geom": {"polygons": [[[[-6.754523554845946, -1.2123663313686848], [-6.754523554845946, -1.2079213969409466], [-5.927738152153324, 3.9778767246752977], [6.754523554845946, 0.14077222347259521], [6.754523554845946, 0.1384940892457962], [5.413625255547231, -3.9778767228126526], [-2.4111101623857394, -1.4289871994405985], [-2.695550354925217, -2.461642300710082], [-6.754523554845946, -1.2123663313686848]]]], "centroids": [[-0.385239218827337, -0.09155338816344738, 3.0]], "h": 3.0}, "mtl": {"face": 0}}, {"geom": {"polygons": [[[[-6.754523554845946, -6.27801863476634], [-6.754523554845946, -1.2123663313686848], [-2.695550354925217, -2.461642300710082], [-3.5418899792130105, -6.754523554816842], [-5.157891598937567, -6.754523554816842], [-6.754523554845946, -6.27801863476634]]]], "centroids": [[-4.96823395229876, -4.126538412645459, 3.0]], "h": 3.0}, "mtl": {"face": 0}}, {"geom": {"polygons": [[[[5.553105179715203, -3.549692803993821], [6.754523554845946, 0.1384940892457962], [6.754523554845946, -6.754523554816842], [5.868394530902151, -6.754523554816842], [6.680763737822417, -3.882309816777706], [5.553105179715203, -3.549692803993821]]]], "centroids": [[6.391351318568923, -3.627930711954832, 3.0]], "h": 3.0}, "mtl": {"face": 0}}, {"geom": {"polygons": [[[[-6.754523554845946, -1.2123663313686848], [-6.754523554845946, -1.2079214099794626], [-5.927738149854122, 3.9778767246752977], [6.754523554845946, 0.14077222533524036], [6.754523554845946, 0.1384940817952156], [5.413625255547231, -3.9778767228126526], [-2.4111101623857394, -1.4289871994405985], [-2.695550354925217, -2.461642300710082], [-6.754523554845946, -1.2123663313686848]]]], "centroids": [[-0.3852392166154459, -0.09155338816344738, 6.0]], "h": 6.0}, "mtl": {"face": 1}}], "featureCount": 4, "startIndex": 0}