{"type": "block", "layer": 1, "block": 0, "features": [{"geom": {"triangles": {"v": [-5.934888151939958, 3.776876725256443, 3.0, -7.528638151939958, -6.223123274743557, 3.0, 23.00261184806004, -5.223123274743557, 3.0, 21.08073684806004, -14.223123274743557, 3.0], "f": [0, 1, 2, 1, 3, 2]}, "centroids": [[7.630080893577542, -5.338980179280043, 3.0]]}, "mtl": 0}], "featureCount": 1, "startIndex": 0}