{"type": "block", "layer": 1, "block": 0, "features": [{"geom": {"triangles": {"v": [-10.131257893139264, 5.978025184944272, 3.0, -11.740632893139264, -2.021974815055728, 3.0, 3.1031171068607364, -5.021974815055728, 3.0, 4.806242106860736, 2.978025184944272, 3.0], "f": [0, 1, 2, 0, 2, 3]}, "centroids": [[-3.5113836462260224, 0.5789641067385674, 3.0]]}, "mtl": 0}], "featureCount": 1, "startIndex": 0}