{"type": "block", "layer": 0, "block": 0, "features": [{"geom": {"polygons": [[[[-3.2318323001964018, -3.554583378136158], [-1.628922280506231, 4.547961780801415], [-1.626676585932728, 4.547961780801415], [3.231832300167298, 3.5228491500020027], [1.5318741358350962, -4.547961780801415], [1.529598201828776, -4.547961780801415], [-3.2318323001964018, -3.554583378136158]]]], "centroids": [[-0.021964698273222893, 0.006083866581320763, 3.0]], "h": 3.0}, "mtl": {"face": 0}}, {"geom": {"polygons": [[[[-3.9420444775314536, -3.022344086319208], [-3.548255182860885, -1.031783264130354], [-2.6652016757871024, -0.6903238967061043], [-2.226558407128323, 1.5269726794213057], [-2.9010822938289493, 2.2396032754331827], [-2.4618592168262694, 4.459826782345772], [-2.235241134709213, 4.547961780801415], [-1.626676585932728, 4.547961780801415], [3.231832300167298, 3.5228491500020027], [1.5318741358350962, -4.547961780801415], [1.529598201828776, -4.547961780801415], [-3.2318323001964018, -3.554583378136158], [-3.623157363035716, -3.471546594053507], [-3.9420444775314536, -3.022344086319208]]]], "centroids": [[-0.2829912700399291, 0.06278459168970585, 6.0]], "h": 6.0}, "mtl": {"face": 1}}], "featureCount": 2, "startIndex": 0}