{"type": "block", "layer": 1, "block": 0, "features": [{"geom": {"triangles": {"v": [-5.487843866314506, -1.8324088137596846, 3.0, -9.722218866314506, -21.832408813759685, 3.0, 0.10590613368549384, -23.832408813759685, 3.0, 4.293406133685494, -3.8324088137596846, 3.0, -4.472218866314506, 3.1675911862403154, 3.0, 5.262156133685494, 1.1675911862403154, 3.0], "f": [0, 1, 2, 3, 0, 2, 4, 0, 3, 4, 3, 5]}, "centroids": [[-2.210485465999227, -10.37827387265861, 3.0]]}, "mtl": 0}], "featureCount": 1, "startIndex": 0}