{"type": "block", "layer": 1, "block": 0, "features": [{"geom": {"triangles": {"v": [-0.7960611864109524, 5.4974576234817505, 3.0, -2.9523111864109524, -4.5025423765182495, 3.0, 6.891438813589048, -6.5025423765182495, 3.0, 8.938313813589048, 3.4974576234817505, 3.0], "f": [0, 1, 2, 0, 2, 3]}, "centroids": [[3.007552594935987, -0.7380022685974836, 3.0]]}, "mtl": 0}], "featureCount": 1, "startIndex": 0}