{"type": "block", "layer": 1, "block": 0, "features": [{"geom": {"triangles": {"v": [-11.212715511734132, 5.353363625705242, 3.0, -12.306465511734132, 0.35336362570524216, 3.0, 7.756034488265868, 1.3533636257052422, 3.0, 11.115409488265868, -4.646636374294758, 3.0, 12.302909488265868, 0.35336362570524216, 3.0], "f": [0, 1, 2, 2, 1, 3, 2, 3, 4]}, "centroids": [[-0.050946573523106053, -0.01869875192642212, 3.0]]}, "mtl": 0}], "featureCount": 1, "startIndex": 0}