{"type": "block", "layer": 1, "block": 0, "features": [{"geom": {"triangles": {"v": [-1.0734712457633577, 17.213149346411228, 3.0, -5.870346245763358, -4.786850653588772, 3.0, 0.004653754236642271, 17.213149346411228, 3.0, 0.03590375423664227, 17.213149346411228, 3.0, 3.5046537542366423, -5.786850653588772, 3.0, 16.582778754236642, 1.2131493464112282, 3.0, 18.910903754236642, 13.213149346411228, 3.0, 14.739028754236642, -8.786850653588772, 3.0], "f": [0, 1, 2, 0, 2, 3, 2, 1, 4, 5, 2, 4, 2, 5, 6, 5, 4, 7]}, "centroids": [[6.652352582052117, 4.333248820155859, 3.0]]}, "mtl": 0}], "featureCount": 1, "startIndex": 0}