{"type": "block", "layer": 1, "block": 0, "features": [{"geom": {"triangles": {"v": [-23.104195612540934, 12.051152493804693, 3.0, -24.651070612540934, 3.0511524938046932, 3.0, -16.057320612540934, 1.0511524938046932, 3.0, -11.463570612540934, -0.9488475061953068, 3.0, 4.270804387459066, 8.051152493804693, 3.0, 3.9895543874590658, 6.051152493804693, 3.0, -7.010445612540934, -1.9488475061953068, 3.0, 3.1926793874590658, 1.0511524938046932, 3.0, 1.9270543874590658, -3.9488475061953068, 3.0], "f": [0, 1, 2, 0, 2, 3, 0, 3, 4, 4, 3, 5, 3, 6, 5, 7, 5, 6, 7, 6, 8]}, "centroids": [[-9.751712156576104, 4.802959421649575, 3.0]]}, "mtl": 0}], "featureCount": 1, "startIndex": 0}