{"type": "block", "layer": 0, "block": 0, "features": [{"geom": {"polygons": [[[[-2.3436983748688363, -3.586070116609335], [-0.6394248092838097, 4.201782554388046], [-0.6373731104831677, 4.201782554388046], [2.3436983748688363, 3.562561461701989], [0.47188423573970795, -4.201782554388046], [0.46986269057379104, -4.201782554388046], [-2.3436983748688363, -3.586070116609335]]]], "centroids": [[-0.03304169338662177, 0.0308662261813879, 3.0]], "h": 3.0}, "mtl": {"face": 0}}, {"geom": {"polygons": [[[[-4.201782554300735, 2.4510613307356834], [-4.201782554300735, 4.201782554388046], [-2.3710743495903444, 4.201782554388046], [-2.761678112176014, 2.1225881949067116], [-4.201782554300735, 2.4510613307356834]]]], "centroids": [[-3.3546584384457674, 3.276194527745247, 6.0]], "h": 6.0}, "mtl": {"face": 1}}, {"geom": {"polygons": [[[[-4.201782554300735, 2.4510613307356834], [-4.201782554300735, 4.201782554388046], [-2.3710743497358635, 4.201782554388046], [-2.761678112176014, 2.1225881949067116], [-4.201782554300735, 2.4510613307356834]]]], "centroids": [[-3.354658438474871, 3.276194527745247, 3.0]], "h": 3.0}, "mtl": {"face": 0}}, {"geom": {"polygons": [[[[-4.201782554300735, 2.4510613307356834], [-4.201782554300735, 4.201782554388046], [-2.3710743497649673, 4.201782554388046], [-2.761678112176014, 2.1225881949067116], [-4.201782554300735, 2.4510613307356834]]]], "centroids": [[-3.354658438503975, 3.276194527745247, 9.0]], "h": 9.0}, "mtl": {"face": 2}}], "featureCount": 4, "startIndex": 0}