{"type": "block", "layer": 0, "block": 0, "features": [{"geom": {"polygons": [[[[-5.944864240678726, -5.281665790826082], [-4.096240055660019, 6.835816349834204], [-4.091243018978275, 6.835816349834204], [5.944864240678726, 5.433499999344349], [4.246958848554641, -6.835816349834204], [4.242383004719159, -6.835816349834204], [-5.944864240678726, -5.281665790826082]]]], "centroids": [[0.04399704042589292, 0.01967691257596016, 3.0]], "h": 3.0}, "mtl": {"face": 0}}, {"geom": {"polygons": [[[[-5.944864240678726, -5.281665790826082], [-4.096240055660019, 6.835816349834204], [-0.563946451380616, 6.835816349834204], [-0.631493452237919, 6.352395512163639], [2.770532532595098, 5.877040222287178], [2.8510244757926557, 6.453105513006449], [6.010864240699448, 6.012499999254942], [5.944864240678726, 5.433499999344349], [6.512864240678027, 5.3724999986588955], [5.958864240703406, 1.112499998882413], [5.358396424620878, 1.1955965235829353], [4.8300006208592094, -2.6226699743419886], [5.40686424067826, -2.7025000005960464], [4.859879872383317, -6.835816349834204], [4.242383004719159, -6.835816349834204], [-5.944864240678726, -5.281665790826082]]]], "centroids": [[0.29404119521495886, 0.11605622991919518, 6.0]], "h": 6.0}, "mtl": {"face": 1}}, {"geom": {"polygons": [[[[-5.944864240678726, -5.281665790826082], [-4.096240055660019, 6.835816349834204], [-0.563946451380616, 6.835816349834204], [-0.631493452237919, 6.352395512163639], [2.770532532595098, 5.877040222287178], [2.8510244757926557, 6.453105513006449], [6.010864240699448, 6.012499999254942], [5.944864240678726, 5.433499999344349], [6.512864240678027, 5.3724999986588955], [5.958864240703406, 1.112499998882413], [5.358396424620878, 1.1955965235829353], [4.8300006208592094, -2.6226699743419886], [5.40686424067826, -2.7025000005960464], [4.859879872383317, -6.835816349834204], [4.242383004719159, -6.835816349834204], [-5.944864240678726, -5.281665790826082]]]], "centroids": [[0.29404119521495886, 0.11605622991919518, 9.0]], "h": 9.0}, "mtl": {"face": 2}}, {"geom": {"polygons": [[[[-5.944864240678726, -5.281665790826082], [-4.096240055660019, 6.835816349834204], [0.10638129213475622, 6.835816349834204], [2.8510244757926557, 6.453105513006449], [6.010864240699448, 6.012499999254942], [6.583676759735681, 5.947205308824778], [6.512864240678027, 5.3724999986588955], [5.958864240703406, 1.112499998882413], [5.40686424067826, -2.7025000005960464], [4.859879872383317, -6.835816349834204], [4.242383004719159, -6.835816349834204], [-5.944864240678726, -5.281665790826082]]]], "centroids": [[0.4047503145702649, 0.2045277114957571, 12.0]], "h": 12.0}, "mtl": {"face": 3}}], "featureCount": 4, "startIndex": 0}