{"type": "block", "layer": 1, "block": 0, "features": [{"geom": {"triangles": {"v": [-5.564361574652139, 7.409126464277506, 3.0, -7.861236574652139, -2.590873535722494, 3.0, 3.935638425347861, -5.590873535722494, 3.0, 6.091888425347861, 4.409126464277506, 3.0], "f": [0, 1, 2, 0, 2, 3]}, "centroids": [[-0.8533445736393332, 0.7292747888714075, 3.0]]}, "mtl": 0}], "featureCount": 1, "startIndex": 0}