{"type": "block", "layer": 1, "block": 0, "features": [{"geom": {"triangles": {"v": [-10.69573711155681, 9.932029981166124, 3.0, -19.72698711155681, -1.0679700188338757, 3.0, 4.976137888443191, -19.067970018833876, 3.0, 11.47613788844319, 9.932029981166124, 3.0, 20.53863788844319, 2.9320299811661243, 3.0, 4.944887888443191, 13.932029981166124, 3.0, -2.2269871115568094, 19.932029981166124, 3.0], "f": [0, 1, 2, 2, 3, 0, 4, 3, 2, 5, 0, 3, 6, 0, 5]}, "centroids": [[0.7988423790666275, 0.7716009207069874, 3.0]]}, "mtl": 0}], "featureCount": 1, "startIndex": 0}