{"type": "block", "layer": 0, "block": 0, "features": [{"geom": {"polygons": [[[[-2.2431491142779123, -3.4147562086582184], [-1.6523058937164024, 3.7237059604376554], [-1.6479651564150117, 3.7237059604376554], [2.2431491142779123, 3.3874870035797358], [1.6286932750372216, -3.7237059604376554], [1.6239996362419333, -3.7237059604376554], [-2.2431491142779123, -3.4147562086582184]]]], "centroids": [[-0.006712007103487849, -0.0027870647609233856, 3.0]], "h": 3.0}, "mtl": {"face": 0}}], "featureCount": 1, "startIndex": 0}