{"type": "block", "layer": 1, "block": 0, "features": [{"geom": {"triangles": {"v": [-13.566332443180727, 6.841570101678371, 3.0, -15.410082443180727, -0.15842989832162857, 3.0, 4.261792556819273, -5.158429898321629, 3.0, 5.980542556819273, 2.8415701016783714, 3.0], "f": [0, 1, 2, 3, 0, 2]}, "centroids": [[-4.71051909882226, 1.06751399487257, 3.0]]}, "mtl": 0}], "featureCount": 1, "startIndex": 0}