{"type": "block", "layer": 1, "block": 0, "features": [{"geom": {"triangles": {"v": [1.782506691699382, 13.28359023295343, 3.0, -13.936243308300618, 12.28359023295343, 3.0, 2.001256691699382, 6.283590232953429, 3.0, -11.904993308300618, -8.71640976704657, 3.0, 2.470006691699382, -5.716409767046571, 3.0], "f": [0, 1, 2, 1, 3, 2, 2, 3, 4]}, "centroids": [[-5.55682510783663, 3.1391533985733986, 3.0]]}, "mtl": 0}], "featureCount": 1, "startIndex": 0}