{"type": "block", "layer": 0, "block": 0, "features": [{"geom": {"polygons": [[[[-4.633417899516644, -0.7508338503539562], [-4.633417899516644, -0.7484855018556118], [-3.9546622509660665, 2.5489324368536472], [4.633417899516644, 0.7476293817162514], [4.633417899516644, 0.7453326936811209], [3.9393843094585463, -2.5489324387162924], [-4.633417899516644, -0.7508338503539562]]]], "centroids": [[-0.0037175738252699375, -0.0003117769956588745, 3.0]], "h": 3.0}, "mtl": {"face": 0}}, {"geom": {"polygons": [[[[-4.633417899516644, -0.748485503718257], [-4.633417899516644, 4.633417898789048], [-3.5255821925238706, 4.633417898789048], [-4.633417899516644, -0.748485503718257]]]], "centroids": [[-4.264139330538455, 2.8394500967115164, 3.0]], "h": 3.0}, "mtl": {"face": 0}}, {"geom": {"polygons": [[[[3.9393843092548195, -2.5489324405789375], [4.633417899516644, 0.7453326936811209], [4.633417899516644, -2.694502206519246], [3.9393843092548195, -2.5489324405789375]]]], "centroids": [[4.402073369448772, -1.499367319047451, 3.0]], "h": 3.0}, "mtl": {"face": 0}}, {"geom": {"polygons": [[[[3.939384309342131, -2.5489324405789375], [4.633417899516644, 0.7453326936811209], [4.633417899516644, -2.694502206519246], [3.939384309342131, -2.5489324405789375]]]], "centroids": [[4.402073369448772, -1.4993673171848059, 6.0]], "h": 6.0}, "mtl": {"face": 1}}], "featureCount": 4, "startIndex": 0}