{"type": "block", "layer": 1, "block": 0, "features": [{"geom": {"triangles": {"v": [11.274048451246927, 6.06902727112174, 3.0, -8.335326548753073, 10.06902727112174, 3.0, -10.257201548753073, 0.06902727112174034, 3.0, 9.242798451246927, -3.9309727288782597, 3.0], "f": [0, 1, 2, 0, 2, 3]}, "centroids": [[0.4475798014900647, 3.287338886409998, 3.0]]}, "mtl": 0}], "featureCount": 1, "startIndex": 0}