{"type": "block", "layer": 0, "block": 0, "features": [{"geom": {"polygons": [[[[-3.265434842585819, -2.645644588395953], [-1.344995265128091, 3.9812846556305885], [-1.3435059049515985, 3.9812846556305885], [3.2654348426149227, 2.645644588395953], [1.3449952695227694, -3.9812846556305885], [1.343505909346277, -3.9812846556305885], [-3.265434842585819, -2.645644588395953]]]], "centroids": [[8.440110832452774e-10, 0.0, 3.0]], "h": 3.0}, "mtl": {"face": 0}}, {"geom": {"polygons": [[[[0.09584347065538168, 3.564170876517892], [0.21672024216968566, 3.9812846556305885], [3.652494362089783, 3.9812846556305885], [3.2654348426149227, 2.645644588395953], [0.09584347065538168, 3.564170876517892]]]], "centroids": [[2.09608367405599, 3.5029835775494576, 3.0]], "h": 3.0}, "mtl": {"face": 0}}, {"geom": {"polygons": [[[[-3.247385774506256, -3.9812846556305885], [-3.0196308531449176, -2.716876933351159], [1.3435059023904614, -3.9812846556305885], [-3.247385774506256, -3.9812846556305885]]]], "centroids": [[-1.641170241724467, -3.559815414249897, 3.0]], "h": 3.0}, "mtl": {"face": 0}}, {"geom": {"polygons": [[[[-3.265434842585819, -2.645644588395953], [-1.344995265128091, 3.9812846556305885], [-1.3435059049515985, 3.9812846556305885], [3.2654348426149227, 2.645644588395953], [1.3449952697556, -3.9812846556305885], [1.3435059025941882, -3.9812846556305885], [-3.265434842585819, -2.645644588395953]]]], "centroids": [[8.440110832452774e-10, -1.862645149230957e-09, 6.0]], "h": 6.0}, "mtl": {"face": 1}}], "featureCount": 4, "startIndex": 0}