{"type": "block", "layer": 1, "block": 0, "features": [{"geom": {"triangles": {"v": [-4.724274999985937, 7.932500001043081, 3.0, -5.443024999985937, -8.067499998956919, 3.0, -1.474274999985937, -8.067499998956919, 3.0, 3.275725000014063, 7.932500001043081, 3.0, 4.385100000014063, -8.067499998956919, 3.0, 5.447600000014063, -8.067499998956919, 3.0], "f": [0, 1, 2, 0, 2, 3, 3, 2, 4, 3, 4, 5]}, "centroids": [[-0.32327621534932405, -0.28276271745562553, 3.0]]}, "mtl": 0}], "featureCount": 1, "startIndex": 0}