{"type": "block", "layer": 1, "block": 0, "features": [{"geom": {"triangles": {"v": [-1.1543251767288893, 5.888675270602107, 3.0, -3.2168251767288893, -4.111324729397893, 3.0, 16.42379982327111, -8.111324729397893, 3.0, 18.47067482327111, 0.888675270602107, 3.0], "f": [0, 1, 2, 3, 0, 2]}, "centroids": [[7.634424218093045, -1.4897075649350882, 3.0]]}, "mtl": 0}], "featureCount": 1, "startIndex": 0}