{"type": "block", "layer": 0, "block": 0, "features": [{"geom": {"polygons": [[[[-4.486003155296203, -7.7866305354982615], [-3.168864468985703, -1.420423885807395], [-1.7036602067528293, -1.7376326955854893], [-1.2982730819785502, 0.22093640081584454], [-2.7636383764911443, 0.5381800718605518], [-0.9208752726262901, 9.444919241592288], [-0.916264261410106, 9.444919241592288], [3.8859249320812523, 8.4176289960742], [2.0539992669946514, -0.5048124510794878], [3.4222731903137174, -0.8010363634675741], [3.0198832986934576, -2.76025434397161], [4.486003155325307, -3.0776613745838404], [3.178277198865544, -9.444919241592288], [3.1737201020878274, -9.444919241592288], [-4.486003155296203, -7.7866305354982615]]]], "centroids": [[0.3196067916287575, -0.8415616657584906, 3.0]], "h": 3.0}, "mtl": {"face": 0}}, {"geom": {"polygons": [[[[3.8859249320812523, 8.4176289960742], [6.72232015823829, 7.810863826423883], [4.888393047556747, -1.1184433940798044], [2.0539992671110667, -0.5048124510794878], [3.8859249320812523, 8.4176289960742]]]], "centroids": [[4.3878748461429495, 3.6514180563390255, 3.0]], "h": 3.0}, "mtl": {"face": 0}}, {"geom": {"polygons": [[[[-4.587309678754536, -8.276281526312232], [-3.168864480947377, -1.4204239435493946], [-1.7036602067528293, -1.7376326955854893], [-1.2982730819785502, 0.22093640081584454], [-2.7636383774515707, 0.5381800681352615], [-0.9208752725098748, 9.444919241592288], [1.6808288352622185, 9.444919241592288], [1.9798685239220504, 9.279508234933019], [2.3529371156182606, 9.020701901987195], [2.5908096341008786, 8.694681661203504], [3.8859249322558753, 8.4176289960742], [3.9712310914474074, 8.67339687421918], [4.065369879506761, 8.797008357942104], [4.187343786848942, 8.891957052052021], [4.283879156719195, 8.924549398943782], [4.418919459101744, 8.920471884310246], [4.653434672218282, 8.900040021166205], [4.88226415932877, 8.852335065603256], [6.839827230345691, 8.442911073565483], [6.72232015823829, 7.810863826423883], [5.793719073815737, 3.2895476203411818], [2.9593253635976, 3.9031789042055607], [2.0539992671110667, -0.5048124510794878], [3.4222731903137174, -0.8010363634675741], [3.0198832986934576, -2.76025434397161], [4.486003155325307, -3.0776613745838404], [3.178277017461369, -9.444919241592288], [0.811436808318831, -9.444919241592288], [-4.587309678754536, -8.276281526312232]]]], "centroids": [[0.8416490302770399, -0.12056929804384708, 6.0]], "h": 6.0}, "mtl": {"face": 1}}, {"geom": {"polygons": [[[[2.959325363539392, 3.9031789042055607], [5.793718425062252, 3.2895473428070545], [4.888393047556747, -1.1184433940798044], [2.0539992671110667, -0.5048124510794878], [2.959325363539392, 3.9031789042055607]]]], "centroids": [[3.9238589710439555, 1.392367536202073, 6.0]], "h": 6.0}, "mtl": {"face": 1}}, {"geom": {"polygons": [[[[-4.58730967817246, -8.276281526312232], [-3.1688644803653006, -1.4204239435493946], [-1.7036602061707526, -1.7376326955854893], [-1.2982730813964736, 0.22093640081584454], [-2.763638376869494, 0.5381800681352615], [-0.9208752719277982, 9.444919241592288], [1.680828835844295, 9.444919241592288], [1.979868524504127, 9.279508234933019], [2.352937116200337, 9.020701901987195], [2.590809634682955, 8.694681661203504], [3.885924932837952, 8.4176289960742], [3.971231092029484, 8.67339687421918], [4.065369880088838, 8.797008357942104], [4.187343787431018, 8.891957052052021], [4.283879157301271, 8.924549398943782], [4.418919459683821, 8.920471884310246], [4.653434672800358, 8.900040021166205], [4.8822641599108465, 8.852335065603256], [6.839827230927767, 8.442911073565483], [6.72232015823829, 7.810863826423883], [5.793718992907088, 3.28954722173512], [2.9593253635976, 3.9031789042055607], [2.0539992676931433, -0.5048124510794878], [3.422273190895794, -0.8010363634675741], [3.0198832992755342, -2.76025434397161], [4.486003155907383, -3.0776613745838404], [3.1782770174904726, -9.444919241592288], [0.811436808493454, -9.444919241592288], [-4.58730967817246, -8.276281526312232]]]], "centroids": [[0.8416490497183986, -0.12056927941739559, 9.0]], "h": 9.0}, "mtl": {"face": 2}}, {"geom": {"polygons": [[[[2.959325363539392, 3.9031789042055607], [5.793718425062252, 3.2895473428070545], [4.888393047556747, -1.1184433940798044], [2.0539992671110667, -0.5048124510794878], [2.959325363539392, 3.9031789042055607]]]], "centroids": [[3.9238589710439555, 1.392367536202073, 9.0]], "h": 9.0}, "mtl": {"face": 2}}, {"geom": {"polygons": [[[[-4.58730967817246, -8.276281526312232], [-3.1688644803653006, -1.4204239435493946], [-1.7036602061707526, -1.7376326955854893], [-1.2982730813964736, 0.22093640081584454], [-2.763638376869494, 0.5381800681352615], [-0.9208752719277982, 9.444919241592288], [1.680828835844295, 9.444919241592288], [1.979868524504127, 9.279508234933019], [2.352937116200337, 9.020701901987195], [2.590809634682955, 8.694681661203504], [3.885924932837952, 8.4176289960742], [3.971231092029484, 8.67339687421918], [4.065369880088838, 8.797008357942104], [4.187343787431018, 8.891957052052021], [4.283879157301271, 8.924549398943782], [4.418919459683821, 8.920471884310246], [4.653434672800358, 8.900040021166205], [4.8822641599108465, 8.852335065603256], [6.839827230927767, 8.442911073565483], [6.72232015823829, 7.810863826423883], [5.793718425091356, 3.2895473428070545], [2.959325363539392, 3.9031789042055607], [2.0539992676931433, -0.5048124510794878], [3.422273190895794, -0.8010363634675741], [3.0198832992755342, -2.76025434397161], [4.486003155907383, -3.0776613745838404], [3.178277199185686, -9.444919241592288], [0.8114368070382625, -9.444919241592288], [-4.58730967817246, -8.276281526312232]]]], "centroids": [[0.8416490061499644, -0.1205693669617176, 12.0]], "h": 12.0}, "mtl": {"face": 3}}, {"geom": {"polygons": [[[[2.9592749728180934, 3.9029306676238775], [5.7936680343409535, 3.2892991062253714], [4.8883936151105445, -1.1184435170143843], [2.053999835246941, -0.5048125740140676], [2.9592749728180934, 3.9029306676238775]]]], "centroids": [[3.923834059620276, 1.3922433573752642, 12.0]], "h": 12.0}, "mtl": {"face": 3}}, {"geom": {"polygons": [[[[-4.58730967817246, -8.276281526312232], [-3.168864480947377, -1.4204239435493946], [-1.7036602067528293, -1.7376326955854893], [-1.2982730813964736, 0.22093640081584454], [-2.7636383774515707, 0.5381800681352615], [-0.9208752726262901, 9.444919241592288], [2.633860111818649, 9.444919241592288], [6.858112149202498, 8.541262026876211], [6.72232015823829, 7.810863826423883], [5.793718992907088, 3.28954722173512], [2.959325363539392, 3.9031789042055607], [2.0539992676931433, -0.5048124510794878], [3.4222731903137174, -0.8010363634675741], [3.0198832992755342, -2.76025434397161], [4.486003155325307, -3.0776613745838404], [3.178277017461369, -9.444919241592288], [0.811436808493454, -9.444919241592288], [-4.58730967817246, -8.276281526312232]]]], "centroids": [[0.877674758725334, 0.0005151629447937012, 15.0]], "h": 15.0}, "mtl": {"face": 4}}, {"geom": {"polygons": [[[[2.9592744052642956, 3.9029307905584574], [5.793667466787156, 3.289299229159951], [4.888393047556747, -1.1184433940798044], [2.0539992676931433, -0.5048124510794878], [2.9592744052642956, 3.9029307905584574]]]], "centroids": [[3.9238334920664784, 1.3922434784471989, 15.0]], "h": 15.0},