{"type": "block", "layer": 1, "block": 0, "features": [{"geom": {"triangles": {"v": [-4.944679841748439, -9.714136173948646, 3.0, -5.085304841748439, -10.714136173948646, 3.0, 2.6021951582515612, -12.714136173948646, 3.0, 6.727195158251561, 8.285863826051354, 3.0, -0.9134298417484388, 9.285863826051354, 3.0], "f": [0, 1, 2, 0, 2, 3, 4, 0, 3]}, "centroids": [[0.8285144755500369, -1.4244465585798025, 3.0]]}, "mtl": 0}], "featureCount": 1, "startIndex": 0}