{"type": "block", "layer": 0, "block": 0, "features": [{"geom": {"polygons": [[[[-3.921257556619821, -3.6180496104061604], [-2.044366391201038, 4.992451095953584], [-2.04202867418644, 4.992451095953584], [3.9212575565907173, 3.6566068436950445], [2.1391275842033792, -4.992451095953584], [2.1368239054863807, -4.992451095953584], [-3.921257556619821, -3.6180496104061604]]]], "centroids": [[0.02215321536641568, -0.0023264028131961823, 3.0]], "h": 3.0}, "mtl": {"face": 0}}, {"geom": {"polygons": [[[[2.8875234321749303, -1.3603259697556496], [3.9212575565907173, 3.6566068436950445], [4.9924510959826875, 3.4166472516953945], [4.9924510959826875, -1.8093690760433674], [2.8875234321749303, -1.3603259697556496]]]], "centroids": [[4.170040406053886, 0.6985605880618095, 3.0]], "h": 3.0}, "mtl": {"face": 0}}, {"geom": {"polygons": [[[[-3.921257556619821, -3.6180496104061604], [-2.044366391201038, 4.992451095953584], [-2.04202867418644, 4.992451095953584], [3.9212575565907173, 3.6566068436950445], [2.1391275842033792, -4.992451095953584], [2.1368239054863807, -4.992451095953584], [-3.921257556619821, -3.6180496104061604]]]], "centroids": [[0.02215321536641568, -0.0023264028131961823, 6.0]], "h": 6.0}, "mtl": {"face": 1}}], "featureCount": 3, "startIndex": 0}