{"type": "block", "layer": 1, "block": 0, "features": [{"geom": {"triangles": {"v": [-22.446383389091352, 2.3833723813295364, 3.0, -28.649508389091352, -22.616627618670464, 3.0, 9.303616610908648, -6.616627618670464, 3.0, -10.930758389091352, 7.383372381329536, 3.0, -20.243258389091352, 10.383372381329536, 3.0, 9.897366610908648, -0.6166276186704636, 3.0, 1.787991610908648, -35.616627618670464, 3.0], "f": [0, 1, 2, 3, 0, 2, 4, 0, 3, 5, 3, 2, 1, 6, 2]}, "centroids": [[-9.045829624606995, -12.109133979305625, 3.0]]}, "mtl": 0}], "featureCount": 1, "startIndex": 0}