{"type": "block", "layer": 1, "block": 0, "features": [{"geom": {"triangles": {"v": [-3.506029302981915, 4.165656570345163, 3.0, -12.146654302981915, 1.1656565703451633, 3.0, -12.662279302981915, -1.8343434296548367, 3.0, -11.568529302981915, 4.165656570345163, 3.0, -11.365404302981915, 5.165656570345163, 3.0, 4.275220697018085, -4.834343429654837, 3.0, 4.806470697018085, 3.1656565703451633, 3.0, 5.337720697018085, 3.1656565703451633, 3.0], "f": [0, 1, 2, 0, 3, 1, 4, 3, 0, 2, 5, 0, 5, 6, 0, 7, 6, 5]}, "centroids": [[-3.580833761545364, 0.5083858035504818, 3.0]]}, "mtl": 0}], "featureCount": 1, "startIndex": 0}