{"type": "block", "layer": 1, "block": 0, "features": [{"geom": {"triangles": {"v": [-5.406793405243661, 7.134125761687756, 3.0, -7.938043405243661, -4.865874238312244, 3.0, 13.186956594756339, -8.865874238312244, 3.0, 15.921331594756339, 3.1341257616877556, 3.0], "f": [0, 1, 2, 0, 2, 3]}, "centroids": [[3.9723209009098355, -0.7994647175073624, 3.0]]}, "mtl": 0}], "featureCount": 1, "startIndex": 0}