{"type": "block", "layer": 0, "block": 0, "features": [{"geom": {"polygons": [[[[-3.4571209150890354, -3.0386537332087755], [-1.4052436040656175, 4.517894430086017], [-1.4035900138842408, 4.517894430086017], [3.4571209151181392, 3.0832823738455772], [1.2998829096904956, -4.517894430086017], [1.2983021309773903, -4.517894430086017], [-3.4571209150890354, -3.0386537332087755]]]], "centroids": [[-0.019480118004139513, 0.021287646144628525, 3.0]], "h": 3.0}, "mtl": {"face": 0}}, {"geom": {"polygons": [[[[2.732984214031603, -4.517894430086017], [3.461544157937169, -2.175739597529173], [4.517894430318847, -2.491089791059494], [4.517894430318847, -4.517894430086017], [2.732984214031603, -4.517894430086017]]]], "centroids": [[3.772315123147564, -3.5083599481731653, 3.0]], "h": 3.0}, "mtl": {"face": 0}}], "featureCount": 2, "startIndex": 0}