{"type": "block", "layer": 0, "block": 0, "features": [{"geom": {"polygons": [[[[-4.057323174056364, -2.761954851448536], [-4.057323174056364, -2.753675378859043], [-3.83692116336897, 1.7740754764527082], [4.057323174056364, 2.7619604524224997], [4.057323174056364, 2.757199862971902], [3.6825512156938203, -1.686580965295434], [-4.057323174056364, -2.761954851448536]]]], "centroids": [[-0.05385955286328681, 0.027529235929250717, 3.0]], "h": 3.0}, "mtl": {"face": 0}}, {"geom": {"polygons": [[[[-4.057323174056364, -2.761954851448536], [-4.057323174056364, -2.753675378859043], [-3.83692116336897, 1.7740754764527082], [4.057323174056364, 2.7619604524224997], [4.057323174056364, 2.757199862971902], [3.6825512156938203, -1.686580965295434], [-4.057323174056364, -2.761954851448536]]]], "centroids": [[-0.05385955286328681, 0.027529235929250717, 6.0]], "h": 6.0}, "mtl": {"face": 1}}], "featureCount": 2, "startIndex": 0}