{"type": "block", "layer": 1, "block": 0, "features": [{"geom": {"triangles": {"v": [-3.795757906511426, 3.849865924566984, 3.0, -7.561382906511426, -14.150134075433016, 3.0, 4.985492093488574, 1.8498659245669842, 3.0, 1.235492093488574, -16.150134075433016, 3.0], "f": [0, 1, 2, 1, 3, 2]}, "centroids": [[-1.2852122329350095, -6.007095944136381, 3.0]]}, "mtl": 0}], "featureCount": 1, "startIndex": 0}