{"type": "block", "layer": 1, "block": 0, "features": [{"geom": {"triangles": {"v": [-6.8002401376725174, -14.591447176411748, 3.0, -7.8783651376725174, -21.591447176411748, 3.0, -0.47211513767251745, -22.591447176411748, 3.0, 3.6841348623274826, 5.408552823588252, 3.0, -3.2533651376725174, 6.408552823588252, 3.0], "f": [0, 1, 2, 0, 2, 3, 4, 0, 3]}, "centroids": [[-2.051243679889012, -8.402126010507345, 3.0]]}, "mtl": 0}], "featureCount": 1, "startIndex": 0}