{"type": "block", "layer": 1, "block": 0, "features": [{"geom": {"triangles": {"v": [-4.191783519636374, 4.999320551753044, 3.0, -5.973033519636374, -3.000679448246956, 3.0, 15.183216480363626, -0.0006794482469558716, 3.0, 13.480091480363626, -7.000679448246956, 3.0], "f": [0, 1, 2, 1, 3, 2]}, "centroids": [[4.630098384979647, -1.0789860878139734, 3.0]]}, "mtl": 0}], "featureCount": 1, "startIndex": 0}