{"type": "block", "layer": 0, "block": 0, "features": [{"geom": {"polygons": [[[[-1.8256273255683482, -1.7101411893963814], [-0.9840598578448407, 2.301493702456355], [-0.9829143616079818, 2.301493702456355], [1.8256273255392443, 1.7123131360858679], [0.9944126099871937, -2.301493702456355], [0.9932677428296302, -2.301493702456355], [-1.8256273255683482, -1.7101411893963814]]]], "centroids": [[0.00233196237240918, -0.0006870385259389877, 3.0]], "h": 3.0}, "mtl": {"face": 0}}, {"geom": {"polygons": [[[[-2.3014937027182896, -1.2245991360396147], [-2.3014937027182896, 2.301493702456355], [-0.9840598577866331, 2.301493702456355], [-1.7481224575312808, -1.3406862802803516], [-2.3014937027182896, -1.2245991360396147]]]], "centroids": [[-1.8048446688626427, 0.7476467210799456, 3.0]], "h": 3.0}, "mtl": {"face": 0}}, {"geom": {"polygons": [[[[-0.5585915015835781, -2.301493702456355], [-0.49343327240785584, -1.9896110817790031], [0.9932677465549204, -2.301493702456355], [-0.5585915015835781, -2.301493702456355]]]], "centroids": [[-0.019585675821872428, -2.1975328288972378, 3.0]], "h": 3.0}, "mtl": {"face": 0}}, {"geom": {"polygons": [[[[-2.3014937027182896, -1.2245991360396147], [-2.3014937027182896, 2.301493702456355], [-0.9840598575829063, 2.301493702456355], [-1.748122457502177, -1.3406862802803516], [-2.3014937027182896, -1.2245991360396147]]]], "centroids": [[-1.804844668804435, 0.7476467210799456, 6.0]], "h": 6.0}, "mtl": {"face": 1}}], "featureCount": 4, "startIndex": 0}