{"type": "block", "layer": 1, "block": 0, "features": [{"geom": {"triangles": {"v": [-8.899066886981018, 3.642601478844881, 3.0, -10.758441886981018, -5.357398521155119, 3.0, -0.008441886981017888, -7.357398521155119, 3.0, 1.8196831130189821, 1.642601478844881, 3.0], "f": [0, 1, 2, 0, 2, 3]}, "centroids": [[-4.467269275046419, -1.602391229942441, 3.0]]}, "mtl": 0}], "featureCount": 1, "startIndex": 0}