{"type": "block", "layer": 1, "block": 0, "features": [{"geom": {"triangles": {"v": [-0.68685141421156, 18.075895074754953, 3.0, -4.73372641421156, -1.9241049252450466, 3.0, 3.53189858578844, -2.9241049252450466, 3.0, 9.14127358578844, 16.075895074754953, 3.0, 4.96939858578844, -3.9241049252450466, 3.0], "f": [0, 1, 2, 0, 2, 3, 2, 4, 3]}, "centroids": [[2.1798728799039964, 7.24397898837924, 3.0]]}, "mtl": 0}], "featureCount": 1, "startIndex": 0}