{"type": "block", "layer": 1, "block": 0, "features": [{"geom": {"triangles": {"v": [-9.50074164904072, 6.326320370659232, 3.0, -11.31324164904072, -2.673679629340768, 3.0, -9.31324164904072, 6.326320370659232, 3.0, -3.1882416490407195, 5.326320370659232, 3.0, 3.5773833509592805, -4.673679629340768, 3.0, 5.5773833509592805, 4.326320370659232, 3.0], "f": [0, 1, 2, 2, 1, 3, 3, 1, 4, 3, 4, 5]}, "centroids": [[-2.9081300992693286, 0.7141852751374245, 3.0]]}, "mtl": 0}], "featureCount": 1, "startIndex": 0}