{"type": "block", "layer": 1, "block": 0, "features": [{"geom": {"triangles": {"v": [-1.996242339577293, 0.699309341609478, 3.0, -2.855617339577293, -3.300690658390522, 3.0, 19.238132660422707, -6.300690658390522, 3.0, 20.128757660422707, 0.699309341609478, 3.0, -1.433742339577293, 3.699309341609478, 3.0], "f": [0, 1, 2, 3, 0, 2, 4, 0, 3]}, "centroids": [[8.790396877651801, -1.3400890603661537, 3.0]]}, "mtl": 0}], "featureCount": 1, "startIndex": 0}