{"type": "block", "layer": 1, "block": 0, "features": [{"geom": {"triangles": {"v": [-5.409097049763659, 4.208492785692215, 3.0, -6.330972049763659, -0.791507214307785, 3.0, 22.30965295023634, -6.791507214307785, 3.0, -4.455972049763659, 10.208492785692215, 3.0, 36.15340295023634, 2.208492785692215, 3.0, 33.98152795023634, -8.791507214307785, 3.0], "f": [0, 1, 2, 3, 0, 2, 4, 3, 2, 4, 2, 5]}, "centroids": [[14.808025927777635, 0.6380398310720921, 3.0]]}, "mtl": 0}], "featureCount": 1, "startIndex": 0}