{"type": "block", "layer": 0, "block": 0, "features": [{"geom": {"polygons": [[[[-5.393691991135711, -4.522035602480173], [-3.198275354458019, 6.21356813237071], [-3.195104791841004, 6.21356813237071], [5.393691991164815, 4.45990477129817], [4.88479846942937, 2.0295234322547913], [3.1709857913374435, -6.21356813237071], [3.1677113843907136, -6.21356813237071], [-5.393691991135711, -4.522035602480173]]]], "centroids": [[-0.010324786708224565, -0.010813375934958458, 3.0]], "h": 3.0}, "mtl": {"face": 0}}], "featureCount": 1, "startIndex": 0}