{"type": "block", "layer": 1, "block": 0, "features": [{"geom": {"triangles": {"v": [0.24239063341519795, 9.068805858492851, 3.0, -9.710734366584802, -5.931194141507149, 3.0, -1.288859366584802, -7.931194141507149, 3.0, 7.117390633415198, 5.068805858492851, 3.0, -1.351359366584802, -7.931194141507149, 3.0], "f": [0, 1, 2, 0, 2, 3, 1, 4, 2]}, "centroids": [[-1.0433802175102755, 0.2786154579371214, 3.0]]}, "mtl": 0}], "featureCount": 1, "startIndex": 0}