{"type": "block", "layer": 0, "block": 0, "features": [{"geom": {"polygons": [[[[-10.906961590779247, -2.348801849409938], [-10.906961590779247, -2.3418882098048925], [-9.387152395502198, 6.944446757435799], [10.906961590779247, 2.3870986718684435], [10.906961590779247, 2.3806879334151745], [9.25722731402493, -6.944446759298444], [-10.906961590779247, -2.348801849409938]]]], "centroids": [[-0.01990452193422243, 0.011463452130556107, 3.0]], "h": 3.0}, "mtl": {"face": 0}}, {"geom": {"polygons": [[[[-10.906961590779247, -2.3488018475472927], [-10.906961590779247, 2.908458210527897], [-10.850556315446738, 3.241324270144105], [-10.771239824796794, 3.619548913091421], [-10.677552395500243, 3.994467182084918], [-10.52455239550909, 4.009446756914258], [-10.01219321283861, 7.084809061139822], [10.906961590779247, 2.3870986718684435], [10.906961590779247, 2.3806879352778196], [9.257227313850308, -6.944446759298444], [-10.906961590779247, -2.3488018475472927]]]], "centroids": [[-0.2838055409374647, 0.09392471425235271, 6.0]], "h": 6.0}, "mtl": {"face": 1}}], "featureCount": 2, "startIndex": 0}