{"type": "block", "layer": 1, "block": 0, "features": [{"geom": {"triangles": {"v": [-9.386427395511419, 7.251446757465601, 3.0, -10.902052395511419, -2.748553242534399, 3.0, 12.426072604488581, 2.251446757465601, 3.0, 10.910447604488581, -7.748553242534399, 3.0], "f": [0, 1, 2, 1, 3, 2]}, "centroids": [[0.7749082631780766, -0.17342405952513218, 3.0]]}, "mtl": 0}], "featureCount": 1, "startIndex": 0}