{"type": "block", "layer": 1, "block": 0, "features": [{"geom": {"triangles": {"v": [4.048250695690513, -6.538519138470292, 3.0, -5.436124304309487, -3.538519138470292, 3.0, -5.826749304309487, -15.538519138470292, 3.0, 4.470125695690513, -3.538519138470292, 3.0, -5.264249304309487, 3.461480861529708, 3.0, 5.438875695690513, 3.461480861529708, 3.0, 2.8607506956905127, -15.538519138470292, 3.0], "f": [0, 1, 2, 1, 0, 3, 4, 1, 3, 4, 3, 5, 0, 2, 6]}, "centroids": [[-0.6444657614338212, -5.5929542649537325, 3.0]]}, "mtl": 0}], "featureCount": 1, "startIndex": 0}