{"type": "block", "layer": 1, "block": 0, "features": [{"geom": {"triangles": {"v": [-9.793339991592802, 3.9422851093113422, 3.0, -11.543339991592802, -4.057714890688658, 3.0, 11.831660008407198, -8.057714890688658, 3.0, 13.362910008407198, -1.0577148906886578, 3.0], "f": [0, 1, 2, 0, 2, 3]}, "centroids": [[0.9224060037522577, -2.3393988106399775, 3.0]]}, "mtl": 0}], "featureCount": 1, "startIndex": 0}