{"type": "block", "layer": 1, "block": 0, "features": [{"geom": {"triangles": {"v": [-0.8942097480758093, 4.21946719661355, 3.0, -3.0035847480758093, -5.78053280338645, 3.0, 0.04329025192419067, -6.78053280338645, 3.0, 18.73079025192419, 0.2194671966135502, 3.0, 16.69954025192419, -9.78053280338645, 3.0], "f": [0, 1, 2, 3, 0, 2, 3, 2, 4]}, "centroids": [[7.895212440460455, -3.137279050424695, 3.0]]}, "mtl": 0}], "featureCount": 1, "startIndex": 0}