{"type": "block", "layer": 1, "block": 0, "features": [{"geom": {"triangles": {"v": [-3.740869208064396, 5.881341781467199, 3.0, -5.803369208064396, -3.1186582185328007, 3.0, 14.196630791935604, 1.8813417814671993, 3.0, 12.290380791935604, -7.118658218532801, 3.0], "f": [0, 1, 2, 1, 3, 2]}, "centroids": [[4.249813889589859, -0.8115321788936853, 3.0]]}, "mtl": 0}], "featureCount": 1, "startIndex": 0}