{"type": "block", "layer": 0, "block": 0, "features": [{"geom": {"polygons": [[[[-5.067340959387366, -4.621146501973271], [-2.8537659146240912, 6.179316973313689], [-2.8504863626149017, 6.179316973313689], [5.067340959387366, 4.62735509313643], [2.851617789536249, -6.179316973313689], [2.8483515969710425, -6.179316973313689], [-5.067340959387366, -4.621146501973271]]]], "centroids": [[-0.0001280711148865521, 0.0015713386237621307, 6.0]], "h": 6.0}, "mtl": {"face": 0}}, {"geom": {"polygons": [[[[-5.067340959387366, -4.621146501973271], [-2.8537659146240912, 6.179316973313689], [-2.8504863626149017, 6.179316973313689], [5.067340959387366, 4.62735509313643], [2.851617789536249, -6.179316973313689], [2.8483515969710425, -6.179316973313689], [-5.067340959387366, -4.621146501973271]]]], "centroids": [[-0.0001280711148865521, 0.0015713386237621307, 9.0]], "h": 9.0}, "mtl": {"face": 1}}, {"geom": {"polygons": [[[[-5.067340959387366, -4.621146501973271], [-2.8537659146240912, 6.179316973313689], [-2.8504863626149017, 6.179316973313689], [5.067340959387366, 4.62735509313643], [2.851617789536249, -6.179316973313689], [2.8483515969710425, -6.179316973313689], [-5.067340959387366, -4.621146501973271]]]], "centroids": [[-0.0001280711148865521, 0.0015713386237621307, 3.0]], "h": 3.0}, "mtl": {"face": 2}}, {"geom": {"polygons": [[[[-5.067340959387366, -4.621146501973271], [-2.8537659144203644, 6.179316973313689], [-2.850486115377862, 6.179316973313689], [5.067340959387366, 4.62735509313643], [2.851617789536249, -6.179316973313689], [2.8483515969710425, -6.179316973313689], [-5.067340959387366, -4.621146501973271]]]], "centroids": [[-0.00012807155144400895, 0.0015713516622781754, 12.0]], "h": 12.0}, "mtl": {"face": 3}}], "featureCount": 4, "startIndex": 0}