{"type": "block", "layer": 0, "block": 0, "features": [{"geom": {"polygons": [[[[-5.734659726149403, -1.8144777063280344], [-5.734659726149403, -1.8113134298473597], [-4.9857532067690045, 2.146144349128008], [-2.6242802646302152, 1.815984569489956], [-2.185394573927624, 4.152411783114076], [5.734659726149403, 3.526494825258851], [5.734659726149403, 3.523376949131489], [4.3018945361545775, -4.152411784976721], [-5.734659726149403, -1.8144777063280344]]]], "centroids": [[0.4223456598701887, 0.22658508270978928, 3.0]], "h": 3.0}, "mtl": {"face": 0}}, {"geom": {"polygons": [[[[-5.734659726149403, -1.8144777063280344], [-5.734659726149403, 0.7654077243059874], [-5.468454984453274, 2.21363134495914], [-2.6242802646302152, 1.815984569489956], [-2.185394573927624, 4.152411783114076], [5.734659726149403, 3.526494825258851], [5.734659726149403, 3.523376949131489], [4.3018945361545775, -4.152411784976721], [-5.734659726149403, -1.8144777063280344]]]], "centroids": [[0.3082497588475235, 0.23635191097855568, 6.0]], "h": 6.0}, "mtl": {"face": 1}}, {"geom": {"polygons": [[[[-5.734659726149403, -1.8144777063280344], [-5.734659726149403, 0.7654077243059874], [-5.468454984453274, 2.21363134495914], [-2.6242802646302152, 1.815984569489956], [-2.185394573927624, 4.152411783114076], [5.734659726149403, 3.526494825258851], [5.734659726149403, 3.523376949131489], [4.3018945361545775, -4.152411784976721], [-5.734659726149403, -1.8144777063280344]]]], "centroids": [[0.3082497588475235, 0.23635191097855568, 9.0]], "h": 9.0}, "mtl": {"face": 2}}, {"geom": {"polygons": [[[[-3.408049033518182, -2.3564428165555], [-2.185394573927624, 4.152411783114076], [5.734659726149403, 3.526494825258851], [5.734659726149403, 3.523376949131489], [4.3018945361545775, -4.152411784976721], [-3.408049033518182, -2.3564428165555]]]], "centroids": [[1.2181068842182867, 0.27526209130883217, 12.0]], "h": 12.0}, "mtl": {"face": 3}}], "featureCount": 4, "startIndex": 0}