{"type": "block", "layer": 1, "block": 0, "features": [{"geom": {"triangles": {"v": [-10.143981069617439, 7.98903551697731, 3.0, -12.112731069617439, -4.01096448302269, 3.0, -8.534606069617439, 5.98903551697731, 3.0, -8.487731069617439, 6.98903551697731, 3.0, 7.277893930382561, -6.01096448302269, 3.0, 8.309143930382561, 3.98903551697731, 3.0], "f": [0, 1, 2, 0, 2, 3, 2, 1, 4, 2, 4, 5]}, "centroids": [[-1.8414736947452184, 0.23096554167568684, 3.0]]}, "mtl": 0}], "featureCount": 1, "startIndex": 0}