{"type": "block", "layer": 1, "block": 0, "features": [{"geom": {"triangles": {"v": [-10.181368629506323, 14.139794016256928, 3.0, -9.884493629506323, 13.139794016256928, 3.0, -2.0251186295063235, 17.13979401625693, 3.0, -5.1188686295063235, -4.860205983743072, 3.0, 8.021756370493677, -1.8602059837430716, 3.0, 2.8655063704936765, 18.13979401625693, 3.0], "f": [0, 1, 2, 2, 1, 3, 4, 2, 3, 5, 2, 4]}, "centroids": [[-1.0872074710205197, 6.42030056938529, 3.0]]}, "mtl": 0}], "featureCount": 1, "startIndex": 0}