{"type": "block", "layer": 0, "block": 0, "features": [{"geom": {"polygons": [[[[-3.9815609384386335, -2.4350151401013136], [-3.9815609384386335, -2.4324290603399277], [-3.0382167576754, 3.5452461410313845], [3.9815609384386335, 2.4374464973807335], [3.9815609384386335, 2.434817498549819], [3.05362351302756, -3.5452461391687393], [-3.9815609384386335, -2.4350151401013136]]]], "centroids": [[0.0036806864954996854, -0.0004848819226026535, 3.0]], "h": 3.0}, "mtl": {"face": 0}}, {"geom": {"polygons": [[[[-3.9815609384386335, 1.018248924985528], [-3.9815609384386335, 3.6941164322197437], [-3.5695401601842605, 3.629094932228327], [-3.9815609384386335, 1.018248924985528]]]], "centroids": [[-3.8442206789914053, 2.780486762523651, 3.0]], "h": 3.0}, "mtl": {"face": 0}}], "featureCount": 2, "startIndex": 0}