{"type": "block", "layer": 0, "block": 0, "features": [{"geom": {"polygons": [[[[-6.806410061370116, -3.678638156503439], [-6.806410061370116, 0.355689849704504], [-6.71088819054421, 0.8268413655459881], [-6.68701075820718, 0.9603467602282763], [-6.62920496071456, 1.0954295583069324], [-6.566964458703296, 1.184490144252777], [-6.488360317889601, 1.262908125296235], [-6.40976363493246, 1.3187184445559978], [-6.332552194129676, 1.3579758424311876], [-6.2715402841276955, 1.3801516704261303], [-6.20987346948823, 1.3955963645130396], [-6.585287196270656, 1.5132846552878618], [-5.630116689833812, 6.280728818848729], [-4.792290770914406, 6.10560473240912], [6.806410061370116, 3.680754704400897], [6.806410061370116, 3.6773657500743866], [4.755261120735668, -6.105604734271765], [-6.806410061370116, -3.678638156503439]]]], "centroids": [[-0.32321012669126503, 0.1205698736011982, 6.0]], "h": 6.0}, "mtl": {"face": 0}}, {"geom": {"polygons": [[[[4.755261120910291, -6.105604734271765], [6.806410061370116, 3.6773657500743866], [6.806410061370116, -6.5361713748425245], [4.755261120910291, -6.105604734271765]]]], "centroids": [[6.122693747893209, -2.988136785104871, 3.0]], "h": 3.0}, "mtl": {"face": 1}}, {"geom": {"polygons": [[[[4.755261121463263, -6.10560473240912], [6.806410061370116, 3.6773657482117414], [6.806410061370116, -6.536171372979879], [4.755261121463263, -6.10560473240912]]]], "centroids": [[6.1226937480969355, -2.988136786967516, 6.0]], "h": 6.0}, "mtl": {"face": 0}}, {"geom": {"polygons": [[[[-6.806410061370116, -3.678638156503439], [-6.806410061370116, -3.6751896664500237], [-4.792290770914406, 6.10560473240912], [6.806410061370116, 3.680754704400897], [6.806410061370116, 3.6773657500743866], [4.755261121143121, -6.10560473240912], [-6.806410061370116, -3.678638156503439]]]], "centroids": [[-0.007811141404090449, 0.0028026551008224487, 3.0]], "h": 3.0}, "mtl": {"face": 1}}], "featureCount": 4, "startIndex": 0}