{"type": "block", "layer": 1, "block": 0, "features": [{"geom": {"triangles": {"v": [4.008938511949964, -7.5077035296708345, 3.0, -3.787936488050036, 4.4922964703291655, 3.0, -7.866061488050036, -15.507703529670835, 3.0, 6.102688511949964, 2.4922964703291655, 3.0, 1.8839385119499639, -17.507703529670835, 3.0], "f": [0, 1, 2, 1, 0, 3, 0, 2, 4]}, "centroids": [[-0.9152327195042744, -6.38861383497715, 3.0]]}, "mtl": 0}], "featureCount": 1, "startIndex": 0}