{"type": "block", "layer": 0, "block": 0, "features": [{"geom": {"polygons": [[[[0.9468602454580832, -1.4406945314258337], [0.9693661681376398, -1.3373416792601347], [1.4406945306109264, 0.827116597443819], [1.4406945306109264, -1.4406945314258337], [0.9468602454580832, -1.4406945314258337]]]], "centroids": [[1.276083102246048, -0.6847574897110462, 3.0]], "h": 3.0}, "mtl": {"face": 0}}, {"geom": {"polygons": [[[[-1.4406945306109264, -0.8359441142529249], [-1.4406945306109264, -0.8351990263909101], [-1.0029630676144734, 1.3373416792601347], [1.4406945306109264, 0.8278083074837923], [1.4406945306109264, 0.827116597443819], [0.9693661681376398, -1.3373416792601347], [-1.4406945306109264, -0.8359441142529249]]]], "centroids": [[-0.00797284726286307, 0.0005065705627202988, 3.0]], "h": 3.0}, "mtl": {"face": 0}}], "featureCount": 2, "startIndex": 0}