{"type": "block", "layer": 0, "block": 0, "features": [{"geom": {"polygons": [[[[-7.3492678696638905, -1.2422105520963669], [-7.3492678696638905, -1.2389774806797504], [-6.236893844936276, 3.4710895903408527], [7.3492678696638905, 1.3393034860491753], [7.3492678696638905, 1.3361108358949423], [6.201096752862213, -3.471089592203498], [-7.3492678696638905, -1.2422105520963669]]]], "centroids": [[0.014661612280178815, 0.02085290662944317, 3.0]], "h": 3.0}, "mtl": {"face": 0}}, {"geom": {"polygons": [[[[-4.99152815551497, 7.349267870187759], [-2.899245620734291, 7.349267870187759], [-3.031486837164266, 6.823169218376279], [-4.99152815551497, 7.349267870187759]]]], "centroids": [[-3.640753537765704, 7.173901652917266, 3.0]], "h": 3.0}, "mtl": {"face": 0}}, {"geom": {"polygons": [[[[-7.3492678696638905, -1.2422105520963669], [-7.3492678696638905, -1.2389774825423956], [-6.236893844790757, 3.4710895903408527], [7.3492678696638905, 1.3393034860491753], [7.3492678696638905, 1.3361108358949423], [6.201096753007732, -3.471089592203498], [-7.3492678696638905, -1.2422105520963669]]]], "centroids": [[0.014661612454801798, 0.02085290662944317, 6.0]], "h": 6.0}, "mtl": {"face": 1}}], "featureCount": 3, "startIndex": 0}