{"type": "block", "layer": 1, "block": 0, "features": [{"geom": {"triangles": {"v": [-13.103815931302961, 8.619249684736133, 3.0, -15.322565931302961, -2.3807503152638674, 3.0, 1.661809068697039, -5.380750315263867, 3.0, 4.052434068697039, 4.619249684736133, 3.0], "f": [0, 1, 2, 0, 2, 3]}, "centroids": [[-5.682175711495802, 1.2990455869585276, 3.0]]}, "mtl": 0}], "featureCount": 1, "startIndex": 0}