{"type": "block", "layer": 0, "block": 0, "features": [{"geom": {"polygons": [[[[-4.889521269360557, -4.167605131864548], [-2.656637332547689, 5.991667989641428], [-2.653715702384943, 5.991667989641428], [3.0184485643694643, 4.773389717563987], [2.0556858376367018, -0.16328197345137596], [4.889521269389661, -0.7658615298569202], [3.8096359561313875, -5.991667989641428], [3.80665533352294, -5.991667989641428], [-4.889521269360557, -4.167605131864548]]]], "centroids": [[-0.11946940672351047, -0.40228003449738026, 3.0]], "h": 3.0}, "mtl": {"face": 0}}, {"geom": {"polygons": [[[[3.8096359561313875, -5.991667989641428], [4.7431325047509745, -1.4742694906890392], [5.991667988913832, -1.7322727553546429], [5.991667988913832, -5.991667989641428], [3.8096359561313875, -5.991667989641428]]]], "centroids": [[5.103037789085647, -3.988310683518648, 3.0]], "h": 3.0}, "mtl": {"face": 0}}, {"geom": {"polygons": [[[[-4.889521269360557, -4.167605131864548], [-2.656637332547689, 5.991667989641428], [-2.653715702384943, 5.991667989641428], [3.0184485641948413, 4.773389717563987], [2.0556858376367018, -0.16328197345137596], [4.889521269389661, -0.7658615298569202], [3.8096359561313875, -5.991667989641428], [3.80665533352294, -5.991667989641428], [-4.889521269360557, -4.167605131864548]]]], "centroids": [[-0.11946940669440664, -0.40228003449738026, 6.0]], "h": 6.0}, "mtl": {"face": 1}}], "featureCount": 3, "startIndex": 0}