{"type": "block", "layer": 1, "block": 0, "features": [{"geom": {"triangles": {"v": [-6.264459156431258, -6.041127849370241, 3.0, -7.873834156431258, -14.041127849370241, 3.0, -0.061334156431257725, -15.041127849370241, 3.0, 7.610540843568742, -13.041127849370241, 3.0, 6.766790843568742, -17.04112784937024, 3.0, 11.985540843568742, 2.958872150629759, 3.0, 8.501165843568742, -13.041127849370241, 3.0, -3.7800841564312577, 5.958872150629759, 3.0], "f": [0, 1, 2, 2, 3, 0, 4, 3, 2, 3, 5, 0, 5, 3, 6, 7, 0, 5]}, "centroids": [[1.9280879419238772, -5.392482841387391, 3.0]]}, "mtl": 0}], "featureCount": 1, "startIndex": 0}