{"type": "block", "layer": 1, "block": 0, "features": [{"geom": {"triangles": {"v": [-5.135067331138998, 3.5622625090181828, 3.0, -2.7288173311389983, -6.437737490981817, 3.0, 3.0680576688610017, 5.562262509018183, 3.0, 6.380557668861002, -7.437737490981817, 3.0, -0.30694233113899827, -16.437737490981817, 3.0, 7.927432668861002, -14.437737490981817, 3.0], "f": [0, 1, 2, 2, 1, 3, 1, 4, 3, 3, 4, 5]}, "centroids": [[1.3885461752361152, -5.411106588318944, 3.0]]}, "mtl": 0}], "featureCount": 1, "startIndex": 0}