{"type": "block", "layer": 1, "block": 0, "features": [{"geom": {"triangles": {"v": [-0.6372364030103199, 6.719390835613012, 3.0, -1.60598640301032, -3.2806091643869877, 3.0, 23.22213859698968, 4.719390835613012, 3.0, 22.42526359698968, -5.280609164386988, 3.0], "f": [0, 1, 2, 1, 3, 2]}, "centroids": [[10.81034467506106, 0.4865112993866205, 3.0]]}, "mtl": 0}], "featureCount": 1, "startIndex": 0}