{"type": "block", "layer": 1, "block": 0, "features": [{"geom": {"triangles": {"v": [-2.3149279869685415, -4.407093815505505, 3.0, -2.6586779869685415, -9.407093815505505, 3.0, 6.4975720130314585, -10.407093815505505, 3.0, 7.3413220130314585, 3.5929061844944954, 3.0, -1.8930529869685415, 0.5929061844944954, 3.0, -1.7524279869685415, 4.592906184494495, 3.0], "f": [0, 1, 2, 3, 0, 2, 3, 4, 0, 5, 4, 3]}, "centroids": [[2.3825649132195394, -2.8354360535740852, 3.0]]}, "mtl": 0}], "featureCount": 1, "startIndex": 0}