{"type": "block", "layer": 1, "block": 0, "features": [{"geom": {"triangles": {"v": [1.7256036637118086, 5.4651911444962025, 3.0, -12.883771336288191, 1.4651911444962025, 3.0, -9.149396336288191, -7.5348088555037975, 3.0, 4.194353663711809, -4.5348088555037975, 3.0, -10.680646336288191, -6.5348088555037975, 3.0], "f": [0, 1, 2, 0, 2, 3, 1, 4, 2]}, "centroids": [[-4.2721955589950085, -1.1271055415272713, 3.0]]}, "mtl": 0}], "featureCount": 1, "startIndex": 0}