{"type": "block", "layer": 0, "block": 0, "features": [{"geom": {"polygons": [[[[-3.5501066148281097, -3.2718478720635176], [-2.900654328201199, 3.8774414230138063], [-2.8963504118437413, 3.8774414230138063], [3.5501066148281097, 3.291823424398899], [2.8988263100618497, -3.8774414230138063], [2.8946642757218797, -3.8774414230138063], [-3.5501066148281097, -3.2718478720635176]]]], "centroids": [[0.0010427885281387717, 0.004856536164879799, 3.0]], "h": 3.0}, "mtl": {"face": 0}}, {"geom": {"polygons": [[[[-3.8774414223153144, -3.784182881936431], [-3.8774414223153144, -0.7217015512287617], [-3.454325316415634, 3.8774414230138063], [3.60330614016857, 3.8774414230138063], [2.8988263100618497, -3.8774414230138063], [-2.9124487338995095, -3.8774414230138063], [-3.8774414223153144, -3.784182881936431]]]], "centroids": [[-0.24616174309630878, 0.02621549554169178, 6.0]], "h": 6.0}, "mtl": {"face": 1}}, {"geom": {"polygons": [[[[-3.8774414223153144, -3.784182881936431], [-3.8774414223153144, -0.7217015512287617], [-3.454325316415634, 3.8774414230138063], [3.603306138276821, 3.8774414230138063], [2.8988263100618497, -3.8774414230138063], [-2.9124487338995095, -3.8774414230138063], [-3.8774414223153144, -3.784182881936431]]]], "centroids": [[-0.24616174356197007, 0.02621549926698208, 9.0]], "h": 9.0}, "mtl": {"face": 2}}], "featureCount": 3, "startIndex": 0}