{"type": "block", "layer": 1, "block": 0, "features": [{"geom": {"triangles": {"v": [-1.0331120202608872, 25.22928947582841, 3.0, -5.204987020260887, -6.770710524171591, 3.0, 3.748137979739113, -7.770710524171591, 3.0, 1.7325129797391128, 25.22928947582841, 3.0, 21.763762979739113, 8.22928947582841, 3.0, 9.279387979739113, 25.22928947582841, 3.0, 12.466887979739113, 25.22928947582841, 3.0, 14.216887979739113, 25.22928947582841, 3.0, 16.670012979739113, 26.22928947582841, 3.0, 19.763762979739113, 26.22928947582841, 3.0, 24.795012979739113, 26.22928947582841, 3.0, 12.498137979739113, -8.77071052417159, 3.0, 18.701262979739113, -9.77071052417159, 3.0], "f": [0, 1, 2, 3, 0, 2, 4, 3, 2, 4, 5, 3, 4, 6, 5, 7, 6, 4, 8, 7, 4, 9, 8, 4, 9, 4, 10, 4, 2, 11, 11, 12, 4]}, "centroids": [[9.603041672235122, 8.829772094264627, 3.0]]}, "mtl": 0}], "featureCount": 1, "startIndex": 0}