{"type": "block", "layer": 0, "block": 0, "features": [{"geom": {"polygons": [[[[-1.9571028915815987, -1.944794287905097], [-1.0260626878298353, 2.560066591948271], [-1.0247709736868273, 2.560066591948271], [1.9571028915815987, 1.9437806196510792], [1.0204417389177252, -2.560066591948271], [1.0191499914217275, -2.560066591948271], [-1.9571028915815987, -1.944794287905097]]]], "centroids": [[-0.001251461508218199, 0.000449279323220253, 3.0]], "h": 3.0}, "mtl": {"face": 0}}, {"geom": {"polygons": [[[[-1.0247709828836378, 2.560066591948271], [2.0852713444037363, 2.560066591948271], [1.9571028915524948, 1.9437806196510792], [-1.0247709828836378, 2.560066591948271]]]], "centroids": [[1.0058677510241978, 2.354637935757637, 3.0]], "h": 3.0}, "mtl": {"face": 0}}], "featureCount": 2, "startIndex": 0}