{"type": "block", "layer": 1, "block": 0, "features": [{"geom": {"triangles": {"v": [-2.716916056291666, 4.79871091991663, 3.0, -4.373166056291666, -3.20128908008337, 3.0, 16.923708943708334, 0.7987109199166298, 3.0, 15.220583943708334, -7.20128908008337, 3.0], "f": [0, 1, 2, 1, 3, 2]}, "centroids": [[6.275127489265287, -1.3680800013244152, 3.0]]}, "mtl": 0}], "featureCount": 1, "startIndex": 0}