{"type": "block", "layer": 0, "block": 0, "features": [{"geom": {"polygons": [[[[-5.614922308304813, -2.8425190038979053], [-5.614922308304813, -2.8391768243163824], [-4.333149867423344, 4.567765140905976], [5.614922308304813, 2.96675119176507], [5.614922308304813, 2.963304990902543], [4.354708483850118, -4.567765139043331], [-5.614922308304813, -2.8425190038979053]]]], "centroids": [[0.017977006180444732, 0.026287909597158432, 3.0]], "h": 3.0}, "mtl": {"face": 0}}], "featureCount": 1, "startIndex": 0}