{"type": "block", "layer": 1, "block": 0, "features": [{"geom": {"triangles": {"v": [-6.746265076304553, 5.857464101165533, 3.0, -9.261890076304553, -10.142535898834467, 3.0, 5.769359923695447, 3.857464101165533, 3.0, 3.081859923695447, -12.142535898834467, 3.0], "f": [0, 1, 2, 1, 3, 2]}, "centroids": [[-1.7795695516979322, -3.102224374189973, 3.0]]}, "mtl": 0}], "featureCount": 1, "startIndex": 0}