{"type": "block", "layer": 1, "block": 0, "features": [{"geom": {"triangles": {"v": [-3.166465124115348, 6.872603081166744, 3.0, -4.650840124115348, -6.127396918833256, 3.0, 4.646034875884652, 5.872603081166744, 3.0, 3.583534875884652, -6.127396918833256, 3.0], "f": [0, 1, 2, 1, 3, 2]}, "centroids": [[0.08799875204567797, -0.08647632040083408, 3.0]]}, "mtl": 0}], "featureCount": 1, "startIndex": 0}