{"type": "block", "layer": 1, "block": 0, "features": [{"geom": {"triangles": {"v": [15.144499975809595, -7.617868650704622, 3.0, 19.644499975809595, 10.382131349295378, 3.0, -8.933625024190405, -1.6178686507046223, 3.0, 21.363249975809595, 5.382131349295378, 3.0, 24.410124975809595, -1.6178686507046223, 3.0, 24.910124975809595, -3.6178686507046223, 3.0, 6.910124975809595, -10.617868650704622, 3.0, -8.199250024190405, -5.617868650704622, 3.0, -1.7305000241904054, -14.617868650704622, 3.0, -5.605500024190405, -15.617868650704622, 3.0], "f": [0, 1, 2, 1, 0, 3, 3, 0, 4, 4, 0, 5, 2, 6, 0, 6, 2, 7, 7, 8, 6, 7, 9, 8]}, "centroids": [[7.351474782743026, -2.817158116027713, 3.0]]}, "mtl": 0}], "featureCount": 1, "startIndex": 0}