{"type": "block", "layer": 0, "block": 0, "features": [{"geom": {"polygons": [[[[-7.970869615441188, -4.079505002126098], [-7.970869615441188, -4.074622791260481], [-6.247666782088345, 6.13165570423007], [7.970869615441188, 3.539276923984289], [7.970869615441188, 3.5347593259066343], [7.054291850683512, -1.4924359321594238], [2.922406475787284, -0.7390945423394442], [2.208467294462025, -6.13165570423007], [-7.970869615441188, -4.079505002126098]]]], "centroids": [[-0.8068664332386106, 0.27172395773231983, 3.0]], "h": 3.0}, "mtl": {"face": 0}}, {"geom": {"polygons": [[[[-7.970869615441188, -4.079505002126098], [-7.970869615441188, 0.8409259226173162], [-7.925666780967731, 1.1086557041853666], [-7.11833853443386, 0.9747941717505455], [-6.743412543844897, 3.19542602263391], [-7.520666782103945, 3.3266557063907385], [-6.892666780942818, 7.136655705049634], [-2.1675218849850353, 6.270357470959425], [-2.3232654729799833, 5.416143614798784], [2.1725896299176384, 4.596441850066185], [2.3283332179125864, 5.450655706226826], [5.295846856228309, 4.909607093781233], [5.140103268407984, 4.055393239483237], [7.970869615441188, 3.539276923984289], [7.970869615441188, 3.5347593259066343], [7.054291850683512, -1.4924359321594238], [2.922406475787284, -0.7390945423394442], [2.208467294462025, -6.13165570423007], [-7.970869615441188, -4.079505002126098]]]], "centroids": [[-1.0465382956317626, 0.5954040307551622, 6.0]], "h": 6.0}, "mtl": {"face": 1}}], "featureCount": 2, "startIndex": 0}