{"type": "block", "layer": 0, "block": 0, "features": [{"geom": {"polygons": [[[[-5.787950821482809, -0.46410803496837616], [-5.787950821482809, -0.46287814900279045], [-3.296095779747702, 3.3493887651711702], [-0.2521721767843701, 1.600940702483058], [1.5391693595447578, 4.676264889538288], [5.787950821482809, 2.201397769153118], [5.787950821482809, 2.200174929574132], [1.293642553355312, -4.676264889538288], [-5.787950821482809, -0.46410803496837616]]]], "centroids": [[0.1813090245705098, 0.1564931385219097, 3.0]], "h": 3.0}, "mtl": {"face": 0}}], "featureCount": 1, "startIndex": 0}