{"type": "block", "layer": 1, "block": 0, "features": [{"geom": {"triangles": {"v": [-7.06301330140559, 23.18263224326074, 3.0, -17.92238830140559, 7.182632243260741, 3.0, 2.68698669859441, 18.18263224326074, 3.0, 1.29636169859441, -4.817367756739259, 3.0, 12.26511169859441, 12.182632243260741, 3.0], "f": [0, 1, 2, 1, 3, 2, 2, 3, 4]}, "centroids": [[-2.8525898628286086, 9.477885335683823, 3.0]]}, "mtl": 0}], "featureCount": 1, "startIndex": 0}