{"type": "block", "layer": 1, "block": 0, "features": [{"geom": {"triangles": {"v": [5.590466312743956, 2.71334196254611, 3.0, -2.9095336872560438, 10.71334196254611, 3.0, -6.878283687256044, -8.28665803745389, 3.0, -0.4564086872560438, 10.71334196254611, 3.0, 6.887341312743956, 8.71334196254611, 3.0, 2.9185913127439562, -10.28665803745389, 3.0], "f": [0, 1, 2, 3, 1, 0, 3, 0, 4, 2, 5, 0]}, "centroids": [[-0.002467045094817877, 0.29566575959324837, 3.0]]}, "mtl": 0}], "featureCount": 1, "startIndex": 0}