{"type": "block", "layer": 1, "block": 0, "features": [{"geom": {"triangles": {"v": [-15.781089354975848, 9.245111314579844, 3.0, -17.609214354975848, 0.24511131457984447, 3.0, -7.7342143549758475, 5.2451113145798445, 3.0, -7.3123393549758475, 7.2451113145798445, 3.0, 7.7501606450241525, -4.7548886854201555, 3.0, 8.968910645024152, 1.2451113145798445, 3.0], "f": [0, 1, 2, 0, 2, 3, 2, 1, 4, 5, 2, 4]}, "centroids": [[-5.068708722596057, 1.4755787998437881, 3.0]]}, "mtl": 0}], "featureCount": 1, "startIndex": 0}