{"type": "block", "layer": 0, "block": 0, "features": [{"geom": {"polygons": [[[[-8.503212490293663, -3.464761858806014], [-8.503212490293663, -3.4552066177129745], [-8.095948111236794, 1.0764402654021978], [1.1151138030400034, 0.13507868722081184], [1.594428053474985, 5.208816263824701], [8.503212490293663, 4.555720638483763], [8.503212490293663, 4.547459008172154], [7.4890883820771705, -5.208816261962056], [-8.503212490293663, -3.464761858806014]]]], "centroids": [[1.3783080480934586, -0.6296937968581915, 3.0]], "h": 3.0}, "mtl": {"face": 0}}, {"geom": {"polygons": [[[[1.594428053474985, 5.208816263824701], [1.35479754867265, 2.672229263931513], [-3.0120623111433815, 3.0845594629645348], [-2.772387399134459, 5.621616531163454], [1.594428053474985, 5.208816263824701]]]], "centroids": [[-0.7088734575954732, 4.146811751648784, 3.0]], "h": 3.0}, "mtl": {"face": 0}}, {"geom": {"polygons": [[[[-8.503212490293663, -3.464761858806014], [-8.503212490293663, -3.4552066177129745], [-8.095948111236794, 1.0764402654021978], [1.1151138030400034, 0.13507868722081184], [1.594428053474985, 5.208816263824701], [8.503212490293663, 4.555720638483763], [8.503212490293663, 4.547459008172154], [7.4890883820771705, -5.208816261962056], [-8.503212490293663, -3.464761858806014]]]], "centroids": [[1.3783080480934586, -0.6296937968581915, 6.0]], "h": 6.0}, "mtl": {"face": 1}}], "featureCount": 3, "startIndex": 0}