{"type": "block", "layer": 0, "block": 0, "features": [{"geom": {"polygons": [[[[-3.6586524964950513, 1.377259612083435], [0.47325578599702567, 4.628035079687834], [0.47406695765675977, 4.628035079687834], [3.658652496524155, -1.985805906355381], [1.9699460329429712, -4.628035079687834], [1.9684590404795017, -4.628035079687834], [-0.9515218830201775, -3.4934282545000315], [-3.6586524964950513, 1.377259612083435]]]], "centroids": [[0.17004129418637604, -0.24709786288440228, 3.0]], "h": 3.0}, "mtl": {"face": 0}}, {"geom": {"polygons": [[[[1.9699460334086325, -4.628035079687834], [3.658652496524155, -1.985805906355381], [4.628035080444533, -2.4830808360129595], [4.628035080444533, -4.628035079687834], [1.9699460334086325, -4.628035079687834]]]], "centroids": [[3.6212719869217835, -3.583969382569194, 3.0]], "h": 3.0}, "mtl": {"face": 0}}], "featureCount": 2, "startIndex": 0}