{"type": "block", "layer": 1, "block": 0, "features": [{"geom": {"triangles": {"v": [-18.352108314691577, 9.010823601856828, 3.0, -20.539608314691577, 4.010823601856828, 3.0, -7.492733314691577, -2.9891763981431723, 3.0, -4.586483314691577, 1.0108236018568277, 3.0, 3.663516685308423, -1.9891763981431723, 3.0, 0.4760166853084229, 5.010823601856828, 3.0, -8.289608314691577, -9.989176398143172, 3.0, -1.133358314691577, -15.989176398143172, 3.0, 6.585391685308423, -2.9891763981431723, 3.0, -10.367733314691577, -8.989176398143172, 3.0], "f": [0, 1, 2, 0, 2, 3, 3, 2, 4, 5, 3, 4, 4, 2, 6, 4, 6, 7, 7, 8, 4, 9, 6, 2]}, "centroids": [[-5.074280014174292, -3.203837037086487, 3.0]]}, "mtl": 0}], "featureCount": 1, "startIndex": 0}