{"type": "block", "layer": 1, "block": 0, "features": [{"geom": {"triangles": {"v": [-3.6140935701550916, 8.018428470939398, 3.0, -5.098468570155092, -8.981571529060602, 3.0, 13.682781429844908, 6.018428470939398, 3.0, 12.198406429844908, -9.981571529060602, 3.0], "f": [0, 1, 2, 1, 3, 2]}, "centroids": [[4.301286158035509, -1.2638740446418524, 3.0]]}, "mtl": 0}], "featureCount": 1, "startIndex": 0}