{"type": "block", "layer": 0, "block": 0, "features": [{"geom": {"polygons": [[[[-6.1851842351898085, -3.158055655658245], [-6.1851842351898085, -3.155222613364458], [-4.1898028138966765, 5.522087376564741], [6.1851842351898085, 2.8717503529042006], [6.1851842351898085, 2.8691734820604324], [5.282608913315926, -0.6601931918412447], [-0.912488035246497, 0.9419126287102699], [-1.3609251982707065, -1.0079118348658085], [4.7870567528298125, -2.597965294495225], [4.03926240990404, -5.522087378427386], [-6.1851842351898085, -3.158055655658245]]]], "centroids": [[-0.37625670339912176, 0.07200277410447598, 3.0]], "h": 3.0}, "mtl": {"face": 0}}, {"geom": {"polygons": [[[[5.282608913315926, -0.6601931918412447], [6.1851842351898085, 2.8691734801977873], [6.1851842351898085, -0.9052308835089207], [5.282608913315926, -0.6601931918412447]]]], "centroids": [[5.88432579455548, 0.4345831349492073, 3.0]], "h": 3.0}, "mtl": {"face": 0}}, {"geom": {"polygons": [[[[-6.1851842351898085, -3.1580556593835354], [-6.1851842351898085, -3.1552226152271032], [-4.18980281666154, 5.52208736538887], [6.1851842351898085, 2.8717503529042006], [6.1851842351898085, 2.8691734801977873], [5.282608913315926, -0.6601931918412447], [-0.912488035246497, 0.9419126287102699], [-1.3609251982707065, -1.0079118348658085], [4.7870567528298125, -2.597965294495225], [4.03926240990404, -5.522087378427386], [-6.1851842351898085, -3.1580556593835354]]]], "centroids": [[-0.3762567036028486, 0.07200276851654053, 6.0]], "h": 6.0}, "mtl": {"face": 1}}], "featureCount": 3, "startIndex": 0}