{"type": "block", "layer": 1, "block": 0, "features": [{"geom": {"triangles": {"v": [-2.982074635394383, 11.412906713783741, 3.0, -16.263324635394383, -20.58709328621626, 3.0, 2.549175364605617, 8.412906713783741, 3.0, -7.107074635394383, -24.58709328621626, 3.0, 11.361675364605617, 4.412906713783741, 3.0, -1.3883246353943832, -26.58709328621626, 3.0], "f": [0, 1, 2, 1, 3, 2, 2, 3, 4, 4, 3, 5]}, "centroids": [[-2.3645153645193204, -7.679566219449043, 3.0]]}, "mtl": 0}], "featureCount": 1, "startIndex": 0}