{"type": "block", "layer": 1, "block": 0, "features": [{"geom": {"triangles": {"v": [-5.007040188531391, 7.753294475376606, 3.0, -6.397665188531391, -0.246705524623394, 3.0, 11.211709811468609, 5.753294475376606, 3.0, 9.836709811468609, -3.246705524623394, 3.0], "f": [0, 1, 2, 1, 3, 2]}, "centroids": [[2.369179717003135, 2.4142567552626133, 3.0]]}, "mtl": 0}], "featureCount": 1, "startIndex": 0}