{"type": "block", "layer": 1, "block": 0, "features": [{"geom": {"triangles": {"v": [-1.4381313862104435, -2.1779013983905315, 3.0, -1.4693813862104435, -8.177901398390532, 3.0, -0.9537563862104435, -8.177901398390532, 3.0, 6.0774936137895565, -4.1779013983905315, 3.0, 4.9993686137895565, -1.1779013983905315, 3.0, 2.8743686137895565, 2.8220986016094685, 3.0, -1.2975063862104435, 1.8220986016094685, 3.0, 6.9056186137895565, -7.1779013983905315, 3.0], "f": [0, 1, 2, 0, 2, 3, 4, 0, 3, 4, 5, 0, 5, 6, 0, 3, 2, 7]}, "centroids": [[2.0064279347716365, -3.3830941915512085, 3.0]]}, "mtl": 0}], "featureCount": 1, "startIndex": 0}