{"type": "block", "layer": 0, "block": 0, "features": [{"geom": {"polygons": [[[[-4.701816405926365, -0.9380717743188143], [-4.701816405926365, -0.9352907296270132], [-4.018713365570875, 2.943177204579115], [4.701816405926365, 1.0512792207300663], [4.701816405926365, 1.0491501446813345], [3.7756938769016415, -2.943177204579115], [-4.701816405926365, -0.9380717743188143]]]], "centroids": [[-0.0298457377939485, 0.029690325260162354, 3.0]], "h": 3.0}, "mtl": {"face": 0}}, {"geom": {"polygons": [[[[-0.9616855064523406, -4.701816406100988], [-0.3167895901715383, -1.9752207472920418], [3.7756938767270185, -2.943177204579115], [3.367732494167285, -4.701816406100988], [-0.9616855064523406, -4.701816406100988]]]], "centroids": [[1.3145085076685064, -3.5635002367198467, 3.0]], "h": 3.0}, "mtl": {"face": 0}}], "featureCount": 2, "startIndex": 0}