{"type": "block", "layer": 1, "block": 0, "features": [{"geom": {"triangles": {"v": [-13.182872249104548, -16.262776862829924, 3.0, -12.135997249104548, -17.262776862829924, 3.0, -8.417247249104548, -6.262776862829924, 3.0, -5.276622249104548, -18.262776862829924, 3.0, -2.2609972491045482, -18.262776862829924, 3.0, 5.442127750895452, 2.7372231371700764, 3.0, -1.0266222491045482, 4.737223137170076, 3.0], "f": [0, 1, 2, 2, 1, 3, 2, 3, 4, 5, 2, 4, 6, 2, 5]}, "centroids": [[-3.419933960045455, -7.533068520948291, 3.0]]}, "mtl": 0}], "featureCount": 1, "startIndex": 0}