{"type": "block", "layer": 1, "block": 0, "features": [{"geom": {"triangles": {"v": [-18.49205865469412, -2.49234258197248, 3.0, -17.57018365469412, -2.49234258197248, 3.0, -16.86705865469412, 5.50765741802752, 3.0, 6.8829413453058805, 0.5076574180275202, 3.0, -16.82018365469412, 5.50765741802752, 3.0, 5.1641913453058805, -7.49234258197248, 3.0], "f": [0, 1, 2, 3, 2, 1, 4, 2, 3, 3, 1, 5]}, "centroids": [[-5.881443748541642, -0.9714806042611599, 3.0]]}, "mtl": 0}], "featureCount": 1, "startIndex": 0}