{"type": "block", "layer": 0, "block": 0, "features": [{"geom": {"polygons": [[[[-3.38920887443237, -5.259062169119716], [-2.0539402390713803, 6.4029322024434805], [-2.0508443160215393, 6.4029322024434805], [3.3892088744032662, 5.2504274398088455], [2.058282009384129, -6.4029322024434805], [2.055161028227303, -6.4029322024434805], [-3.38920887443237, -5.259062169119716]]]], "centroids": [[0.0006556761800311506, -0.0026665087789297104, 3.0]], "h": 3.0}, "mtl": {"face": 0}}, {"geom": {"polygons": [[[[-3.38920887443237, -5.259062169119716], [-2.0539402390713803, 6.4029322024434805], [-2.0508443160215393, 6.4029322024434805], [3.3892088744032662, 5.2504274398088455], [2.058282009384129, -6.4029322024434805], [2.055161028227303, -6.4029322024434805], [-3.38920887443237, -5.259062169119716]]]], "centroids": [[0.0006556761800311506, -0.0026665087789297104, 6.0]], "h": 6.0}, "mtl": {"face": 1}}], "featureCount": 2, "startIndex": 0}