{"type": "block", "layer": 1, "block": 0, "features": [{"geom": {"triangles": {"v": [-3.5441661255899817, 6.857427440583706, 3.0, -5.716041125589982, -5.142572559416294, 3.0, 3.3933338744100183, 4.857427440583706, 3.0, 2.0652088744100183, -6.142572559416294, 3.0], "f": [0, 1, 2, 1, 3, 2]}, "centroids": [[-0.9722874042345211, 0.09052126668393612, 3.0]]}, "mtl": 0}], "featureCount": 1, "startIndex": 0}