{"type": "block", "layer": 0, "block": 0, "features": [{"geom": {"polygons": [[[[-4.353000000002794, -6.196099465712905], [-3.066458030923968, 6.871412254869938], [-3.0553110804758035, 6.871412254869938], [4.353000000002794, 6.411900535225868], [3.0940651307464577, -6.871412254869938], [3.0864295087812934, -6.871412254869938], [-4.353000000002794, -6.196099465712905]]]], "centroids": [[0.01618846008204855, 0.04608272574841976, 3.0]], "h": 3.0}, "mtl": {"face": 0}}, {"geom": {"polygons": [[[[-4.421434534771834, -6.871412254869938], [-4.353000000002794, -6.196099465712905], [-3.066458030923968, 6.871412254869938], [3.9998239234555513, 6.871412254869938], [4.391843490942847, 6.838747341185808], [4.375, 6.60990053601563], [4.353000000002794, 6.411900535225868], [3.0940651307464577, -6.871412254869938], [-4.421434534771834, -6.871412254869938]]]], "centroids": [[0.00014472196926362813, -0.00817427970468998, 6.0]], "h": 6.0}, "mtl": {"face": 1}}], "featureCount": 2, "startIndex": 0}