{"type": "block", "layer": 1, "block": 0, "features": [{"geom": {"triangles": {"v": [-7.716029891947983, 5.287723748013377, 3.0, -8.950404891947983, -0.7122762519866228, 3.0, 8.190220108052017, -4.712276251986623, 3.0, 9.471470108052017, 1.2877237480133772, 3.0], "f": [0, 1, 2, 0, 2, 3]}, "centroids": [[0.23019008015398867, 0.23860090784728527, 3.0]]}, "mtl": 0}], "featureCount": 1, "startIndex": 0}