{"type": "block", "layer": 1, "block": 0, "features": [{"geom": {"triangles": {"v": [-13.421183792175725, 7.057867545634508, 3.0, -15.077433792175725, -0.9421324543654919, 3.0, 6.047566207824275, 3.057867545634508, 3.0, 4.375691207824275, -4.942132454365492, 3.0], "f": [0, 1, 2, 1, 3, 2]}, "centroids": [[-4.444687592156697, 1.0329302605241537, 3.0]]}, "mtl": 0}], "featureCount": 1, "startIndex": 0}