{"type": "block", "layer": 1, "block": 0, "features": [{"geom": {"triangles": {"v": [-2.1824929385911673, 17.34397266805172, 3.0, -7.026242938591167, -1.6560273319482803, 3.0, 5.380007061408833, 14.34397266805172, 3.0, -0.04186793859116733, -10.65602733194828, 3.0, -0.11999293859116733, -10.65602733194828, 3.0], "f": [0, 1, 2, 2, 1, 3, 1, 4, 3]}, "centroids": [[-0.8604001736966893, 4.430056324228644, 3.0]]}, "mtl": 0}], "featureCount": 1, "startIndex": 0}