{"type": "block", "layer": 1, "block": 0, "features": [{"geom": {"triangles": {"v": [-3.052707064372953, 5.942377422004938, 3.0, -5.146457064372953, -4.057622577995062, 3.0, 16.509792935627047, 1.9423774220049381, 3.0, 14.462917935627047, -8.057622577995062, 3.0], "f": [0, 1, 2, 1, 3, 2]}, "centroids": [[5.685527382971486, -1.0774841234087944, 3.0]]}, "mtl": 0}], "featureCount": 1, "startIndex": 0}