{"type": "block", "layer": 0, "block": 0, "features": [{"geom": {"polygons": [[[[-3.4032456018030643, -3.266004502773285], [-1.7920553030271549, 4.442495724186301], [-1.7899687971221283, 4.442495724186301], [3.4032456017739605, 3.285162167623639], [1.7882132279337384, -4.442495724186301], [1.7861606247897726, -4.442495724186301], [-3.4032456018030643, -3.266004502773285]]]], "centroids": [[0.00010769075015559793, 0.004529239609837532, 3.0]], "h": 3.0}, "mtl": {"face": 0}}, {"geom": {"polygons": [[[[-3.4032456018030643, -3.266004502773285], [-1.7920553030271549, 4.442495724186301], [-1.7899687971221283, 4.442495724186301], [3.4032456017739605, 3.285162167623639], [1.7882132279337384, -4.442495724186301], [1.7861606247897726, -4.442495724186301], [-3.4032456018030643, -3.266004502773285]]]], "centroids": [[0.00010769075015559793, 0.004529239609837532, 6.0]], "h": 6.0}, "mtl": {"face": 1}}], "featureCount": 2, "startIndex": 0}