{"type": "block", "layer": 1, "block": 0, "features": [{"geom": {"triangles": {"v": [5.97658456172212, 18.100972168147564, 3.0, -12.30466543827788, -7.899027831852436, 3.0, 15.00783456172212, 11.100972168147564, 3.0, -3.3359154382778797, -13.899027831852436, 3.0], "f": [0, 1, 2, 1, 3, 2]}, "centroids": [[1.3363890662731137, 1.9005469977855682, 3.0]]}, "mtl": 0}], "featureCount": 1, "startIndex": 0}