{"type": "block", "layer": 0, "block": 0, "features": [{"geom": {"polygons": [[[[-4.623600593797164, -3.3907596822828054], [-4.623600593797164, -3.388383451849222], [-3.047218480380252, 4.364851098507643], [4.623600593797164, 2.697851372882724], [4.623600593797164, 2.6952485777437687], [3.982897967536701, -0.7719110306352377], [0.8028596983058378, -0.15105090476572514], [-0.20531596103683114, -4.364851098507643], [-4.623600593797164, -3.3907596822828054]]]], "centroids": [[-0.5479011572315358, 0.3145639542490244, 3.0]], "h": 3.0}, "mtl": {"face": 0}}, {"geom": {"polygons": [[[[-4.623600593797164, -3.3907596822828054], [-4.623600593797164, -3.388383451849222], [-3.047218480380252, 4.364851098507643], [4.623600593797164, 2.697851372882724], [4.623600593797164, 2.6952485777437687], [3.982898008514894, -0.7719110380858183], [0.8028596983058378, -0.15105090476572514], [-0.20531596097862348, -4.364851098507643], [-4.623600593797164, -3.3907596822828054]]]], "centroids": [[-0.5479011500428896, 0.3145639542490244, 6.0]], "h": 6.0}, "mtl": {"face": 1}}], "featureCount": 2, "startIndex": 0}