{"type": "block", "layer": 1, "block": 0, "features": [{"geom": {"triangles": {"v": [-4.356074246519711, 2.5114997141063213, 3.0, -4.199824246519711, -20.48850028589368, 3.0, 4.315800753480289, 2.5114997141063213, 3.0, 4.518925753480289, -20.48850028589368, 3.0], "f": [0, 1, 2, 2, 1, 3]}, "centroids": [[0.06885877638706006, -9.358080178499222, 3.0]]}, "mtl": 0}], "featureCount": 1, "startIndex": 0}