{"type": "block", "layer": 1, "block": 0, "features": [{"geom": {"triangles": {"v": [-18.967048716323916, 8.414321998134255, 3.0, -20.388923716323916, -1.5856780018657446, 3.0, 5.782951283676084, 4.414321998134255, 3.0, 4.282951283676084, -5.585678001865745, 3.0], "f": [0, 1, 2, 1, 3, 2]}, "centroids": [[-7.291410758945858, 1.148517495021224, 3.0]]}, "mtl": 0}], "featureCount": 1, "startIndex": 0}