{"type": "block", "layer": 1, "block": 0, "features": [{"geom": {"triangles": {"v": [-14.992514420475345, 5.388418093323708, 3.0, -15.648764420475345, -2.6115819066762924, 3.0, 1.866860579524655, -4.611581906676292, 3.0, 3.663735579524655, 3.3884180933237076, 3.0], "f": [0, 1, 2, 0, 2, 3]}, "centroids": [[-6.27577302212012, 0.7838363572955132, 3.0]]}, "mtl": 0}], "featureCount": 1, "startIndex": 0}