{"type": "block", "layer": 0, "block": 0, "features": [{"geom": {"polygons": [[[[-3.6087579363957047, -7.051985252648592], [-1.5129664612177294, 7.5928090419620275], [-1.504408249486005, 7.5928090419620275], [1.216021533618914, 7.348325492814183], [0.897633918968495, 4.617307469248772], [3.6087579364539124, 4.346172567456961], [2.087027576228138, -7.5928090419620275], [2.0789435960468836, -7.5928090419620275], [-3.6087579363957047, -7.051985252648592]]]], "centroids": [[0.004849372315220535, -0.6290140077471733, 6.0]], "h": 6.0}, "mtl": {"face": 0}}, {"geom": {"polygons": [[[[-3.6087579363957047, -7.051985252648592], [-1.5129664612177294, 7.5928090419620275], [-1.504408249486005, 7.5928090419620275], [1.216021533618914, 7.348325492814183], [0.897633918968495, 4.617307469248772], [3.608757936366601, 4.346172567456961], [2.087027576228138, -7.5928090419620275], [2.078944823559141, -7.5928090419620275], [-3.6087579363957047, -7.051985252648592]]]], "centroids": [[0.0048493715294171125, -0.6290139798074961, 3.0]], "h": 3.0}, "mtl": {"face": 1}}, {"geom": {"polygons": [[[[-3.6087579362792894, -7.051985252648592], [-1.5129664612177294, 7.5928090419620275], [-1.504408249486005, 7.5928090419620275], [1.5148173450725153, 7.321472875773907], [1.2309173450630624, 4.885472876951098], [3.646702693135012, 4.643874291330576], [2.0870275759662036, -7.5928090419620275], [2.0789436947961804, -7.5928090419620275], [-3.6087579362792894, -7.051985252648592]], [[0.46103280398529023, 4.105491863563657], [0.8083405147772282, 7.100650038570166], [-1.0363147876341827, 7.253365674987435], [-1.4852892547787633, 4.26944987103343], [0.46103280398529023, 4.105491863563657]]]], "centroids": [[0.06918057362781838, -1.0057240836322308, 9.0]], "h": 9.0}, "mtl": {"face": 2}}], "featureCount": 3, "startIndex": 0}