{"type": "block", "layer": 1, "block": 0, "features": [{"geom": {"triangles": {"v": [-1.2793826549313962, 9.518472876399755, 3.0, -3.6075076549313962, -7.4815271236002445, 3.0, 2.0799923450686038, -7.4815271236002445, 3.0, 4.158117345068604, 8.518472876399755, 3.0], "f": [0, 1, 2, 0, 2, 3]}, "centroids": [[0.3323516016243957, 0.7535676378756762, 3.0]]}, "mtl": 0}], "featureCount": 1, "startIndex": 0}