{"type": "block", "layer": 0, "block": 0, "features": [{"geom": {"polygons": [[[[0.3450456559949089, 3.658572517335415], [0.3634422748000361, 3.8455458637326956], [3.066883966239402, 3.8455458637326956], [2.9669409132911824, 3.209946548566222], [0.3450456559949089, 3.658572517335415]]]], "centroids": [[1.9284066964755766, 3.619664818048477, 3.0]], "h": 3.0}, "mtl": {"face": 0}}, {"geom": {"polygons": [[[[-2.966940913203871, -2.7449304573237896], [-2.1478399066836573, 1.8789672181010246], [-1.0860921569983475, 1.7348944917321205], [-0.7499876252259128, 3.8455458637326956], [-0.7476787108171266, 3.8455458637326956], [2.966940913320286, 3.209946548566222], [1.8575195611338131, -3.8455458637326956], [1.8557738621893805, -3.8455458637326956], [-2.966940913203871, -2.7449304573237896]]]], "centroids": [[0.1398133982438594, -0.053103215992450714, 6.0]], "h": 6.0}, "mtl": {"face": 1}}, {"geom": {"polygons": [[[[-2.966940913203871, -2.7449304573237896], [-2.1478399066836573, 1.8789672181010246], [-1.0860921569983475, 1.7348944917321205], [-0.7499876252259128, 3.8455458637326956], [-0.7476787108171266, 3.8455458637326956], [2.966940913174767, 3.209946548566222], [2.9626887611229904, 3.1829044986516237], [1.8575195611338131, -3.8455458637326956], [1.8557738621893805, -3.8455458637326956], [-2.966940913203871, -2.7449304573237896]]]], "centroids": [[0.13981339821475558, -0.053103215992450714, 3.0]], "h": 3.0}, "mtl": {"face": 0}}], "featureCount": 3, "startIndex": 0}