{"type": "block", "layer": 1, "block": 0, "features": [{"geom": {"triangles": {"v": [-0.5941909131943248, 10.288069542497396, 3.0, -2.969190913194325, -2.7119304575026035, 3.0, 2.968309086805675, 3.2880695424973965, 3.0, 4.030809086805675, 10.288069542497396, 3.0, 1.8589340868056752, -3.7119304575026035, 3.0], "f": [0, 1, 2, 0, 2, 3, 1, 4, 2]}, "centroids": [[0.581025684310589, 3.4426235277205706, 3.0]]}, "mtl": 0}], "featureCount": 1, "startIndex": 0}