{"type": "block", "layer": 0, "block": 0, "features": [{"geom": {"polygons": [[[[-6.689136046596104, -2.6218276116997004], [-6.689136046596104, -2.6180824898183346], [-5.239269697718555, 5.207443203777075], [4.159364490682492, 3.58324140496552], [3.1671902772795875, -1.7719313688576221], [6.689136046596104, -2.479306099936366], [6.689136046596104, -2.483051221817732], [6.184377080906415, -5.207443203777075], [-6.689136046596104, -2.6218276116997004]]]], "centroids": [[-0.5739897944149561, -0.033757274970412254, 3.0]], "h": 3.0}, "mtl": {"face": 0}}, {"geom": {"polygons": [[[[-6.689136046596104, -2.6218276116997004], [-6.689136046596104, -1.2292139064520597], [-6.441046692372765, -1.2790420837700367], [-6.689136046596104, -0.5288028493523598], [-6.689136046596104, 1.625050749629736], [-6.652538729395019, 1.8225815407931805], [-6.380769955110736, 2.5654439702630043], [-5.988943047850626, 3.2525935396552086], [-5.48802803264698, 3.864792039617896], [-6.247845974692609, 3.9960981011390686], [-5.989511362975463, 5.337094368413091], [-5.239269697718555, 5.207443203777075], [4.159364490682492, 3.58324140496552], [3.1671902772795875, -1.7719313688576221], [6.689136046596104, -2.479306099936366], [6.689136046596104, -2.483051221817732], [6.184377080906415, -5.207443203777075], [2.661762332165381, -4.499934108927846], [-6.689136046596104, -2.6218276116997004]]]], "centroids": [[-0.8053315850847866, 0.05699113570153713, 6.0]], "h": 6.0}, "mtl": {"face": 1}}, {"geom": {"polygons": [[[[-6.689136046596104, -2.6218276116997004], [-6.689136046596104, -1.2292139064520597], [-6.441046692372765, -1.2790420837700367], [-6.689136046596104, -0.5288028493523598], [-6.689136046596104, 1.625050749629736], [-6.652538729395019, 1.8225815407931805], [-6.380769955110736, 2.5654439702630043], [-5.988943047850626, 3.2525935396552086], [-5.48802803264698, 3.864792039617896], [-6.247845974692609, 3.9960981011390686], [-5.989511362975463, 5.337094368413091], [-5.239269697718555, 5.207443203777075], [4.159364490682492, 3.58324140496552], [3.1671902772795875, -1.7719313688576221], [6.689136046596104, -2.479306099936366], [6.689136046596104, -2.483051221817732], [6.184377080906415, -5.207443203777075], [2.661762332165381, -4.499934108927846], [-6.689136046596104, -2.6218276116997004]]]], "centroids": [[-0.8053315850847866, 0.05699113570153713, 9.0]], "h": 9.0}, "mtl": {"face": 2}}, {"geom": {"polygons": [[[[-6.689136046596104, -2.6218276116997004], [-6.689136046596104, -1.2292139064520597], [-6.441046692372765, -1.2790420837700367], [-6.689136046596104, -0.5288028493523598], [-6.689136046596104, 1.625050749629736], [-6.652538729395019, 1.8225815407931805], [-6.380769955110736, 2.5654439702630043], [-5.988943047850626, 3.2525935396552086], [-5.48802803264698, 3.864792039617896], [-6.247845974692609, 3.9960981011390686], [-5.989511362975463, 5.337094368413091], [-5.239269697718555, 5.207443203777075], [4.159364490682492, 3.58324140496552], [3.1671902772795875, -1.7719313688576221], [6.689136046596104, -2.479306099936366], [6.689136046596104, -2.483051221817732], [6.184377080906415, -5.207443203777075], [2.661762332165381, -4.499934108927846], [-6.689136046596104, -2.6218276116997004]]]], "centroids": [[-0.8053315850847866, 0.05699113570153713, 12.0]], "h": 12.0}, "mtl": {"face": 3}}], "featureCount": 4, "startIndex": 0}