{"type": "block", "layer": 1, "block": 0, "features": [{"geom": {"triangles": {"v": [-5.242769697739277, 5.331443203613162, 3.0, -6.695894697739277, -2.668556796386838, 3.0, 12.163480302260723, 2.331443203613162, 3.0, 13.413480302260723, -6.668556796386838, 3.0], "f": [0, 1, 2, 2, 1, 3]}, "centroids": [[3.5071745913592167, -0.5865732971578836, 3.0]]}, "mtl": 0}], "featureCount": 1, "startIndex": 0}