{"type": "block", "layer": 0, "block": 0, "features": [{"geom": {"polygons": [[[[-4.91207621988724, -2.9231521878391504], [-4.91207621988724, -2.9204264152795076], [-3.4820126831473317, 4.70395340025425], [4.91207621988724, 2.7647067606449127], [4.91207621988724, 2.762329800054431], [3.29161476372974, -4.703953402116895], [-4.91207621988724, -2.9231521878391504]]]], "centroids": [[-0.05448873189743608, -0.021211907267570496, 3.0]], "h": 3.0}, "mtl": {"face": 0}}], "featureCount": 1, "startIndex": 0}