{"type": "block", "layer": 1, "block": 0, "features": [{"geom": {"triangles": {"v": [-6.40558494074503, 5.337499994784594, 3.0, -8.34308494074503, -2.6625000052154064, 3.0, 7.09441505925497, 2.3374999947845936, 3.0, 5.21941505925497, -5.662500005215406, 3.0], "f": [0, 1, 2, 1, 3, 2]}, "centroids": [[-0.6215054878557567, -0.017578480765223503, 3.0]]}, "mtl": 0}], "featureCount": 1, "startIndex": 0}