{"type": "block", "layer": 0, "block": 0, "features": [{"geom": {"polygons": [[[[-3.053403706056997, -2.030560649931431], [-1.3197022932581604, 3.194006983190775], [-1.3175805967475753, 3.194006983190775], [3.053403706056997, 2.5013264138251543], [1.5977417024841998, -3.194006983190775], [1.596383419149788, -3.194006983190775], [-3.053403706056997, -2.030560649931431]]]], "centroids": [[0.08483333420008421, 0.07263202033936977, 3.0]], "h": 3.0}, "mtl": {"face": 1}}, {"geom": {"polygons": [[[[-3.053403706056997, -2.030560649931431], [-1.3197022932581604, 3.194006983190775], [1.8510386162088253, 3.194006983190775], [3.1917180268501397, 2.9818148612976074], [3.053403706056997, 2.5013264138251543], [1.5977417024841998, -3.194006983190775], [1.596383419149788, -3.194006983190775], [-3.053403706056997, -2.030560649931431]]]], "centroids": [[0.16102716521709226, 0.22222980111837387, 6.0]], "h": 6.0}, "mtl": {"face": 2}}, {"geom": {"polygons": [[[[-3.053403706056997, -2.030560649931431], [-1.3197022932581604, 3.194006983190775], [1.8510386162088253, 3.194006983190775], [3.1917180268501397, 2.9818148612976074], [3.053403706056997, 2.5013264138251543], [1.5977417024841998, -3.194006983190775], [1.596383419149788, -3.194006983190775], [-3.053403706056997, -2.030560649931431]]]], "centroids": [[0.16102716521709226, 0.22222980111837387, 9.0]], "h": 9.0}, "mtl": {"face": 0}}], "featureCount": 3, "startIndex": 0}