{"type": "block", "layer": 1, "block": 0, "features": [{"geom": {"triangles": {"v": [-13.794749999942724, 6.5558154452592134, 3.0, -15.513499999942724, -1.4441845547407866, 3.0, -3.9353749999427237, 4.5558154452592134, 3.0, -5.779124999942724, -3.4441845547407866, 3.0, 4.017750000057276, -5.4441845547407866, 3.0, 5.783375000057276, 2.5558154452592134, 3.0], "f": [0, 1, 2, 1, 3, 2, 2, 3, 4, 5, 2, 4]}, "centroids": [[-4.863376806664746, 0.5193347781896591, 3.0]]}, "mtl": 0}], "featureCount": 1, "startIndex": 0}