{"type": "block", "layer": 0, "block": 0, "features": [{"geom": {"polygons": [[[[-5.799599999998463, -5.928201369941235], [-5.28504346581758, 6.244603818282485], [-5.271293462836184, 6.244603818282485], [5.799600000027567, 5.740798629820347], [5.265261660562828, -6.244603818282485], [5.243436813005246, -6.244603818282485], [-5.799599999998463, -5.928201369941235]]]], "centroids": [[-0.01907453019521199, -0.043788790702819824, 3.0]], "h": 3.0}, "mtl": {"face": 0}}, {"geom": {"polygons": [[[[-5.799599999998463, -5.928201369941235], [-5.28504346581758, 6.244603818282485], [-5.271293462836184, 6.244603818282485], [5.799600000027567, 5.740798629820347], [5.265261660562828, -6.244603818282485], [5.243436813005246, -6.244603818282485], [-5.799599999998463, -5.928201369941235]]]], "centroids": [[-0.01907453019521199, -0.043788790702819824, 6.0]], "h": 6.0}, "mtl": {"face": 1}}], "featureCount": 2, "startIndex": 0}