{"type": "block", "layer": 0, "block": 0, "features": [{"geom": {"polygons": [[[[8.794874975050334, 5.313662862405181], [9.876588322076714, 10.47408851608634], [10.474088516872143, 10.47408851608634], [10.474088516872143, 4.973207700997591], [8.794874975050334, 5.313662862405181]]]], "centroids": [[9.86450680278358, 7.379206856712699, 3.0]], "h": 3.0}, "mtl": {"face": 0}}, {"geom": {"polygons": [[[[-10.474088516872143, -2.69373538158834], [-10.474088516872143, -2.687824510037899], [-8.99124736172962, 5.474004590883851], [1.5723786347080022, 3.680414218455553], [1.3673037677945103, 2.472594290971756], [10.474088516872143, 0.9263599328696728], [10.474088516872143, 0.9186232760548592], [9.58818563760724, -5.474004592746496], [-10.474088516872143, -2.69373538158834]]]], "centroids": [[-0.3876775246753823, -0.31406609527766705, 3.0]], "h": 3.0}, "mtl": {"face": 0}}], "featureCount": 2, "startIndex": 0}