{"type": "block", "layer": 1, "block": 0, "features": [{"geom": {"triangles": {"v": [-4.800007415644359, 2.890406932681799, 3.0, -7.331257415644359, -14.109593067318201, 3.0, 0.23124258435564116, 1.890406932681799, 3.0, 2.528117584355641, -16.1095930673182, 3.0, 5.340617584355641, 0.8904069326817989, 3.0], "f": [0, 1, 2, 2, 1, 3, 2, 3, 4]}, "centroids": [[-1.0522350779501721, -6.56169673986733, 3.0]]}, "mtl": 0}], "featureCount": 1, "startIndex": 0}