{"type": "block", "layer": 0, "block": 0, "features": [{"geom": {"polygons": [[[[-5.4310974330001045, -2.9888770394027233], [-5.4310974330001045, -2.985658748075366], [-5.061688692134339, -0.8521368075162172], [-4.330691825656686, 3.3697390742599964], [5.4310974330001045, 1.7563347425311804], [5.4310974330001045, 1.752958595752716], [4.844503581669414, -1.7961863446980715], [-2.4369179247587454, -0.6129065677523613], [-2.884921676683007, -3.3697390742599964], [-5.4310974330001045, -2.9888770394027233]]]], "centroids": [[-0.454869904788211, 0.35034007392823696, 3.0]], "h": 3.0}, "mtl": {"face": 0}}, {"geom": {"polygons": [[[[-5.4310974330001045, -5.431097432971001], [-5.4310974330001045, -2.9888770394027233], [4.4042244507872965, -4.460064053535461], [4.243734460935229, -5.431097432971001], [-5.4310974330001045, -5.431097432971001]]]], "centroids": [[-1.2459572889492847, -4.522224573418498, 3.0]], "h": 3.0}, "mtl": {"face": 0}}, {"geom": {"polygons": [[[[-5.4310974330001045, -5.431097432971001], [-5.4310974330001045, -2.9888770394027233], [4.40422445058357, -4.460064053535461], [4.243734460731503, -5.431097432971001], [-5.4310974330001045, -5.431097432971001]]]], "centroids": [[-1.2459572890948039, -4.522224577143788, 6.0]], "h": 6.0}, "mtl": {"face": 1}}], "featureCount": 3, "startIndex": 0}