{"type": "block", "layer": 0, "block": 0, "features": [{"geom": {"polygons": [[[[-4.091903908120003, -1.4537112079560757], [-4.091903908120003, -1.451905196532607], [-3.187270644673845, 2.4191401433199644], [4.091903908120003, 1.4670169670134783], [4.091903908120003, 1.4653442855924368], [3.1101238026749343, -2.4191401451826096], [-4.091903908120003, -1.4537112079560757]]]], "centroids": [[-0.014964525675168261, 0.006054287776350975, 3.0]], "h": 3.0}, "mtl": {"face": 0}}, {"geom": {"polygons": [[[[-4.091903908120003, -1.451905196532607], [-4.091903908120003, 2.5374672766774893], [-3.1872706452268176, 2.4191401414573193], [-4.091903908120003, -1.451905196532607]]]], "centroids": [[-3.79035948717501, 1.1682340744882822, 3.0]], "h": 3.0}, "mtl": {"face": 0}}, {"geom": {"polygons": [[[[-4.091903908120003, -1.4537112079560757], [-4.091903908120003, -1.451905196532607], [-3.187270644673845, 2.4191401433199644], [4.091903908120003, 1.467016963288188], [4.091903908120003, 1.4653442837297916], [3.1101238026749343, -2.4191401451826096], [-4.091903908120003, -1.4537112079560757]]]], "centroids": [[-0.014964526315452531, 0.006054287776350975, 6.0]], "h": 6.0}, "mtl": {"face": 1}}], "featureCount": 3, "startIndex": 0}