{"type": "block", "layer": 1, "block": 0, "features": [{"geom": {"triangles": {"v": [-13.838561860553455, 3.3469634391367435, 3.0, 4.098938139446545, 1.3469634391367435, 3.0, 2.3958131394465454, -5.6530365608632565, 3.0, -13.807311860553455, -3.6530365608632565, 3.0], "f": [0, 0, 1, 0, 2, 1, 0, 3, 2]}, "centroids": [[-5.374597915884806, -0.8239617627114058, 3.0]]}, "mtl": 0}], "featureCount": 1, "startIndex": 0}