{"type": "block", "layer": 0, "block": 0, "features": [{"geom": {"polygons": [[[[-6.831327528867405, -3.7764296140521765], [-6.831327528867405, -3.7718199100345373], [-6.165661154664122, 0.5984980873763561], [-5.870992217445746, 0.6106427013874054], [-5.839727542857872, 1.1798558253794909], [-6.057869390642736, 1.1833845004439354], [-5.432864472240908, 5.98476024903357], [6.831327528867405, 4.3183325827121735], [6.831327528867405, 4.313616601750255], [5.325410729943542, -5.876760251820087], [5.310010729939677, -5.98476024903357], [-6.831327528867405, -3.7764296140521765]]]], "centroids": [[0.045388685568468645, 0.12603426724672318, 3.0]], "h": 3.0}, "mtl": {"face": 0}}, {"geom": {"polygons": [[[[-6.831327528867405, -3.7764296140521765], [-6.831327528867405, -3.7718199100345373], [-6.165661154664122, 0.5984980873763561], [-5.870992217445746, 0.6106427013874054], [-5.839727542857872, 1.1798558253794909], [-6.057869390642736, 1.1833845004439354], [-5.432864472240908, 5.98476024903357], [6.831327528867405, 4.3183325827121735], [6.831327528867405, 0.8141845874488354], [6.748498349013971, 0.8308518249541521], [6.831327528867405, 0.39106411673128605], [6.831327528867405, -1.1821745205670595], [6.80404895695392, -1.3815850354731083], [6.586271421518177, -2.09313584305346], [6.257208002236439, -2.7605554051697254], [6.581184571317863, -2.839795397594571], [6.134982533898437, -5.987729035317898], [5.8884107299672905, -5.9547602497041225], [5.325410729943542, -5.876760251820087], [5.310010729939677, -5.98476024903357], [-6.831327528867405, -3.7764296140521765]]]], "centroids": [[0.3242269058828242, 0.02952154353260994, 6.0]], "h": 6.0}, "mtl": {"face": 1}}, {"geom": {"polygons": [[[[-6.831327528867405, -3.7764296140521765], [-6.831327528867405, -3.7718199100345373], [-6.165661154664122, 0.5984980873763561], [-5.870992217445746, 0.6106427013874054], [-5.839727542857872, 1.1798558253794909], [-6.057869390642736, 1.1833845004439354], [-5.432864472240908, 5.98476024903357], [6.831327528867405, 4.3183325827121735], [6.831327528867405, 0.8141845874488354], [6.748498349013971, 0.8308518249541521], [6.831327528867405, 0.39106411673128605], [6.831327528867405, -1.1821745205670595], [6.80404895695392, -1.3815850354731083], [6.586271421518177, -2.09313584305346], [6.257208002236439, -2.7605554051697254], [6.581184571317863, -2.839795397594571], [6.134982533898437, -5.987729035317898], [5.8884107299672905, -5.9547602497041225], [5.325410729943542, -5.876760251820087], [5.310010729939677, -5.98476024903357], [-6.831327528867405, -3.7764296140521765]]]], "centroids": [[0.3242269058828242, 0.02952154353260994, 9.0]], "h": 9.0}, "mtl": {"face": 2}}, {"geom": {"polygons": [[[[6.581184571317863, -2.839795397594571], [6.134982533898437, -5.987729035317898], [5.8884107299672905, -5.9547602497041225], [5.325410729943542, -5.876760251820087], [5.310010729939677, -5.98476024903357], [-2.343645704415394, -4.592672850936651], [-1.782416798203485, -1.2824189364910126], [6.257208002236439, -2.7605554051697254], [6.581184571317863, -2.839795397594571]]]], "centroids": [[2.125715822650818, -3.700821276754141, 12.0]], "h": 12.0}, "mtl": {"face": 3}}], "featureCount": 4, "startIndex": 0}