{"type": "block", "layer": 1, "block": 0, "features": [{"geom": {"triangles": {"v": [-7.178964270045981, 6.340239750221372, 3.0, -8.52271427004598, -3.6597602497786283, 3.0, 6.836660729954019, 4.340239750221372, 3.0, 5.321035729954019, -5.659760249778628, 3.0, 5.305410729954019, -5.659760249778628, 3.0], "f": [0, 1, 2, 1, 3, 2, 1, 4, 3]}, "centroids": [[-0.8179570014763158, 0.26534590497612953, 3.0]]}, "mtl": 0}], "featureCount": 1, "startIndex": 0}