{"type": "block", "layer": 1, "block": 0, "features": [{"geom": {"triangles": {"v": [-8.540495773253497, 7.304610963910818, 3.0, -10.806120773253497, -2.695389036089182, 3.0, 8.975129226746503, -6.695389036089182, 3.0, 11.100129226746503, 3.304610963910818, 3.0], "f": [0, 1, 2, 3, 0, 2]}, "centroids": [[0.2074083613406401, 0.037846749648451805, 3.0]]}, "mtl": 0}], "featureCount": 1, "startIndex": 0}