{"type": "block", "layer": 0, "block": 0, "features": [{"geom": {"polygons": [[[[-4.013055794639513, 1.9379679933190346], [-4.013055794639513, 1.943181810900569], [-0.6961876561399549, 1.5428025797009468], [-0.5701754834153689, 2.4360847659409046], [4.013055794639513, 2.0534869488328695], [4.013055794639513, 2.0491583067923784], [3.593946465261979, -2.4360847659409046], [-2.6589135768590495, -1.8465816024690866], [-3.738491337397136, -1.6619972866028547], [-4.013055794639513, 1.9379679933190346]]]], "centroids": [[0.1724141935701482, 0.00918460264801979, 3.0]], "h": 3.0}, "mtl": {"face": 0}}, {"geom": {"polygons": [[[[-4.013055794639513, -1.6150527391582727], [-4.013055794639513, 1.9379679914563894], [-3.738491337368032, -1.6619972884654999], [-4.013055794639513, -1.6150527391582727]]]], "centroids": [[-3.9215343088726513, -0.44636067748069763, 3.0]], "h": 3.0}, "mtl": {"face": 0}}], "featureCount": 2, "startIndex": 0}