{"type": "block", "layer": 1, "block": 0, "features": [{"geom": {"triangles": {"v": [-10.23576357687125, 37.184418397024274, 3.0, -10.53263857687125, 37.184418397024274, 3.0, -9.57951357687125, 32.184418397024274, 3.0, 32.84236142312875, 33.184418397024274, 3.0, -8.07951357687125, 20.184418397024274, 3.0, 10.06111142312875, -2.815581602975726, 3.0, 15.27986142312875, -3.815581602975726, 3.0, 25.87361142312875, -3.815581602975726, 3.0, 37.26423642312875, -4.815581602975726, 3.0, 43.79548642312875, 32.184418397024274, 3.0, 45.02986142312875, -5.815581602975726, 3.0, 54.76423642312875, 31.184418397024274, 3.0, 62.32673642312875, -7.815581602975726, 3.0, 65.63923642312875, 30.184418397024274, 3.0, -7.87638857687125, 15.184418397024274, 3.0, 4.76423642312875, -2.815581602975726, 3.0, -8.26701357687125, 7.184418397024274, 3.0, -2.65763857687125, -1.8155816029757261, 3.0, -9.17326357687125, -0.8155816029757261, 3.0], "f": [0, 1, 2, 0, 2, 3, 2, 4, 3, 3, 4, 5, 6, 3, 5, 3, 6, 7, 3, 7, 8, 3, 8, 9, 9, 8, 10, 9, 10, 11, 11, 10, 12, 13, 11, 12, 14, 5, 4, 5, 14, 15, 15, 14, 16, 17, 15, 16, 16, 18, 17]}, "centroids": [[27.641538865107577, 14.787698689848185, 3.0]]}, "mtl": 0}], "featureCount": 1, "startIndex": 0}