{"type": "block", "layer": 1, "block": 0, "features": [{"geom": {"triangles": {"v": [-4.076872685778653, 9.306557584553957, 3.0, -10.451872685778653, -1.693442415446043, 3.0, 20.423127314221347, -8.693442415446043, 3.0, 14.063752314221347, -18.693442415446043, 3.0], "f": [0, 1, 2, 1, 3, 2]}, "centroids": [[4.9321759892918635, -4.993100577965379, 3.0]]}, "mtl": 0}], "featureCount": 1, "startIndex": 0}