{"type": "block", "layer": 0, "block": 0, "features": [{"geom": {"polygons": [[[[-5.826356369594578, -4.762259995564818], [-5.826356369594578, -4.75907764211297], [-3.9972784737183247, 4.8924491833895445], [-0.9206711238075513, 4.265681074932218], [-0.7396991271234583, 5.220619233325124], [5.826356369594578, 3.882978867739439], [5.826356369594578, 3.8796654772013426], [4.212027990724891, -4.971069036051631], [-1.298355039616581, -3.8516830261796713], [-1.4638414937944617, -4.260104279965162], [-1.703225650911918, -4.6002710573375225], [-2.016473499214044, -4.883047353476286], [-2.4051077844342217, -5.097193883731961], [-2.8672106059384532, -5.219116952270269], [-3.34512481931597, -5.220619233325124], [-5.826356369594578, -4.762259995564818]]]], "centroids": [[-0.022245243890210986, -0.055277686566114426, 3.0]], "h": 3.0}, "mtl": {"face": 0}}, {"geom": {"polygons": [[[[-5.826356369594578, -4.762259995564818], [-5.826356369594578, -4.75907764211297], [-3.9972784737183247, 4.8924491833895445], [-0.9206711238075513, 4.265681074932218], [-0.7396991271234583, 5.220619233325124], [5.826356369594578, 3.882978867739439], [5.826356369594578, 3.8796654772013426], [4.212027990724891, -4.971069036051631], [-1.298355039616581, -3.8516830261796713], [-1.4638414937944617, -4.260104279965162], [-1.703225650911918, -4.6002710573375225], [-2.016473499214044, -4.883047353476286], [-2.4051077844342217, -5.097193883731961], [-2.8672106059384532, -5.219116952270269], [-3.34512481931597, -5.220619233325124], [-5.826356369594578, -4.762259995564818]]]], "centroids": [[-0.022245243890210986, -0.055277686566114426, 6.0]], "h": 6.0}, "mtl": {"face": 1}}], "featureCount": 2, "startIndex": 0}