{"type": "block", "layer": 1, "block": 0, "features": [{"geom": {"triangles": {"v": [-3.9420640635071322, 4.793847646564245, 3.0, -5.832689063507132, -5.206152353435755, 3.0, -2.4889390635071322, -5.206152353435755, 3.0, 12.448560936492868, 2.7938476465642452, 3.0, 9.886060936492868, 10.793847646564245, 3.0, 0.6048109364928678, 12.793847646564245, 3.0, -2.4576890635071322, 13.793847646564245, 3.0, 13.776685936492868, 9.793847646564245, 3.0, 10.292310936492868, -8.206152353435755, 3.0], "f": [0, 1, 2, 0, 2, 3, 4, 0, 3, 5, 0, 4, 6, 0, 5, 4, 3, 7, 2, 8, 3]}, "centroids": [[3.9743693460186478, 2.5985791981220245, 3.0]]}, "mtl": 0}], "featureCount": 1, "startIndex": 0}