{"type": "block", "layer": 1, "block": 0, "features": [{"geom": {"triangles": {"v": [4.865977680892684, -4.4634433798491955, 3.0, -4.477772319107316, 10.536556620150805, 3.0, -7.134022319107316, -2.4634433798491955, 3.0, 7.381602680892684, 7.5365566201508045, 3.0, 4.694102680892684, -5.4634433798491955, 3.0], "f": [0, 1, 2, 1, 0, 3, 0, 2, 4]}, "centroids": [[0.11378604872152209, 2.473965421319008, 3.0]]}, "mtl": 0}], "featureCount": 1, "startIndex": 0}