{"type": "block", "layer": 0, "block": 0, "features": [{"geom": {"polygons": [[[[-12.794270444981521, -6.5385065991431475], [-12.794270444981521, -6.531116338446736], [-10.19355000075302, 7.901782670989633], [-2.1935499999963213, 6.49878267198801], [12.794270444981521, 3.8300105091184378], [12.794270444981521, 3.821895295754075], [11.489449999993667, -4.221217328682542], [10.173450000002049, -4.062217328697443], [6.090450130141107, -3.5682173371315002], [-5.752077155571897, -2.704912630841136], [-6.763981355179567, -7.901782672852278], [-12.794270444981521, -6.5385065991431475]]]], "centroids": [[-1.094296561786905, 0.6525567285716534, 3.0]], "h": 3.0}, "mtl": {"face": 0}}, {"geom": {"polygons": [[[[-12.794270444981521, -6.5385065991431475], [-12.794270444981521, -6.531116338446736], [-10.19355000075302, 7.901782670989633], [-2.1935499999963213, 6.49878267198801], [12.794270444981521, 3.8300105091184378], [12.794270444981521, 0.15781187266111374], [12.069650000019465, -4.198217328637838], [12.058563415019307, -4.2901754677295685], [11.489449999993667, -4.221217328682542], [10.173450000002049, -4.062217328697443], [6.090450130141107, -3.5682173371315002], [-5.752077155571897, -2.704912630841136], [-6.763981355179567, -7.901782672852278], [-12.794270444981521, -6.5385065991431475]]]], "centroids": [[-0.8961897527333349, 0.6277042180299759, 6.0]], "h": 6.0}, "mtl": {"face": 1}}, {"geom": {"polygons": [[[[-12.794270444981521, -6.5385065991431475], [-12.794270444981521, -6.531116338446736], [-10.19355000075302, 7.901782670989633], [-2.1935499999963213, 6.49878267198801], [12.794270444981521, 3.8300105091184378], [12.794270444981521, -0.770414873957634], [12.207616887317272, -4.308235928416252], [12.058563415019307, -4.2901754677295685], [11.489449999993667, -4.221217328682542], [10.173450000002049, -4.062217328697443], [6.090450130141107, -3.5682173371315002], [-5.752077155571897, -2.704912630841136], [-6.763981355179567, -7.901782672852278], [-12.794270444981521, -6.5385065991431475]]]], "centroids": [[-0.8628766593465116, 0.6204087026417255, 9.0]], "h": 9.0}, "mtl": {"face": 2}}], "featureCount": 3, "startIndex": 0}