{"type": "block", "layer": 1, "block": 0, "features": [{"geom": {"triangles": {"v": [19.226794211601373, -3.595458447933197, 3.0, -3.757580788398627, 11.404541552066803, 3.0, -6.741955788398627, -2.595458447933197, 3.0, 21.023669211601373, 4.404541552066803, 3.0, 21.539294211601373, 6.404541552066803, 3.0, 18.320544211601373, -7.595458447933197, 3.0], "f": [0, 1, 2, 1, 0, 3, 1, 3, 4, 0, 2, 5]}, "centroids": [[7.37285335874185, 1.869872871786356, 3.0]]}, "mtl": 0}], "featureCount": 1, "startIndex": 0}