{"type": "block", "layer": 0, "block": 0, "features": [{"geom": {"polygons": [[[[2.3731919619312976, -5.25333153642714], [2.4823621294344775, -3.9628654178231955], [4.570918902812991, -4.160575166344643], [4.470362697320525, -5.25333153642714], [2.3731919619312976, -5.25333153642714]]]], "centroids": [[3.4453689508372918, -4.65574686601758, 3.0]], "h": 3.0}, "mtl": {"face": 0}}, {"geom": {"polygons": [[[[-5.253331535932375, -3.230578862130642], [-5.253331535932375, -3.2249782979488373], [-4.5542893055826426, 4.160575168207288], [5.253331535932375, 3.2610425483435392], [5.253331535932375, 3.255284931510687], [4.570918902812991, -4.160575166344643], [-5.253331535932375, -3.230578862130642]]]], "centroids": [[0.007210321549791843, 0.00610746257007122, 3.0]], "h": 3.0}, "mtl": {"face": 0}}, {"geom": {"polygons": [[[[-5.253331535932375, -3.230578862130642], [-5.253331535932375, -3.2249782979488373], [-4.5542893055826426, 4.160575168207288], [5.253331535932375, 3.2610425483435392], [5.253331535932375, 3.255284931510687], [4.570918902812991, -4.160575166344643], [-5.253331535932375, -3.230578862130642]]]], "centroids": [[0.007210321549791843, 0.00610746257007122, 6.0]], "h": 6.0}, "mtl": {"face": 1}}, {"geom": {"polygons": [[[[2.3731919619312976, -5.25333153642714], [2.4823621294344775, -3.9628654178231955], [4.570918902812991, -4.160575166344643], [4.470362697320525, -5.25333153642714], [2.3731919619312976, -5.25333153642714]]]], "centroids": [[3.4453689508372918, -4.65574686601758, 6.0]], "h": 6.0}, "mtl": {"face": 1}}], "featureCount": 4, "startIndex": 0}