{"type": "block", "layer": 0, "block": 0, "features": [{"geom": {"polygons": [[[[-4.008986995409941, 7.371868401765823], [-1.216890871990472, 6.587150264531374], [-1.9195513403392397, 4.240007063373923], [-4.649549120455049, 5.092692043632269], [-4.008986995409941, 7.371868401765823]]]], "centroids": [[-2.940042854170315, 5.823306916281581, 3.0]], "h": 3.0}, "mtl": {"face": 0}}, {"geom": {"polygons": [[[[-9.52841690715286, 0.5775917861610651], [-9.52841690715286, 0.5849510077387094], [-9.046160233876435, 4.184271674603224], [9.52841690715286, -0.9622014444321394], [9.52841690715286, -0.9670078512281179], [9.258574095903896, -2.2532716747373343], [8.844174095924245, -4.184271674603224], [-9.52841690715286, 0.5775917861610651]]]], "centroids": [[-0.19144353075535037, -0.054223982617259026, 3.0]], "h": 3.0}, "mtl": {"face": 0}}, {"geom": {"polygons": [[[[7.040012246085098, 3.0383878089487553], [7.360178477771115, 4.176566394045949], [9.52841690715286, 3.567183354869485], [9.52841690715286, 3.532884819433093], [9.209818265313515, 2.399282841011882], [7.040012246085098, 3.0383878089487553]]]], "centroids": [[8.291033617424546, 3.293472919613123, 3.0]], "h": 3.0}, "mtl": {"face": 0}}], "featureCount": 3, "startIndex": 0}