{"type": "block", "layer": 0, "block": 0, "features": [{"geom": {"polygons": [[[[-5.175064312119503, -1.9841099362820387], [-2.885838981368579, 1.8319020327180624], [-5.129537506552879, 3.4694986883550882], [-2.709843575808918, 7.357983535155654], [-2.70834311467479, 7.357983535155654], [1.774578821437899, 4.1937639079988], [-0.07092123475740664, 1.0055402033030987], [5.175064312119503, -2.6519440952688456], [2.221546271670377, -7.357983535155654], [2.220071784395259, -7.357983535155654], [-5.175064312119503, -1.9841099362820387]]]], "centroids": [[-0.5424110625463072, -0.338088383898139, 3.0]], "h": 3.0}, "mtl": {"face": 1}}, {"geom": {"polygons": [[[[2.0266997090075165, -0.45691439136862755], [4.757499440369429, 3.9948750883340836], [7.3579835347190965, 2.414818439632654], [7.3579835347190965, 0.826248288154602], [5.175064312206814, -2.6519440952688456], [2.0266997090075165, -0.45691439136862755]]]], "centroids": [[4.9517591536277905, 0.6836188901215792, 3.0]], "h": 3.0}, "mtl": {"face": 1}}, {"geom": {"polygons": [[[[-7.3579835347190965, -0.39783325232565403], [-7.3579835347190965, -0.11164787784218788], [-5.129537506232737, 3.4694986883550882], [-2.885838981368579, 1.8319020327180624], [-5.175064312119503, -1.9841099362820387], [-7.3579835347190965, -0.39783325232565403]]]], "centroids": [[-5.169877500156872, 0.7455791160464287, 3.0]], "h": 3.0}, "mtl": {"face": 1}}, {"geom": {"polygons": [[[[-7.3579835347190965, -0.39783325232565403], [-7.3579835347190965, -0.11164787784218788], [-2.709843575808918, 7.357983535155654], [-2.70834311467479, 7.357983535155654], [1.7745788213505875, 4.1937639079988], [-0.07092123475740664, 1.0055402033030987], [5.175064312119503, -2.6519440952688456], [2.221546271670377, -7.357983535155654], [2.220071784395259, -7.357983535155654], [-7.3579835347190965, -0.39783325232565403]]]], "centroids": [[-1.2164177685044706, -0.18024841137230396, 6.0]], "h": 6.0}, "mtl": {"face": 0}}], "featureCount": 4, "startIndex": 0}