{"type": "block", "layer": 1, "block": 0, "features": [{"geom": {"triangles": {"v": [5.749559437506832, 20.91628059372306, 3.0, -7.484815562493168, -0.0837194062769413, 3.0, 15.562059437506832, 13.916280593723059, 3.0, 2.218309437506832, -7.083719406276941, 3.0], "f": [0, 1, 2, 1, 3, 2]}, "centroids": [[4.025728227221407, 6.812258828431368, 3.0]]}, "mtl": 0}], "featureCount": 1, "startIndex": 0}