{"type": "block", "layer": 0, "block": 0, "features": [{"geom": {"polygons": [[[[-5.108195527805947, 3.700500000268221], [3.7064590047230013, 5.928907049819827], [3.708962583972607, 5.928907049819827], [5.108195527805947, 0.6815100088715553], [2.850352315843338, 0.15366369299590588], [3.944454037991818, -4.253328075632453], [-2.6528608815569896, -5.928907049819827], [-2.6553465662000235, -5.928907049819827], [-5.108195527805947, 3.700500000268221]]]], "centroids": [[0.025297340704128146, 0.23595649935305119, 3.0]], "h": 3.0}, "mtl": {"face": 0}}, {"geom": {"polygons": [[[[4.124060437461594, 4.372208962216973], [5.928907050547423, 4.9063095562160015], [5.928907050547423, -2.396318620070815], [4.124060437461594, 4.372208962216973]]]], "centroids": [[5.327291512832744, 2.294066632166505, 3.0]], "h": 3.0}, "mtl": {"face": 0}}, {"geom": {"polygons": [[[[4.124060437112348, 4.372208958491683], [5.928907050547423, 4.906309552490711], [5.928907050547423, -2.396318620070815], [4.124060437112348, 4.372208958491683]]]], "centroids": [[5.3272915127454326, 2.2940666303038597, 6.0]], "h": 6.0}, "mtl": {"face": 1}}, {"geom": {"polygons": [[[[4.124060437112348, 4.372208958491683], [5.928907050547423, 4.906309552490711], [5.928907050547423, -2.396318620070815], [4.124060437112348, 4.372208958491683]]]], "centroids": [[5.3272915127454326, 2.2940666303038597, 9.0]], "h": 9.0}, "mtl": {"face": 2}}], "featureCount": 4, "startIndex": 0}