{"type": "block", "layer": 1, "block": 0, "features": [{"geom": {"triangles": {"v": [-5.10869552733493, 3.8395000007003546, 3.0, 6.26630447266507, -4.160499999299645, 3.0, 9.54755447266507, 7.839500000700355, 3.0, -2.6555705273349304, -6.160499999299645, 3.0, 11.95380447266507, -2.1604999992996454, 3.0], "f": [0, 1, 2, 0, 3, 1, 2, 1, 4]}, "centroids": [[3.4288211012317333, 0.7446289211511612, 3.0]]}, "mtl": 0}], "featureCount": 1, "startIndex": 0}