{"type": "block", "layer": 1, "block": 0, "features": [{"geom": {"triangles": {"v": [-25.96893689292483, 6.833975825458765, 3.0, -27.56268689292483, -1.166024174541235, 3.0, 5.60918810707517, 0.833975825458765, 3.0, 4.89043810707517, -7.166024174541235, 3.0], "f": [0, 1, 2, 1, 3, 2]}, "centroids": [[-10.815917355299462, -0.3059732746332884, 3.0]]}, "mtl": 0}], "featureCount": 1, "startIndex": 0}