{"type": "block", "layer": 0, "block": 0, "features": [{"geom": {"polygons": [[[[-4.807471758424072, -4.702160144224763], [-4.600838766171364, 4.880124270915985], [-4.579569694615202, 4.880124270915985], [4.807471758453175, 4.6646123342216015], [4.509074875648366, -4.657437097281218], [4.497817011550069, -4.880124270915985], [4.472342715627747, -4.880124270915985], [-4.807471758424072, -4.702160144224763]]]], "centroids": [[-0.027404430351452902, -0.0008181780576705933, 3.0]], "h": 3.0}, "mtl": {"face": 0}}, {"geom": {"polygons": [[[[-4.807471758424072, -4.702160144224763], [-4.600838766171364, 4.880124270915985], [-4.579569694615202, 4.880124270915985], [4.807471758453175, 4.6646123342216015], [4.509074875648366, -4.657437097281218], [4.497817011550069, -4.880124270915985], [4.472342715627747, -4.880124270915985], [-4.807471758424072, -4.702160144224763]]]], "centroids": [[-0.027404430351452902, -0.0008181780576705933, 6.0]], "h": 6.0}, "mtl": {"face": 1}}], "featureCount": 2, "startIndex": 0}