{"type": "block", "layer": 1, "block": 0, "features": [{"geom": {"triangles": {"v": [-4.572102156264009, 20.654694069176912, 3.0, -6.775227156264009, -3.3453059308230877, 3.0, 5.381022843735991, 19.654694069176912, 3.0, 3.146647843735991, -4.345305930823088, 3.0], "f": [0, 1, 2, 1, 3, 2]}, "centroids": [[-0.699824616429396, 8.069506658241153, 3.0]]}, "mtl": 0}], "featureCount": 1, "startIndex": 0}