{"type": "block", "layer": 1, "block": 0, "features": [{"geom": {"triangles": {"v": [-11.166808779293206, 5.846939418464899, 3.0, -12.541808779293206, -3.153060581535101, 3.0, 11.926941220706794, 1.846939418464899, 3.0, 10.770691220706794, -7.153060581535101, 3.0], "f": [0, 1, 2, 1, 3, 2]}, "centroids": [[-0.33818944278755225, -0.8170724455267191, 3.0]]}, "mtl": 0}], "featureCount": 1, "startIndex": 0}