{"type": "block", "layer": 0, "block": 0, "features": [{"geom": {"polygons": [[[[-7.200246136984788, -17.722044417634606], [-6.4002585234702565, -13.148361278697848], [-5.419980500242673, -13.360422503203154], [-4.902529216196854, -10.517438950017095], [-5.900700230791699, -10.29229038208723], [-4.919151081674499, -4.680585002526641], [-4.1995185244013555, -4.759829392656684], [-3.486424418806564, -0.8716251943260431], [-4.229424690420274, -0.737286489456892], [-2.2903931050386745, 10.348530242219567], [-0.401272983814124, 10.027826754376292], [-0.04072517194435932, 12.082729429006577], [-1.9284254396625329, 12.417969042435288], [-0.746889254252892, 19.1730387955904], [-0.7336948252050206, 19.1730387955904], [7.200246137013892, 17.989956291392446], [5.873189715493936, 10.463989324867725], [1.9632918376883026, 11.1686951238662], [1.6948903156153392, 9.67197491042316], [5.616152815433452, 9.006287990137935], [4.961419208993902, 5.293180758133531], [3.9172606836655177, 5.489133136346936], [3.6987457283830736, 4.197849141433835], [4.737644345295848, 4.0241147223860025], [3.5689648617699277, -2.6036691796034575], [0.6636381729331333, -2.091978419572115], [0.18615163868525997, -5.0292002614587545], [3.0420850037189666, -5.591696171090007], [0.6472824309894349, -19.1730387955904], [0.636587902874453, -19.1730387955904], [-7.200246136984788, -17.722044417634606]]]], "centroids": [[-0.05926890030968934, -0.03394372947514057, 3.0]], "h": 3.0}, "mtl": {"face": 0}}, {"geom": {"polygons": [[[[-7.200246136984788, -17.722044417634606], [-6.4002585234702565, -13.148361278697848], [-5.419980500242673, -13.360422503203154], [-4.902529216196854, -10.517438950017095], [-5.900700230937218, -10.29229038208723], [-4.919151081674499, -4.680585002526641], [-4.1995185244013555, -4.759829392656684], [-3.486424418806564, -0.8716251943260431], [-4.229424690565793, -0.737286489456892], [-2.2903931050386745, 10.348530242219567], [-0.401272983814124, 10.027826754376292], [-0.04072517194435932, 12.082729429006577], [-1.9284254398371559, 12.417969042435288], [-0.746889254252892, 19.1730387955904], [2.445911404094659, 19.1730387955904], [2.441779208864318, 19.104872124269605], [4.221661706338637, 18.835540186613798], [4.239664728986099, 19.13499951735139], [7.321802116959589, 18.679321320727468], [7.200246137013892, 17.989956291392446], [5.873189715610351, 10.463989324867725], [1.9632918376883026, 11.1686951238662], [1.6948903154989239, 9.67197491042316], [5.61615281534614, 9.00628798827529], [4.961419208993902, 5.293180758133531], [3.9172606836655177, 5.489133136346936], [3.6987457283830736, 4.197849141433835], [4.737644345295848, 4.0241147223860025], [3.568965068028774, -2.6036692168563604], [0.6636381729331333, -2.091978419572115], [0.18615163868525997, -5.0292002614587545], [3.042085239139851, -5.591696217656136], [0.6472824310185388, -19.1730387955904], [0.636587902874453, -19.1730387955904], [-7.200246136984788, -17.722044417634606]]]], "centroids": [[-0.0020252496178727597, 0.2088667806237936, 6.0]], "h": 6.0}, "mtl": {"face": 1}}, {"geom": {"polygons": [[[[-7.200246136810165, -17.722044417634606], [-6.4002585236448795, -13.148361278697848], [-5.419980500242673, -13.360422503203154], [-4.902529216196854, -10.517438950017095], [-5.900700230995426, -10.29229038208723], [-4.919151081849122, -4.680585002526641], [-4.1995185244013555, -4.759829392656684], [-3.486424418806564, -0.8716251943260431], [-4.229424690740416, -0.737286489456892], [-2.2903931050386745, 10.348530242219567], [-0.401272983814124, 10.027826754376292], [-0.04072517194435932, 12.082729429006577], [-1.9284254398371559, 12.417969042435288], [-0.7468892541946843, 19.1730387955904], [2.9898217849840876, 19.1730387955904], [4.230663217633264, 18.985269851982594], [4.239664728986099, 19.13499951735139], [7.321802116959589, 18.679321320727468], [7.200246137013892, 17.989956291392446], [5.873189715610351, 10.463989324867725], [1.9632918376883026, 11.1686951238662], [1.6948903154989239, 9.67197491042316], [5.616152725066058, 9.00628800317645], [4.961419208993902, 5.293180758133531], [3.9172606836655177, 5.489133136346936], [3.6987457283830736, 4.197849141433835], [4.737644345295848, 4.0241147223860025], [3.568965068028774, -2.6036692168563604], [0.6636381729331333, -2.091978419572115], [0.18615163868525997, -5.0292002614587545], [3.042085239139851, -5.591696217656136], [0.6472824310185388, -19.1730387955904], [0.636587902874453, -19.1730387955904], [-7.200246136810165, -17.722044417634606]]]], "centroids": [[0.0009849810739979148, 0.22552227042615414, 9.0]], "h": 9.0}, "mtl": {"face": 2}}, {"geom": {"polygons": [[[[-7.200246136810165, -17.722044417634606], [-6.4002585234702565, -13.148361278697848], [-5.419980500242673, -13.360422503203154], [-4.902529216196854, -10.517438950017095], [-5.900700230791699, -10.29229038208723], [-4.919151081732707, -4.680585002526641], [-4.1995185244013555, -4.759829392656684], [-3.486424418806564, -0.8716251943260431], [-4.229424690420274, -0.737286489456892], [-1.890029877773486, 12.637483859434724], [0.8303834061080124, 12.129344467073679], [1.2997540218930226, 15.026652924716473], [2.71678040488041, 14.903542622923851], [3.2653140629117843, 18.57672008499503], [3.354272401309572, 19.1730387955904], [5.02794905367773, 19.1730387955904], [7.347858980705496, 18.82709431089461], [7.200246137013892, 17.989956291392446], [4.961419208993902, 5.293180758133531], [3.9172606836655177, 5.489133136346936], [3.6987457283830736, 4.197849141433835], [4.737644345295848, 4.0241147223860025], [3.568965068028774, -2.6036692168563604], [0.6636381729331333, -2.091978419572115], [0.18615163868525997, -5.0292002614587545], [3.042085239139851, -5.591696217656136], [0.6472824310185388, -19.1730387955904], [0.636587902874453, -19.1730387955904], [-7.200246136810165, -17.722044417634606]]]], "centroids": [[0.023523427080363035, -0.8247377350926399, 12.0]], "h": 12.0}, "mtl": {"face": 3}}], "featureCount": 4, "startIndex": 0}