{"type": "block", "layer": 1, "block": 0, "features": [{"geom": {"triangles": {"v": [-0.7497788629843853, 19.381956292316318, 3.0, -7.499778862984385, -19.618043707683682, 3.0, 0.43772113701561466, -20.618043707683682, 3.0, 7.203346137015615, 18.381956292316318, 3.0], "f": [0, 1, 2, 0, 2, 3]}, "centroids": [[-0.15117123094387352, -0.6325388271361589, 3.0]]}, "mtl": 0}], "featureCount": 1, "startIndex": 0}