{"type": "block", "layer": 1, "block": 0, "features": [{"geom": {"triangles": {"v": [-10.946596847788896, 5.451761648058891, 3.0, -11.946596847788896, -0.5482383519411087, 3.0, 11.944028152211104, 0.4517616480588913, 3.0, 10.897153152211104, -5.548238351941109, 3.0], "f": [0, 1, 2, 1, 3, 2]}, "centroids": [[-0.043302890117047355, -0.01846524141728878, 3.0]]}, "mtl": 0}], "featureCount": 1, "startIndex": 0}