{"type": "block", "layer": 1, "block": 0, "features": [{"geom": {"triangles": {"v": [-6.5392454706016, 5.2620543241500854, 3.0, -8.8204954706016, -5.7379456758499146, 3.0, 14.4607545293984, -9.737945675849915, 3.0, 16.5076295293984, 0.26205432415008545, 3.0], "f": [0, 1, 2, 0, 2, 3]}, "centroids": [[3.7616403900901787, -2.5985995456576347, 3.0]]}, "mtl": 0}], "featureCount": 1, "startIndex": 0}