{"type": "block", "layer": 0, "block": 0, "features": [{"geom": {"polygons": [[[[-4.40907484057243, -3.4827359709888697], [-2.0752819225599524, 5.679239954799414], [-2.074276511615608, 5.679239954799414], [4.409074840601534, 1.4010188467800617], [3.265939941164106, -2.593068465590477], [1.8785698198480532, -5.679239954799414], [1.876689091703156, -5.679239954799414], [-4.40907484057243, -3.4827359709888697]]]], "centroids": [[-0.08424898443627171, -0.4193279817700386, 3.0]], "h": 3.0}, "mtl": {"face": 0}}, {"geom": {"polygons": [[[[3.265939941164106, -2.593068465590477], [4.409074840601534, 1.4010188467800617], [5.679239954130026, 0.5628647953271866], [5.679239954130026, -3.406745530664921], [3.265939941164106, -2.593068465590477]]]], "centroids": [[4.711232910602121, -1.1931655295193195, 3.0]], "h": 3.0}, "mtl": {"face": 0}}], "featureCount": 2, "startIndex": 0}