{"type": "block", "layer": 1, "block": 0, "features": [{"geom": {"triangles": {"v": [15.796362756227609, -6.143192067742348, 3.0, -2.0786372437723912, 5.856807932257652, 3.0, -5.031762243772391, -6.143192067742348, 3.0, 14.874487756227609, -10.143192067742348, 3.0], "f": [0, 1, 2, 0, 2, 3]}, "centroids": [[4.379709707194706, -3.5035289265215397, 3.0]]}, "mtl": 0}], "featureCount": 1, "startIndex": 0}