{"type": "block", "layer": 1, "block": 0, "features": [{"geom": {"triangles": {"v": [-7.126621532283025, 7.950829166918993, 3.0, -8.329746532283025, -0.049170833081007004, 3.0, 7.295253467716975, 5.950829166918993, 3.0, 6.826503467716975, -2.049170833081007, 3.0], "f": [0, 1, 2, 1, 3, 2]}, "centroids": [[-0.28074720050790347, 3.0758972819894552, 3.0]]}, "mtl": 0}], "featureCount": 1, "startIndex": 0}