{"type": "block", "layer": 1, "block": 0, "features": [{"geom": {"triangles": {"v": [-31.84055060139508, 6.400057841092348, 3.0, -8.55930060139508, 8.400057841092348, 3.0, -30.30930060139508, -0.5999421589076519, 3.0, -12.12180060139508, -10.599942158907652, 3.0, 11.92507439860492, -15.599942158907652, 3.0, 13.31569939860492, -14.599942158907652, 3.0, 17.20632439860492, 16.400057841092348, 3.0, -29.62180060139508, -4.599942158907652, 3.0], "f": [0, 0, 1, 0, 2, 1, 1, 2, 3, 1, 3, 4, 1, 4, 5, 1, 5, 6, 2, 7, 3]}, "centroids": [[-4.033707520167809, -0.43496215529739857, 3.0]]}, "mtl": 0}], "featureCount": 1, "startIndex": 0}