{"type": "block", "layer": 1, "block": 0, "features": [{"geom": {"triangles": {"v": [-1.7417135886498727, 3.742467235773802, 3.0, -2.3510885886498727, -11.257532764226198, 3.0, 5.414536411350127, -10.257532764226198, 3.0, 6.570786411350127, 3.742467235773802, 3.0, 5.914536411350127, -10.257532764226198, 3.0], "f": [0, 1, 2, 3, 0, 2, 3, 2, 4]}, "centroids": [[2.027908386924537, -3.5087581761181355, 3.0]]}, "mtl": 0}], "featureCount": 1, "startIndex": 0}