{"type": "block", "layer": 0, "block": 0, "features": [{"geom": {"polygons": [[[[-3.2934702687489334, -2.594351004809141], [-2.0820475514919963, 3.7305732555687428], [-2.080248542682966, 3.7305732555687428], [3.2934702687780373, 2.5700161904096603], [2.0011677185539156, -3.7305732555687428], [1.9993532172520645, -3.7305732555687428], [-3.2934702687489334, -2.594351004809141]]]], "centroids": [[-0.01908100346918218, 0.002122858539223671, 3.0]], "h": 3.0}, "mtl": {"face": 0}}, {"geom": {"polygons": [[[[-3.511092708184151, -3.7305732555687428], [-3.2934702687489334, -2.594351004809141], [1.9993532172520645, -3.7305732555687428], [-3.511092708184151, -3.7305732555687428]]], [[[2.0011677185539156, -3.7305732555687428], [3.2934702687780373, 2.5700161904096603], [3.730573256209027, 2.4756154641509056], [3.730573256209027, -3.7305732555687428], [2.0011677185539156, -3.7305732555687428]]]], "centroids": [[-1.6017365865409374, -3.351832505315542, 3.0], [3.1233136771188583, -1.218008078634739, 3.0]], "h": 3.0}, "mtl": {"face": 0}}, {"geom": {"polygons": [[[[-3.730573256209027, -3.7305732555687428], [-3.730573256209027, -2.5695067830383778], [-3.6788407654094044, -2.5205681920051575], [-3.730573256209027, -2.461227983236313], [-3.730573256209027, -0.7575084939599037], [-3.6093837715452537, -0.08831562101840973], [-3.5276009652297944, 0.16231418028473854], [-3.399828180205077, 0.40435388684272766], [-3.242352827510331, 0.5890787858515978], [-3.064678756694775, 0.7565578650683165], [-3.1712691887805704, 0.8701928928494453], [-3.263598735909909, 1.0367596708238125], [-3.327162031433545, 1.2176601737737656], [-2.9680409447464626, 3.2819042205810547], [-2.799223880865611, 3.49790152721107], [-2.567078929685522, 3.679058289155364], [-2.321476691926364, 3.7191035710275173], [-2.089521361835068, 3.7305732555687428], [-2.080248542682966, 3.7305732555687428], [3.730573256209027, 2.4756154641509056], [3.730573256209027, -3.7305732555687428], [-3.730573256209027, -3.7305732555687428]]]], "centroids": [[0.019314765610033646, -0.3372150454670191, 6.0]], "h": 6.0}, "mtl": {"face": 1}}, {"geom": {"polygons": [[[[-3.730573256209027, -3.7305732555687428], [-3.730573256209027, -2.5695067830383778], [-3.6788407654094044, -2.5205681920051575], [-3.730573256209027, -2.461227983236313], [-3.730573256209027, -0.7575084939599037], [-3.6093837715452537, -0.08831562101840973], [-3.5276009652297944, 0.16231418028473854], [-3.399828180205077, 0.40435388684272766], [-3.242352827510331, 0.5890787858515978], [-3.064678756694775, 0.7565578650683165], [-3.1712691887805704, 0.8701928928494453], [-3.263598735909909, 1.0367596708238125], [-3.327162031433545, 1.2176601737737656], [-2.9680409447464626, 3.2819042205810547], [-2.799223880865611, 3.49790152721107], [-2.567078929685522, 3.679058289155364], [-2.321476691926364, 3.7191035710275173], [-2.089521361835068, 3.7305732555687428], [-2.080248542682966, 3.7305732555687428], [3.730573256209027, 2.4756154641509056], [3.730573256209027, -3.7305732555687428], [-3.730573256209027, -3.7305732555687428]]]], "centroids": [[0.019314765610033646, -0.3372150454670191, 9.0]], "h": 9.0}, "mtl": {"face": 2}}, {"geom": {"polygons": [[[[-3.730573256209027, -3.7305732555687428], [-3.730573256209027, -2.5695067830383778], [-3.6788407654094044, -2.5205681920051575], [-3.730573256209027, -2.461227983236313], [-3.730573256209027, -0.7575084939599037], [-3.6093837715452537, -0.08831562101840973], [-3.5276009652297944, 0.16231418028473854], [-3.399828180205077, 0.40435388684272766], [-3.242352827510331, 0.5890787858515978], [-3.064678756694775, 0.7565578650683165], [-3.1712691887805704, 0.8701928928494453], [-3.263598735909909, 1.0367596708238125], [-3.327162031433545, 1.2176601737737656], [-2.9680409447464626, 3.2819042205810547], [-2.799223880865611, 3.49790152721107], [-2.567078929685522, 3.679058289155364], [-2.321476691926364, 3.7191035710275173], [-2.089521361835068, 3.7305732555687428], [-2.080248542682966, 3.7305732555687428], [3.730573256209027, 2.4756154641509056], [3.730573256209027, -3.7305732555687428], [-3.730573256209027, -3.7305732555687428]]]], "centroids": [[0.019314765610033646, -0.3372150454670191, 12.0]], "h": 12.0}, "mtl": {"face": 3}}, {"geom": {"polygons": [[[[-3.730573256209027, -3.7305732555687428], [-3.730573256209027, -2.5695067830383778], [-3.6788407654094044, -2.5205681920051575], [-3.730573256209027, -2.461227983236313], [-3.730573256209027, -0.7575084939599037], [-3.6093837715452537, -0.08831562101840973], [-3.5276009652297944, 0.16231418028473854], [-3.399828180205077, 0.40435388684272766], [-3.242352827510331, 0.5890787858515978], [-3.064678756694775, 0.7565578650683165], [-3.1712691887805704, 0.8701928928494453], [-3.263598735909909, 1.0367596708238125], [-3.327162031433545, 1.2176601737737656], [-2.9680409447464626, 3.2819042205810547], [-2.799223880865611, 3.49790152721107], [-2.567078929685522, 3.679058289155364], [-2.321476691926364, 3.7191035710275173], [-2.089521361835068, 3.7305732555687428], [-2.080248542682966, 3.7305732555687428], [3.730573256209027, 2.4756154641509056], [3.730573256209027, -3.7305732555687428], [-3.730573256209027, -3.7305732555687428]]]], "centroids": [[0.019314765610033646, -0.3372150454670191, 15.0]], "h": 15.0}, "mtl": {"face": 4}}], "featureCount": 6, "startIndex": 0}