{"type": "block", "layer": 1, "block": 0, "features": [{"geom": {"triangles": {"v": [-2.6981232705293223, 13.580266561359167, 3.0, -5.432498270529322, -2.419733438640833, 3.0, -1.2449982705293223, 13.580266561359167, 3.0, 4.458126729470678, -4.419733438640833, 3.0, 6.864376729470678, 12.580266561359167, 3.0], "f": [0, 1, 2, 2, 1, 3, 4, 2, 3]}, "centroids": [[0.7954030582623091, 4.963054986670613, 3.0]]}, "mtl": 0}], "featureCount": 1, "startIndex": 0}