{"type": "block", "layer": 1, "block": 0, "features": [{"geom": {"triangles": {"v": [-2.637098444305593, 7.772082410752773, 3.0, -4.715223444305593, -2.2279175892472267, 3.0, 16.769151555694407, 3.7720824107527733, 3.0, 14.753526555694407, -6.227917589247227, 3.0], "f": [0, 1, 2, 1, 3, 2]}, "centroids": [[6.021670221351087, 0.7513991463929415, 3.0]]}, "mtl": 0}], "featureCount": 1, "startIndex": 0}