{"type": "block", "layer": 0, "block": 0, "features": [{"geom": {"polygons": [[[[-3.416675921267597, -3.9042145553976297], [-1.5771271770936437, 4.89372843503952], [-1.5747701988439076, 4.89372843503952], [3.416675921267597, 3.8102193977683783], [1.765834372898098, -3.923723129555583], [1.5558332238870207, -4.89372843503952], [1.5532690936524887, -4.89372843503952], [-3.416675921267597, -3.9042145553976297]]]], "centroids": [[-0.007609882391989231, -0.017294185236096382, 3.0]], "h": 3.0}, "mtl": {"face": 0}}, {"geom": {"polygons": [[[[-4.89372843442834, 2.0213222354650497], [-4.89372843442834, 4.89372843503952], [-2.4407919885998126, 4.89372843503952], [-3.1178024957189336, 1.6695644538849592], [-4.89372843442834, 2.0213222354650497]]]], "centroids": [[-3.804707594885258, 3.443582257255912, 3.0]], "h": 3.0}, "mtl": {"face": 0}}, {"geom": {"polygons": [[[[-3.416675921296701, -3.9042145553976297], [-1.5771271770936437, 4.89372843503952], [-1.5747701988439076, 4.89372843503952], [3.416675921267597, 3.8102193977683783], [1.765834372898098, -3.923723129555583], [1.5558332238870207, -4.89372843503952], [1.5532690936524887, -4.89372843503952], [-3.416675921296701, -3.9042145553976297]]]], "centroids": [[-0.007609882450196892, -0.01729418709874153, 6.0]], "h": 6.0}, "mtl": {"face": 1}}], "featureCount": 3, "startIndex": 0}