{"type": "block", "layer": 1, "block": 0, "features": [{"geom": {"triangles": {"v": [-13.355706795846345, 7.445997346192598, 3.0, -15.136956795846345, -1.5540026538074017, 3.0, -4.793206795846345, 5.445997346192598, 3.0, -5.386956795846345, -3.5540026538074017, 3.0, 1.769293204153655, -3.5540026538074017, 3.0, 3.409918204153655, 3.4459973461925983, 3.0, 1.550543204153655, -4.554002653807402, 3.0], "f": [0, 1, 2, 1, 3, 2, 4, 2, 3, 2, 4, 5, 4, 3, 6]}, "centroids": [[-5.8824444211495575, 1.201223062351346, 3.0]]}, "mtl": 0}], "featureCount": 1, "startIndex": 0}