{"type": "block", "layer": 0, "block": 0, "features": [{"geom": {"polygons": [[[[-6.1434127009124495, -3.1682163290679455], [-6.1434127009124495, -3.1651814486831427], [-5.610313527751714, -0.6446558702737093], [0.2383777497743722, -1.9194141458719969], [1.772213131742319, 5.333756735548377], [6.1434127009124495, 4.401016976684332], [6.1434127009124495, 4.397966369986534], [4.095395109325182, -5.333756733685732], [-6.1434127009124495, -3.1682163290679455]]]], "centroids": [[1.422603777347831, -0.6510047875344753, 3.0]], "h": 3.0}, "mtl": {"face": 0}}, {"geom": {"polygons": [[[[-6.1434127009124495, 4.973914442583919], [-6.1434127009124495, 6.143412701785564], [-2.958177167980466, 6.143412701785564], [-3.3335185436008032, 4.384409673511982], [-6.1434127009124495, 4.973914442583919]]]], "centroids": [[-4.5375515137275215, 5.412961529567838, 3.0]], "h": 3.0}, "mtl": {"face": 0}}, {"geom": {"polygons": [[[[-6.1434127009124495, 4.973914442583919], [-6.1434127009124495, 6.143412701785564], [-2.9581771680386737, 6.143412701785564], [-3.3335185436008032, 4.384409673511982], [-6.1434127009124495, 4.973914442583919]]]], "centroids": [[-4.537551513698418, 5.412961527705193, 6.0]], "h": 6.0}, "mtl": {"face": 1}}], "featureCount": 3, "startIndex": 0}