{"type": "block", "layer": 0, "block": 0, "features": [{"geom": {"polygons": [[[[-6.441223822825123, -2.1795766092836857], [-2.4926914529060014, 7.54336254671216], [-2.490666831115959, 7.54336254671216], [6.441223822825123, 3.6217431128025055], [1.808229968242813, -7.54336254671216], [1.8067568506521638, -7.54336254671216], [-6.441223822825123, -2.1795766092836857]]]], "centroids": [[-0.06634123614639975, 0.31323072127997875, 3.0]], "h": 3.0}, "mtl": {"face": 0}}, {"geom": {"polygons": [[[[-7.543362547294237, 5.544078851118684], [-7.543362547294237, 7.54336254671216], [-7.228715891978936, 7.54336254671216], [-7.080362974462332, 6.684497287496924], [-7.543362547294237, 5.544078851118684]]]], "centroids": [[-7.365329115156783, 6.741238981485367, 3.0]], "h": 3.0}, "mtl": {"face": 0}}], "featureCount": 2, "startIndex": 0}