{"type": "block", "layer": 1, "block": 0, "features": [{"geom": {"triangles": {"v": [-16.55563307736884, 13.589883040636778, 3.0, -2.0556330773688387, 25.589883040636778, 3.0, -18.86813307736884, 22.589883040636778, 3.0, 7.897491922631161, 24.589883040636778, 3.0, -13.133758077368839, 2.589883040636778, 3.0, 1.8037419226311613, -7.410116959363222, 3.0, 15.084991922631161, 24.589883040636778, 3.0], "f": [0, 1, 2, 3, 1, 0, 3, 0, 4, 3, 4, 5, 3, 5, 6]}, "centroids": [[-2.4723806949914433, 12.3267423491925, 3.0]]}, "mtl": 0}], "featureCount": 1, "startIndex": 0}