{"type": "block", "layer": 1, "block": 0, "features": [{"geom": {"triangles": {"v": [-8.71073504461674, -6.5020000003278255, 3.0, 9.66426495538326, 4.4979999996721745, 3.0, -7.91386004461674, -0.5020000003278255, 3.0, 17.38301495538326, 0.49799999967217445, 3.0, 17.33613995538326, 3.4979999996721745, 3.0, 2.00801495538326, 5.4979999996721745, 3.0, -1.8201100446167402, 5.4979999996721745, 3.0, -7.41386004461674, 2.4979999996721745, 3.0, -6.07011004461674, 6.4979999996721745, 3.0], "f": [0, 1, 2, 1, 0, 3, 4, 1, 3, 1, 5, 2, 5, 6, 2, 7, 2, 6, 8, 7, 6]}, "centroids": [[2.1160283550270833, 0.566820191219449, 3.0]]}, "mtl": 0}], "featureCount": 1, "startIndex": 0}