{"type": "block", "layer": 0, "block": 0, "features": [{"geom": {"polygons": [[[[-4.334033004502999, 3.009779091924429], [-3.755417113279691, 5.775760248303413], [-3.574861710483674, 6.638876607641578], [-0.9818691296968609, 6.638876607641578], [-1.8327210224815644, 2.486532563343644], [-4.334033004502999, 3.009779091924429]]]], "centroids": [[-2.6528435248765163, 4.688526716083288, 3.0]], "h": 3.0}, "mtl": {"face": 0}}, {"geom": {"polygons": [[[[-5.1792530827224255, -1.0306609384715557], [-4.334033004502999, 3.009779091924429], [-1.8327210224815644, 2.486532563343644], [-1.2654593657352962, 5.254893992096186], [-2.0671116120065562, 5.422589108347893], [-1.8336978563747834, 6.638876607641578], [1.2950386248121504, 6.638876607641578], [1.6568114614055958, 6.133722975850105], [1.9144615742261522, 6.0843306090682745], [2.7002530827303417, 6.538459438830614], [5.430322159110801, 6.015096230432391], [5.775253082741983, 5.53345943801105], [4.9432530827471055, 1.6024594381451607], [4.271489330712939, 1.166890125721693], [4.194666171766585, 0.8036988098174334], [4.64125308272196, 0.16245943866670132], [4.125253082747804, -2.299540562555194], [3.4776696300541516, -2.585994102060795], [3.3830997966288123, -3.0330850929021835], [3.795253082731506, -3.866540562361479], [3.3482530827459414, -5.958540562540293], [2.620962860470172, -6.638876607641578], [2.616942109161755, -6.638876607641578], [-4.483128480089363, -5.21508795581758], [-3.7039443983812816, -1.3262611459940672], [-5.1792530827224255, -1.0306609384715557]]]], "centroids": [[0.4352225092879962, 0.1550753302872181, 6.0]], "h": 6.0}, "mtl": {"face": 1}}, {"geom": {"polygons": [[[[-5.1792530827224255, -1.0306609384715557], [-4.334033004502999, 3.009779091924429], [-1.8327210224815644, 2.486532563343644], [-1.2654593657352962, 5.254893992096186], [-2.752108826098265, 5.565881526097655], [-2.5464121707482263, 6.638876607641578], [1.2950386248121504, 6.638876607641578], [1.6568114614055958, 6.133722975850105], [1.9144615742261522, 6.0843306090682745], [2.7002530827303417, 6.538459438830614], [5.430322159110801, 6.015096230432391], [5.775253082741983, 5.53345943801105], [4.9432530827471055, 1.6024594381451607], [4.271489330712939, 1.166890125721693], [4.194666171766585, 0.8036988098174334], [4.64125308272196, 0.16245943866670132], [4.125253082747804, -2.299540562555194], [3.4776696300541516, -2.585994102060795], [3.3830997966288123, -3.0330850929021835], [3.795253082731506, -3.866540562361479], [3.3482530827459414, -5.958540562540293], [2.620962860470172, -6.638876607641578], [2.616942109161755, -6.638876607641578], [-4.483128480089363, -5.21508795581758], [-3.7039443983812816, -1.3262611459940672], [-5.1792530827224255, -1.0306609384715557]]]], "centroids": [[0.41338502024882473, 0.202394874766469, 9.0]], "h": 9.0}, "mtl": {"face": 2}}, {"geom": {"polygons": [[[[-5.1792530827224255, -1.0306609384715557], [-4.334033004502999, 3.009779091924429], [-1.8327210224815644, 2.486532563343644], [-0.9818691296968609, 6.638876607641578], [-0.9782696289184969, 6.638876607641578], [5.1792530827224255, 5.458459438756108], [2.620393523509847, -6.638876607641578], [2.616942109161755, -6.638876607641578], [-4.483128480234882, -5.21508795581758], [-3.7039443983812816, -1.3262611459940672], [-5.1792530827224255, -1.0306609384715557]]]], "centroids": [[0.14274314607609995, -0.05233505554497242, 3.0]], "h": 3.0}, "mtl": {"face": 0}}, {"geom": {"polygons": [[[[-1.2654593657352962, 5.254893992096186], [-1.8327210224815644, 2.486532563343644], [-4.334033004502999, 3.009779091924429], [-3.755417113279691, 5.775760248303413], [-1.2654593657352962, 5.254893992096186]]]], "centroids": [[-2.7971245000953786, 4.130692169070244, 9.0]], "h": 9.0}, "mtl": {"face": 2}}, {"geom": {"polygons": [[[[-1.2654593657352962, 5.254893992096186], [-1.8327210224815644, 2.486532563343644], [-4.334033004502999, 3.009779091924429], [-3.755417113279691, 5.775760248303413], [-1.2654593657352962, 5.254893992096186]]]], "centroids": [[-2.7971245000953786, 4.130692169070244, 6.0]], "h": 6.0}, "mtl": {"face": 1}}], "featureCount": 6, "startIndex": 0}