{"type": "block", "layer": 0, "block": 0, "features": [{"geom": {"polygons": [[[[-4.721448677475564, 0.1459710579365492], [-3.3432786649500486, 6.9718027506023645], [-0.694365630071843, 6.9718027506023645], [-0.7960396852868143, 6.4632565677165985], [-0.5063059288077056, 6.4053298607468605], [-0.18410741366096772, 6.801451506093144], [4.929862113291165, 5.755499999970198], [5.329862113285344, 5.238500000908971], [5.635862113267649, 4.489500001072884], [4.852885870554019, 0.5395328029990196], [4.313380245963344, 0.3305284380912781], [3.888254977267934, -1.722142443060875], [4.253862113284413, -2.3224999997764826], [3.2649490135372616, -6.9718027506023645], [2.7974175506969914, -6.9718027506023645], [-3.108033116470324, -5.776419382542372], [-1.9687184544454794, -0.441945580765605], [-4.721448677475564, 0.1459710579365492]]]], "centroids": [[0.5427070517616812, 0.5703838486224413, 6.0]], "h": 6.0}, "mtl": {"face": 0}}, {"geom": {"polygons": [[[[-3.108033116470324, -5.776419382542372], [-0.5063059288077056, 6.4053298607468605], [-0.385321011999622, 6.9718027506023645], [0.22804861623444594, 6.9718027506023645], [5.469192860997282, 5.914848146960139], [5.329862113285344, 5.238500000908971], [5.891366382071283, 5.122207781299949], [3.4775851739686914, -6.9718027506023645], [2.7974175506969914, -6.9718027506023645], [-3.108033116470324, -5.776419382542372]]]], "centroids": [[1.4774887797539122, -0.0503960307687521, 9.0]], "h": 9.0}, "mtl": {"face": 1}}, {"geom": {"polygons": [[[[-4.721448677475564, 0.1459710579365492], [-3.3432786649500486, 6.9718027506023645], [-3.339650432666531, 6.9718027506023645], [-0.5063059288077056, 6.4053298607468605], [-1.1329017986136023, 3.471496596932411], [4.721448677475564, 2.3008422441780567], [2.801006519468501, -6.9718027506023645], [2.7974175506969914, -6.9718027506023645], [-3.108033116470324, -5.776419382542372], [-1.9687184544454794, -0.441945580765605], [-4.721448677475564, 0.1459710579365492]]]], "centroids": [[-0.07684698651428334, -0.44297776371240616, 3.0]], "h": 3.0}, "mtl": {"face": 2}}, {"geom": {"polygons": [[[[5.329862113285344, 5.238500000908971], [4.721448677475564, 2.3008422441780567], [-1.1329017986136023, 3.471496596932411], [-0.5063059283129405, 6.4053298607468605], [5.329862113285344, 5.238500000908971]]]], "centroids": [[2.1028954499633983, 4.3532735630869865, 3.0]], "h": 3.0}, "mtl": {"face": 2}}], "featureCount": 4, "startIndex": 0}