{"type": "block", "layer": 1, "block": 0, "features": [{"geom": {"triangles": {"v": [-4.720762886718148, 0.09850000031292439, 3.0, -5.814512886718148, -4.901499999687076, 3.0, 2.7948621132818516, -6.901499999687076, 3.0, 5.326112113281852, 5.098500000312924, 3.0, -3.3457628867181484, 7.098500000312924, 3.0], "f": [0, 1, 2, 0, 2, 3, 4, 0, 3]}, "centroids": [[-0.25248421388096176, 0.008742479607462883, 3.0]]}, "mtl": 0}], "featureCount": 1, "startIndex": 0}