{"type": "block", "layer": 0, "block": 0, "features": [{"geom": {"polygons": [[[[-5.201086932531325, -2.936371633782983], [-5.201086932531325, -2.934083068743348], [-3.3336070932273287, 4.8627452328801155], [5.201086932531325, 2.8998975194990635], [5.201086932531325, 2.8975697103887796], [3.3730616831453517, -4.8627452328801155], [-5.201086932531325, -2.936371633782983]]]], "centroids": [[0.005387073411839083, -0.010435210540890694, 3.0]], "h": 3.0}, "mtl": {"face": 0}}, {"geom": {"polygons": [[[[-5.201086932531325, -2.936371633782983], [-5.201086932531325, -2.934083068743348], [-3.3336070932273287, 4.8627452328801155], [5.201086932531325, 2.8998975194990635], [5.201086932531325, 2.8975697103887796], [3.3730616831453517, -4.8627452328801155], [-5.201086932531325, -2.936371633782983]]]], "centroids": [[0.005387073411839083, -0.010435210540890694, 6.0]], "h": 6.0}, "mtl": {"face": 1}}], "featureCount": 2, "startIndex": 0}