{"type": "block", "layer": 1, "block": 0, "features": [{"geom": {"triangles": {"v": [-3.3296070932410657, 4.385745232924819, 3.0, -5.204607093241066, -2.614254767075181, 3.0, 8.654767906758934, 2.385745232924819, 3.0, 14.482892906758934, -7.614254767075181, 3.0, 16.076642906758934, 0.385745232924819, 3.0], "f": [0, 1, 2, 2, 1, 3, 4, 2, 3]}, "centroids": [[5.482847248145845, -1.2618494350463152, 3.0]]}, "mtl": 0}], "featureCount": 1, "startIndex": 0}