{"type": "block", "layer": 1, "block": 0, "features": [{"geom": {"triangles": {"v": [-3.694340754620498, 28.025890473276377, 3.0, -8.084965754620498, -1.9741095267236233, 3.0, 11.477534245379502, 26.025890473276377, 3.0, 7.165034245379502, -3.9741095267236233, 3.0], "f": [0, 1, 2, 1, 3, 2]}, "centroids": [[1.7206178397755139, 12.13787516206503, 3.0]]}, "mtl": 0}], "featureCount": 1, "startIndex": 0}