{"type": "block", "layer": 1, "block": 0, "features": [{"geom": {"triangles": {"v": [1.729955107322894, 19.017874205484986, 3.0, -1.832544892677106, 0.017874205484986305, 3.0, 11.276830107322894, 17.017874205484986, 3.0, 7.854955107322894, -1.9821257945150137, 3.0], "f": [0, 1, 2, 1, 3, 2]}, "centroids": [[4.744853608193807, 8.359679350629449, 3.0]]}, "mtl": 0}], "featureCount": 1, "startIndex": 0}