{"type": "block", "layer": 0, "block": 0, "features": [{"geom": {"polygons": [[[[-4.505758469778812, -9.301515651866794], [-0.40057331073330715, 10.317483799532056], [-0.3954861737729516, 10.317483799532056], [4.505758469778812, 9.279273856431246], [0.3957579391717445, -10.317483799532056], [0.39056865603197366, -10.317483799532056], [-4.505758469778812, -9.301515651866794]]]], "centroids": [[-0.0009942036704160273, -0.002446964383125305, 3.0]], "h": 3.0}, "mtl": {"face": 0}}, {"geom": {"polygons": [[[[-4.660582247597631, -10.041430534794927], [-4.505758469575085, -9.301515650004148], [-0.40057331073330715, 10.317483799532056], [-0.3954861737729516, 10.317483799532056], [4.505758469778812, 9.279273856431246], [0.39575793928815983, -10.317483799532056], [-3.2387819101277273, -10.317483799532056], [-4.660582247597631, -10.041430534794927]]]], "centroids": [[-0.06697050263755955, -0.2340638656169176, 6.0]], "h": 6.0}, "mtl": {"face": 1}}], "featureCount": 2, "startIndex": 0}