{"type": "block", "layer": 1, "block": 0, "features": [{"geom": {"triangles": {"v": [-3.515606800618116, 4.61523300036788, 3.0, -6.796856800618116, -31.38476699963212, 3.0, 4.171893199381884, -32.38476699963212, 3.0, 7.531268199381884, 3.61523300036788, 3.0], "f": [0, 1, 2, 0, 2, 3]}, "centroids": [[0.34872551332227886, -13.702929155901074, 3.0]]}, "mtl": 0}], "featureCount": 1, "startIndex": 0}