{"type": "block", "layer": 0, "block": 0, "features": [{"geom": {"polygons": [[[[-6.116819767077686, 3.131509765982628], [-6.116819767077686, 6.116819767281413], [-2.764339799643494, 6.116819767281413], [-3.076436250965344, 2.814747739583254], [-6.116819767077686, 3.131509765982628]]]], "centroids": [[-4.489320202323142, 4.567813500761986, 3.0]], "h": 3.0}, "mtl": {"face": 0}}, {"geom": {"polygons": [[[[-3.3467981379071716, -5.644388921558857], [-2.1619079352531116, 6.116819767281413], [-2.1557201360701583, 6.116819767281413], [3.3467981379362755, 5.567352892830968], [2.272241616738029, -6.116819767281413], [2.2649188363575377, -6.116819767281413], [-3.3467981379071716, -5.644388921558857]]]], "centroids": [[0.022440871893195435, -0.03685672581195831, 3.0]], "h": 3.0}, "mtl": {"face": 0}}, {"geom": {"polygons": [[[[-3.3467981379071716, -5.644388921558857], [-2.1619079352531116, 6.116819767281413], [-2.1557201360701583, 6.116819767281413], [3.3467981379362755, 5.567352892830968], [2.272241616738029, -6.116819767281413], [2.2649188363575377, -6.116819767281413], [-3.3467981379071716, -5.644388921558857]]]], "centroids": [[0.022440871893195435, -0.03685672581195831, 6.0]], "h": 6.0}, "mtl": {"face": 1}}], "featureCount": 3, "startIndex": 0}