{"type": "block", "layer": 1, "block": 0, "features": [{"geom": {"triangles": {"v": [3.350874788768124, 5.1225092895329, 3.0, -13.383500211231876, 7.1225092895329, 3.0, -14.430375211231876, -4.8774907104671, 3.0, 2.272749788768124, -5.8774907104671, 3.0], "f": [0, 1, 2, 0, 2, 3]}, "centroids": [[-5.577276203024667, 0.499685512855649, 3.0]]}, "mtl": 0}], "featureCount": 1, "startIndex": 0}