{"type": "block", "layer": 1, "block": 0, "features": [{"geom": {"triangles": {"v": [-8.46106735576177, 4.791115399450064, 3.0, -10.07044235576177, -6.208884600549936, 3.0, 11.11705764423823, -5.208884600549936, 3.0, 12.25768264423823, 6.791115399450064, 3.0], "f": [0, 1, 2, 0, 2, 3]}, "centroids": [[1.2785720663086977, 0.1055258996784687, 3.0]]}, "mtl": 0}], "featureCount": 1, "startIndex": 0}