{"type": "block", "layer": 0, "block": 0, "features": [{"geom": {"polygons": [[[[-3.7170181878609583, -6.360641576349735], [-2.1775652158248704, 6.531584769487381], [1.2752236628730316, 6.119289333000779], [1.5684862292837352, 8.597781714051962], [1.5770225888991263, 8.597781714051962], [3.7170181878609583, 8.379620641469955], [1.62358783945092, -8.597781714051962], [1.6214299338462297, -8.597781714051962], [-3.7170181878609583, -6.360641576349735]]]], "centroids": [[0.012301895912969485, -0.12667935341596603, 3.0]], "h": 3.0}, "mtl": {"face": 0}}, {"geom": {"polygons": [[[[-3.7170181878609583, -6.360641576349735], [-2.1775652154174168, 6.531584773212671], [1.2752236676460598, 6.119289319962263], [1.5684862292837352, 8.597781714051962], [1.5770225888991263, 8.597781714051962], [3.7170181878609583, 8.379620641469955], [1.62358783945092, -8.597781714051962], [0.1516322017996572, -8.597781714051962], [-0.7788559901237022, -8.212916502729058], [-0.862310044496553, -7.556940954178572], [-1.0467681869340595, -7.479641577228904], [-1.5545563390478492, -7.892074093222618], [-3.444695993239293, -7.110281273722649], [-3.7170181878609583, -6.360641576349735]]]], "centroids": [[-0.028260294784558937, -0.3463332764804363, 6.0]], "h": 6.0}, "mtl": {"face": 1}}, {"geom": {"polygons": [[[[-3.789502344094217, -6.967663701623678], [-3.7170181878609583, -6.360641576349735], [-2.177565220190445, 6.531584786251187], [1.2752236628730316, 6.119289333000779], [1.568486222968204, 8.597781714051962], [1.577022712008329, 8.597781714051962], [3.71701818308793, 8.379620654508471], [1.62358783945092, -8.597781714051962], [0.1516322146926541, -8.597781714051962], [-3.789502344094217, -6.967663701623678]]]], "centroids": [[-0.0366013299790211, -0.3808421306312084, 9.0]], "h": 9.0}, "mtl": {"face": 2}}, {"geom": {"polygons": [[[[-3.789502344094217, -6.967663701623678], [-3.7170181878609583, -6.360641576349735], [-2.177565220190445, 6.531584786251187], [1.2752236628730316, 6.119289333000779], [1.568486222968204, 8.597781714051962], [1.577022712008329, 8.597781714051962], [3.71701818308793, 8.379620654508471], [1.62358783945092, -8.597781714051962], [0.1516322146926541, -8.597781714051962], [-3.789502344094217, -6.967663701623678]]]], "centroids": [[-0.0366013299790211, -0.3808421306312084, 12.0]], "h": 12.0}, "mtl": {"face": 3}}], "featureCount": 4, "startIndex": 0}