{"type": "block", "layer": 0, "block": 0, "features": [{"geom": {"polygons": [[[[-5.896410299988929, -4.144294571131468], [-5.896410299988929, -4.141417417675257], [-3.784861685766373, 5.738176526501775], [5.896410299988929, 3.7109469547867775], [5.896410299988929, 3.707906447350979], [4.304499999969266, -4.166676526889205], [2.065999999991618, -5.738176526501775], [-5.896410299988929, -4.144294571131468]]]], "centroids": [[-0.04183132905745879, -0.11113029345870018, 3.0]], "h": 3.0}, "mtl": {"face": 0}}, {"geom": {"polygons": [[[[-5.896410299988929, -1.6511961556971073], [-5.896410299988929, 0.8701218478381634], [-5.625024427601602, 2.1288278196007013], [-4.603043227136368, 1.9100376218557358], [-5.385714857373387, -1.7519561611115932], [-5.896410299988929, -1.6511961556971073]]]], "centroids": [[-5.396108323300723, 0.3751247953623533, 3.0]], "h": 3.0}, "mtl": {"face": 0}}, {"geom": {"polygons": [[[[-5.896410299988929, -4.144294571131468], [-5.896410299988929, -4.141417417675257], [-4.603043227136368, 1.9100376218557358], [-3.812394137814408, 1.7407720144838095], [-3.0442052810976747, 5.583085278049111], [5.896410299988929, 3.7109469547867775], [5.896410299988929, 0.2203881349414587], [5.828357389458688, 0.04335976578295231], [5.6167182278004475, -0.36327855475246906], [5.372000000003027, -0.7341765277087688], [5.283999999985099, -1.158176526427269], [5.694999999977881, -1.2521765269339085], [5.032999999995809, -4.344176527112722], [4.4539999999979045, -4.600176528096199], [4.277677542209858, -4.886466236785054], [4.081631474400638, -5.130302220582962], [3.897999999986496, -5.313176527619362], [3.6665439434873406, -5.498881155624986], [3.432198999769753, -5.647586626932025], [3.1859999999869615, -5.77817652747035], [2.857686613308033, -5.884995678439736], [2.809340562700527, -5.89641029946506], [-1.158493626426207, -5.89641029946506], [-1.5171622530615423, -5.812005961313844], [-1.8740460151748266, -5.695467418059707], [-2.2103018241468817, -5.557222545146942], [-2.4940000000060536, -5.417176527902484], [-3.6459714874217752, -5.189512502402067], [-3.524075027758954, -4.6191787123680115], [-5.896410299988929, -4.144294571131468]]]], "centroids": [[0.3134661102958489, -0.5118524264544249, 6.0]], "h": 6.0}, "mtl": {"face": 1}}, {"geom": {"polygons": [[[[-5.625024427601602, 2.1288278196007013], [-4.812707109987969, 5.89641029946506], [-4.540525575081119, 5.89641029946506], [-3.0442052810976747, 5.583085278049111], [-3.812394137814408, 1.7407720144838095], [-5.625024427601602, 2.1288278196007013]]]], "centroids": [[-4.322060263890307, 3.838385071605444, 6.0]], "h": 6.0}, "mtl": {"face": 1}}, {"geom": {"polygons": [[[[-5.896410299988929, -4.744663825258613], [-5.896410299988929, -4.141417417675257], [-4.603043227136368, 1.9100376218557358], [-3.812394137814408, 1.7407720144838095], [-3.044205281243194, 5.583085278049111], [5.896410299988929, 3.7109469547867775], [5.896410299988929, 0.2203881349414587], [5.828357389458688, 0.04335976578295231], [5.6167182278004475, -0.36327855475246906], [5.372000000003027, -0.7341765277087688], [5.283999999985099, -1.158176526427269], [5.694999999977881, -1.2521765269339085], [5.032999999995809, -4.344176527112722], [4.4539999999979045, -4.600176528096199], [4.277677542209858, -4.886466236785054], [4.081631474400638, -5.130302220582962], [3.897999999986496, -5.313176527619362], [3.6665439434873406, -5.498881155624986], [3.432198999769753, -5.647586626932025], [3.1859999999869615, -5.77817652747035], [2.857686613308033, -5.884995678439736], [2.809340562700527, -5.89641029946506], [-1.158493626426207, -5.89641029946506], [-1.5171622530615423, -5.812005961313844], [-1.8740460151748266, -5.695467418059707], [-2.2103018241468817, -5.557222545146942], [-2.4940000000060536, -5.417176527902484], [-5.896410299988929, -4.744663825258613]]]], "centroids": [[0.24745978810824454, -0.5661580990999937, 9.0]], "h": 9.0}, "mtl": {"face": 2}}, {"geom": {"polygons": [[[[-5.625024427601602, 2.1288278196007013], [-4.812707109987969, 5.89641029946506], [-4.540525575081119, 5.89641029946506], [-3.0442052810976747, 5.583085278049111], [-3.812394137814408, 1.7407720144838095], [-5.625024427601602, 2.1288278196007013]]]], "centroids": [[-4.322060263890307, 3.838385071605444, 9.0]], "h": 9.0}, "mtl": {"face": 2}}], "featureCount": 6, "startIndex": 0}