{"type": "block", "layer": 1, "block": 0, "features": [{"geom": {"triangles": {"v": [-13.690750000008848, 7.813823472708464, 3.0, -15.768875000008848, -2.1861765272915363, 3.0, -5.893875000008848, -4.186176527291536, 3.0, 5.902999999991152, 3.8138234727084637, 3.0, 3.9186249999911524, -6.186176527291536, 3.0], "f": [0, 1, 2, 0, 2, 3, 2, 4, 3]}, "centroids": [[-4.931505362997996, 0.8225362114608288, 3.0]]}, "mtl": 0}], "featureCount": 1, "startIndex": 0}