{"type": "block", "layer": 1, "block": 0, "features": [{"geom": {"triangles": {"v": [-13.329074999986915, 7.538499999791384, 3.0, -15.157199999986915, -1.4615000002086163, 3.0, 15.170925000013085, 1.5384999997913837, 3.0, 13.514675000013085, -7.461500000208616, 3.0], "f": [0, 1, 2, 1, 3, 2]}, "centroids": [[0.03833331022178754, 0.0011995434761047363, 3.0]]}, "mtl": 0}], "featureCount": 1, "startIndex": 0}