{"type": "block", "layer": 0, "block": 0, "features": [{"geom": {"polygons": [[[[-3.4306291594111826, -3.8898079581558704], [-3.3908185184991453, -3.6904036793857813], [-2.303818518499611, 1.7015963215380907], [-1.6539165838912595, 5.046091662719846], [-1.6516201453632675, 5.046091662719846], [3.4306291594402865, 3.8794083185493946], [1.655790063465247, -5.046091662719846], [1.6534711447893642, -5.046091662719846], [-1.0268185184977483, -4.43640367873013], [-1.928818518499611, -4.231403678655624], [-3.4306291594111826, -3.8898079581558704]]]], "centroids": [[0.0034143531520385295, -0.003846425563097, 3.0]], "h": 3.0}, "mtl": {"face": 0}}, {"geom": {"polygons": [[[[3.418630833271891, 0.8729096725583076], [3.9908999945619144, 3.7507923040539026], [5.046091662574327, 3.508562048897147], [5.046091662574327, 0.49930365197360516], [3.418630833271891, 0.8729096725583076]]]], "centroids": [[4.365255549142603, 2.0532370172441006, 3.0]], "h": 3.0}, "mtl": {"face": 0}}, {"geom": {"polygons": [[[[-3.4306291594111826, -3.8898079581558704], [-3.3908185184991453, -3.6904036793857813], [-2.303818518499611, 1.7015963215380907], [-1.6539165838912595, 5.046091662719846], [-1.6516201453632675, 5.046091662719846], [3.4306291594111826, 3.8794083185493946], [1.655790063465247, -5.046091662719846], [1.6534711447893642, -5.046091662719846], [-1.0268185184977483, -4.43640367873013], [-1.928818518499611, -4.231403678655624], [-3.4306291594111826, -3.8898079581558704]]]], "centroids": [[0.0034143531520385295, -0.003846423700451851, 6.0]], "h": 6.0}, "mtl": {"face": 1}}], "featureCount": 3, "startIndex": 0}