{"type": "block", "layer": 1, "block": 0, "features": [{"geom": {"triangles": {"v": [-1.1379837920540012, 5.0341955572366714, 3.0, -3.2004837920540012, -4.9658044427633286, 3.0, 18.330766207946, 1.0341955572366714, 3.0, 16.408891207946, -8.965804442763329, 3.0], "f": [0, 1, 2, 1, 3, 2]}, "centroids": [[7.61070248883334, -1.6214525364339352, 3.0]]}, "mtl": 0}], "featureCount": 1, "startIndex": 0}