{"type": "block", "layer": 0, "block": 0, "features": [{"geom": {"polygons": [[[[-3.514085937233176, -5.977804219350219], [-0.7849253031017724, 6.8486255295574665], [-0.7812454921659082, 6.8486255295574665], [3.514085937233176, 6.016155779361725], [2.5922402906871866, 1.6541041508316994], [0.795394158369163, -6.8486255295574665], [0.7918626235914417, -6.8486255295574665], [-3.514085937233176, -5.977804219350219]]]], "centroids": [[0.002642608276801184, 0.004954403266310692, 3.0]], "h": 3.0}, "mtl": {"face": 0}}], "featureCount": 1, "startIndex": 0}