{"type": "block", "layer": 1, "block": 0, "features": [{"geom": {"triangles": {"v": [-13.212999999988824, -1.2562176659703255, 3.0, -14.306749999988824, -10.256217665970325, 3.0, -5.962999999988824, -12.256217665970325, 3.0, 0.6307500000111759, -6.2562176659703255, 3.0, -1.3692499999888241, 4.7437823340296745, 3.0, -12.416124999988824, 5.7437823340296745, 3.0, 2.943250000011176, 4.7437823340296745, 3.0, -1.0567499999888241, -13.256217665970325, 3.0], "f": [0, 1, 2, 0, 2, 3, 4, 0, 3, 5, 0, 4, 6, 4, 3, 2, 7, 3]}, "centroids": [[-6.051423757249722, -3.192282060161233, 3.0]]}, "mtl": 0}], "featureCount": 1, "startIndex": 0}