{"type": "block", "layer": 1, "block": 0, "features": [{"geom": {"triangles": {"v": [-4.413547774543986, 5.670349942520261, 3.0, -5.413547774543986, -4.329650057479739, 3.0, 18.477077225456014, -6.329650057479739, 3.0, 19.445827225456014, 2.670349942520261, 3.0], "f": [0, 1, 2, 0, 2, 3]}, "centroids": [[7.0070321499079, -0.6697165463119745, 3.0]]}, "mtl": 0}], "featureCount": 1, "startIndex": 0}