{"type": "block", "layer": 0, "block": 0, "features": [{"geom": {"polygons": [[[[-5.264777264557779, -2.538696466013789], [-5.264777264557779, -2.53616900742054], [-3.5251547268708237, 5.244380621239543], [5.264777264557779, 3.3137350268661976], [5.264777264557779, 3.3113097697496414], [4.396224024618277, -0.49857163801789284], [3.606486243137624, -0.3185320943593979], [3.16194416131475, -2.2685019243508577], [3.3666909938910976, -2.315178843215108], [3.4650995670817792, -2.348861588165164], [3.5563939547282644, -2.3987024296075106], [3.6379439084848855, -2.4632654190063477], [3.707399923092453, -2.5406904593110085], [3.762760927347699, -2.628746882081032], [3.8024319360847585, -2.7248977310955524], [3.8252700026496314, -2.8263728376477957], [3.830617148109013, -2.9302486423403025], [3.8183193181757815, -3.033532416447997], [3.3143037949630525, -5.244380621239543], [-3.0286962050304282, -3.2713806219398975], [-5.264777264557779, -2.538696466013789]]]], "centroids": [[-0.07226499318494461, 0.2090733591467142, 6.0]], "h": 6.0}, "mtl": {"face": 0}}, {"geom": {"polygons": [[[[-5.264777264557779, -2.538696466013789], [-5.264777264557779, -2.53616900742054], [-3.5251547272200696, 5.244380619376898], [5.264777264557779, 3.3137350268661976], [5.264777264557779, 3.3113097697496414], [4.396224024618277, -0.49857163801789284], [3.606486243137624, -0.3185320943593979], [3.16194416131475, -2.2685019243508577], [3.3666909938910976, -2.315178843215108], [3.4650995670817792, -2.348861588165164], [3.5563939547282644, -2.3987024296075106], [3.6379439084848855, -2.4632654190063477], [3.707399923092453, -2.5406904593110085], [3.762760927347699, -2.628746882081032], [3.8024319360847585, -2.7248977310955524], [3.8252700026496314, -2.8263728376477957], [3.830617148109013, -2.9302486423403025], [3.8183193181757815, -3.033532416447997], [3.3143037949630525, -5.244380621239543], [-3.0286962050304282, -3.2713806219398975], [-5.264777264557779, -2.538696466013789]]]], "centroids": [[-0.07226499306852929, 0.20907336100935936, 3.0]], "h": 3.0}, "mtl": {"face": 1}}], "featureCount": 2, "startIndex": 0}