{"type": "block", "layer": 1, "block": 0, "features": [{"geom": {"triangles": {"v": [-15.468196205038112, 4.129619378596544, 3.0, -16.26507120503811, 1.1296193785965443, 3.0, -3.0306962050381117, -2.8703806214034557, 3.0, -14.202571205038112, 7.129619378596544, 3.0, 5.266178794961888, 3.1296193785965443, 3.0, 3.3130537949618883, -4.870380621403456, 3.0], "f": [0, 1, 2, 3, 0, 2, 3, 2, 4, 2, 5, 4]}, "centroids": [[-5.090129379648715, 1.5385430864989758, 3.0]]}, "mtl": 0}], "featureCount": 1, "startIndex": 0}