{"type": "block", "layer": 1, "block": 0, "features": [{"geom": {"triangles": {"v": [2.8041168983618263, 17.63780985213816, 3.0, -8.149008101638174, 0.6378098521381617, 3.0, 4.210366898361826, -7.362190147861838, 3.0, 15.147866898361826, 9.637809852138162, 3.0], "f": [0, 1, 2, 3, 0, 2]}, "centroids": [[3.505199019884458, 5.339097689837217, 3.0]]}, "mtl": 0}], "featureCount": 1, "startIndex": 0}