{"type": "block", "layer": 0, "block": 0, "features": [{"geom": {"polygons": [[[[-6.774972437066026, -2.5247467756271362], [-6.774972437066026, -2.5221712980419397], [-5.932021460816031, 0.4784491043537855], [-2.725337007199414, -0.39723164960741997], [-1.4439281833474524, 5.294583197683096], [6.774972437066026, 4.350494643673301], [6.774972437066026, 4.347270999103785], [4.698249999259133, -5.294583195820451], [-6.774972437066026, -2.5247467756271362]]]], "centroids": [[0.9659985334146768, 0.030487844720482826, 3.0]], "h": 3.0}, "mtl": {"face": 0}}, {"geom": {"polygons": [[[[-6.774972437066026, -2.5247467756271362], [-6.774972437066026, -2.522171299904585], [-5.932021460641408, 0.4784491043537855], [-3.4360207001154777, -0.20315831899642944], [-2.234397027059458, 5.3853827603161335], [6.774972437066026, 4.350494634360075], [6.774972437066026, 1.9551435429602861], [6.652301305060973, 1.346568237990141], [6.088363308052067, 1.1594665125012398], [6.52365648583509, 0.7515301331877708], [6.155338418553583, -1.206097710877657], [5.555900830106111, -1.312662398442626], [6.033230525295949, -1.775859186425805], [5.304693103826139, -5.420889209955931], [4.698249999259133, -5.294583195820451], [-6.774972437066026, -2.5247467756271362]]]], "centroids": [[1.0358401610865258, 0.08280164003372192, 6.0]], "h": 6.0}, "mtl": {"face": 1}}, {"geom": {"polygons": [[[[-6.774972437066026, -2.5247467756271362], [-6.774972437066026, -2.522171299904585], [-5.932021460641408, 0.4784491043537855], [-3.4360207001154777, -0.20315831899642944], [-2.234397027059458, 5.3853827603161335], [6.774972437066026, 4.350494634360075], [6.774972437066026, 1.9551435429602861], [6.652301305060973, 1.346568237990141], [6.088363308052067, 1.1594665125012398], [6.52365648583509, 0.7515301331877708], [6.155338418553583, -1.206097710877657], [5.555900830106111, -1.312662398442626], [6.033230525295949, -1.775859186425805], [5.304693103826139, -5.420889209955931], [4.698249999259133, -5.294583195820451], [-6.774972437066026, -2.5247467756271362]]]], "centroids": [[1.0358401610865258, 0.08280164003372192, 9.0]], "h": 9.0}, "mtl": {"face": 2}}], "featureCount": 3, "startIndex": 0}