{"type": "block", "layer": 1, "block": 0, "features": [{"geom": {"triangles": {"v": [-4.481375000730623, 5.919416803866625, 3.0, -6.778250000730623, -2.080583196133375, 3.0, 4.690499999269377, -5.080583196133375, 3.0, 6.768624999269377, 3.919416803866625, 3.0], "f": [0, 1, 2, 3, 0, 2]}, "centroids": [[0.19197013511438854, 0.4812220800668001, 3.0]]}, "mtl": 0}], "featureCount": 1, "startIndex": 0}