{"type": "block", "layer": 1, "block": 0, "features": [{"geom": {"triangles": {"v": [-5.357200649392325, -1.3085324093699455, 3.0, 1.5177993506076746, -5.3085324093699455, 3.0, 2.7990493506076746, 11.691467590630054, 3.0, 11.064674350607675, 9.691467590630054, 3.0], "f": [0, 1, 2, 2, 1, 3]}, "centroids": [[2.607041564246174, 3.8320723455399275, 3.0]]}, "mtl": 0}], "featureCount": 1, "startIndex": 0}