{"type": "block", "layer": 0, "block": 0, "features": [{"geom": {"polygons": [[[[-4.734199999977136, -6.9144999999552965], [-3.284273630444659, 7.132786648347974], [-3.2673270129889715, 7.132786648347974], [4.73420000000624, 6.79450000077486], [3.8876433603290934, -7.132786648347974], [3.8594688228913583, -7.132786648347974], [-3.486799999984214, -6.94649999961257], [-4.734199999977136, -6.9144999999552965]]]], "centroids": [[0.13709174180985428, -0.11277687177062035, 3.0]], "h": 3.0}, "mtl": {"face": 0}}], "featureCount": 1, "startIndex": 0}