{"type": "block", "layer": 1, "block": 0, "features": [{"geom": {"triangles": {"v": [-4.737699999997858, -6.773499999195337, 3.0, -3.487699999997858, -6.773499999195337, 3.0, -3.284574999997858, 7.226500000804663, 3.0, 3.887300000002142, -6.773499999195337, 3.0, 4.731050000002142, 7.226500000804663, 3.0], "f": [0, 1, 2, 2, 1, 3, 2, 3, 4]}, "centroids": [[0.13706546905450523, -0.11276439391076565, 3.0]]}, "mtl": 0}], "featureCount": 1, "startIndex": 0}