{"type": "block", "layer": 1, "block": 0, "features": [{"geom": {"triangles": {"v": [-3.551599439175334, 5.300041746348143, 3.0, -5.535974439175334, -2.6999582536518574, 3.0, 14.260900560824666, 1.3000417463481426, 3.0, 12.401525560824666, -6.699958253651857, 3.0], "f": [0, 1, 2, 1, 3, 2]}, "centroids": [[4.391821334778797, -0.8240458965301514, 3.0]]}, "mtl": 0}], "featureCount": 1, "startIndex": 0}