{"type": "block", "layer": 0, "block": 0, "features": [{"geom": {"polygons": [[[[-8.861363583942875, 4.3677589893341064], [-5.844444324116921, 9.04356280528009], [-5.84256715758238, 9.04356280528009], [8.861363583971979, -1.2369851935654879], [3.9202444560360163, -9.04356280528009], [3.91840626791236, -9.04356280528009], [0.2881691489892546, -6.449519660323858], [2.880558296077652, -2.442041775211692], [0.21600167526048608, -0.563814414665103], [-0.4357784964959137, -1.571377120912075], [-8.861363583942875, 4.3677589893341064]]]], "centroids": [[0.40576299862004817, 0.5553044062107801, 3.0]], "h": 3.0}, "mtl": {"face": 0}}, {"geom": {"polygons": [[[[-9.043562805018155, 4.08537557348609], [-9.043562805018155, 9.04356280528009], [-5.844444324087817, 9.04356280528009], [-9.043562805018155, 4.08537557348609]]]], "centroids": [[-7.977189978031674, 7.390833726152778, 3.0]], "h": 3.0}, "mtl": {"face": 0}}, {"geom": {"polygons": [[[[-9.043562805018155, 4.08537557348609], [-9.043562805018155, 9.04356280528009], [-5.844444324087817, 9.04356280528009], [-9.043562805018155, 4.08537557348609]]]], "centroids": [[-7.977189978031674, 7.390833726152778, 6.0]], "h": 6.0}, "mtl": {"face": 1}}], "featureCount": 3, "startIndex": 0}