{"type": "block", "layer": 1, "block": 0, "features": [{"geom": {"triangles": {"v": [-10.225499300315278, -3.6665777564048767, 3.0, -0.11612430031527765, -10.666577756404877, 3.0, 7.915125699684722, 21.333422243595123, 3.0, 18.133875699684722, 14.333422243595123, 3.0], "f": [0, 1, 2, 2, 1, 3]}, "centroids": [[3.938653662451543, 5.3704602140933275, 3.0]]}, "mtl": 0}], "featureCount": 1, "startIndex": 0}