{"type": "block", "layer": 0, "block": 0, "features": [{"geom": {"polygons": [[[[-3.9195883122447412, -3.495182601734996], [-2.215428142400924, 4.284908106550574], [-2.213420216459781, 4.284908106550574], [3.9195883122156374, 2.91181306168437], [2.8255883122619707, -1.759186938405037], [0.5392778131936211, -1.2890738472342491], [-0.07672816113336012, -4.284908106550574], [-0.07890037054312415, -4.284908106550574], [-3.9195883122447412, -3.495182601734996]]]], "centroids": [[-0.25548929974320345, 0.21248685754835606, 3.0]], "h": 3.0}, "mtl": {"face": 0}}, {"geom": {"polygons": [[[[-3.310739211650798, -3.620374668389559], [-1.6034919938247185, 4.14835368655622], [3.9195883166976273, 2.911813059821725], [2.2340364111587405, -4.284908106550574], [-0.078900370397605, -4.284908106550574], [-3.310739211650798, -3.620374668389559]]]], "centroids": [[0.2667055791243911, -0.2616144213825464, 0.0]], "h": 0.0}, "mtl": {"face": 1}}, {"geom": {"polygons": [[[[-4.284908106055809, -3.4200652353465557], [-4.284908106055809, -2.3398903477936983], [-2.875421467702836, 4.284908106550574], [-2.2134202202723827, 4.284908106550574], [3.9195883123902604, 2.91181306168437], [2.8255883124365937, -1.759186938405037], [0.5392778133682441, -1.2890738472342491], [-0.07672816095873713, -4.284908106550574], [-0.07890037036850117, -4.284908106550574], [-4.284908106055809, -3.4200652353465557]]]], "centroids": [[-0.5696684658469167, 0.2479863539338112, 6.0]], "h": 6.0}, "mtl": {"face": 2}}], "featureCount": 3, "startIndex": 0}