{"type": "block", "layer": 1, "block": 0, "features": [{"geom": {"triangles": {"v": [-2.511161687783897, 3.8838130608201027, 3.0, -4.808036687783897, -6.116186939179897, 3.0, 9.316963312216103, -9.116186939179897, 3.0, 13.379463312216103, -2.1161869391798973, 3.0, 14.863838312216103, 0.8838130608201027, 3.0], "f": [0, 1, 2, 0, 2, 3, 0, 3, 4]}, "centroids": [[4.254459685063921, -2.5259532928466797, 3.0]]}, "mtl": 0}], "featureCount": 1, "startIndex": 0}