{"type": "block", "layer": 0, "block": 0, "features": [{"geom": {"polygons": [[[[-3.9366742402489763, 0.5200672950595617], [-2.7094622497388627, 5.159983951598406], [-2.7078913534642197, 5.159983951598406], [3.9366742402489763, 2.7695000022649765], [2.9467386650212575, -5.159983951598406], [2.94456102521508, -5.159983951598406], [2.1276742556365207, -4.960499988868833], [-1.4920429596386384, -3.950201017782092], [-1.063030744320713, -0.5137698389589787], [-3.9366742402489763, 0.5200672950595617]]]], "centroids": [[0.3687925412959885, 0.22173081897199154, 3.0]], "h": 3.0}, "mtl": {"face": 0}}, {"geom": {"polygons": [[[[-5.159983951161848, 3.301255887374282], [-5.159983951161848, 5.159983951598406], [-3.1666450661432464, 5.159983951598406], [-4.012276899040444, 2.804617401212454], [-5.159983951161848, 3.301255887374282]]]], "centroids": [[-4.320552213292103, 4.1812963783741, 3.0]], "h": 3.0}, "mtl": {"face": 0}}, {"geom": {"polygons": [[[[-5.159983951161848, -2.2269335221499205], [-5.159983951161848, -1.067451298236847], [-4.858603945758659, -1.151945149526], [-5.159983951161848, -2.2269335221499205]]]], "centroids": [[-5.059523949370487, -1.4821099899709225, 3.0]], "h": 3.0}, "mtl": {"face": 0}}, {"geom": {"polygons": [[[[-3.9366742402489763, 0.5200672950595617], [-2.7094622497388627, 5.159983951598406], [-2.7078913534642197, 5.159983951598406], [3.9366742402489763, 2.7695000022649765], [2.9467386650212575, -5.159983951598406], [2.94456102521508, -5.159983951598406], [2.1276742556365207, -4.960499988868833], [-1.4920429596386384, -3.950201017782092], [-1.063030744320713, -0.5137698389589787], [-3.9366742402489763, 0.5200672950595617]]]], "centroids": [[0.3687925412959885, 0.22173081897199154, 6.0]], "h": 6.0}, "mtl": {"face": 1}}], "featureCount": 4, "startIndex": 0}