{"type": "block", "layer": 1, "block": 0, "features": [{"geom": {"triangles": {"v": [-15.206825759611093, 1.0025000013411045, 3.0, -13.425575759611093, 0.0025000013411045074, 3.0, -10.722450759611093, 4.0025000013411045, 3.0, -2.7068257596110925, 5.0025000013411045, 3.0, -6.9255757596110925, 8.002500001341105, 3.0, -2.9412007596110925, 6.0025000013411045, 3.0, -13.503700759611093, -0.9974999986588955, 3.0, 2.1212992403889075, -4.9974999986588955, 3.0, 3.9337992403889075, 3.0025000013411045, 3.0, 2.9494242403889075, -4.9974999986588955, 3.0], "f": [0, 1, 2, 3, 2, 1, 3, 4, 2, 5, 4, 3, 3, 1, 6, 3, 6, 7, 8, 3, 7, 7, 9, 8]}, "centroids": [[-4.419785385252908, 1.0988336987793446, 3.0]]}, "mtl": 0}], "featureCount": 1, "startIndex": 0}