{"type": "block", "layer": 1, "block": 0, "features": [{"geom": {"triangles": {"v": [1.7441277356119826, 17.011830143630505, 3.0, -3.3339972643880174, -5.988169856369495, 3.0, 6.541002735611983, -7.988169856369495, 3.0, 11.353502735611983, 15.011830143630505, 3.0], "f": [0, 1, 2, 0, 2, 3]}, "centroids": [[4.05590311269043, 4.323738569393754, 3.0]]}, "mtl": 0}], "featureCount": 1, "startIndex": 0}