{"type": "block", "layer": 0, "block": 0, "features": [{"geom": {"polygons": [[[[-5.04656001139665, -2.965508406981826], [-5.04656001139665, -2.9631893783807755], [-3.2681926184741315, 4.8121945187449455], [5.04656001139665, 2.934919433668256], [5.04656001139665, 2.9326308704912663], [3.249064716976136, -4.8121945187449455], [-5.04656001139665, -2.965508406981826]]]], "centroids": [[-0.006565441726706922, -0.005209179595112801, 3.0]], "h": 3.0}, "mtl": {"face": 0}}, {"geom": {"polygons": [[[[-5.04656001139665, -2.9631893802434206], [-5.04656001139665, -0.14066645689308643], [-4.43783233378781, -0.30170817859470844], [-5.04656001139665, -2.9631893802434206]]]], "centroids": [[-4.843650785536738, -1.1351880058646202, 3.0]], "h": 3.0}, "mtl": {"face": 0}}, {"geom": {"polygons": [[[[-5.04656001139665, -2.965508406981826], [-5.04656001139665, -2.9631893783807755], [-3.2681926186778583, 4.8121945187449455], [5.04656001139665, 2.934919433668256], [5.04656001139665, 2.9326308704912663], [4.333347187697655, -0.14037232659757137], [4.473737389955204, -0.20507422648370266], [4.6035338131769095, -0.3105320706963539], [4.7003248574910685, -0.46339864656329155], [4.744064716971479, -0.6481945179402828], [3.7800647169933654, -4.73419451713562], [3.6723418696492445, -4.802456747740507], [3.5372034086612985, -4.836535261943936], [3.3804775746539235, -4.831362036988139], [3.249064716976136, -4.8121945187449455], [-5.04656001139665, -2.965508406981826]]]], "centroids": [[0.12841983503312804, -0.09033064171671867, 6.0]], "h": 6.0}, "mtl": {"face": 1}}], "featureCount": 3, "startIndex": 0}