{"type": "block", "layer": 1, "block": 0, "features": [{"geom": {"triangles": {"v": [-5.515452755091246, -7.152492288500071, 3.0, -6.093577755091246, -10.15249228850007, 3.0, 9.093922244908754, -7.152492288500071, 3.0, 4.515797244908754, -1.1524922885000706, 3.0, 0.9845472449087538, 0.8475077114999294, 3.0, -4.874827755091246, -2.1524922885000706, 3.0, -3.687327755091246, 4.847507711499929, 3.0, 9.890797244908754, -9.15249228850007, 3.0, 11.000172244908754, -14.15249228850007, 3.0, 11.468922244908754, -11.15249228850007, 3.0], "f": [0, 1, 2, 2, 3, 0, 3, 4, 0, 0, 4, 5, 6, 5, 4, 2, 1, 7, 7, 1, 8, 9, 7, 8]}, "centroids": [[1.7475112086394802, -6.241057053208351, 3.0]]}, "mtl": 0}], "featureCount": 1, "startIndex": 0}