{"type": "block", "layer": 0, "block": 0, "features": [{"geom": {"polygons": [[[[-6.61867637647083, -1.6855257209390402], [-6.61867637647083, -1.682154692709446], [-5.451603674096987, 4.034954987466335], [6.61867637647083, 1.5004547983407974], [6.61867637647083, 1.4970703460276127], [5.490381838346366, -4.034954987466335], [-6.61867637647083, -1.6855257209390402]]]], "centroids": [[-0.02348282129969448, -0.03960823081433773, 3.0]], "h": 3.0}, "mtl": {"face": 0}}, {"geom": {"polygons": [[[[-6.61867637647083, -1.6855257209390402], [-6.61867637647083, 1.3175041805952787], [-6.038798299530754, 4.158253278583288], [6.61867637647083, 1.5004547983407974], [6.61867637647083, 1.4970703460276127], [5.490381838491885, -4.034954987466335], [-6.61867637647083, -1.6855257209390402]]]], "centroids": [[-0.24253797001438215, 0.028486862778663635, 6.0]], "h": 6.0}, "mtl": {"face": 1}}], "featureCount": 2, "startIndex": 0}