{"type": "block", "layer": 1, "block": 0, "features": [{"geom": {"triangles": {"v": [-3.3985599917941727, 5.256741466000676, 3.0, -7.242309991794173, -11.743258533999324, 3.0, 0.9764400082058273, -11.743258533999324, 3.0, 4.460815008205827, 3.256741466000676, 3.0], "f": [0, 1, 2, 0, 2, 3]}, "centroids": [[-1.3549659329291899, -3.7147925663739443, 3.0]]}, "mtl": 0}], "featureCount": 1, "startIndex": 0}