{"type": "block", "layer": 1, "block": 0, "features": [{"geom": {"triangles": {"v": [-6.277549999998882, 5.050999999046326, 3.0, -7.996299999998882, 4.050999999046326, 3.0, -7.558799999998882, -1.9490000009536743, 3.0, -1.5275499999988824, -3.9490000009536743, 3.0, 2.5818250000011176, 4.050999999046326, 3.0, -5.496299999998882, 8.050999999046326, 3.0, -7.074424999998882, 6.050999999046326, 3.0, -0.7150499999988824, 9.050999999046326, 3.0, -3.1525499999988824, 9.050999999046326, 3.0, -1.5587999999988824, 10.050999999046326, 3.0, 4.456825000001118, 0.050999999046325684, 3.0, -6.590049999998882, -6.949000000953674, 3.0], "f": [0, 1, 2, 3, 0, 2, 4, 0, 3, 5, 0, 4, 6, 0, 5, 4, 7, 5, 7, 8, 5, 9, 8, 7, 4, 3, 10, 2, 11, 3]}, "centroids": [[-2.5863343846576754, 1.7443481627851725, 3.0]]}, "mtl": 0}], "featureCount": 1, "startIndex": 0}