{"type": "block", "layer": 1, "block": 0, "features": [{"geom": {"triangles": {"v": [3.7366034594597295, -8.750500001013279, 3.0, -4.5915215405402705, 4.249499998986721, 3.0, -8.04464654054027, -20.75050000101328, 3.0, 4.3147284594597295, -3.750500001013279, 3.0, 5.4397284594597295, 1.249499998986721, 3.0, 4.4709784594597295, -4.750500001013279, 3.0, 3.0178534594597295, -13.750500001013279, 3.0, 1.3147284594597295, -22.75050000101328, 3.0], "f": [0, 1, 2, 1, 0, 3, 1, 3, 4, 3, 0, 5, 0, 2, 6, 2, 7, 6]}, "centroids": [[-1.4406035787251312, -9.075485605746508, 3.0]]}, "mtl": 0}], "featureCount": 1, "startIndex": 0}