{"type": "block", "layer": 1, "block": 0, "features": [{"geom": {"triangles": {"v": [-14.482244011742296, -6.011685909703374, 3.0, -7.107244011742296, -13.011685909703374, 3.0, 0.5177559882577043, 6.988314090296626, 3.0, 6.705255988257704, -1.011685909703374, 3.0], "f": [0, 1, 2, 2, 1, 3]}, "centroids": [[-3.6264318550238386, -3.0526430681347847, 3.0]]}, "mtl": 0}], "featureCount": 1, "startIndex": 0}