{"type": "block", "layer": 0, "block": 0, "features": [{"geom": {"polygons": [[[[-5.486000538134249, -1.5916685946285725], [-5.486000538134249, -1.588978013023734], [-4.36813012874336, 3.659198496490717], [5.486000538134249, 1.5602521169930696], [5.486000538134249, 1.5575029402971268], [4.398679890582571, -3.659198496490717], [-5.486000538134249, -1.5916685946285725]]]], "centroids": [[0.0017279877502005547, -0.0076649487018585205, 3.0]], "h": 3.0}, "mtl": {"face": 0}}, {"geom": {"polygons": [[[[-4.36813012874336, 3.659198496490717], [-3.979018226178596, 5.4860005378723145], [-2.3929096639330965, 5.4860005378723145], [-2.8508596940955613, 3.336017346009612], [-4.36813012874336, 3.659198496490717]]]], "centroids": [[-3.3767125864105765, 4.489615565165877, 3.0]], "h": 3.0}, "mtl": {"face": 0}}], "featureCount": 2, "startIndex": 0}