{"type": "block", "layer": 1, "block": 0, "features": [{"geom": {"triangles": {"v": [-1.2821005130244885, 18.25161281786859, 3.0, -5.4852255130244885, -1.7483871821314096, 3.0, 4.4053994869755115, -3.7483871821314096, 3.0, 8.514774486975512, 16.25161281786859, 3.0], "f": [0, 1, 2, 3, 0, 2]}, "centroids": [[1.5359999338106718, 7.245085963979363, 3.0]]}, "mtl": 0}], "featureCount": 1, "startIndex": 0}