{"type": "block", "layer": 1, "block": 0, "features": [{"geom": {"triangles": {"v": [-13.477935017843265, -15.78406011685729, 3.0, -12.977935017843265, -15.78406011685729, 3.0, -10.321685017843265, -0.7840601168572903, 3.0, -2.243560017843265, -17.78406011685729, 3.0, 1.881439982156735, 1.2159398831427097, 3.0, -9.368560017843265, 4.21593988314271, 3.0], "f": [0, 1, 2, 2, 1, 3, 2, 3, 4, 5, 2, 4]}, "centroids": [[-5.791676029301016, -7.055005667731166, 3.0]]}, "mtl": 0}], "featureCount": 1, "startIndex": 0}