{"type": "block", "layer": 1, "block": 0, "features": [{"geom": {"triangles": {"v": [-14.954021704383194, 12.136644897982478, 3.0, -16.954021704383194, 2.136644897982478, 3.0, 4.6397282956168056, 8.136644897982478, 3.0, 2.6084782956168056, -1.8633551020175219, 3.0], "f": [0, 1, 2, 1, 3, 2]}, "centroids": [[-6.142463818599936, 5.444309828802943, 3.0]]}, "mtl": 0}], "featureCount": 1, "startIndex": 0}