{"type": "block", "layer": 0, "block": 0, "features": [{"geom": {"polygons": [[[[-2.626118606654927, -1.721006726846099], [-1.8047684570483398, 2.656727574765682], [-1.8034764779440593, 2.656727574765682], [2.626118606684031, 1.7092102654278278], [1.8298127375601325, -2.656727574765682], [1.8284993740962818, -2.656727574765682], [-2.626118606654927, -1.721006726846099]]]], "centroids": [[0.00453364328132011, -0.004457581788301468, 3.0]], "h": 3.0}, "mtl": {"face": 0}}, {"geom": {"polygons": [[[[1.5987598493811674, 2.656727574765682], [2.6567275743291248, 2.656727574765682], [2.6567275743291248, 2.433874698355794], [1.5987598493811674, 2.656727574765682]]]], "centroids": [[2.3040716660325415, 2.582443282008171, 6.0]], "h": 6.0}, "mtl": {"face": 1}}], "featureCount": 2, "startIndex": 0}