{"type": "block", "layer": 1, "block": 0, "features": [{"geom": {"triangles": {"v": [9.17445639334619, 5.628993272781372, 3.0, -1.8099186066538095, 2.628993272781372, 3.0, -2.6224186066538095, -1.371006727218628, 3.0, -1.5755436066538095, 3.628993272781372, 3.0, -0.7005436066538095, 7.628993272781372, 3.0, 16.97133139334619, -5.371006727218628, 3.0, 19.03383139334619, 3.628993272781372, 3.0], "f": [0, 1, 2, 0, 3, 1, 4, 3, 0, 2, 5, 0, 6, 0, 5]}, "centroids": [[8.171472550340695, 1.1318249199539423, 3.0]]}, "mtl": 0}], "featureCount": 1, "startIndex": 0}