{"type": "block", "layer": 0, "block": 0, "features": [{"geom": {"polygons": [[[[-2.822413820133079, -1.8831672705709934], [-2.822413820133079, -1.8801944814622402], [-2.4113717003783677, 2.407440185546875], [2.822413820133079, 1.9101452063769102], [2.822413820133079, 1.9073102790862322], [2.3886969735031016, -2.407440185546875], [-2.822413820133079, -1.8831672705709934]]]], "centroids": [[-0.002610577183077112, 0.00782102532684803, 3.0]], "h": 3.0}, "mtl": {"face": 0}}, {"geom": {"polygons": [[[[-2.822413820133079, -1.8831672705709934], [-2.822413820133079, -1.8801944814622402], [-2.4113717003783677, 2.407440185546875], [2.822413820133079, 1.9101452063769102], [2.822413820133079, 1.9073102790862322], [2.3886969735031016, -2.407440185546875], [-2.822413820133079, -1.8831672705709934]]]], "centroids": [[-0.002610577183077112, 0.00782102532684803, 6.0]], "h": 6.0}, "mtl": {"face": 1}}, {"geom": {"polygons": [[[[-2.822413820133079, -2.822413820773363], [-2.822413820133079, -1.8831672761589289], [2.3886969735031016, -2.407440185546875], [2.3469840035540983, -2.822413820773363], [-2.822413820133079, -2.822413820773363]]]], "centroids": [[-0.5602960815886036, -2.4664109218865633, 3.0]], "h": 3.0}, "mtl": {"face": 0}}], "featureCount": 3, "startIndex": 0}