{"type": "block", "layer": 1, "block": 0, "features": [{"geom": {"triangles": {"v": [-21.07178575900616, 4.137918271124363, 3.0, -21.97803575900616, -5.862081728875637, 3.0, -19.11866075900616, 4.137918271124363, 3.0, -8.149910759006161, 3.137918271124363, 3.0, 1.8188392409938388, -7.862081728875637, 3.0, 2.8188392409938388, 2.137918271124363, 3.0], "f": [0, 1, 2, 2, 1, 3, 3, 1, 4, 3, 4, 5]}, "centroids": [[-9.593818110995926, -1.9763637222349644, 3.0]]}, "mtl": 0}], "featureCount": 1, "startIndex": 0}