{"type": "block", "layer": 1, "block": 0, "features": [{"geom": {"triangles": {"v": [-10.72530965891201, 11.558729022741318, 3.0, -12.77218465891201, 1.5587290227413177, 3.0, 6.9465653410879895, -2.4412709772586823, 3.0, 8.99344034108799, 7.558729022741318, 3.0], "f": [0, 1, 2, 0, 2, 3]}, "centroids": [[-1.8876589537539985, 4.696505904197693, 3.0]]}, "mtl": 0}], "featureCount": 1, "startIndex": 0}