{"type": "block", "layer": 1, "block": 0, "features": [{"geom": {"triangles": {"v": [-1.696041613991838, 15.469619121402502, 3.0, -5.899166613991838, -3.530380878597498, 3.0, 3.944583386008162, -5.530380878597498, 3.0, 8.053958386008162, 13.469619121402502, 3.0], "f": [0, 1, 2, 0, 2, 3]}, "centroids": [[1.0922789264295716, 4.963383346796036, 3.0]]}, "mtl": 0}], "featureCount": 1, "startIndex": 0}