{"type": "block", "layer": 1, "block": 0, "features": [{"geom": {"triangles": {"v": [-3.063282525370596, -11.972761921584606, 3.0, -4.078907525370596, -17.972761921584606, 3.0, 10.389842474629404, -20.972761921584606, 3.0, 23.233592474629404, 10.027238078415394, 3.0, 1.108592474629404, 12.027238078415394, 3.0, 29.374217474629404, -8.972761921584606, 3.0, 32.374217474629404, 9.027238078415394, 3.0, 26.686717474629404, -26.972761921584606, 3.0], "f": [0, 1, 2, 0, 2, 3, 4, 0, 3, 3, 2, 5, 3, 5, 6, 2, 7, 5]}, "centroids": [[14.526608311221935, -5.698695598170161, 3.0]]}, "mtl": 0}], "featureCount": 1, "startIndex": 0}