{"type": "block", "layer": 1, "block": 0, "features": [{"geom": {"triangles": {"v": [-13.969558693061117, 6.8237722013145685, 3.0, -15.657058693061117, -0.17622779868543148, 3.0, -3.641433693061117, 4.8237722013145685, 3.0, 3.624191306938883, -5.1762277986854315, 3.0, 5.389816306938883, 2.8237722013145685, 3.0], "f": [0, 1, 2, 2, 1, 3, 2, 3, 4]}, "centroids": [[-5.115025887003867, 1.116546992212534, 3.0]]}, "mtl": 0}], "featureCount": 1, "startIndex": 0}