{"type": "block", "layer": 0, "block": 0, "features": [{"geom": {"polygons": [[[[-15.639494866220048, -1.5114913769066334], [-15.639494866220048, -1.5027270130813122], [-13.963406119903084, 7.558102115988731], [-1.849702649662504, 5.089561661705375], [-2.301217725762399, 2.434181595221162], [2.034748619655147, 1.6426957547664642], [2.5198665662901476, 4.1991272531449795], [11.454619313502917, 2.3783959932625294], [10.822902425657958, -1.5675060842186213], [15.639494866220048, -2.5349797904491425], [15.639494866220048, -2.5511983558535576], [15.147094618499978, -7.558102115988731], [8.076643701380817, -6.170247461646795], [1.2821755429613404, -4.836565302684903], [-5.658408340823371, -3.474202172830701], [-12.717282840923872, -2.0886198468506336], [-15.639494866220048, -1.5114913769066334]]]], "centroids": [[-0.6584368124313187, -0.17614120990037918, 3.0]], "h": 3.0}, "mtl": {"face": 0}}, {"geom": {"polygons": [[[[10.822902425657958, -1.5675060842186213], [11.454619313502917, 2.3783959932625294], [15.639494866220048, 1.5255986116826534], [15.639494866220048, -2.5349797904491425], [10.822902425657958, -1.5675060842186213]]]], "centroids": [[13.384234145662049, -0.09612798132002354, 3.0]], "h": 3.0}, "mtl": {"face": 0}}, {"geom": {"polygons": [[[[-15.639494866220048, -1.5114913769066334], [-15.639494866220048, 1.9924933724105358], [-14.53681907907594, 7.674952680245042], [-1.2035411213873886, 4.9578863345086575], [-1.6741837409499567, 2.3197230231016874], [1.2361043205892202, 1.7884800173342228], [1.675241367542185, 4.371245671063662], [15.639494866220048, 1.5255986116826534], [15.639494866220048, -7.65475507080555], [15.147094618499978, -7.558102115988731], [8.076643701380817, -6.170247461646795], [1.2821755431068595, -4.836565302684903], [-5.658408340823371, -3.474202172830701], [-12.717282840749249, -2.0886198468506336], [-15.639494866220048, -1.5114913769066334]]]], "centroids": [[0.10970240936148912, -0.08185912296175957, 6.0]], "h": 6.0}, "mtl": {"face": 1}}, {"geom": {"polygons": [[[[-15.639494866220048, -1.5114913769066334], [-15.639494866220048, 1.9924933724105358], [-14.53681907907594, 7.674952680245042], [-1.2035411213873886, 4.9578863345086575], [-1.6741837411245797, 2.3197230231016874], [1.2361043204145972, 1.7884800173342228], [1.675241367542185, 4.371245671063662], [15.639494866220048, 1.5255986116826534], [15.639494866220048, -7.65475507080555], [15.147094618499978, -7.558102115988731], [8.076643701380817, -6.170247461646795], [1.2821755431068595, -4.836565302684903], [-5.658408340823371, -3.474202172830701], [-12.717282840923872, -2.0886198468506336], [-15.639494866220048, -1.5114913769066334]]]], "centroids": [[0.10970240933238529, -0.08185912668704987, 9.0]], "h": 9.0}, "mtl": {"face": 2}}, {"geom": {"polygons": [[[[-0.8571803270024247, -4.416632397100329], [0.27524044580059126, 1.9638757854700089], [1.2361043204145972, 1.7884800173342228], [1.675241367542185, 4.371245671063662], [15.639494866220048, 1.5255986116826534], [15.639494866220048, -7.6547550689429045], [15.147094618499978, -7.558102115988731], [8.076643701380817, -6.170247461646795], [1.2821755429613404, -4.836565302684903], [-0.8571803270024247, -4.416632397100329]]]], "centroids": [[7.887378259474644, -1.6533312816172838, 12.0]], "h": 12.0}, "mtl": {"face": 3}}, {"geom": {"polygons": [[[[-15.639494866220048, -1.5114913769066334], [-15.639494866220048, 1.9924933724105358], [-14.53681907907594, 7.674952680245042], [-1.2035411213873886, 4.9578863345086575], [-1.6741837411245797, 2.3197230231016874], [0.27524044580059126, 1.9638757854700089], [-0.8571803270024247, -4.416632397100329], [-5.658408340823371, -3.474202172830701], [-12.717282840923872, -2.0886198468506336], [-15.639494866220048, -1.5114913769066334]]]], "centroids": [[-7.966707375075202, 1.5499719455838203, 12.0]], "h": 12.0}, "mtl": {"face": 3}}, {"geom": {"polygons": [[[[-15.639494866220048, -1.5114913769066334], [-15.639494866220048, 1.9924933724105358], [-14.53681907907594, 7.674952680245042], [-1.2035411213873886, 4.9578863345086575], [-1.6741837411245797, 2.3197230231016874], [0.27524044580059126, 1.9638757854700089], [-0.8571803270024247, -4.416632397100329], [-5.658408340823371, -3.474202172830701], [-12.717282840923872, -2.0886198468506336], [-15.639494866220048, -1.5114913769066334]]]], "centroids": [[-7.966707375075202, 1.5499719455838203, 15.0]], "h": 15.0}, "mtl": {"face": 4}}], "featureCount": 7, "startIndex": 0}