{"type": "block", "layer": 0, "block": 0, "features": [{"geom": {"polygons": [[[[-4.360409255605191, -8.764169523492455], [-0.497294165979838, 9.74601106531918], [-0.4924444288772065, 9.74601106531918], [4.360409255605191, 8.727985763922334], [0.5157359779113904, -9.74601106531918], [0.510697464691475, -9.74601106531918], [-4.360409255605191, -8.764169523492455]]]], "centroids": [[0.0030800643435213715, -0.012183178216218948, 3.0]], "h": 3.0}, "mtl": {"face": 0}}, {"geom": {"polygons": [[[[-4.360409255605191, -8.764169523492455], [-0.497294165979838, 9.74601106531918], [2.352742319868412, 9.74601106531918], [4.476990860392107, 9.309156741946936], [4.360409255605191, 8.727985763922334], [0.5157359977019951, -9.74601106531918], [0.5106974652444478, -9.74601106531918], [-4.360409255605191, -8.764169523492455]]]], "centroids": [[0.05929764884058386, 0.19210213795304298, 6.0]], "h": 6.0}, "mtl": {"face": 1}}, {"geom": {"polygons": [[[[-4.360409255605191, -8.764169523492455], [-0.497294165979838, 9.74601106531918], [2.352742319868412, 9.74601106531918], [4.476990860392107, 9.309156741946936], [4.360409255605191, 8.727985763922334], [0.5157359977019951, -9.74601106531918], [0.5106974652444478, -9.74601106531918], [-4.360409255605191, -8.764169523492455]]]], "centroids": [[0.05929764884058386, 0.19210213795304298, 9.0]], "h": 9.0}, "mtl": {"face": 2}}, {"geom": {"polygons": [[[[-4.360409255605191, -8.764169523492455], [-0.497294165979838, 9.74601106531918], [2.352742319868412, 9.74601106531918], [4.476990860392107, 9.309156741946936], [4.360409255605191, 8.727985763922334], [0.5157359977019951, -9.74601106531918], [0.5106974652444478, -9.74601106531918], [-4.360409255605191, -8.764169523492455]]]], "centroids": [[0.05929764884058386, 0.19210213795304298, 12.0]], "h": 12.0}, "mtl": {"face": 3}}], "featureCount": 4, "startIndex": 0}