{"type": "block", "layer": 0, "block": 0, "features": [{"geom": {"polygons": [[[[-2.853796286159195, -6.580173062160611], [-0.5819485510874074, 7.165481640025973], [-0.5774942561110947, 7.165481640025973], [2.853796286159195, 6.598366444930434], [0.6994420592964161, -7.165481640025973], [0.6949849622033071, -7.165481640025973], [-2.853796286159195, -6.580173062160611]]]], "centroids": [[0.023158359865192324, -0.03392995893955231, 3.0]], "h": 3.0}, "mtl": {"face": 0}}, {"geom": {"polygons": [[[[4.065296866669087, -7.165481640025973], [4.5417190756998025, -4.405178075656295], [7.165481639385689, -4.858033614233136], [7.165481639385689, -7.165481640025973], [4.065296866669087, -7.165481640025973]]]], "centroids": [[5.685676471301122, -5.926690798252821, 3.0]], "h": 3.0}, "mtl": {"face": 0}}], "featureCount": 2, "startIndex": 0}