{"type": "block", "layer": 1, "block": 0, "features": [{"geom": {"triangles": {"v": [-0.041295107861515135, 10.539801741018891, 3.0, -5.400670107861515, -22.46019825898111, 3.0, 5.146204892138485, 9.539801741018891, 3.0, 4.396204892138485, -23.46019825898111, 3.0, 9.927454892138485, 8.539801741018891, 3.0], "f": [0, 1, 2, 1, 3, 2, 2, 3, 4]}, "centroids": [[2.2380616463779006, -6.469965288415551, 3.0]]}, "mtl": 0}], "featureCount": 1, "startIndex": 0}