{"type": "block", "layer": 0, "block": 0, "features": [{"geom": {"polygons": [[[[-5.119378387898905, -5.119378387928009], [-5.119378387898905, -4.715263143181801], [-4.975595256721135, -3.8137909416109324], [3.8149641476920806, -5.119378387928009], [-5.119378387898905, -5.119378387928009]]]], "centroids": [[-2.1080979129474144, -4.683514887467027, 3.0]], "h": 3.0}, "mtl": {"face": 0}}, {"geom": {"polygons": [[[[-4.975595256721135, -3.8137909416109324], [-3.550771445647115, 5.119378387928009], [-3.5473247661429923, 5.119378387928009], [4.975595256750239, 3.822612378746271], [3.818477624998195, -5.119378387928009], [3.8149641477502882, -5.119378387928009], [-4.975595256721135, -3.8137909416109324]]]], "centroids": [[0.06117666405043565, -0.02006557211279869, 3.0]], "h": 3.0}, "mtl": {"face": 0}}, {"geom": {"polygons": [[[[3.818477624998195, -5.119378387928009], [4.975595256808447, 3.822612378746271], [5.119378387898905, 3.8007357120513916], [5.119378387898905, -5.119378387928009], [3.818477624998195, -5.119378387928009]]]], "centroids": [[4.680879662482766, -1.8434401154518127, 3.0]], "h": 3.0}, "mtl": {"face": 0}}], "featureCount": 3, "startIndex": 0}