{"type": "block", "layer": 1, "block": 0, "features": [{"geom": {"triangles": {"v": [-4.426853337092325, 2.7097059190273285, 3.0, -5.926853337092325, -3.2902940809726715, 3.0, 5.823146662907675, -1.2902940809726715, 3.0, 5.932521662907675, 2.7097059190273285, 3.0], "f": [0, 1, 2, 0, 2, 3]}, "centroids": [[0.19912418836611323, 0.15469255670905113, 3.0]]}, "mtl": 0}], "featureCount": 1, "startIndex": 0}