{"type": "block", "layer": 1, "block": 0, "features": [{"geom": {"triangles": {"v": [-8.914799792692065, 5.125344967469573, 3.0, -10.024174792692065, -2.874655032530427, 3.0, 6.835200207307935, -4.874655032530427, 3.0, 7.788325207307935, 3.125344967469573, 3.0], "f": [0, 1, 2, 0, 2, 3]}, "centroids": [[-1.0999761307029985, 0.09162136353552341, 3.0]]}, "mtl": 0}], "featureCount": 1, "startIndex": 0}