{"type": "block", "layer": 0, "block": 0, "features": [{"geom": {"polygons": [[[[-1.476469128887402, -5.125024871900678], [0.6978472620830871, 5.142797641456127], [5.660682188143255, 4.049411255866289], [3.4864974778611213, -6.21778941527009], [3.483543289505178, -6.21778941527009], [-1.476469128887402, -5.125024871900678]]]], "centroids": [[2.092106505500851, -0.5378067102283239, 6.0]], "h": 6.0}, "mtl": {"face": 1}}, {"geom": {"polygons": [[[[-5.66068218727014, -0.7686419896781445], [-4.18444920796901, 6.21778941527009], [-4.181495296943467, 6.21778941527009], [5.660682187299244, 4.049411257728934], [3.4864974778611213, -6.21778941527009], [3.483543289505178, -6.21778941527009], [-1.476469128887402, -5.125024871900678], [-0.781589362595696, -1.843578740954399], [-5.66068218727014, -0.7686419896781445]]]], "centroids": [[0.258347318158485, 0.554788377135992, 3.0]], "h": 3.0}, "mtl": {"face": 0}}], "featureCount": 2, "startIndex": 0}