{"type": "block", "layer": 1, "block": 0, "features": [{"geom": {"triangles": {"v": [-6.280148158839438, 12.265249460935593, 3.0, -8.483273158839438, -3.7347505390644073, 3.0, 5.188601841160562, 4.265249460935593, 3.0, 5.891726841160562, 11.265249460935593, 3.0, 3.797976841160562, -6.734750539064407, 3.0], "f": [0, 1, 2, 0, 2, 3, 1, 4, 2]}, "centroids": [[-1.1944895028718747, 3.2219963632524014, 3.0]]}, "mtl": 0}], "featureCount": 1, "startIndex": 0}