{"type": "block", "layer": 1, "block": 0, "features": [{"geom": {"triangles": {"v": [-0.529930644785054, 24.321607735008, 3.0, -4.139305644785054, -1.6783922649919987, 3.0, 10.141944355214946, -3.6783922649919987, 3.0, 13.923194355214946, 22.321607735008, 3.0], "f": [0, 1, 2, 0, 2, 3]}, "centroids": [[4.854229099291842, 10.103856412693858, 3.0]]}, "mtl": 0}], "featureCount": 1, "startIndex": 0}