{"type": "block", "layer": 0, "block": 0, "features": [{"geom": {"polygons": [[[[-4.591168289654888, -4.48509562201798], [-2.57455553903128, 5.878796534612775], [-2.5714195710024796, 5.878796534612775], [4.591168289654888, 4.485095623880625], [2.5745555444736965, -5.878796534612775], [2.571419576444896, -5.878796534612775], [-4.591168289654888, -4.48509562201798]]]], "centroids": [[1.2514647096395493e-09, 0.0, 3.0]], "h": 3.0}, "mtl": {"face": 0}}, {"geom": {"polygons": [[[[-4.591168289654888, -4.48509562201798], [-2.57455553903128, 5.878796534612775], [-2.5714195710024796, 5.878796534612775], [4.591168289654888, 4.485095623880625], [2.5745555444736965, -5.878796534612775], [2.571419576444896, -5.878796534612775], [-4.591168289654888, -4.48509562201798]]]], "centroids": [[1.2514647096395493e-09, 0.0, 6.0]], "h": 6.0}, "mtl": {"face": 1}}], "featureCount": 2, "startIndex": 0}