{"type": "block", "layer": 0, "block": 0, "features": [{"geom": {"polygons": [[[[-6.745882861228893, -5.200616268441081], [-6.745882861228893, -5.1932045593857765], [-5.71792899837601, 6.024243336170912], [6.745882861228893, 4.916976137086749], [6.745882861228893, 4.908000975847244], [6.440257516136626, 0.8693161997944117], [4.958957516122609, 0.9655162002891302], [4.4566658735857345, -6.024243334308267], [-6.745882861228893, -5.200616268441081]]]], "centroids": [[-0.3988907962630037, 0.08528975397348404, 3.0]], "h": 3.0}, "mtl": {"face": 0}}, {"geom": {"polygons": [[[[-6.745882861228893, -5.200616268441081], [-6.745882861228893, -5.1932045593857765], [-5.71792899837601, 6.024243336170912], [6.745882861228893, 4.916976137086749], [6.745882861228893, 4.908000975847244], [6.440257516136626, 0.8693161997944117], [4.958957516122609, 0.9655162002891302], [4.4566658735857345, -6.024243334308267], [-6.745882861228893, -5.200616268441081]]]], "centroids": [[-0.3988907962630037, 0.08528975397348404, 6.0]], "h": 6.0}, "mtl": {"face": 1}}], "featureCount": 2, "startIndex": 0}