{"type": "block", "layer": 0, "block": 0, "features": [{"geom": {"polygons": [[[[3.6277910651406273, -4.805054359138012], [5.940614811668638, 0.47725772485136986], [5.940614811668638, -5.776198588311672], [3.6277910651406273, -4.805054359138012]]]], "centroids": [[5.1696735627774615, -3.367998408153653, 3.0]], "h": 3.0}, "mtl": {"face": 0}}, {"geom": {"polygons": [[[[-5.940614811668638, -0.4363256171345711], [-5.940614811668638, -0.43473667837679386], [-3.5780704531644005, 4.805054361000657], [5.940614811668638, 0.47888467460870743], [5.940614811668638, 0.47725772485136986], [3.627791064354824, -4.805054361000657], [-5.940614811668638, -0.4363256171345711]]]], "centroids": [[0.013767496275249869, 0.006877381354570389, 3.0]], "h": 3.0}, "mtl": {"face": 0}}, {"geom": {"polygons": [[[[-5.940614811668638, -0.4363256245851517], [-5.940614811668638, -0.43473667837679386], [-3.578070449846564, 4.805054370313883], [5.940614811668638, 0.47888467460870743], [5.940614811668638, 0.47725772485136986], [3.627791064354824, -4.805054361000657], [-5.940614811668638, -0.4363256245851517]]]], "centroids": [[0.013767494121566415, 0.006877385079860687, 6.0]], "h": 6.0}, "mtl": {"face": 1}}], "featureCount": 3, "startIndex": 0}