{"type": "block", "layer": 1, "block": 0, "features": [{"geom": {"triangles": {"v": [6.065422062936705, -23.151513695716858, 3.0, -5.793952937063295, -16.151513695716858, 3.0, -6.231452937063295, -17.151513695716858, 3.0, 10.190422062936705, -11.151513695716858, 3.0, -3.1064529370632954, -5.151513695716858, 3.0, 11.143547062936705, -8.151513695716858, 3.0, -0.7470779370632954, 5.848486304283142, 3.0, 14.409172062936705, 1.848486304283142, 3.0, -6.075202937063295, -21.151513695716858, 3.0, 3.6122970629367046, -25.151513695716858, 3.0, 4.893547062936705, -25.151513695716858, 3.0], "f": [0, 1, 2, 3, 1, 0, 1, 3, 4, 4, 3, 5, 6, 4, 5, 6, 5, 7, 8, 0, 2, 0, 8, 9, 0, 9, 10]}, "centroids": [[3.2306413982296363, -9.332947563380003, 3.0]]}, "mtl": 0}], "featureCount": 1, "startIndex": 0}