{"type": "block", "layer": 0, "block": 0, "features": [{"geom": {"polygons": [[[[-4.72669999988284, -7.546032331883907], [-3.255378694535466, 8.6751000713557], [-3.2500616110046394, 8.6751000713557], [4.72669999988284, 7.353967666625977], [4.021133558271686, 0.5182453412562609], [2.4983724467165302, 0.6754915248602629], [2.36610917840153, -0.7114537879824638], [3.87662991770776, -0.8817457910627127], [3.276699999900302, -6.694032333791256], [4.524099999893224, -6.726032333448529], [4.496130236599129, -8.6751000713557], [4.489036249316996, -8.6751000713557], [-4.72669999988284, -7.546032331883907]]]], "centroids": [[-0.029737355565885082, -0.11703823879361153, 3.0]], "h": 3.0}, "mtl": {"face": 0}}, {"geom": {"polygons": [[[[-4.819971128337784, -8.3299241065979], [-4.72670000011567, -7.5460323337465525], [-3.255378694535466, 8.6751000713557], [-0.5990766729228199, 8.6751000713557], [4.759684209420811, 7.752605399116874], [4.72669999988284, 7.353967666625977], [4.021133558271686, 0.5182453412562609], [2.4983724467165302, 0.6754915248602629], [2.36610917840153, -0.7114537879824638], [3.87662991770776, -0.8817457910627127], [3.276699999900302, -6.694032333791256], [4.524099999893224, -6.726032333448529], [4.496130236599129, -8.6751000713557], [-1.876379568275297, -8.6751000713557], [-4.819971128337784, -8.3299241065979]]]], "centroids": [[-0.052011732244864106, -0.2306237630546093, 6.0]], "h": 6.0}, "mtl": {"face": 1}}, {"geom": {"polygons": [[[[-4.819971128337784, -8.3299241065979], [-4.72669999988284, -7.546032331883907], [-3.255378694535466, 8.6751000713557], [-0.5990766729228199, 8.6751000713557], [4.759684209420811, 7.752605399116874], [4.72669999988284, 7.353967666625977], [4.021133558271686, 0.5182453412562609], [2.4983724467165302, 0.6754915248602629], [2.36610917840153, -0.7114537879824638], [3.87662991770776, -0.8817457910627127], [3.276699999900302, -6.694032333791256], [4.524099999893224, -6.726032333448529], [4.49613023668644, -8.6751000713557], [-1.876379583554808, -8.6751000713557], [-4.819971128337784, -8.3299241065979]]]], "centroids": [[-0.05201173227396794, -0.230623759329319, 9.0]], "h": 9.0}, "mtl": {"face": 2}}, {"geom": {"polygons": [[[[-4.819971128337784, -8.3299241065979], [-4.72670000011567, -7.5460323337465525], [-3.255378694535466, 8.6751000713557], [-0.5990766729228199, 8.6751000713557], [4.759684209420811, 7.752605399116874], [4.72669999988284, 7.353967666625977], [4.021133558271686, 0.5182453412562609], [2.4983724467165302, 0.6754915248602629], [2.36610917840153, -0.7114537879824638], [3.87662991770776, -0.8817457910627127], [3.276699999900302, -6.694032333791256], [4.524099999893224, -6.726032333448529], [4.49613023668644, -8.6751000713557], [-1.8763795835839119, -8.6751000713557], [-4.819971128337784, -8.3299241065979]]]], "centroids": [[-0.05201173227396794, -0.23062376119196415, 12.0]], "h": 12.0}, "mtl": {"face": 3}}], "featureCount": 4, "startIndex": 0}