{"type": "block", "layer": 1, "block": 0, "features": [{"geom": {"triangles": {"v": [-6.543185208982322, 5.663280550390482, 3.0, -7.496310208982322, -4.336719449609518, 3.0, 6.878689791017678, -5.336719449609518, 3.0, 7.784939791017678, 4.663280550390482, 3.0], "f": [0, 1, 2, 3, 0, 2]}, "centroids": [[0.15599145498708822, 0.004391465336084366, 3.0]]}, "mtl": 0}], "featureCount": 1, "startIndex": 0}