{"type": "block", "layer": 1, "block": 0, "features": [{"geom": {"triangles": {"v": [-0.8565177090349607, 6.07857252843678, 3.0, -3.1846427090349607, -4.92142747156322, 3.0, 12.22160729096504, -1.92142747156322, 3.0, 14.25285729096504, -8.92142747156322, 3.0, 14.29973229096504, -2.92142747156322, 3.0, 21.45598229096504, -8.92142747156322, 3.0, 20.45598229096504, -9.92142747156322, 3.0], "f": [0, 1, 2, 2, 1, 3, 4, 2, 3, 5, 4, 3, 5, 3, 6]}, "centroids": [[7.15234816778684, -3.166215078905225, 3.0]]}, "mtl": 0}], "featureCount": 1, "startIndex": 0}