{"type": "block", "layer": 0, "block": 0, "features": [{"geom": {"polygons": [[[[-7.025532494997606, -3.786568956449628], [-7.025532494997606, -3.7823486663401127], [-6.296322385896929, 0.4786163568496704], [-4.292016754305223, 0.12063465639948845], [-3.4971143059956376, 5.638640688732266], [7.025532494997606, 4.045455584302545], [7.025532494997606, 4.04019733145833], [6.367243560409406, -0.7866037301719189], [5.106898337515304, -0.6394048519432545], [4.321652735059615, -5.638640688732266], [-7.025532494997606, -3.786568956449628]]]], "centroids": [[0.26057643129024655, -0.03435555472970009, 3.0]], "h": 3.0}, "mtl": {"face": 0}}, {"geom": {"polygons": [[[[-7.025532494997606, -3.786568956449628], [-7.025532494997606, -3.7823486663401127], [-6.296322385896929, 0.4786163568496704], [-4.292016754305223, 0.12063465639948845], [-3.4971143059956376, 5.638640688732266], [7.025532494997606, 4.045455584302545], [7.025532494997606, 4.04019733145833], [6.1225598164019175, -2.5807091649621725], [4.828405695036054, -2.4124175179749727], [4.321652735059615, -5.638640688732266], [-7.025532494997606, -3.786568956449628]]]], "centroids": [[0.3725606994412374, -0.0673422496765852, 6.0]], "h": 6.0}, "mtl": {"face": 1}}], "featureCount": 2, "startIndex": 0}