{"type": "block", "layer": 1, "block": 0, "features": [{"geom": {"triangles": {"v": [-4.084874999127351, 9.632500000298023, 3.0, -6.741124999127351, -7.367499999701977, 3.0, 4.118250000872649, -9.367499999701977, 3.0, 6.743250000872649, 7.632500000298023, 3.0], "f": [0, 1, 2, 0, 2, 3]}, "centroids": [[0.009863069659331813, 0.0028993934392929077, 3.0]]}, "mtl": 0}], "featureCount": 1, "startIndex": 0}