{"type": "block", "layer": 0, "block": 0, "features": [{"geom": {"polygons": [[[[-5.461359660112066, -2.0432695150375366], [-5.461359660112066, -2.040729457512498], [-4.0992199728498235, 4.017273709177971], [5.461359660112066, 1.9858423434197903], [5.461359660112066, 1.983000785112381], [4.258905850729207, -4.017273711040616], [-5.461359660112066, -2.0432695150375366]]]], "centroids": [[0.026797566009918228, -0.01932026632130146, 3.0]], "h": 3.0}, "mtl": {"face": 0}}], "featureCount": 1, "startIndex": 0}