{"type": "block", "layer": 1, "block": 0, "features": [{"geom": {"triangles": {"v": [-3.6560536774341017, 1.9151443019509315, 3.0, -4.171678677434102, -1.0848556980490685, 3.0, 9.906446322565898, -3.0848556980490685, 3.0, 14.218946322565898, -1.0848556980490685, 3.0, 17.1876963225659, -4.0848556980490685, 3.0, 16.4689463225659, -1.0848556980490685, 3.0, 17.4689463225659, -1.0848556980490685, 3.0], "f": [0, 1, 2, 0, 2, 3, 4, 3, 2, 5, 3, 4, 5, 4, 6]}, "centroids": [[6.438155164127238, -1.0753766112029552, 3.0]]}, "mtl": 0}], "featureCount": 1, "startIndex": 0}