{"type": "block", "layer": 1, "block": 0, "features": [{"geom": {"triangles": {"v": [-9.979807708732551, 21.546652287244797, 3.0, -13.479807708732551, -1.4533477127552032, 3.0, -0.12043270873255096, 19.546652287244797, 3.0, 11.426442291267449, -8.453347712755203, 3.0, 7.457692291267449, 19.546652287244797, 3.0, 17.02019229126745, 15.546652287244797, 3.0], "f": [0, 1, 2, 3, 2, 1, 4, 2, 3, 5, 4, 3]}, "centroids": [[1.545374894165434, 7.1620304472744465, 3.0]]}, "mtl": 0}], "featureCount": 1, "startIndex": 0}