{"type": "block", "layer": 1, "block": 0, "features": [{"geom": {"triangles": {"v": [-9.133128587855026, 13.376925848424435, 3.0, -11.680003587855026, -0.6230741515755653, 3.0, 6.569996412144974, 10.376925848424435, 3.0, 3.929371412144974, -3.6230741515755653, 3.0], "f": [0, 1, 2, 1, 3, 2]}, "centroids": [[-2.540937296318589, 4.926968235522509, 3.0]]}, "mtl": 0}], "featureCount": 1, "startIndex": 0}