{"type": "block", "layer": 1, "block": 0, "features": [{"geom": {"triangles": {"v": [-7.323434271500446, 6.630360573530197, 3.0, -10.292184271500446, 5.630360573530197, 3.0, -10.839059271500446, -5.369639426469803, 3.0, 6.770315728499554, -6.369639426469803, 3.0, 7.848440728499554, 8.630360573530197, 3.0, -7.167184271500446, 7.630360573530197, 3.0], "f": [0, 1, 2, 3, 0, 2, 4, 0, 3, 4, 5, 0]}, "centroids": [[-1.1868381317181047, 1.236068146303296, 3.0]]}, "mtl": 0}], "featureCount": 1, "startIndex": 0}