{"type": "block", "layer": 1, "block": 0, "features": [{"geom": {"triangles": {"v": [0.17335814685793594, 16.900827765464783, 3.0, -4.029766853142064, -2.0991722345352173, 3.0, 2.720233146857936, -4.099172234535217, 3.0, 7.001483146857936, 15.900827765464783, 3.0], "f": [0, 1, 2, 0, 2, 3]}, "centroids": [[1.4743399826693349, 6.7886753883212805, 3.0]]}, "mtl": 0}], "featureCount": 1, "startIndex": 0}