{"type": "block", "layer": 1, "block": 0, "features": [{"geom": {"triangles": {"v": [-0.979150415136246, 5.328320059925318, 3.0, -3.026025415136246, -4.671679940074682, 3.0, 16.692724584863754, -8.671679940074682, 3.0, 18.755224584863754, 1.3283200599253178, 3.0], "f": [0, 1, 2, 0, 2, 3]}, "centroids": [[7.862927600857802, -1.626162525266409, 3.0]]}, "mtl": 0}], "featureCount": 1, "startIndex": 0}