{"type": "block", "layer": 1, "block": 0, "features": [{"geom": {"triangles": {"v": [-2.182925716857426, 7.437341131269932, 3.0, -5.964175716857426, -10.562658868730068, 3.0, 2.895199283142574, -7.562658868730068, 3.0, 5.473324283142574, 5.437341131269932, 3.0, 1.5045742831425741, -13.562658868730068, 3.0], "f": [0, 1, 2, 0, 2, 3, 1, 4, 2]}, "centroids": [[-0.22206854281830601, -2.633568162098527, 3.0]]}, "mtl": 0}], "featureCount": 1, "startIndex": 0}