{"type": "block", "layer": 0, "block": 0, "features": [{"geom": {"polygons": [[[[-6.444314598833444, -3.4502041675150394], [-6.444314598833444, -3.4470633789896965], [-4.741959094710182, 4.461942344903946], [6.444314598833444, 1.83612853102386], [6.444314598833444, 1.8329091016203165], [5.724862676666817, -1.5920648258179426], [-1.0782509626005776, -0.13364642299711704], [-1.9937402700888924, -4.461942346766591], [-6.444314598833444, -3.4502041675150394]]]], "centroids": [[-0.9398295411083382, 0.3522561118006706, 3.0]], "h": 3.0}, "mtl": {"face": 0}}, {"geom": {"polygons": [[[[-6.444314598833444, -3.4502041675150394], [-6.444314598833444, -3.4470633789896965], [-4.741959094710182, 4.461942344903946], [6.444314598833444, 1.83612853102386], [6.444314598833444, 1.8329091016203165], [5.724862676666817, -1.5920648258179426], [-1.0782509626005776, -0.13364642299711704], [-1.9937402699142694, -4.461942346766591], [-6.444314598833444, -3.4502041675150394]]]], "centroids": [[-0.9398295411083382, 0.3522561118006706, 6.0]], "h": 6.0}, "mtl": {"face": 1}}], "featureCount": 2, "startIndex": 0}