{"type": "block", "layer": 0, "block": 0, "features": [{"geom": {"polygons": [[[[-3.542642389133107, -3.290615888312459], [-1.8268703044741414, 4.485592296347022], [-1.824749526771484, 4.485592296347022], [3.542642389133107, 3.294656667858362], [1.8293004997540265, -4.485592296347022], [1.8271858356310986, -4.485592296347022], [-3.542642389133107, -3.290615888312459]]]], "centroids": [[0.0007153752958402038, 0.0005853958427906036, 6.0]], "h": 6.0}, "mtl": {"face": 0}}, {"geom": {"polygons": [[[[-3.542642389133107, -3.290615888312459], [-1.8268703044741414, 4.485592296347022], [-1.824749526771484, 4.485592296347022], [3.542642389133107, 3.294656667858362], [1.8293004997540265, -4.485592296347022], [1.8271858356310986, -4.485592296347022], [-3.542642389133107, -3.290615888312459]]]], "centroids": [[0.0007153752958402038, 0.0005853958427906036, 3.0]], "h": 3.0}, "mtl": {"face": 1}}], "featureCount": 2, "startIndex": 0}