{"type": "block", "layer": 1, "block": 0, "features": [{"geom": {"triangles": {"v": [-15.904502951452741, 7.193237990140915, 3.0, -17.63887795145274, 0.19323799014091492, 3.0, -10.888877951452741, -1.806762009859085, 3.0, 3.5486220485472586, 3.193237990140915, 3.0, 1.8298720485472586, -4.806762009859085, 3.0], "f": [0, 1, 2, 0, 2, 3, 2, 4, 3]}, "centroids": [[-7.043204847112065, 1.5642987415194511, 3.0]]}, "mtl": 0}], "featureCount": 1, "startIndex": 0}