{"type": "block", "layer": 1, "block": 0, "features": [{"geom": {"triangles": {"v": [15.577932378044352, 31.520186576992273, 3.0, -7.437692621955648, -2.4798134230077267, 3.0, 21.827932378044352, 6.520186576992273, 3.0, 32.26543237804435, 21.520186576992273, 3.0, 32.45293237804435, 21.520186576992273, 3.0, 7.640432378044352, -13.479813423007727, 3.0], "f": [0, 1, 2, 0, 2, 3, 0, 3, 4, 1, 5, 2]}, "centroids": [[12.228953582671238, 9.525143690407276, 3.0]]}, "mtl": 0}], "featureCount": 1, "startIndex": 0}