{"type": "block", "layer": 1, "block": 0, "features": [{"geom": {"triangles": {"v": [-1.1225152915867511, 16.443898351863027, 3.0, -5.231890291586751, -3.5561016481369734, 3.0, 6.033734708413249, 15.443898351863027, 3.0, 3.596234708413249, -4.556101648136973, 3.0, 7.705609708413249, 14.443898351863027, 3.0], "f": [0, 1, 2, 1, 3, 2, 2, 3, 4]}, "centroids": [[1.2383834829379339, 5.874323444440961, 3.0]]}, "mtl": 0}], "featureCount": 1, "startIndex": 0}