{"type": "block", "layer": 0, "block": 0, "features": [{"geom": {"polygons": [[[[-3.7754348341259174, -5.310352260246873], [-1.4646455058536958, 6.419379001483321], [-1.4612139693635982, 6.419379001483321], [3.7754348341550212, 5.402170041576028], [1.3678302656917367, -6.419379001483321], [1.3647239408746827, -6.419379001483321], [-3.7754348341259174, -5.310352260246873]]]], "centroids": [[-0.017411763867130503, 0.03638703189790249, 3.0]], "h": 3.0}, "mtl": {"face": 0}}, {"geom": {"polygons": [[[[-3.841685678140493, -5.653205703943968], [-3.775434834737098, -5.310352263972163], [-1.4646455058536958, 6.419379001483321], [-1.4612139693635982, 6.419379001483321], [3.7754348341550212, 5.402170041576028], [1.3678302656917367, -6.419379001483321], [-0.26423829156556167, -6.419379001483321], [-0.3876348347403109, -6.394352262839675], [-0.4352882149978541, -6.419379001483321], [-1.693678877869388, -6.419379001483321], [-1.7885981425642967, -6.362285070121288], [-1.952803866675822, -6.216507179662585], [-2.0947348347399384, -6.033352263271809], [-3.841685678140493, -5.653205703943968]]]], "centroids": [[-0.06119687415775843, -0.13297950103878975, 6.0]], "h": 6.0}, "mtl": {"face": 1}}], "featureCount": 2, "startIndex": 0}