{"type": "block", "layer": 1, "block": 0, "features": [{"geom": {"triangles": {"v": [0.10081516590435058, 14.056647738441825, 3.0, -3.7741848340956494, -4.943352261558175, 3.0, 5.397690165904351, 13.056647738441825, 3.0, 1.3664401659043506, -5.943352261558175, 3.0], "f": [0, 1, 2, 1, 3, 2]}, "centroids": [[0.783292530599283, 4.043710276484489, 3.0]]}, "mtl": 0}], "featureCount": 1, "startIndex": 0}