{"type": "block", "layer": 0, "block": 0, "features": [{"geom": {"polygons": [[[[-7.787588533392409, 3.0494625568389893], [-7.787588533392409, 3.066523624584079], [-7.721632630564272, 4.4267252292484045], [7.455367368442239, 3.4717252515256405], [7.787588533392409, -4.403811914846301], [7.787588533392409, -4.422275112941861], [-1.2801737023692112, -4.426275009289384], [-1.9602981540665496, -4.4267252292484045], [-7.787588533392409, 3.0494625568389893]]]], "centroids": [[0.9120550701627508, 0.09264991246163845, 3.0]], "h": 3.0}, "mtl": {"face": 0}}, {"geom": {"polygons": [[[[-1.2801737023692112, -4.426275009289384], [7.787588533392409, -4.422275112941861], [7.787588533392409, -7.787588533014059], [1.202586046390934, -7.787588533014059], [-1.0916455168335233, -5.363002799451351], [-1.2801737023692112, -4.426275009289384]]]], "centroids": [[3.7104524280002806, -6.01205525547266, 3.0]], "h": 3.0}, "mtl": {"face": 0}}, {"geom": {"polygons": [[[[-7.787588533392409, 3.0494625568389893], [-7.787588533392409, 3.066523624584079], [-7.721632630738895, 4.4267252292484045], [7.455367368442239, 3.4717252515256405], [7.463796659809304, 3.2719029504805803], [7.771870251686778, 2.8073886055499315], [7.787588533392409, 2.770668813958764], [7.787588533392409, -0.06525144539773464], [7.617652722983621, -0.37536362558603287], [7.626082014234271, -0.575185913592577], [7.787588533392409, -0.8120699226856232], [7.787588533392409, -4.208905503153801], [7.779938078310806, -4.22245248220861], [7.787588533392409, -4.403811918571591], [7.787588533392409, -4.422275112941861], [-1.2801737023692112, -4.426275009289384], [-1.9602981542411726, -4.4267252292484045], [-7.787588533392409, 3.0494625568389893]]]], "centroids": [[0.9798024773481302, 0.09799403324723244, 6.0]], "h": 6.0}, "mtl": {"face": 1}}, {"geom": {"polygons": [[[[-7.787588533392409, 3.0494625568389893], [-7.787588533392409, 3.066523624584079], [-7.721632630738895, 4.4267252292484045], [7.455367368442239, 3.4717252515256405], [7.463796659809304, 3.2719029504805803], [7.771870251686778, 2.8073886055499315], [7.787588533392409, 2.770668813958764], [7.787588533392409, -0.06525144539773464], [7.617652722983621, -0.37536362558603287], [7.626082014234271, -0.575185913592577], [7.787588533392409, -0.8120699226856232], [7.787588533392409, -4.208905503153801], [7.779938078310806, -4.22245248220861], [7.787588533392409, -4.403811918571591], [7.787588533392409, -4.422275112941861], [-1.2801737023692112, -4.426275009289384], [-1.9602981542411726, -4.4267252292484045], [-7.787588533392409, 3.0494625568389893]]]], "centroids": [[0.9798024773481302, 0.09799403324723244, 9.0]], "h": 9.0}, "mtl": {"face": 2}}], "featureCount": 4, "startIndex": 0}