{"type": "block", "layer": 1, "block": 0, "features": [{"geom": {"triangles": {"v": [-7.728632630605716, 4.895725229755044, 3.0, -7.791132630605716, 2.895725229755044, 3.0, 7.458867369394284, 3.895725229755044, 3.0, -1.2755076306057163, -4.104274770244956, 3.0, 7.786992369394284, -4.104274770244956, 3.0, -1.0880076306057163, -5.104274770244956, 3.0, 3.2557423693942837, -10.104274770244956, 3.0, 7.958867369394284, -9.104274770244956, 3.0, 7.708867369394284, -13.104274770244956, 3.0, -1.9630076306057163, -4.104274770244956, 3.0], "f": [0, 1, 2, 2, 1, 3, 2, 3, 4, 4, 3, 5, 5, 6, 4, 4, 6, 7, 6, 8, 7, 1, 9, 3]}, "centroids": [[1.9724056090344675, -2.165687020868063, 3.0]]}, "mtl": 0}], "featureCount": 1, "startIndex": 0}