{"type": "block", "layer": 0, "block": 0, "features": [{"geom": {"polygons": [[[[-3.522228814777918, -1.1766158416867256], [-3.522228814777918, -1.1755289696156979], [-1.8715059296227992, 3.280526055023074], [3.522228814777918, 1.1076685190200806], [3.522228814777918, 1.106556959450245], [1.928477429173654, -3.2805260568857193], [-3.522228814777918, -1.1766158416867256]]]], "centroids": [[0.00539250104338862, -0.015900613740086555, 3.0]], "h": 3.0}, "mtl": {"face": 0}}], "featureCount": 1, "startIndex": 0}