{"type": "block", "layer": 0, "block": 0, "features": [{"geom": {"polygons": [[[[-6.698246487445431, -6.51912484690547], [-4.411925084219547, 8.793663773685694], [-4.407809198164614, 8.793663773685694], [6.698246487416327, 6.342397207394242], [3.2856253618665505, -8.793663773685694], [3.2815683690132573, -8.793663773685694], [-6.698246487445431, -6.51912484690547]]]], "centroids": [[-0.2523421306395903, 0.08874245174229145, 3.0]], "h": 3.0}, "mtl": {"face": 0}}, {"geom": {"polygons": [[[[-8.793663772870786, -8.793663773685694], [-8.793663772870786, 0.4678773395717144], [-7.355247538944241, 8.793663773685694], [-4.411925084365066, 8.793663773685694], [-6.698246487445431, -6.51912484690547], [3.281568370439345, -8.793663773685694], [-8.793663772870786, -8.793663773685694]]]], "centroids": [[-6.327144871436758, -1.049167439341545, 3.0]], "h": 3.0}, "mtl": {"face": 0}}, {"geom": {"polygons": [[[[-6.698246487445431, -6.51912484690547], [-4.411925084219547, 8.793663773685694], [-4.407809198164614, 8.793663773685694], [6.698246487416327, 6.342397207394242], [3.2856253618665505, -8.793663773685694], [3.2815683690132573, -8.793663773685694], [-6.698246487445431, -6.51912484690547]]]], "centroids": [[-0.2523421306395903, 0.08874245174229145, 6.0]], "h": 6.0}, "mtl": {"face": 1}}], "featureCount": 3, "startIndex": 0}