{"type": "block", "layer": 1, "block": 0, "features": [{"geom": {"triangles": {"v": [-3.5087727522477508, 30.8012569937855, 3.0, -10.49314775224775, -9.1987430062145, 3.0, 11.27247724775225, 27.8012569937855, 3.0, 25.52247724775225, 6.8012569937855005, 3.0, 30.03810224775225, 30.8012569937855, 3.0, 12.41310224775225, 33.8012569937855, 3.0, 20.47560224775225, -18.1987430062145, 3.0], "f": [0, 1, 2, 2, 1, 3, 2, 3, 4, 5, 2, 4, 1, 6, 3]}, "centroids": [[9.946447184163844, 8.71790855191648, 3.0]]}, "mtl": 0}], "featureCount": 1, "startIndex": 0}