{"type": "block", "layer": 1, "block": 0, "features": [{"geom": {"triangles": {"v": [-3.0655091238149907, 3.847078012302518, 3.0, -4.299884123814991, -2.152921987697482, 3.0, -0.5967591238149907, 3.847078012302518, 3.0, 10.48136587618501, -5.152921987697482, 3.0, 11.99699087618501, 2.847078012302518, 3.0], "f": [0, 1, 2, 2, 1, 3, 2, 3, 4]}, "centroids": [[4.048234188230708, -0.26244867220520973, 3.0]]}, "mtl": 0}], "featureCount": 1, "startIndex": 0}