{"type": "block", "layer": 0, "block": 0, "features": [{"geom": {"polygons": [[[[-4.972544463787926, 0.7282236963510513], [-4.972544463787926, 0.730723338201642], [-4.103542303986615, 4.903332270681858], [4.972544463787926, 2.8837783858180046], [4.972544463787926, 2.8814508132636547], [3.226241768163163, -4.903332270681858], [-1.7115107778517995, -3.8087841495871544], [-0.9722873674472794, -0.17092737928032875], [-4.972544463787926, 0.7282236963510513]]]], "centroids": [[0.360309986397624, 0.4036179129034281, 3.0]], "h": 3.0}, "mtl": {"face": 0}}, {"geom": {"polygons": [[[[-4.972544463787926, 0.7282236963510513], [-4.972544463787926, 0.730723338201642], [-4.103542303986615, 4.903332270681858], [4.972544463787926, 2.8837783858180046], [4.972544463787926, 2.8814508132636547], [3.226241768163163, -4.903332270681858], [-1.7115107778517995, -3.8087841495871544], [-0.9722873674472794, -0.17092737928032875], [-4.972544463787926, 0.7282236963510513]]]], "centroids": [[0.360309986397624, 0.4036179129034281, 6.0]], "h": 6.0}, "mtl": {"face": 1}}], "featureCount": 2, "startIndex": 0}