{"type": "block", "layer": 1, "block": 0, "features": [{"geom": {"triangles": {"v": [-14.458258232101798, 7.440667729824781, 3.0, -16.192633232101798, -0.5593322701752186, 3.0, 3.229241767898202, -4.559332270175219, 3.0, 4.979241767898202, 2.4406677298247814, 3.0], "f": [0, 1, 2, 0, 2, 3]}, "centroids": [[-5.615843833016697, 1.1489347647875547, 3.0]]}, "mtl": 0}], "featureCount": 1, "startIndex": 0}