{"type": "block", "layer": 0, "block": 0, "features": [{"geom": {"polygons": [[[[-7.168938476126641, -2.1279125157743692], [0.564340657874709, 7.244775447994471], [0.5656902346527204, 7.244775447994471], [7.168938476155745, 0.8804999999701977], [0.7981973490677774, -7.05965475179255], [-1.1653762248461135, -7.244775447994471], [-1.1739104227744974, -7.244775447994471], [-7.168938476126641, -2.1279125157743692]]]], "centroids": [[0.08270686407922767, -0.4670134261250496, 3.0]], "h": 3.0}, "mtl": {"face": 0}}, {"geom": {"polygons": [[[[-7.244775448343717, -2.7731339130550623], [-7.244775448343717, -2.219812374562025], [-7.168938476126641, -2.1279125157743692], [0.564340657874709, 7.244775447994471], [0.5656902346527204, 7.244775447994471], [7.168938476155745, 0.8804999999701977], [7.244775448343717, 0.8067802581936121], [7.244775448343717, 0.1121368519961834], [4.5082307386619505, -3.2985477186739445], [4.102471725578653, -2.9413819536566734], [3.146943349885987, -4.132301976904273], [3.552718416292919, -4.489447733387351], [1.3419958130980376, -7.244775447994471], [-2.0057028345181607, -7.244775447994471], [-7.244775448343717, -2.7731339130550623]]]], "centroids": [[0.08799622394144535, -0.7355202864855528, 6.0]], "h": 6.0}, "mtl": {"face": 1}}, {"geom": {"polygons": [[[[-7.244775448343717, -2.7731339130550623], [-7.244775448343717, -2.219812374562025], [-7.168938476126641, -2.1279125157743692], [0.564340657874709, 7.244775447994471], [0.5656902346527204, 7.244775447994471], [7.168938476155745, 0.8804999999701977], [7.244775448343717, 0.8067802581936121], [7.244775448343717, 0.1121368519961834], [4.5082307386619505, -3.2985477186739445], [4.102471725578653, -2.9413819536566734], [3.146943349885987, -4.132301976904273], [3.552718416292919, -4.489447733387351], [1.3419958130980376, -7.244775447994471], [-2.0057028345181607, -7.244775447994471], [-7.244775448343717, -2.7731339130550623]]]], "centroids": [[0.08799622394144535, -0.7355202864855528, 9.0]], "h": 9.0}, "mtl": {"face": 2}}, {"geom": {"polygons": [[[[-3.695754945423687, 2.0815651081502438], [0.564340657874709, 7.244775447994471], [0.5656902346527204, 7.244775447994471], [7.168938476155745, 0.8804999999701977], [7.244775448343717, 0.8067802581936121], [7.244775448343717, 0.1121368519961834], [3.6423495868511964, -4.377736182883382], [-3.695754945423687, 2.0815651081502438]]]], "centroids": [[1.9645991936558858, 1.3986369539052248, 12.0]], "h": 12.0}, "mtl": {"face": 3}}], "featureCount": 4, "startIndex": 0}