{"type": "block", "layer": 1, "block": 0, "features": [{"geom": {"triangles": {"v": [-7.422436523833312, 6.1105000004172325, 3.0, -11.219311523833312, 1.1105000004172325, 3.0, -6.906811523833312, 5.1105000004172325, 3.0, -1.172436523833312, -6.8894999995827675, 3.0, 0.5619384761666879, 7.1105000004172325, 3.0, -3.281811523833312, 11.110500000417233, 3.0, 0.7963134761666879, -6.8894999995827675, 3.0, 7.171313476166688, 1.1105000004172325, 3.0], "f": [0, 1, 2, 2, 1, 3, 4, 2, 3, 5, 2, 4, 6, 4, 3, 7, 4, 6]}, "centroids": [[-1.8830432805989403, 1.2803644109517336, 3.0]]}, "mtl": 0}], "featureCount": 1, "startIndex": 0}