{"type": "block", "layer": 0, "block": 0, "features": [{"geom": {"polygons": [[[[-3.0645006313279737, -4.66896385140717], [-2.9755006313789636, -0.06696385517716408], [-2.938500631455099, 1.2810361422598362], [-1.4456948290753644, 5.54048204049468], [-1.4427407437178772, 5.54048204049468], [3.0645006313279737, 4.63555913977325], [1.0440750248963013, -5.54048204049468], [1.0413545434712432, -5.54048204049468], [-3.0645006313279737, -4.66896385140717]]]], "centroids": [[-0.28753385483287275, 0.12260467372834682, 3.0]], "h": 3.0}, "mtl": {"face": 0}}, {"geom": {"polygons": [[[[2.066362074780045, -5.54048204049468], [2.4374436132784467, -3.792260255664587], [5.540482040290954, -4.450918260961771], [5.540482040290954, -5.54048204049468], [2.066362074780045, -5.54048204049468]]]], "centroids": [[3.7622149875969626, -4.827864196151495, 3.0]], "h": 3.0}, "mtl": {"face": 0}}], "featureCount": 2, "startIndex": 0}