{"type": "block", "layer": 1, "block": 0, "features": [{"geom": {"triangles": {"v": [-2.9812506313901395, -0.12596385553479195, 3.0, -3.0593756313901395, -5.125963855534792, 3.0, 16.97187436860986, -9.125963855534792, 3.0, 19.31562436860986, 1.874036144465208, 3.0, -1.4500006313901395, 5.874036144465208, 3.0, -2.9343756313901395, 0.874036144465208, 3.0, 17.12812436860986, -9.125963855534792, 3.0], "f": [0, 1, 2, 3, 0, 2, 3, 4, 0, 0, 4, 5, 2, 6, 3]}, "centroids": [[7.8251341677387245, -1.618468003347516, 3.0]]}, "mtl": 0}], "featureCount": 1, "startIndex": 0}