{"type": "block", "layer": 0, "block": 0, "features": [{"geom": {"polygons": [[[[-4.829240529739764, -3.1003320813179016], [-4.829240529739764, -0.7157399766147137], [-3.6391059513844084, 4.829240528866649], [-3.5552885943325236, 4.829240528866649], [-3.148723503021756, 4.731769386678934], [4.829240529739764, 3.03062928840518], [4.829240529739764, 3.028546577319503], [2.9360436763672624, -4.731769394129515], [-4.829240529739764, -3.1003320813179016]]]], "centroids": [[-0.255713422462577, 0.07193230278789997, 6.0]], "h": 6.0}, "mtl": {"face": 0}}, {"geom": {"polygons": [[[[-4.829240529739764, -3.1003320775926113], [-4.829240529739764, -3.0979803763329983], [-3.1487235023232643, 4.731769390404224], [4.829240529739764, 3.0306292921304703], [4.829240529739764, 3.028546579182148], [2.9360436770657543, -4.731769390404224], [-4.829240529739764, -3.1003320775926113]]]], "centroids": [[-0.051024453510763124, 0.0009931661188602448, 3.0]], "h": 3.0}, "mtl": {"face": 1}}, {"geom": {"polygons": [[[[-4.829240529739764, -3.1003320775926113], [-4.829240529739764, -0.7157399747520685], [-3.63910595147172, 4.829240528866649], [-3.55528857812169, 4.829240528866649], [-3.1487235023232643, 4.731769390404224], [4.829240529739764, 3.0306292921304703], [4.829240529739764, 3.028546579182148], [2.9360436770657543, -4.731769390404224], [-4.829240529739764, -3.1003320775926113]]]], "centroids": [[-0.2557134219969157, 0.07193230837583542, 9.0]], "h": 9.0}, "mtl": {"face": 2}}, {"geom": {"polygons": [[[[-4.49221569520887, 0.8544993661344051], [-3.639105951442616, 4.829240528866649], [-3.555288572970312, 4.829240528866649], [-3.148723496560706, 4.7317694164812565], [1.2006771902670152, 3.80434731580317], [0.36230307366349734, -0.11476692371070385], [-4.49221569520887, 0.8544993661344051]]]], "centroids": [[-1.6484074149047956, 2.3464592788368464, 12.0]], "h": 12.0}, "mtl": {"face": 3}}], "featureCount": 4, "startIndex": 0}