{"type": "block", "layer": 0, "block": 0, "features": [{"geom": {"polygons": [[[[-5.557372597948415, -1.2100320681929588], [-5.557372597948415, -1.207887114956975], [-3.824318579165265, 4.9044240191578865], [5.056927588797407, 1.9855762664228678], [5.31292830457096, 1.895576013252139], [5.557372597948415, -4.888997949659824], [5.557372597948415, -4.904239289462566], [-5.557372597948415, -1.2100320681929588]]]], "centroids": [[0.3645920918788761, 0.06592623330652714, 3.0]], "h": 3.0}, "mtl": {"face": 0}}, {"geom": {"polygons": [[[[-5.557372597948415, -1.2100320681929588], [-5.557372597948415, -0.5205675475299358], [-4.715321320662042, 2.495607791468501], [-4.527483775338624, 2.4244295060634613], [-3.824318581580883, 4.904424009844661], [5.05692907734192, 1.9855757597833872], [5.312928304512752, 1.8955760151147842], [5.557372597948415, -4.888997966423631], [5.557372597948415, -4.904239283874631], [-5.557372597948415, -1.2100320681929588]]]], "centroids": [[0.3115997661079746, 0.07318080775439739, 6.0]], "h": 6.0}, "mtl": {"face": 1}}], "featureCount": 2, "startIndex": 0}