{"type": "block", "layer": 0, "block": 0, "features": [{"geom": {"polygons": [[[[-5.532927597872913, -1.4534034319221973], [-5.532927597872913, -1.4507582746446133], [-4.443707248574356, 3.5302446726709604], [5.532927597872913, 1.4622215554118156], [5.532927597872913, 1.4594689458608627], [4.486247987806564, -3.5302446726709604], [-5.532927597872913, -1.4534034319221973]]]], "centroids": [[0.010256332054268569, 0.0004360005259513855, 3.0]], "h": 3.0}, "mtl": {"face": 0}}], "featureCount": 1, "startIndex": 0}