{"type": "block", "layer": 1, "block": 0, "features": [{"geom": {"triangles": {"v": [3.524344008299522, 16.2751597315073, 3.0, -1.022530991700478, 25.2751597315073, 3.0, -5.053780991700478, -3.7248402684926987, 3.0, 3.274344008299522, 23.2751597315073, 3.0, 3.227469008299522, 24.2751597315073, 3.0, 5.243094008299522, 7.275159731507301, 3.0, 4.946219008299522, -5.724840268492699, 3.0], "f": [0, 1, 2, 0, 3, 1, 4, 1, 3, 0, 2, 5, 2, 6, 5]}, "centroids": [[0.6225000402191654, 7.953267570585012, 3.0]]}, "mtl": 0}], "featureCount": 1, "startIndex": 0}