{"type": "block", "layer": 1, "block": 0, "features": [{"geom": {"triangles": {"v": [-11.604662240017205, 6.586239827796817, 3.0, -13.135912240017205, -2.413760172203183, 3.0, 6.6453377599827945, -6.413760172203183, 3.0, 13.129712759982795, 2.586239827796817, 3.0, 11.535962759982795, -6.413760172203183, 3.0], "f": [0, 1, 2, 3, 0, 2, 3, 2, 4]}, "centroids": [[0.018720374820986763, 0.02834676019847393, 3.0]]}, "mtl": 0}], "featureCount": 1, "startIndex": 0}