{"type": "block", "layer": 1, "block": 0, "features": [{"geom": {"triangles": {"v": [-16.529524999961723, 7.491999998688698, 3.0, -18.013899999961723, -0.5080000013113022, 3.0, -1.5451499999617226, 4.491999998688698, 3.0, 1.5798500000382774, -4.508000001311302, 3.0, 3.2829750000382774, 3.491999998688698, 3.0], "f": [0, 1, 2, 2, 1, 3, 4, 2, 3]}, "centroids": [[-7.314342779660365, 1.544030662626028, 3.0]]}, "mtl": 0}], "featureCount": 1, "startIndex": 0}