{"type": "block", "layer": 1, "block": 0, "features": [{"geom": {"triangles": {"v": [6.990329876658507, 22.01743516512215, 3.0, -8.244045123341493, -0.9825648348778486, 3.0, 0.7872048766585067, -7.982564834877849, 3.0, 16.443454876658507, 19.01743516512215, 3.0], "f": [0, 1, 2, 3, 0, 2]}, "centroids": [[3.9138454076019116, 7.655396979302168, 3.0]]}, "mtl": 0}], "featureCount": 1, "startIndex": 0}