{"type": "block", "layer": 1, "block": 0, "features": [{"geom": {"triangles": {"v": [-7.374594038439682, 5.321014758199453, 3.0, -9.218344038439682, -1.6789852418005466, 3.0, 5.484780961560318, -5.678985241800547, 3.0, -5.358969038439682, 12.321014758199453, 3.0, -4.218344038439682, 16.321014758199453, 3.0, 31.43790596156032, 4.321014758199453, 3.0, 18.18790596156032, -7.678985241800547, 3.0, 33.78165596156032, -0.6789852418005466, 3.0, 34.53165596156032, -2.6789852418005466, 3.0, 38.18790596156032, -11.678985241800547, 3.0, 14.828530961560318, -16.678985241800547, 3.0, 3.7035309615603182, -12.678985241800547, 3.0, 1.9691559615603182, -18.678985241800547, 3.0, 7.187905961560318, -37.67898524180055, 3.0, -1.5777190384396818, -30.678985241800547, 3.0, -3.0620940384396818, -35.67898524180055, 3.0, 31.92228096156032, 6.321014758199453, 3.0, 32.98478096156032, 13.321014758199453, 3.0, -3.6245940384396818, 20.321014758199453, 3.0, -2.6402190384396818, 25.321014758199453, 3.0, 35.28165596156032, 21.321014758199453, 3.0, -1.7964690384396818, 29.321014758199453, 3.0, 36.20353096156032, 24.321014758199453, 3.0, -0.35896903843968175, 35.32101475819945, 3.0, 2.2347809615603182, 40.32101475819945, 3.0, 37.73478096156032, 30.321014758199453, 3.0, 4.328530961560318, 44.32101475819945, 3.0, 5.266030961560318, 46.32101475819945, 3.0, 8.516030961560318, 54.32101475819945, 3.0, 29.76603096156032, 64.32101475819945, 3.0, 39.54728096156032, 62.32101475819945, 3.0, 47.17228096156032, 59.32101475819945, 3.0, 25.87540596156032, 65.32101475819945, 3.0, 14.109780961560318, 67.32101475819945, 3.0], "f": [0, 1, 2, 3, 0, 2, 4, 3, 2, 2, 5, 4, 6, 5, 2, 5, 6, 7, 7, 6, 8, 7, 8, 8, 8, 6, 9, 6, 2, 10, 2, 11, 10, 11, 12, 10, 12, 13, 10, 12, 14, 13, 14, 15, 13, 16, 4, 5, 17, 4, 16, 17, 18, 4, 19, 18, 17, 19, 17, 20, 21, 19, 20, 22, 21, 20, 22, 23, 21, 24, 23, 22, 25, 24, 22, 26, 24, 25, 27, 26, 25, 28, 27, 25, 25, 29, 28, 30, 29, 25, 31, 30, 25, 32, 28, 29, 33, 28, 32]}, "centroids": [[17.655294296797365, 21.75756038725376, 3.0]]}, "mtl": 0}], "featureCount": 1, "startIndex": 0}