{"type": "block", "layer": 1, "block": 0, "features": [{"geom": {"triangles": {"v": [-6.577720389002934, 0.18617147952318192, 3.0, 12.078529610997066, -12.813828520476818, 3.0, 15.031654610997066, 30.186171479523182, 3.0, 35.969154610997066, 19.186171479523182, 3.0, 16.828529610997066, 33.18617147952318, 3.0], "f": [0, 1, 2, 2, 1, 3, 4, 2, 3]}, "centroids": [[14.655440253089182, 9.89081559702754, 3.0]]}, "mtl": 0}], "featureCount": 1, "startIndex": 0}