{"type": "block", "layer": 1, "block": 0, "features": [{"geom": {"triangles": {"v": [-20.311851069680415, -1.7180645987391472, 3.0, -20.389976069680415, -1.7180645987391472, 3.0, 3.063148930319585, -6.718064598739147, 3.0, 6.688148930319585, 13.281935401260853, 3.0], "f": [0, 1, 2, 0, 2, 3]}, "centroids": [[-3.6275515018205624, 1.7043608389794827, 3.0]]}, "mtl": 0}], "featureCount": 1, "startIndex": 0}