{"type": "block", "layer": 0, "block": 0, "features": [{"geom": {"polygons": [[[[-6.909093670110451, -1.9516553170979023], [-6.909093670110451, -1.9480206035077572], [-5.527784697536845, 4.997505018487573], [4.662505718210014, 2.6331379991024733], [3.849208185216412, -0.8721291590481997], [6.909093670110451, -1.4506851192563772], [6.909093670110451, -1.4543601125478745], [6.21834923690767, -4.997505018487573], [-6.909093670110451, -1.9516553170979023]]]], "centroids": [[-0.35017225044430234, -0.0706391017884016, 3.0]], "h": 3.0}, "mtl": {"face": 0}}, {"geom": {"polygons": [[[[-6.909093670110451, -1.9516553170979023], [-6.909093670110451, 1.1408325675874949], [-6.3219236908480525, 1.0043994709849358], [-5.527784697536845, 4.997505018487573], [4.662505718210014, 2.6331379991024733], [3.849208185216412, -0.8721291590481997], [6.909093670110451, -1.4506851192563772], [6.909093670110451, -1.4543601125478745], [6.21834923690767, -4.997505018487573], [-6.909093670110451, -1.9516553170979023]]]], "centroids": [[-0.41769165100413375, -0.06919202394783497, 6.0]], "h": 6.0}, "mtl": {"face": 1}}], "featureCount": 2, "startIndex": 0}