{"type": "block", "layer": 1, "block": 0, "features": [{"geom": {"triangles": {"v": [7.216335654084105, -0.9119826536625624, 3.0, -5.924289345915895, 4.088017346337438, 3.0, -10.033664345915895, -15.911982653662562, 3.0, 5.685085654084105, 1.0880173463374376, 3.0, 7.622585654084105, 1.0880173463374376, 3.0, 3.419460654084105, -18.911982653662562, 3.0], "f": [0, 1, 2, 3, 1, 0, 3, 0, 4, 0, 2, 5]}, "centroids": [[-1.2269012272299733, -7.3872951455414295, 3.0]]}, "mtl": 0}], "featureCount": 1, "startIndex": 0}