{"type": "block", "layer": 1, "block": 0, "features": [{"geom": {"triangles": {"v": [-3.3380034916917793, 5.53122379258275, 3.0, -5.369253491691779, -3.4687762074172497, 3.0, 16.25574650830822, 1.5312237925827503, 3.0, 14.22449650830822, -8.46877620741725, 3.0], "f": [0, 1, 2, 1, 3, 2]}, "centroids": [[5.441442429932067, -1.1694389805197716, 3.0]]}, "mtl": 0}], "featureCount": 1, "startIndex": 0}