{"type": "block", "layer": 1, "block": 0, "features": [{"geom": {"triangles": {"v": [-5.319539095798973, 9.916462309658527, 3.0, -2.350789095798973, -5.083537690341473, 3.0, -0.460164095798973, 10.916462309658527, 3.0, 4.149210904201027, -5.083537690341473, 3.0], "f": [0, 1, 2, 2, 1, 3]}, "centroids": [[-0.873605978442356, 2.3840216118842363, 3.0]]}, "mtl": 0}], "featureCount": 1, "startIndex": 0}