{"type": "block", "layer": 1, "block": 0, "features": [{"geom": {"triangles": {"v": [-7.5504999997792765, 8.688348356634378, 3.0, -10.206749999779277, -3.3116516433656216, 3.0, 10.199500000220723, -2.3116516433656216, 3.0, 9.230750000220723, -7.311651643365622, 3.0], "f": [0, 1, 2, 1, 3, 2]}, "centroids": [[-0.9548795444134157, -0.5291450209915638, 3.0]]}, "mtl": 0}], "featureCount": 1, "startIndex": 0}