{"type": "block", "layer": 1, "block": 0, "features": [{"geom": {"triangles": {"v": [-10.15014124661684, 1.5089999996125698, 3.0, -10.30639124661684, -2.49100000038743, 3.0, 1.9748587533831596, -4.49100000038743, 3.0, 3.0842337533831596, 3.50899999961257, 3.0, -8.94701624661684, 8.50899999961257, 3.0, 3.4592337533831596, 6.50899999961257, 3.0], "f": [0, 1, 2, 0, 2, 3, 4, 0, 3, 4, 3, 5]}, "centroids": [[-3.501970062527107, 2.2195192128419876, 3.0]]}, "mtl": 0}], "featureCount": 1, "startIndex": 0}