{"type": "block", "layer": 0, "block": 0, "features": [{"geom": {"polygons": [[[[-4.092510251910426, -1.5784760974347591], [-4.092510251910426, -1.576324725523591], [-3.1600116008194163, 3.12619767524302], [4.092510251910426, 1.6108599733561277], [4.092510251910426, 1.6086958833038807], [3.1601616345287766, -3.126197677105665], [-4.092510251910426, -1.5784760974347591]]]], "centroids": [[0.003946589829865843, 0.006915705278515816, 3.0]], "h": 3.0}, "mtl": {"face": 0}}], "featureCount": 1, "startIndex": 0}