{"type": "block", "layer": 1, "block": 0, "features": [{"geom": {"triangles": {"v": [-3.1581967808888294, 3.4688165187835693, 3.0, -7.080071780888829, -16.53118348121643, 3.0, 4.091803219111171, 1.4688165187835693, 3.0, 0.16992821911117062, -18.53118348121643, 3.0], "f": [0, 1, 2, 1, 3, 2]}, "centroids": [[-1.4934949877497274, -7.565241215750575, 3.0]]}, "mtl": 0}], "featureCount": 1, "startIndex": 0}