{"type": "block", "layer": 1, "block": 0, "features": [{"geom": {"triangles": {"v": [-3.671531225554645, 13.248213782906532, 3.0, -7.671531225554645, -10.751786217093468, 3.0, 2.765968774445355, -12.751786217093468, 3.0, 24.578468774445355, 5.248213782906532, 3.0, 25.797218774445355, 12.248213782906532, 3.0, -2.702781225554645, 19.248213782906532, 3.0, 20.437843774445355, -17.751786217093468, 3.0], "f": [0, 1, 2, 0, 2, 3, 0, 3, 4, 5, 0, 4, 2, 6, 3]}, "centroids": [[9.05681287596235, 1.1084862891584635, 3.0]]}, "mtl": 0}], "featureCount": 1, "startIndex": 0}