{"type": "block", "layer": 1, "block": 0, "features": [{"geom": {"triangles": {"v": [-9.322859237669036, -5.71059138327837, 3.0, -9.494734237669036, -6.71059138327837, 3.0, 2.552140762330964, -8.71059138327837, 3.0, 5.130265762330964, 4.28940861672163, 3.0, -6.807234237669036, 6.28940861672163, 3.0, 6.833390762330964, 12.28940861672163, 3.0, -5.197859237669036, 14.28940861672163, 3.0, 2.411515762330964, -8.71059138327837, 3.0], "f": [0, 1, 2, 0, 2, 3, 4, 0, 3, 5, 4, 3, 5, 6, 4, 1, 7, 2]}, "centroids": [[-1.3511516649450641, 2.793574718758464, 3.0]]}, "mtl": 0}], "featureCount": 1, "startIndex": 0}