{"type": "block", "layer": 1, "block": 0, "features": [{"geom": {"triangles": {"v": [-1.6310804955719505, 10.378049075603485, 3.0, -5.7560804955719505, -8.621950924396515, 3.0, 1.6345445044280495, -10.621950924396515, 3.0, 5.7595445044280495, 9.378049075603485, 3.0], "f": [0, 1, 2, 0, 2, 3]}, "centroids": [[0.0015264821704477072, 0.0005750302225351334, 3.0]]}, "mtl": 0}], "featureCount": 1, "startIndex": 0}