{"type": "block", "layer": 0, "block": 0, "features": [{"geom": {"polygons": [[[[-5.6604148093611, -6.707746267318726], [-1.5953969035763294, 9.933752793818712], [-1.5911133614717983, 9.933752793818712], [5.6604148093611, 8.150913583114743], [1.213829461921705, -9.933752793818712], [1.2114689413283486, -9.933752793818712], [-5.6604148093611, -6.707746267318726]]]], "centroids": [[-0.044867584423627704, 0.348576070740819, 3.0]], "h": 3.0}, "mtl": {"face": 0}}, {"geom": {"polygons": [[[[-5.6604148093611, -6.707746267318726], [-1.5953969035763294, 9.933752793818712], [-1.5911133614717983, 9.933752793818712], [5.6604148093611, 8.150913583114743], [1.213829461921705, -9.933752793818712], [-0.6939749041630421, -9.933752793818712], [-1.9722758966090623, -9.332805324345827], [-1.6281161703227554, -8.600709274411201], [-2.8712310508126393, -8.017128866165876], [-3.2816846040659584, -8.222925493493676], [-3.734306370577542, -8.31770296394825], [-4.1961213509202935, -8.293699705973268], [-4.636478446278488, -8.152508838102221], [-5.026150738121942, -7.903501333668828], [-5.339275306498166, -7.563204055652022], [-5.555069776455639, -7.154202857986093], [-5.6604148093611, -6.707746267318726]]]], "centroids": [[-0.11316208829521202, 0.10788754746317863, 6.0]], "h": 6.0}, "mtl": {"face": 1}}, {"geom": {"polygons": [[[[-5.6604148093611, -6.707746267318726], [-1.5953969035763294, 9.933752793818712], [-1.5911133614717983, 9.933752793818712], [5.6604148093611, 8.150913583114743], [1.213829461921705, -9.933752793818712], [-0.6939749041630421, -9.933752793818712], [-1.9722758966090623, -9.332805324345827], [-1.6281161703227554, -8.600709274411201], [-2.8712310508126393, -8.017128866165876], [-3.2816846040659584, -8.222925493493676], [-3.734306370577542, -8.31770296394825], [-4.1961213509202935, -8.293699705973268], [-4.636478446278488, -8.152508838102221], [-5.026150738121942, -7.903501333668828], [-5.339275306498166, -7.563204055652022], [-5.555069776455639, -7.154202857986093], [-5.6604148093611, -6.707746267318726]]]], "centroids": [[-0.11316208829521202, 0.10788754746317863, 9.0]], "h": 9.0}, "mtl": {"face": 2}}, {"geom": {"polygons": [[[[-5.6604148093611, -6.707746267318726], [-1.5953969035763294, 9.933752793818712], [-1.5911133614717983, 9.933752793818712], [5.6604148093611, 8.150913583114743], [1.213829461921705, -9.933752793818712], [-0.6939749041630421, -9.933752793818712], [-1.9722758966090623, -9.332805324345827], [-1.6281161703227554, -8.600709274411201], [-2.8712310508126393, -8.017128866165876], [-3.2816846040659584, -8.222925493493676], [-3.734306370577542, -8.31770296394825], [-4.1961213509202935, -8.293699705973268], [-4.636478446278488, -8.152508838102221], [-5.026150738121942, -7.903501333668828], [-5.339275306498166, -7.563204055652022], [-5.555069776455639, -7.154202857986093], [-5.6604148093611, -6.707746267318726]]]], "centroids": [[-0.11316208829521202, 0.10788754746317863, 12.0]], "h": 12.0}, "mtl": {"face": 3}}, {"geom": {"polygons": [[[[-5.6604148093611, -6.707746267318726], [-1.5953969035763294, 9.933752793818712], [-1.5911133614717983, 9.933752793818712], [5.6604148093611, 8.150913583114743], [1.213829461921705, -9.933752793818712], [-0.6939749040757306, -9.933752793818712], [-1.9722758966090623, -9.332805324345827], [-1.6281161703227554, -8.600709274411201], [-2.8712310508126393, -8.017128866165876], [-3.2816846040659584, -8.222925493493676], [-3.734306370577542, -8.31770296394825], [-4.1961213509202935, -8.293699705973268], [-4.636478446278488, -8.152508838102221], [-5.026150738121942, -7.903501333668828], [-5.339275306498166, -7.563204055652022], [-5.555069776455639, -7.154202857986093], [-5.6604148093611, -6.707746267318726]]]], "centroids": [[-0.11316208826610819, 0.10788754932582378, 15.0]], "h": 15.0}, "mtl": {"face": 4}}, {"geom": {"polygons": [[[[-5.6604148093611, -6.707746267318726], [-1.5953969035763294, 9.933752793818712], [-1.5911133614717983, 9.933752793818712], [5.6604148093611, 8.150913583114743], [1.213829461921705, -9.933752793818712], [-0.6939749041630421, -9.933752793818712], [-1.9722758966090623, -9.332805324345827], [-1.6281161703227554, -8.600709274411201], [-2.8712310508126393, -8.017128866165876], [-3.2816846040659584, -8.222925493493676], [-3.734306370577542, -8.31770296394825], [-4.1961213509202935, -8.293699705973268], [-4.636478446278488, -8.152508838102221], [-5.026150738121942, -7.903501333668828], [-5.339275306498166, -7.563204055652022], [-5.555069776455639, -7.154202857986093], [-5.6604148093611, -6.707746267318726]]]], "centroids": [[-0.11316208829521202, 0.10788754746317863, 18.0]], "h": 18.0}, "mtl": {"face": 5}}, {"geom": {"polygons": [[[[-5.6604148093611, -6.707746267318726], [-1.5953969035763294, 9.933752793818712], [-1.5911133614717983, 9.933752793818712], [5.6604148093611, 8.150913583114743], [1.213829461921705, -9.933752793818712], [-0.6939749041630421, -9.933752793818712], [-1.9722758966090623, -9.332805324345827], [-1.6281161703227554, -8.600709274411201], [-2.8712310508126393, -8.017128866165876], [-3.2816846040659584, -8.222925493493676], [-3.734306370577542, -8.31770296394825], [-4.1961213509202935, -8.293699705973268], [-4.636478446278488, -8.152508838102221], [-5.026150738121942, -7.903501333668828], [-5.339275306498166, -7.563204055652022], [-5.555069776455639, -7.154202857986093], [-5.6604148093611, -6.707746267318726]]]], "centroids": [[-0.11316208829521202, 0.10788754746317863, 21.0]], "h": 21.0}, "mtl": {"face": 6}}], "featureCount": 7, "startIndex": 0}