{"type": "block", "layer": 1, "block": 0, "features": [{"geom": {"triangles": {"v": [7.958604528481374, -2.341181293129921, 3.0, -1.4945204715186264, 0.658818706870079, 3.0, -5.791395471518626, -19.34118129312992, 3.0, 11.989854528481374, 16.65881870687008, 3.0, 2.1304795284813736, 18.65881870687008, 3.0, 3.9586045284813736, -21.34118129312992, 3.0], "f": [0, 1, 2, 1, 0, 3, 4, 1, 3, 0, 2, 5]}, "centroids": [[3.1281378869025502, -1.2735868282616138, 3.0]]}, "mtl": 0}], "featureCount": 1, "startIndex": 0}