{"type": "block", "layer": 1, "block": 0, "features": [{"geom": {"triangles": {"v": [-6.610518685600255, 5.570499999448657, 3.0, -8.266768685600255, -2.429500000551343, 3.0, -5.094893685600255, 5.570499999448657, 3.0, -4.204268685600255, 5.570499999448657, 3.0, 5.139481314399745, -5.429500000551343, 3.0, 6.811356314399745, 2.570499999448657, 3.0], "f": [0, 1, 2, 2, 1, 3, 3, 1, 4, 5, 3, 4]}, "centroids": [[-0.7512578065798152, 0.13853075355291367, 3.0]]}, "mtl": 0}], "featureCount": 1, "startIndex": 0}