{"type": "block", "layer": 0, "block": 0, "features": [{"geom": {"polygons": [[[[-6.517947654356249, -4.761267207562923], [-4.6114112274954095, 6.015693416818976], [1.2350963804346975, 4.767890855669975], [1.6193527686409652, 6.8355835769325495], [1.622998757608002, 6.8355835769325495], [6.460852345655439, 5.89573279581964], [6.517947654327145, 5.838637486100197], [4.163179358176421, -6.8355835769325495], [4.159533390949946, -6.8355835769325495], [-6.517947654356249, -4.761267207562923]]]], "centroids": [[0.11700966217904352, 0.024868588894605637, 3.0]], "h": 3.0}, "mtl": {"face": 0}}, {"geom": {"polygons": [[[[-6.605947654345073, -5.353267204016447], [-6.517947654356249, -4.761267207562923], [-4.502097632619552, 6.633603615686297], [1.3430732284323312, 5.348916830495], [1.6193527686409652, 6.8355835769325495], [1.622998757608002, 6.8355835769325495], [6.460852345655439, 5.89573279581964], [6.517947654327145, 5.838637486100197], [4.163179358234629, -6.8355835769325495], [1.0567645064147655, -6.8355835769325495], [-6.605947654345073, -5.353267204016447]]]], "centroids": [[-0.012417855352396145, -0.0649604331701994, 6.0]], "h": 6.0}, "mtl": {"face": 1}}, {"geom": {"polygons": [[[[-6.605947654345073, -5.353267204016447], [-6.517947654356249, -4.761267207562923], [-4.502097632619552, 6.633603615686297], [1.3430732284323312, 5.348916830495], [1.6193527686409652, 6.8355835769325495], [1.622998757608002, 6.8355835769325495], [6.460852345655439, 5.89573279581964], [6.517947654327145, 5.838637486100197], [4.163179358234629, -6.8355835769325495], [1.0567645064147655, -6.8355835769325495], [-6.605947654345073, -5.353267204016447]]]], "centroids": [[-0.012417855352396145, -0.0649604331701994, 9.0]], "h": 9.0}, "mtl": {"face": 2}}], "featureCount": 3, "startIndex": 0}