{"type": "block", "layer": 1, "block": 0, "features": [{"geom": {"triangles": {"v": [-12.998697654344141, 24.85773279517889, 3.0, -14.389322654344141, 17.85773279517889, 3.0, -3.0143226543441415, 14.85773279517889, 3.0, 9.329427345655859, 20.85773279517889, 3.0, 4.1575523456558585, -7.14226720482111, 3.0, -6.5143226543441415, -5.14226720482111, 3.0], "f": [0, 1, 2, 0, 2, 3, 2, 4, 3, 2, 5, 4]}, "centroids": [[-0.8052832394605502, 10.948611460626125, 3.0]]}, "mtl": 0}], "featureCount": 1, "startIndex": 0}