{"type": "block", "layer": 1, "block": 0, "features": [{"geom": {"triangles": {"v": [-1.3716246745316312, 5.558664731681347, 3.0, -3.277874674531631, -4.441335268318653, 3.0, 7.565875325468369, 4.558664731681347, 3.0, 5.659625325468369, -6.441335268318653, 3.0], "f": [0, 1, 2, 1, 3, 2]}, "centroids": [[2.1477478092419915, -0.27288785949349403, 3.0]]}, "mtl": 0}], "featureCount": 1, "startIndex": 0}