{"type": "block", "layer": 1, "block": 0, "features": [{"geom": {"triangles": {"v": [-3.005799999984447, 4.3779160641133785, 3.0, -4.818299999984447, -3.6220839358866215, 3.0, 3.119200000015553, -4.6220839358866215, 3.0, 4.822325000015553, 2.3779160641133785, 3.0, 14.603575000015553, -7.6220839358866215, 3.0, 16.431700000015553, 0.3779160641133785, 3.0], "f": [0, 1, 2, 3, 0, 2, 3, 2, 4, 3, 4, 5]}, "centroids": [[5.812669847771758, -1.5168242286890745, 3.0]]}, "mtl": 0}], "featureCount": 1, "startIndex": 0}