{"type": "block", "layer": 0, "block": 0, "features": [{"geom": {"polygons": [[[[-6.954103033232968, -4.600596567615867], [-6.954103033232968, -4.595631642267108], [-5.380798513098853, 6.417500000447035], [3.375115357746836, 4.9870513547211885], [2.4369036431016866, -0.7383720353245735], [6.954103033232968, -1.4749213308095932], [6.954103033232968, -1.4792088642716408], [6.13130148689379, -6.417500000447035], [-6.954103033232968, -4.600596567615867]]]], "centroids": [[-0.6638615174451843, -0.4715238343924284, 3.0]], "h": 3.0}, "mtl": {"face": 0}}, {"geom": {"polygons": [[[[-6.954103033232968, -4.600596567615867], [-6.954103033232968, -4.595631642267108], [-5.380798513098853, 6.417500000447035], [3.375115357746836, 4.9870513547211885], [2.4369036431016866, -0.7383720353245735], [6.954103033232968, -1.4749213308095932], [6.954103033232968, -1.4792088642716408], [6.13130148689379, -6.417500000447035], [-6.954103033232968, -4.600596567615867]]]], "centroids": [[-0.6638615174451843, -0.4715238343924284, 6.0]], "h": 6.0}, "mtl": {"face": 1}}], "featureCount": 2, "startIndex": 0}