{"type": "block", "layer": 0, "block": 0, "features": [{"geom": {"polygons": [[[[-8.334538385504857, 0.2176061049103737], [-8.334538385504857, 0.21982703730463982], [-5.857470448798267, 5.872955948114395], [6.918792998796562, 0.9425039663910866], [5.3968481041665655, -2.7932588513940573], [8.334538385504857, -4.070600971579552], [8.334538385504857, -4.07299910672009], [7.597529801161727, -5.87295594997704], [-8.334538385504857, 0.2176061049103737]]]], "centroids": [[-0.16968192090280354, 0.2232913076877594, 3.0]], "h": 3.0}, "mtl": {"face": 0}}], "featureCount": 1, "startIndex": 0}