{"type": "block", "layer": 1, "block": 0, "features": [{"geom": {"triangles": {"v": [11.863891368702753, -1.3585464172065258, 3.0, -8.495483631297247, 6.641453582793474, 3.0, -9.886108631297247, 0.6414535827934742, 3.0, 9.551391368702753, -6.358546417206526, 3.0], "f": [0, 1, 2, 0, 2, 3]}, "centroids": [[0.7501985335256904, 0.0585024431347847, 3.0]]}, "mtl": 0}], "featureCount": 1, "startIndex": 0}