{"type": "block", "layer": 0, "block": 0, "features": [{"geom": {"polygons": [[[[-4.37211351460428, -3.0962047521024942], [-3.074841164314421, 4.431383544579148], [-3.0717909470840823, 4.431383544579148], [4.372113514633384, 3.322040082886815], [3.0179823301150464, -4.431383544579148], [3.0154527902486734, -4.431383544579148], [-4.37211351460428, -3.0962047521024942]]]], "centroids": [[0.004541696369415149, 0.05488448031246662, 3.0]], "h": 3.0}, "mtl": {"face": 0}}, {"geom": {"polygons": [[[[-4.431383544782875, -4.128911247476935], [-4.431383544782875, -2.6657209768891335], [-4.300033605686622, -2.6779518853873014], [-3.9496722385520115, -0.6449353601783514], [-4.431383544782875, -0.5805944707244635], [-4.431383544782875, 3.529989341273904], [-4.279659169114893, 4.431383544579148], [-3.071790954651078, 4.431383544579148], [4.372113539138809, 3.3220400772988796], [4.431383544782875, 3.306042419746518], [4.431383544782875, 1.0503862146288157], [3.4298942797177006, -4.431383544579148], [-2.757799355284078, -4.431383544579148], [-4.431383544782875, -4.128911247476935]]]], "centroids": [[-0.21724092730437405, -0.11525173671543598, 6.0]], "h": 6.0}, "mtl": {"face": 1}}], "featureCount": 2, "startIndex": 0}