{"type": "block", "layer": 0, "block": 0, "features": [{"geom": {"polygons": [[[[-2.119628226500936, -1.186211284250021], [-2.119628226500936, -1.1850517727434635], [-1.496840784791857, 2.0680985134094954], [2.119628226500936, 1.2402359619736671], [2.119628226500936, 1.2391225080937147], [1.461294978595106, -2.0680985134094954], [-2.119628226500936, -1.186211284250021]]]], "centroids": [[-0.0030751915473956615, 0.014025703072547913, 3.0]], "h": 3.0}, "mtl": {"face": 0}}], "featureCount": 1, "startIndex": 0}