{"type": "block", "layer": 1, "block": 0, "features": [{"geom": {"triangles": {"v": [-6.746119651419576, -1.2845383044332266, 3.0, -8.761744651419576, -6.284538304433227, 3.0, 1.0038803485804237, -4.284538304433227, 3.0, 2.4413803485804237, 2.7154616955667734, 3.0, -4.277369651419576, 9.715461695566773, 3.0, 3.5351303485804237, 7.715461695566773, 3.0, -0.04299465141957626, -9.284538304433227, 3.0], "f": [0, 1, 2, 0, 2, 3, 4, 0, 3, 4, 3, 5, 1, 6, 2]}, "centroids": [[-2.310871380934259, 0.12937935627996922, 3.0]]}, "mtl": 0}], "featureCount": 1, "startIndex": 0}