{"type": "block", "layer": 1, "block": 0, "features": [{"geom": {"triangles": {"v": [-9.892950935434783, 4.089247079566121, 3.0, -11.861700935434783, -5.910752920433879, 3.0, 4.153924064565217, -3.910752920433879, 3.0, -8.627325935434783, 6.089247079566121, 3.0, 2.091424064565217, 11.089247079566121, 3.0, -6.783575935434783, 10.089247079566121, 3.0], "f": [0, 1, 2, 3, 0, 2, 2, 4, 3, 4, 5, 3]}, "centroids": [[-3.4489392066316213, 2.340746169909835, 3.0]]}, "mtl": 0}], "featureCount": 1, "startIndex": 0}