{"type": "block", "layer": 0, "block": 0, "features": [{"geom": {"polygons": [[[[-3.0756400798272807, -3.8665223512798548], [-1.2352906102314591, 4.766818482428789], [-1.232812082482269, 4.766818482428789], [3.075640079798177, 3.9026842191815376], [1.2435505180910695, -4.766818482428789], [1.2411639181955252, -4.766818482428789], [-3.0756400798272807, -3.8665223512798548]]]], "centroids": [[0.0028966260724700987, 0.006207626312971115, 3.0]], "h": 3.0}, "mtl": {"face": 0}}, {"geom": {"polygons": [[[[-1.2328120848396793, 4.766818482428789], [3.2582539411087055, 4.766818482428789], [3.075640079798177, 3.9026842191815376], [-1.2328120848396793, 4.766818482428789]]]], "centroids": [[1.7003606453654356, 4.478773728013039, 3.0]], "h": 3.0}, "mtl": {"face": 0}}], "featureCount": 2, "startIndex": 0}