{"type": "block", "layer": 1, "block": 0, "features": [{"geom": {"triangles": {"v": [-4.837977381423116, 5.546159200370312, 3.0, -5.697352381423116, -0.45384079962968826, 3.0, 16.583897618576884, 0.5461592003703117, 3.0, 19.458897618576884, -6.453840799629688, 3.0, 19.787022618576884, -0.45384079962968826, 3.0], "f": [0, 1, 2, 2, 1, 3, 4, 2, 3]}, "centroids": [[7.231231223267969, -0.576073169708252, 3.0]]}, "mtl": 0}], "featureCount": 1, "startIndex": 0}