{"type": "block", "layer": 1, "block": 0, "features": [{"geom": {"triangles": {"v": [-13.544329211174045, -6.12040201947093, 3.0, -10.106829211174045, -7.12040201947093, 3.0, -9.809954211174045, 0.8795979805290699, 3.0, -8.653704211174045, -7.12040201947093, 3.0, -5.747454211174045, 3.87959798052907, 3.0, -8.388079211174045, 4.87959798052907, 3.0, 1.7056707888259552, -7.12040201947093, 3.0, 6.143170788825955, 2.87959798052907, 3.0, -3.4193292111740448, 6.87959798052907, 3.0, -4.888079211174045, 5.87959798052907, 3.0, -9.872454211174045, -7.12040201947093, 3.0], "f": [0, 1, 2, 2, 1, 3, 4, 2, 3, 5, 2, 4, 3, 6, 4, 7, 4, 6, 7, 8, 4, 8, 9, 4, 3, 1, 10]}, "centroids": [[-3.4190129190683365, -1.0190604124218225, 3.0]]}, "mtl": 0}], "featureCount": 1, "startIndex": 0}