{"type": "block", "layer": 1, "block": 0, "features": [{"geom": {"triangles": {"v": [-1.9579999999841675, 5.759500000625849, 3.0, -4.5829999999841675, -4.240499999374151, 3.0, 2.7607500000158325, -6.240499999374151, 3.0, 4.5732500000158325, 4.759500000625849, 3.0], "f": [0, 1, 2, 3, 0, 2]}, "centroids": [[0.18285910016857088, -0.05747317336499691, 3.0]]}, "mtl": 0}], "featureCount": 1, "startIndex": 0}