{"type": "block", "layer": 1, "block": 0, "features": [{"geom": {"triangles": {"v": [-16.395344919146737, 12.150649301707745, 3.0, -18.942219919146737, 6.150649301707745, 3.0, 5.823405080853263, 0.1506493017077446, 3.0, 3.260905080853263, -5.849350698292255, 3.0], "f": [0, 1, 2, 1, 3, 2]}, "centroids": [[-6.5459240815253, 3.2838633563369513, 3.0]]}, "mtl": 0}], "featureCount": 1, "startIndex": 0}