{"type": "block", "layer": 1, "block": 0, "features": [{"geom": {"triangles": {"v": [-1.6776083011645824, 14.519838508218527, 3.0, -5.833858301164582, -5.480161491781473, 3.0, 3.9786416988354176, -7.480161491781473, 3.0, 8.134891698835418, 12.519838508218527, 3.0], "f": [0, 1, 2, 0, 2, 3]}, "centroids": [[1.156772607297171, 3.3688352704048157, 3.0]]}, "mtl": 0}], "featureCount": 1, "startIndex": 0}