{"type": "block", "layer": 1, "block": 0, "features": [{"geom": {"triangles": {"v": [0.6063562300405465, 16.229813331738114, 3.0, -4.4248937699594535, -2.7701866682618856, 3.0, 7.4188562300405465, 14.229813331738114, 3.0, 2.3094812300405465, -4.770186668261886, 3.0], "f": [0, 1, 2, 1, 3, 2]}, "centroids": [[1.4830232302483637, 5.728592621162534, 3.0]]}, "mtl": 0}], "featureCount": 1, "startIndex": 0}