{"type": "block", "layer": 1, "block": 0, "features": [{"geom": {"triangles": {"v": [-3.8654775535978843, 7.8262113854289055, 3.0, -5.224852553597884, -2.1737886145710945, 3.0, 20.962647446402116, 3.8262113854289055, 3.0, 19.478272446402116, -6.1737886145710945, 3.0], "f": [0, 1, 2, 1, 3, 2]}, "centroids": [[7.8409739285416435, 0.7327891513705254, 3.0]]}, "mtl": 0}], "featureCount": 1, "startIndex": 0}