{"type": "block", "layer": 1, "block": 0, "features": [{"geom": {"triangles": {"v": [-3.015295952151064, 5.612410567700863, 3.0, -4.640295952151064, -6.387589432299137, 3.0, 7.047204047848936, 3.612410567700863, 3.0, 5.359704047848936, -8.387589432299137, 3.0], "f": [0, 1, 2, 1, 3, 2]}, "centroids": [[1.1840076638618484, -1.2453688029199839, 3.0]]}, "mtl": 0}], "featureCount": 1, "startIndex": 0}