{"type": "block", "layer": 1, "block": 0, "features": [{"geom": {"triangles": {"v": [-4.90645451869932, 4.825104184448719, 3.0, -5.29707951869932, -5.174895815551281, 3.0, 9.84354548130068, -5.174895815551281, 3.0, 10.40604548130068, 3.825104184448719, 3.0, 10.59354548130068, 4.825104184448719, 3.0], "f": [0, 1, 2, 0, 2, 3, 0, 3, 4]}, "centroids": [[2.5488579638767987, 0.11174716055393219, 3.0]]}, "mtl": 0}], "featureCount": 1, "startIndex": 0}