{"type": "block", "layer": 1, "block": 0, "features": [{"geom": {"triangles": {"v": [-1.8699999999953434, 5.9309999998658895, 3.0, -2.4637499999953434, -6.0690000001341105, 3.0, 2.4581250000046566, 5.9309999998658895, 3.0, 1.7706250000046566, -6.0690000001341105, 3.0], "f": [0, 1, 2, 1, 3, 2]}, "centroids": [[-0.020532872731564566, 0.035833779722452164, 3.0]]}, "mtl": 0}], "featureCount": 1, "startIndex": 0}