{"type": "block", "layer": 0, "block": 0, "features": [{"geom": {"polygons": [[[[-5.567568295227829, -5.856999998912215], [-3.3146948461944703, 7.505249401554465], [-3.3100497882114723, 7.505249401554465], [1.815136868855916, 6.653870357200503], [0.473966762481723, -1.4975755605846643], [5.567568295227829, -2.3693234100937843], [4.680661323276581, -7.505249401554465], [4.675866927194875, -7.505249401554465], [-5.567568295227829, -5.856999998912215]]]], "centroids": [[-0.6379126985266339, -0.9612917080521584, 3.0]], "h": 3.0}, "mtl": {"face": 0}}, {"geom": {"polygons": [[[[-5.567568295227829, -5.856999998912215], [-3.3146948461944703, 7.505249401554465], [-3.3100497882114723, 7.505249401554465], [1.815136868855916, 6.653870357200503], [0.473966762481723, -1.4975755605846643], [5.567568295227829, -2.3693234100937843], [4.680661323276581, -7.505249401554465], [4.675866927194875, -7.505249401554465], [-5.567568295227829, -5.856999998912215]]]], "centroids": [[-0.6379126985266339, -0.9612917080521584, 6.0]], "h": 6.0}, "mtl": {"face": 1}}], "featureCount": 2, "startIndex": 0}