{"type": "block", "layer": 1, "block": 0, "features": [{"geom": {"triangles": {"v": [-3.3165682952094357, 7.74800000153482, 3.0, -5.566568295209436, -6.25199999846518, 3.0, 6.636556704790564, 5.74800000153482, 3.0, 4.683431704790564, -7.25199999846518, 3.0, 6.980306704790564, 5.74800000153482, 3.0], "f": [0, 1, 2, 1, 3, 2, 2, 3, 4]}, "centroids": [[0.6916615644295234, -0.008878923952579498, 3.0]]}, "mtl": 0}], "featureCount": 1, "startIndex": 0}