{"type": "block", "layer": 1, "block": 0, "features": [{"geom": {"triangles": {"v": [-2.8374999999941792, 6.052015166729689, 3.0, -4.946874999994179, -3.9479848332703114, 3.0, 2.9906250000058208, -5.947984833270311, 3.0, 4.943750000005821, 4.052015166729689, 3.0], "f": [0, 1, 2, 3, 0, 2]}, "centroids": [[0.038824165996629745, 0.097393698990345, 3.0]]}, "mtl": 0}], "featureCount": 1, "startIndex": 0}