{"type": "block", "layer": 0, "block": 0, "features": [{"geom": {"polygons": [[[[-7.5637435503304005, -4.864999221637845], [-7.5637435503304005, -4.860473372042179], [-6.663499999995111, 0.39511050656437874], [-6.649431204656139, 0.5118193253874779], [-5.895406762312632, 6.766889490187168], [7.5637435503304005, 4.828219465911388], [7.5637435503304005, 4.8237619530409575], [5.54749999998603, -6.766889492049813], [-7.5637435503304005, -4.864999221637845]]]], "centroids": [[-0.04582582082366571, 0.011750783771276474, 3.0]], "h": 3.0}, "mtl": {"face": 0}}, {"geom": {"polygons": [[[[-7.5637435503304005, -4.864999221637845], [-7.5637435503304005, -4.860473372042179], [-6.663499999995111, 0.39511050656437874], [-6.649431204656139, 0.5118193253874779], [-5.895406762312632, 6.766889490187168], [7.5637435503304005, 4.828219465911388], [7.5637435503304005, 1.9065905511379242], [7.4187986057659145, 1.0733816791325808], [7.5637435503304005, 1.0485419556498528], [7.5637435503304005, -0.9481487609446049], [7.216822330490686, -2.9315671622753143], [6.736629662278574, -2.8480328861624002], [6.214828150958056, -5.84758316911757], [6.692544342105975, -5.9306866358965635], [6.535963047499536, -6.918351709842682], [5.54749999998603, -6.766889492049813], [-7.5637435503304005, -4.864999221637845]]]], "centroids": [[0.25603710900759324, -0.07268561236560345, 6.0]], "h": 6.0}, "mtl": {"face": 1}}], "featureCount": 2, "startIndex": 0}