{"type": "block", "layer": 1, "block": 0, "features": [{"geom": {"triangles": {"v": [-6.669500000018161, 0.36911050602793694, 3.0, -7.560125000018161, -4.630889493972063, 3.0, 5.549249999981839, -6.630889493972063, 3.0, 7.564874999981839, 4.369110506027937, 3.0, -5.888250000018161, 6.369110506027937, 3.0], "f": [0, 1, 2, 0, 2, 3, 4, 0, 3]}, "centroids": [[-0.04586006805766374, 0.011715466156601906, 3.0]]}, "mtl": 0}], "featureCount": 1, "startIndex": 0}