{"type": "block", "layer": 0, "block": 0, "features": [{"geom": {"polygons": [[[[-12.622187655011658, 5.786082550883293], [-12.622187655011658, 5.800179548561573], [-11.881450000044424, 10.306500000879169], [12.622187655011658, 1.9059327691793442], [12.622187655011658, 1.9018692262470722], [11.027949999959674, -2.683499999344349], [8.21715000201948, -10.306499999016523], [-7.308050000021467, -7.475499998778105], [-9.108450000028824, -6.453499998897314], [-11.190650000062305, -1.491499999538064], [-12.622187655011658, 5.786082550883293]]]], "centroids": [[-0.8723992422455922, -0.6106980293989182, 3.0]], "h": 3.0}, "mtl": {"face": 0}}, {"geom": {"polygons": [[[[-12.622187655011658, 2.338505642488599], [-12.622187655011658, 10.343733059242368], [-12.601550000021234, 10.487500002607703], [-11.881449994136347, 10.306500017642975], [12.622187655011658, 1.9059327691793442], [12.622187655011658, 1.9018692262470722], [11.027950005867751, -2.6834999825805426], [8.217150031035999, -10.306499985978007], [7.865828043431975, -10.993304384872317], [-7.40121940075187, -8.210307452827692], [-9.728252681787126, -6.895481755957007], [-11.76335000002291, -1.7674999982118607], [-12.622187655011658, 2.338505642488599]]]], "centroids": [[-1.1446353010833263, -0.8954992908984423, 6.0]], "h": 6.0}, "mtl": {"face": 1}}, {"geom": {"polygons": [[[[-12.622187655011658, 2.338505642488599], [-12.622187655011658, 10.343733057379723], [-12.60154999999213, 10.487500000745058], [-11.881449994136347, 10.306500017642975], [12.622187655011658, 1.9059327691793442], [12.622187655011658, 1.9018692262470722], [11.027950005867751, -2.6834999825805426], [8.217150031035999, -10.306499985978007], [7.865828043431975, -10.993304384872317], [-7.40121940075187, -8.210307452827692], [-9.728252681787126, -6.895481755957007], [-11.76335000002291, -1.7674999982118607], [-12.622187655011658, 2.338505642488599]]]], "centroids": [[-1.1446353010542225, -0.8954992908984423, 9.0]], "h": 9.0}, "mtl": {"face": 2}}, {"geom": {"polygons": [[[[-12.622187655011658, 2.338505644351244], [-12.622187655011658, 10.343733057379723], [-12.60154999999213, 10.487500000745058], [-11.881450000073528, 10.306500000879169], [12.622187655011658, 1.9059327691793442], [12.622187655011658, 1.9018692262470722], [11.02794999993057, -2.683499999344349], [8.217150025098817, -10.306500002741814], [7.865828043431975, -10.993304384872317], [-7.40121940075187, -8.210307452827692], [-9.728252681787126, -6.895481755957007], [-11.76335000002291, -1.7674999982118607], [-12.622187655011658, 2.338505644351244]]]], "centroids": [[-1.1446352991042659, -0.8954992964863777, 12.0]], "h": 12.0}, "mtl": {"face": 3}}, {"geom": {"polygons": [[[[-12.622187655011658, 2.338505644351244], [-12.622187655011658, 10.343733057379723], [-12.60154999999213, 10.487500000745058], [-11.881450000073528, 10.306500000879169], [12.622187655011658, 1.9059327691793442], [12.622187655011658, 1.9018692262470722], [11.02794999993057, -2.683499999344349], [8.217150025098817, -10.306500002741814], [7.865828043431975, -10.993304384872317], [-7.40121940075187, -8.210307452827692], [-9.728252681787126, -6.895481755957007], [-11.76335000002291, -1.7674999982118607], [-12.622187655011658, 2.338505644351244]]]], "centroids": [[-1.1446352991042659, -0.8954992964863777, 15.0]], "h": 15.0}, "mtl": {"face": 4}}, {"geom": {"polygons": [[[[-12.622187655011658, 5.786082718521357], [-12.622187655011658, 5.800179382786155], [-11.881450000073528, 10.306500000879169], [12.622187655011658, 1.9059327691793442], [12.622187655011658, 1.9018692262470722], [11.027950029849308, -2.6834999844431877], [8.217150031909114, -10.306499984115362], [-7.308049970131833, -7.475499983876944], [-9.10844997013919, -6.453499983996153], [-11.190649970172672, -1.4914999846369028], [-12.622187655011658, 5.786082718521357]]]], "centroids": [[-0.8723992190207355, -0.610698027536273, 0.0]], "h": 0.0}, "mtl": {"face": 5}}], "featureCount": 6, "startIndex": 0}