{"type": "block", "layer": 1, "block": 0, "features": [{"geom": {"triangles": {"v": [-11.87375000002794, 10.14750000089407, 3.0, -12.62375000002794, 6.14750000089407, 3.0, 12.62624999997206, 2.1475000008940697, 3.0, 11.03249999997206, -2.8524999991059303, 3.0, -11.18625000002794, -1.8524999991059303, 3.0, 8.21999999997206, -9.85249999910593, 3.0, -7.31125000002794, -7.85249999910593, 3.0, -9.10812500002794, -6.85249999910593, 3.0], "f": [0, 1, 2, 2, 1, 3, 3, 1, 4, 5, 3, 4, 5, 4, 6, 6, 4, 7]}, "centroids": [[-0.8723940844938625, -0.6107079796493053, 3.0]]}, "mtl": 0}], "featureCount": 1, "startIndex": 0}