{"type": "block", "layer": 1, "block": 0, "features": [{"geom": {"triangles": {"v": [-13.35160812427057, -9.667032729834318, 3.0, -13.83598312427057, -11.667032729834318, 3.0, 7.3671418757294305, -16.667032729834318, 3.0, 10.82026687572943, 1.3329672701656818, 3.0, -10.10160812427057, 6.332967270165682, 3.0], "f": [0, 1, 2, 0, 2, 3, 4, 0, 3]}, "centroids": [[-1.432811786653474, -5.192345041781664, 3.0]]}, "mtl": 0}], "featureCount": 1, "startIndex": 0}