{"type": "block", "layer": 1, "block": 0, "features": [{"geom": {"triangles": {"v": [-7.739374999975553, -4.092046562582254, 3.0, -4.504999999975553, 4.907953437417746, 3.0, -6.020624999975553, 3.9079534374177456, 3.0, 6.088750000024447, -4.092046562582254, 3.0, 7.745000000024447, 3.9079534374177456, 3.0, 5.698125000024447, -6.092046562582254, 3.0], "f": [0, 1, 2, 3, 1, 0, 4, 1, 3, 3, 0, 5]}, "centroids": [[0.04946015583118424, -0.3186960071325302, 3.0]]}, "mtl": 0}], "featureCount": 1, "startIndex": 0}