{"type": "block", "layer": 1, "block": 0, "features": [{"geom": {"triangles": {"v": [-6.737046904687304, -9.754095368087292, 3.0, -6.799546904687304, -10.754095368087292, 3.0, 0.34107809531269595, -13.754095368087292, 3.0, 3.059828095312696, -3.7540953680872917, 3.0, -2.658921904687304, 4.245904631912708, 3.0, 4.481703095312696, 1.2459046319127083, 3.0], "f": [0, 1, 2, 0, 2, 3, 4, 0, 3, 4, 3, 5]}, "centroids": [[-1.1510807973099872, -4.562749208882451, 3.0]]}, "mtl": 0}], "featureCount": 1, "startIndex": 0}