{"type": "block", "layer": 1, "block": 0, "features": [{"geom": {"triangles": {"v": [-2.4972318022628315, 3.6126399524509907, 3.0, -3.8566068022628315, -6.387360047549009, 3.0, -1.2472318022628315, -7.387360047549009, 3.0, 15.690268197737169, 0.6126399524509907, 3.0, 14.580893197737169, -7.387360047549009, 3.0], "f": [0, 1, 2, 3, 0, 2, 3, 2, 4]}, "centroids": [[5.547010239504743, -2.4942599572241306, 3.0]]}, "mtl": 0}], "featureCount": 1, "startIndex": 0}