{"type": "block", "layer": 1, "block": 0, "features": [{"geom": {"triangles": {"v": [0.6469726245268248, -14.917427483946085, 3.0, -2.962402375473175, 3.082572516053915, 3.0, -5.524902375473175, -14.917427483946085, 3.0, 2.725097624526825, 5.082572516053915, 3.0, -2.790527375473175, 5.082572516053915, 3.0, -2.321777375473175, -15.917427483946085, 3.0], "f": [0, 1, 2, 3, 1, 0, 3, 4, 1, 0, 2, 5]}, "centroids": [[-1.25973487138981, -5.457025920972228, 3.0]]}, "mtl": 0}], "featureCount": 1, "startIndex": 0}