{"type": "block", "layer": 0, "block": 0, "features": [{"geom": {"polygons": [[[[-3.241924775938969, -4.268603986129165], [-2.4791885055601597, -3.0309005677700043], [-0.5058858123666141, -4.268603986129165], [-3.241924775938969, -4.268603986129165]]]], "centroids": [[-2.0756663646316156, -3.8560361806303263, 3.0]], "h": 3.0}, "mtl": {"face": 0}}, {"geom": {"polygons": [[[[-4.074167844024487, -1.0629617646336555], [-0.6701550924335606, 4.268603986129165], [-0.6692897775792517, 4.268603986129165], [4.074167844024487, 0.8523412365466356], [0.8644135203794576, -4.268603986129165], [0.8634883818740491, -4.268603986129165], [-4.074167844024487, -1.0629617646336555]]]], "centroids": [[0.027637740946374834, -0.04382787458598614, 3.0]], "h": 3.0}, "mtl": {"face": 0}}, {"geom": {"polygons": [[[[-3.241924775938969, -4.268603986129165], [-2.4791885055601597, -3.0309005677700043], [-0.5058858123666141, -4.268603986129165], [-3.241924775938969, -4.268603986129165]]]], "centroids": [[-2.0756663646316156, -3.8560361806303263, 6.0]], "h": 6.0}, "mtl": {"face": 1}}, {"geom": {"polygons": [[[[-4.074167844024487, -1.0629617646336555], [-0.6701550924335606, 4.268603986129165], [-0.6692897775792517, 4.268603986129165], [4.074167844024487, 0.8523412365466356], [0.8644135203794576, -4.268603986129165], [0.8634883818740491, -4.268603986129165], [-4.074167844024487, -1.0629617646336555]]]], "centroids": [[0.027637740946374834, -0.04382787458598614, 6.0]], "h": 6.0}, "mtl": {"face": 1}}], "featureCount": 4, "startIndex": 0}