{"type": "block", "layer": 0, "block": 0, "features": [{"geom": {"polygons": [[[[-2.9995006865938194, -3.5581608843058348], [-1.0898474192654248, 4.401990499347448], [-1.0876235024770722, 4.401990499347448], [2.9995006865647156, 3.552569257095456], [0.9967115305771586, -4.401990499347448], [0.9945169237034861, -4.401990499347448], [-2.9995006865938194, -3.5581608843058348]]]], "centroids": [[-0.019099886645562947, 0.013229245319962502, 3.0]], "h": 3.0}, "mtl": {"face": 0}}], "featureCount": 1, "startIndex": 0}