{"type": "block", "layer": 1, "block": 0, "features": [{"geom": {"triangles": {"v": [-7.091355857759481, -4.043694503605366, 3.0, -7.685105857759481, -7.043694503605366, 3.0, 17.98676914224052, -13.043694503605366, 3.0, 19.92426914224052, -3.0436945036053658, 3.0, -5.856980857759481, 3.9563054963946342, 3.0], "f": [0, 1, 2, 0, 2, 3, 4, 0, 3]}, "centroids": [[6.1130580574972555, -4.909673821181059, 3.0]]}, "mtl": 0}], "featureCount": 1, "startIndex": 0}