{"type": "block", "layer": 1, "block": 0, "features": [{"geom": {"triangles": {"v": [-12.464189888443798, 5.209334572777152, 3.0, -13.214189888443798, -2.790665427222848, 3.0, 5.660810111556202, -4.790665427222848, 3.0, 6.488935111556202, 3.209334572777152, 3.0], "f": [0, 1, 2, 0, 2, 3]}, "centroids": [[-3.382416843669489, 0.4511949382722378, 3.0]]}, "mtl": 0}], "featureCount": 1, "startIndex": 0}