{"type": "block", "layer": 1, "block": 0, "features": [{"geom": {"triangles": {"v": [-3.3233252864447422, 3.6778509989380836, 3.0, -5.682700286444742, -23.322149001061916, 3.0, 3.8485497135552578, 2.6778509989380836, 3.0, 6.411049713555258, -24.322149001061916, 3.0, 8.864174713555258, 2.6778509989380836, 3.0], "f": [0, 1, 2, 2, 1, 3, 2, 3, 4]}, "centroids": [[1.5704703357769176, -10.594044772908092, 3.0]]}, "mtl": 0}], "featureCount": 1, "startIndex": 0}