{"type": "block", "layer": 1, "block": 0, "features": [{"geom": {"triangles": {"v": [-0.45085879880934954, 6.40616912022233, 3.0, -2.9821087988093495, -5.59383087977767, 3.0, 9.53351620119065, -8.59383087977767, 3.0, 12.17414120119065, 4.40616912022233, 3.0], "f": [0, 1, 2, 0, 2, 3]}, "centroids": [[4.593136486044386, -0.8815825656056404, 3.0]]}, "mtl": 0}], "featureCount": 1, "startIndex": 0}