{"type": "block", "layer": 0, "block": 0, "features": [{"geom": {"polygons": [[[[-4.262416390614817, -1.0517634004354477], [-2.4949319916486274, 7.183547744527459], [-2.491497490933398, 7.183547744527459], [4.262416390614817, 5.704362327232957], [3.327735831553582, 1.2626748904585838], [0.9222186868428253, 1.7352142054587603], [0.48699152865447104, -0.40578453429043293], [2.866396269586403, -0.9296528697013855], [1.5503662605187856, -7.183547744527459], [1.5468295841128565, -7.183547744527459], [-0.06873316632118076, -6.840713953599334], [0.8847753317095339, -2.082088651135564], [-4.262416390614817, -1.0517634004354477]]]], "centroids": [[0.0012658772757276893, 1.5889868177473545, 3.0]], "h": 3.0}, "mtl": {"face": 0}}, {"geom": {"polygons": [[[[-4.262416390614817, -1.0517634004354477], [0.8847753316804301, -2.082088651135564], [-0.06873316635028459, -6.840713953599334], [-5.2679579622345045, -5.737401846796274], [-5.263303835061379, -5.715238517150283], [-4.262416390614817, -1.0517634004354477]]]], "centroids": [[-2.1741748973727226, -3.934018202126026, 3.0]], "h": 3.0}, "mtl": {"face": 0}}, {"geom": {"polygons": [[[[-5.373896777891787, -6.241880998015404], [-5.2633038345957175, -5.715238515287638], [-2.4949319905717857, 7.183547744527459], [-2.491497489856556, 7.183547744527459], [4.262416390614817, 5.704362327232957], [3.327735831553582, 1.2626748904585838], [0.9222186886181589, 1.7352142073214054], [0.4869915304298047, -0.4057845324277878], [2.866396269586403, -0.9296528697013855], [1.5503662605187856, -7.183547744527459], [-1.326656438439386, -7.183547744527459], [-1.3942889291793108, -7.116421082988381], [-1.5317542296252213, -6.825060576200485], [-1.546250924206106, -6.527174282819033], [-1.8615872861701064, -6.460257686674595], [-1.9739148132211994, -7.001551061868668], [-2.5848929848580156, -7.066187176853418], [-3.317386084876489, -7.034640558063984], [-3.9849429160822183, -6.900134859606624], [-4.506490593164926, -6.718780670315027], [-4.920866161904996, -6.520644871518016], [-5.373896777891787, -6.241880998015404]]]], "centroids": [[-0.7278552809439134, -0.30784559063613415, 6.0]], "h": 6.0}, "mtl": {"face": 1}}, {"geom": {"polygons": [[[[-5.373896777891787, -6.241880998015404], [-5.2633038345957175, -5.715238515287638], [-2.4949319905717857, 7.183547744527459], [-2.491497489856556, 7.183547744527459], [4.262416390614817, 5.704362327232957], [3.327735831553582, 1.2626748904585838], [0.9222186886181589, 1.7352142073214054], [0.4869915304298047, -0.4057845324277878], [2.866396269586403, -0.9296528697013855], [1.5503662605187856, -7.183547744527459], [-1.326656438439386, -7.183547744527459], [-1.3942889291793108, -7.116421082988381], [-1.5317542296252213, -6.825060576200485], [-1.546250924206106, -6.527174282819033], [-1.8615872861701064, -6.460257686674595], [-1.9739148132211994, -7.001551061868668], [-2.5848929848580156, -7.066187176853418], [-3.317386084876489, -7.034640558063984], [-3.9849429160822183, -6.900134859606624], [-4.506490593164926, -6.718780670315027], [-4.920866161904996, -6.520644871518016], [-5.373896777891787, -6.241880998015404]]]], "centroids": [[-0.7278552809439134, -0.30784559063613415, 9.0]], "h": 9.0}, "mtl": {"face": 2}}, {"geom": {"polygons": [[[[-5.373896777891787, -6.241880998015404], [-5.2633038345957175, -5.715238515287638], [-2.4949319905717857, 7.183547744527459], [-2.491497489856556, 7.183547744527459], [4.262416390614817, 5.704362327232957], [3.327735831553582, 1.2626748904585838], [0.9222186886181589, 1.7352142073214054], [0.4869915304298047, -0.4057845324277878], [2.866396269586403, -0.9296528697013855], [1.5503662605187856, -7.183547744527459], [-1.326656438439386, -7.183547744527459], [-1.3942889291793108, -7.116421082988381], [-1.5317542296252213, -6.825060576200485], [-1.546250924206106, -6.527174282819033], [-1.8615872861701064, -6.460257686674595], [-1.9739148132211994, -7.001551061868668], [-2.5848929848580156, -7.066187176853418], [-3.317386084876489, -7.034640558063984], [-3.9849429160822183, -6.900134859606624], [-4.506490593164926, -6.718780670315027], [-4.920866161904996, -6.520644871518016], [-5.373896777891787, -6.241880998015404]]]], "centroids": [[-0.7278552809439134, -0.30784559063613415, 12.0]], "h": 12.0}, "mtl": {"face": 3}}], "featureCount": 5, "startIndex": 0}