{"type": "block", "layer": 1, "block": 0, "features": [{"geom": {"triangles": {"v": [-5.263053834583843, -5.709238516166806, 3.0, 1.5494461654161569, -6.709238516166806, 3.0, 5.658821165416157, 12.290761483833194, 3.0, -1.0755538345838431, 14.290761483833194, 3.0], "f": [0, 0, 1, 0, 1, 2, 3, 0, 2]}, "centroids": [[0.21463727205991745, 3.2955573108047247, 3.0]]}, "mtl": 0}], "featureCount": 1, "startIndex": 0}