{"type": "block", "layer": 0, "block": 0, "features": [{"geom": {"polygons": [[[[-2.8156330943165813, -1.6376860775053501], [-2.8156330943165813, -1.636155717074871], [-2.013636475254316, 2.5677173025906086], [2.8156330943165813, 1.6354993488639593], [2.8156330943165813, 1.6339854132384062], [2.0050124725094065, -2.5677173007279634], [-2.8156330943165813, -1.6376860775053501]]]], "centroids": [[-0.0020827091648243368, 9.58070158958435e-05, 3.0]], "h": 3.0}, "mtl": {"face": 0}}, {"geom": {"polygons": [[[[-2.8156330943165813, -1.636155717074871], [-2.8156330943165813, 2.8156330939382315], [-1.9663401784782764, 2.8156330939382315], [-2.8156330943165813, -1.636155717074871]]]], "centroids": [[-2.5325354557135142, 1.3317034915089607, 3.0]], "h": 3.0}, "mtl": {"face": 0}}, {"geom": {"polygons": [[[[2.0050124725094065, -2.5677173007279634], [2.8156330943165813, 1.6339854151010513], [2.8156330943165813, -2.7241076584905386], [2.0050124725094065, -2.5677173007279634]]]], "centroids": [[2.545426220371155, -1.2192798480391502, 3.0]], "h": 3.0}, "mtl": {"face": 0}}], "featureCount": 3, "startIndex": 0}