{"type": "block", "layer": 1, "block": 0, "features": [{"geom": {"triangles": {"v": [-4.689750000019558, -2.981051716953516, 3.0, -5.549125000019558, -7.981051716953516, 3.0, 3.0289999999804422, -8.981051716953516, 3.0, -3.8616250000195578, -0.981051716953516, 3.0, -4.314750000019558, -0.981051716953516, 3.0, 3.8571249999804422, 2.018948283046484, 3.0, -3.2835000000195578, 2.018948283046484, 3.0], "f": [0, 1, 2, 3, 0, 2, 4, 0, 3, 3, 2, 5, 6, 3, 5]}, "centroids": [[-0.49609370168764144, -3.5053321830928326, 3.0]]}, "mtl": 0}], "featureCount": 1, "startIndex": 0}