{"type": "block", "layer": 0, "block": 0, "features": [{"geom": {"polygons": [[[[-4.461508309235796, 4.076966984197497], [-4.378253447328461, 5.069972142577171], [-0.24099192305584438, 5.069972142577171], [-0.34649684850592166, 3.7036200501024723], [-4.461508309235796, 4.076966984197497]]]], "centroids": [[-2.2481065901811235, 4.475033247843385, 3.0]], "h": 3.0}, "mtl": {"face": 0}}, {"geom": {"polygons": [[[[-5.069972142053302, -3.1864549089223146], [-5.069972142053302, -3.1803596280515194], [-4.461508309235796, 4.076966984197497], [5.069972142053302, 3.212194422259927], [5.069972142053302, 3.2064572162926197], [4.421068042342085, -4.0769669860601425], [-5.069972142053302, -3.1864549089223146]]]], "centroids": [[-0.006715846277074888, 0.008558157831430435, 3.0]], "h": 3.0}, "mtl": {"face": 0}}, {"geom": {"polygons": [[[[-5.069972142053302, -3.889529360458255], [-5.069972142053302, -3.1803596261888742], [-4.403023212129483, 4.774535892531276], [5.069972142053302, 3.915069568902254], [5.069972142053302, 3.206457218155265], [4.358948118926492, -4.774212934076786], [-5.069972142053302, -3.889529360458255]]]], "centroids": [[-0.0072228165226988494, 0.00955694168806076, 6.0]], "h": 6.0}, "mtl": {"face": 1}}], "featureCount": 3, "startIndex": 0}