{"type": "block", "layer": 0, "block": 0, "features": [{"geom": {"polygons": [[[[-4.301322008279385, -3.306656274944544], [-1.4906811648106668, 4.315912090241909], [-1.4892123887548223, 4.315912090241909], [4.301322008250281, 2.4074254501610994], [1.8573666249285452, -4.315912090241909], [1.8545769821212161, -4.315912090241909], [-4.301322008279385, -3.306656274944544]]]], "centroids": [[0.027416897122748196, -0.21284839697182178, 3.0]], "h": 3.0}, "mtl": {"face": 0}}], "featureCount": 1, "startIndex": 0}