{"type": "block", "layer": 1, "block": 0, "features": [{"geom": {"triangles": {"v": [-1.4859720098320395, 4.147343724966049, 3.0, -4.2984720098320395, -2.852656275033951, 3.0, 13.24840299016796, -5.852656275033951, 3.0, 14.73277799016796, -0.8526562750339508, 3.0], "f": [0, 1, 2, 0, 2, 3]}, "centroids": [[4.9736925149627496, -1.4268778376281261, 3.0]]}, "mtl": 0}], "featureCount": 1, "startIndex": 0}