{"type": "block", "layer": 1, "block": 0, "features": [{"geom": {"triangles": {"v": [-0.26904207581537776, 5.66363993473351, 3.0, -5.456542075815378, -18.33636006526649, 3.0, 2.6059579241846222, -20.33636006526649, 3.0, 7.715332924184622, 3.66363993473351, 3.0], "f": [0, 1, 2, 3, 0, 2]}, "centroids": [[1.1461410390911624, -7.389638680964708, 3.0]]}, "mtl": 0}], "featureCount": 1, "startIndex": 0}