{"type": "block", "layer": 0, "block": 0, "features": [{"geom": {"polygons": [[[[-3.5468547071213834, -3.7543940991163254], [-0.8971147786942311, 5.727033123373985], [-0.8956650576728862, 5.727033123373985], [3.5468547070922796, 3.7540262788534164], [0.8898466119135264, -5.727033123373985], [0.8884124438336585, -5.727033123373985], [0.5356452763953712, -5.56839406862855], [-3.5468547071213834, -3.7543940991163254]]]], "centroids": [[-0.001333499065367505, 0.0014414824545383453, 3.0]], "h": 3.0}, "mtl": {"face": 0}}, {"geom": {"polygons": [[[[-3.5468547071213834, -3.7543940991163254], [-0.8971147786942311, 5.727033123373985], [-0.8956650576728862, 5.727033123373985], [3.5468547070922796, 3.7540262788534164], [0.8898466119135264, -5.727033123373985], [0.8884124438336585, -5.727033123373985], [0.5356452763953712, -5.56839406862855], [-3.5468547071213834, -3.7543940991163254]]]], "centroids": [[-0.001333499065367505, 0.0014414824545383453, 6.0]], "h": 6.0}, "mtl": {"face": 1}}], "featureCount": 2, "startIndex": 0}