{"type": "block", "layer": 1, "block": 0, "features": [{"geom": {"triangles": {"v": [7.340038651047507, -8.979855980724096, 3.0, -7.988086348952493, 4.020144019275904, 3.0, -10.441211348952493, -6.979855980724096, 3.0, 9.496288651047507, 0.020144019275903702, 3.0, 6.777538651047507, -10.979855980724096, 3.0], "f": [0, 1, 2, 1, 0, 3, 0, 2, 4]}, "centroids": [[-0.5241004143608734, -3.508564544841647, 3.0]]}, "mtl": 0}], "featureCount": 1, "startIndex": 0}