{"type": "block", "layer": 1, "block": 0, "features": [{"geom": {"triangles": {"v": [-4.293119476526044, 5.211140941828489, 3.0, -5.839994476526044, -2.7888590581715107, 3.0, 15.331880523473956, 1.2111409418284893, 3.0, 13.597505523473956, -6.788859058171511, 3.0], "f": [0, 1, 2, 1, 3, 2]}, "centroids": [[4.713598908070708, -0.9405537787824869, 3.0]]}, "mtl": 0}], "featureCount": 1, "startIndex": 0}