{"type": "block", "layer": 1, "block": 0, "features": [{"geom": {"triangles": {"v": [-1.5754505217191763, 16.74630669131875, 3.0, -5.731700521719176, -2.2536933086812496, 3.0, 4.018299478280824, -4.25369330868125, 3.0, 8.158924478280824, 14.74630669131875, 3.0], "f": [0, 1, 2, 0, 2, 3]}, "centroids": [[1.2188983817468397, 6.364609071984887, 3.0]]}, "mtl": 0}], "featureCount": 1, "startIndex": 0}