{"type": "block", "layer": 1, "block": 0, "features": [{"geom": {"triangles": {"v": [3.28249748898088, 4.471675716340542, 3.0, -2.84250251101912, 4.471675716340542, 3.0, -4.45187751101912, -3.528324283659458, 3.0, 3.20437248898088, 4.471675716340542, 3.0, 13.18874748898088, -7.528324283659458, 3.0, 16.00124748898088, 6.471675716340542, 3.0], "f": [0, 1, 2, 3, 1, 0, 4, 0, 2, 0, 4, 5]}, "centroids": [[6.349953523720615, -0.11949006281793118, 3.0]]}, "mtl": 0}], "featureCount": 1, "startIndex": 0}