{"type": "block", "layer": 1, "block": 0, "features": [{"geom": {"triangles": {"v": [3.4120617761509493, 6.118504334241152, 3.0, -4.087938223849051, 6.118504334241152, 3.0, 4.287061776150949, -9.881495665758848, 3.0, -3.2441882238490507, -9.881495665758848, 3.0], "f": [0, 1, 2, 1, 3, 2]}, "centroids": [[0.08558177595841698, -1.8534401655197144, 3.0]]}, "mtl": 0}], "featureCount": 1, "startIndex": 0}