{"type": "block", "layer": 0, "block": 0, "features": [{"geom": {"polygons": [[[[-3.9548639135900885, -5.843712415546179], [-2.212382227764465, 6.237328574061394], [-2.2081526803667657, 6.237328574061394], [3.9548639135900885, 5.308615567162633], [1.9987818152003456, -6.237328574061394], [1.989255994121777, -6.237328574061394], [-3.9548639135900885, -5.843712415546179]]]], "centroids": [[-0.0674782084824983, -0.08392748609185219, 3.0]], "h": 3.0}, "mtl": {"face": 0}}, {"geom": {"polygons": [[[[-4.011636251991149, -6.237328574061394], [-3.9548639135900885, -5.843712415546179], [-2.2653030137589667, 5.870416145771742], [-2.2123822276189458, 6.237328574061394], [2.4801315264194272, 6.237328574061394], [4.0719337878981605, 5.999630648642778], [3.9548639136191923, 5.308615567162633], [3.903136086417362, 5.003287583589554], [3.9548639136191923, 5.308615567162633], [3.903136086417362, 5.003287583589554], [1.9987818152003456, -6.237328574061394], [-4.011636251991149, -6.237328574061394]]]], "centroids": [[-0.028988772071897984, 0.03752334602177143, 6.0]], "h": 6.0}, "mtl": {"face": 1}}], "featureCount": 2, "startIndex": 0}