{"type": "block", "layer": 0, "block": 0, "features": [{"geom": {"polygons": [[[[-3.804000115924282, -3.306887101382017], [-2.1215512803464662, 4.542432874441147], [-2.1194096301624086, 4.542432874441147], [3.804000115895178, 3.226112836971879], [2.143097242049407, -4.542432874441147], [2.140814314567251, -4.542432874441147], [-3.804000115924282, -3.306887101382017]]]], "centroids": [[0.00011904834536835551, -0.01952739991247654, 3.0]], "h": 3.0}, "mtl": {"face": 0}}, {"geom": {"polygons": [[[[-4.542432873713551, 1.137093435972929], [-4.542432873713551, 4.542432874441147], [-2.1215512803464662, 4.542432874441147], [-2.9283440489671193, 0.7784107774496078], [-4.542432873713551, 1.137093435972929]]]], "centroids": [[-3.50105996671482, 2.8606748674064875, 3.0]], "h": 3.0}, "mtl": {"face": 0}}, {"geom": {"polygons": [[[[-3.804000115924282, -3.306887101382017], [-2.1215512803464662, 4.542432874441147], [-2.1194096301624086, 4.542432874441147], [3.804000115895178, 3.226112836971879], [2.143097242049407, -4.542432874441147], [2.140814314567251, -4.542432874441147], [-3.804000115924282, -3.306887101382017]]]], "centroids": [[0.00011904834536835551, -0.01952739991247654, 6.0]], "h": 6.0}, "mtl": {"face": 1}}, {"geom": {"polygons": [[[[-4.542432873713551, 1.137093435972929], [-4.542432873713551, 4.542432874441147], [-2.1215512803464662, 4.542432874441147], [-2.9283440489671193, 0.7784107774496078], [-4.542432873713551, 1.137093435972929]]]], "centroids": [[-3.50105996671482, 2.8606748674064875, 6.0]], "h": 6.0}, "mtl": {"face": 1}}], "featureCount": 4, "startIndex": 0}