{"type": "block", "layer": 1, "block": 0, "features": [{"geom": {"triangles": {"v": [-5.3234934866195545, 16.46133426949382, 3.0, -23.745368486619554, 13.461334269493818, 3.0, -23.792243486619554, 10.461334269493818, 3.0, -3.9641184866195545, 4.461334269493818, 3.0, -16.760993486619554, -6.538665730506182, 3.0, 11.489006513380446, 2.4613342694938183, 3.0, 2.7233815133804455, 5.461334269493818, 3.0, 9.629631513380446, 7.461334269493818, 3.0], "f": [0, 1, 2, 3, 0, 2, 2, 4, 3, 3, 4, 5, 6, 3, 5, 7, 6, 5]}, "centroids": [[-9.732831817120314, 5.308906039223075, 3.0]]}, "mtl": 0}], "featureCount": 1, "startIndex": 0}