{"type": "block", "layer": 1, "block": 0, "features": [{"geom": {"triangles": {"v": [-2.960675087349955, 7.66599347256124, 3.0, -6.898175087349955, -3.33400652743876, 3.0, 6.898699912650045, 3.66599347256124, 3.0, 2.992449912650045, -7.33400652743876, 3.0], "f": [0, 1, 2, 1, 3, 2]}, "centroids": [[0.012483356054872274, 0.019755970686674118, 3.0]]}, "mtl": 0}], "featureCount": 1, "startIndex": 0}