{"type": "block", "layer": 1, "block": 0, "features": [{"geom": {"triangles": {"v": [-3.0436940173094627, 19.794422563165426, 3.0, -5.231194017309463, -3.2055774368345737, 3.0, 4.721930982690537, -4.205577436834574, 3.0, 6.987555982690537, 18.794422563165426, 3.0], "f": [0, 1, 2, 0, 2, 3]}, "centroids": [[0.8637685474241152, 7.796194780617952, 3.0]]}, "mtl": 0}], "featureCount": 1, "startIndex": 0}