{"type": "block", "layer": 1, "block": 0, "features": [{"geom": {"triangles": {"v": [-20.138073229725705, 0.2945736013352871, 3.0, -21.325573229725705, -4.705426398664713, 3.0, 1.5650517702742945, -8.705426398664713, 3.0, 4.1900517702742945, 3.294573601335287, 3.0, -18.466198229725705, 8.294573601335287, 3.0], "f": [0, 1, 2, 0, 2, 3, 4, 0, 3]}, "centroids": [[-8.52368113322882, -0.4945145882666111, 3.0]]}, "mtl": 0}], "featureCount": 1, "startIndex": 0}