{"type": "block", "layer": 0, "block": 0, "features": [{"geom": {"polygons": [[[[-4.561464599799365, 1.9635767806321383], [-4.561464599799365, 2.0484892558306456], [0.12694760732119903, 1.9642958119511604], [4.546547644451493, 1.975335005670786], [4.561464599799365, -1.929091915488243], [4.561464599799365, -2.0484913419932127], [-4.540566315292381, -1.9266658704727888], [-4.561464599799365, 1.9635767806321383]]]], "centroids": [[0.010584633040707558, 0.0006822384893894196, 3.0]], "h": 3.0}, "mtl": {"face": 0}}, {"geom": {"polygons": [[[[-4.561464599799365, 1.9635767806321383], [-4.561464599799365, 2.0484892558306456], [0.12694760732119903, 1.9642958119511604], [4.546547644451493, 1.975335005670786], [4.561464599799365, -1.929091915488243], [4.561464599799365, -2.0484913419932127], [-4.540566315292381, -1.9266658704727888], [-4.561464599799365, 1.9635767806321383]]]], "centroids": [[0.010584633040707558, 0.0006822384893894196, 6.0]], "h": 6.0}, "mtl": {"face": 1}}], "featureCount": 2, "startIndex": 0}