{"type": "block", "layer": 1, "block": 0, "features": [{"geom": {"triangles": {"v": [-19.570962038473226, -12.628344062715769, 3.0, -20.508462038473226, -15.628344062715769, 3.0, -2.883462038473226, -28.62834406271577, 3.0, -18.414712038473226, -9.628344062715769, 3.0, -15.602212038473226, -0.6283440627157688, 3.0, -11.039712038473226, 5.371655937284231, 3.0, 13.804037961526774, 10.371655937284231, 3.0, 9.132162961526774, 13.371655937284231, 3.0, -4.867837038473226, 13.371655937284231, 3.0, 20.335287961526774, 6.371655937284231, 3.0, 29.850912961526774, -7.628344062715769, 3.0, 28.960287961526774, -3.628344062715769, 3.0, 32.335287961526774, -18.62834406271577, 3.0, 19.663412961526774, -42.62834406271577, 3.0, 17.429037961526774, -45.62834406271577, 3.0], "f": [0, 1, 2, 3, 0, 2, 4, 3, 2, 5, 4, 2, 5, 2, 6, 7, 5, 6, 8, 5, 7, 9, 6, 2, 10, 9, 2, 10, 11, 9, 10, 2, 12, 12, 2, 13, 2, 14, 13]}, "centroids": [[7.545113060099538, -12.616298189386725, 3.0]]}, "mtl": 0}], "featureCount": 1, "startIndex": 0}