{"type": "block", "layer": 1, "block": 0, "features": [{"geom": {"triangles": {"v": [-9.55830664379755, 6.969412621110678, 3.0, -11.43330664379755, -0.03058737888932228, 3.0, 3.9104433562024496, 2.9694126211106777, 3.0, 2.0354433562024496, -5.030587378889322, 3.0], "f": [0, 1, 2, 1, 3, 2]}, "centroids": [[-3.70043165460811, 1.3214832972735167, 3.0]]}, "mtl": 0}], "featureCount": 1, "startIndex": 0}