{"type": "block", "layer": 0, "block": 0, "features": [{"geom": {"polygons": [[[[-2.4216615164186805, -2.1536623015999794], [-1.3448322887415998, 3.019486976787448], [-1.3427632028760854, 3.019486976787448], [2.4216615164186805, 2.452861536294222], [1.5774759505293332, -3.019486976787448], [1.5760350625496358, -3.019486976787448], [-2.4216615164186805, -2.1536623015999794]]]], "centroids": [[0.06752092720125802, 0.04032463766634464, 3.0]], "h": 3.0}, "mtl": {"face": 0}}, {"geom": {"polygons": [[[[-3.0194869773695245, -2.0241847317665815], [-3.0194869773695245, 3.019486976787448], [-1.3448322887415998, 3.019486976787448], [-2.421661516476888, -2.1536623015999794], [-3.0194869773695245, -2.0241847317665815]]]], "centroids": [[-2.4061185319151264, 0.8610329832881689, 3.0]], "h": 3.0}, "mtl": {"face": 0}}], "featureCount": 2, "startIndex": 0}