{"type": "block", "layer": 0, "block": 0, "features": [{"geom": {"polygons": [[[[-2.4650545971817337, -0.6019019689410925], [-1.7389621969196014, 2.817121861502528], [-1.7374823742138688, 2.817121861502528], [2.4650545971817337, 1.9832972437143326], [1.3859501699917018, -2.817121861502528], [1.384176641877275, -2.817121861502528], [-0.9745312705344986, -2.428544867783785], [-1.758913859113818, -2.02704444155097], [-2.375304895278532, -1.1450670566409826], [-2.4650545971817337, -0.6019019689410925]]]], "centroids": [[-0.08852289823698811, 0.04842004366219044, 3.0]], "h": 3.0}, "mtl": {"face": 0}}, {"geom": {"polygons": [[[[-1.737482374504907, 2.817121861502528], [2.8171218611241784, 2.817121861502528], [2.8171218611241784, -2.817121861502528], [1.3859501697006635, -2.817121861502528], [2.4650545968906954, 1.9832972437143326], [-1.737482374504907, 2.817121861502528]]]], "centroids": [[1.9849768703279551, 0.20500078052282333, 3.0]], "h": 3.0}, "mtl": {"face": 0}}, {"geom": {"polygons": [[[[1.3696931274898816, -2.817121861502528], [1.370076975232223, -2.8147990610450506], [1.3841766464756802, -2.817121861502528], [1.3696931274898816, -2.817121861502528]]]], "centroids": [[1.3746489164186642, -2.8163475934416056, 3.0]], "h": 3.0}, "mtl": {"face": 0}}, {"geom": {"polygons": [[[[-1.7374823742138688, 2.817121861502528], [2.8171218611241784, 2.817121861502528], [2.8171218611241784, -2.817121861502528], [1.3859501699917018, -2.817121861502528], [2.4650545971817337, 1.9832972437143326], [-1.7374823742138688, 2.817121861502528]]]], "centroids": [[1.9849768702697475, 0.20500077493488789, 6.0]], "h": 6.0}, "mtl": {"face": 1}}], "featureCount": 4, "startIndex": 0}