{"type": "block", "layer": 0, "block": 0, "features": [{"geom": {"polygons": [[[[-3.04921406620997, -4.032338097691536], [-2.2233174980210606, 4.541390338912606], [-2.2185727120086085, 4.541390338912606], [3.04921406620997, 4.032450778409839], [2.22448375163367, -4.541390338912606], [2.219739027961623, -4.541390338912606], [-3.04921406620997, -4.032338097691536]]]], "centroids": [[0.0002763659867923707, -0.00012986920773983002, 3.0]], "h": 3.0}, "mtl": {"face": 0}}, {"geom": {"polygons": [[[[-2.218572712066816, 4.541390338912606], [0.15737877000356093, 4.541390338912606], [0.13872682995861396, 4.313643271103501], [-2.218572712066816, 4.541390338912606]]]], "centroids": [[-0.6408223706821445, 4.465474648401141, 3.0]], "h": 3.0}, "mtl": {"face": 0}}, {"geom": {"polygons": [[[[-3.04921406620997, -4.032338097691536], [-2.2233174980210606, 4.541390338912606], [-2.2185727120086085, 4.541390338912606], [3.04921406620997, 4.032450778409839], [2.2244837517500855, -4.541390338912606], [2.2197390280780382, -4.541390338912606], [-3.04921406620997, -4.032338097691536]]]], "centroids": [[0.0002763659867923707, -0.00012987107038497925, 6.0]], "h": 6.0}, "mtl": {"face": 1}}], "featureCount": 3, "startIndex": 0}