{"type": "block", "layer": 1, "block": 0, "features": [{"geom": {"triangles": {"v": [-0.7734640662092716, 19.983661903068423, 3.0, -3.0547140662092716, -4.016338096931577, 3.0, 6.9921609337907284, -5.016338096931577, 3.0, 9.195285933790728, 18.983661903068423, 3.0], "f": [0, 1, 2, 3, 0, 2]}, "centroids": [[3.0917275231622625, 7.32213006913662, 3.0]]}, "mtl": 0}], "featureCount": 1, "startIndex": 0}