{"type": "block", "layer": 0, "block": 0, "features": [{"geom": {"polygons": [[[[-4.521496028901311, -4.3948212917894125], [-2.462867107416969, 5.406645059585571], [-2.460237287246855, 5.406645059585571], [4.5214960289304145, 3.9063372388482094], [4.125818426371552, 2.1246122661978006], [1.9437102741212584, 2.6002998668700457], [0.2230874863162171, -5.406645059585571], [0.22043720239889808, -5.406645059585571], [-4.521496028901311, -4.3948212917894125]]]], "centroids": [[-0.7728641674621031, 0.2543776724487543, 3.0]], "h": 3.0}, "mtl": {"face": 0}}, {"geom": {"polygons": [[[[1.0957530378655065, -5.406645059585571], [1.7665595141297672, -2.235942743718624], [5.406645059440052, -2.942436493933201], [5.406645059440052, -5.406645059585571], [1.0957530378655065, -5.406645059585571]]]], "centroids": [[3.3256800227973145, -4.024284081533551, 3.0]], "h": 3.0}, "mtl": {"face": 0}}, {"geom": {"polygons": [[[[-4.52149602866848, -4.3948212917894125], [-2.462867107184138, 5.406645059585571], [-2.4602372870140243, 5.406645059585571], [4.5214960289304145, 3.9063372388482094], [4.125818426371552, 2.1246122661978006], [1.9437102742667776, 2.6002998668700457], [0.22308748634532094, -5.406645059585571], [0.2204372024280019, -5.406645059585571], [-4.52149602866848, -4.3948212917894125]]]], "centroids": [[-0.7728641672874801, 0.25437767431139946, 6.0]], "h": 6.0}, "mtl": {"face": 1}}], "featureCount": 3, "startIndex": 0}