{"type": "block", "layer": 1, "block": 0, "features": [{"geom": {"triangles": {"v": [-2.469291454355698, 5.899593921378255, 3.0, -4.516166454355698, -4.100406078621745, 3.0, 16.936958545644302, 0.8995939213782549, 3.0, 14.905708545644302, -8.100406078621745, 3.0], "f": [0, 1, 2, 1, 3, 2]}, "centroids": [[6.210999252012698, -1.5724454894661903, 3.0]]}, "mtl": 0}], "featureCount": 1, "startIndex": 0}