{"type": "block", "layer": 0, "block": 0, "features": [{"geom": {"polygons": [[[[-3.668573183735134, -4.966632200405002], [-2.1492750394972973, 5.802187656983733], [-2.1451430552988313, 5.802187656983733], [3.668573183735134, 4.969232065603137], [1.909667939384235, -5.802187656983733], [1.9057019562169444, -5.802187656983733], [-3.668573183735134, -4.966632200405002]]]], "centroids": [[-0.05266897220280953, 0.03727307543158531, 3.0]], "h": 3.0}, "mtl": {"face": 0}}, {"geom": {"polygons": [[[[-5.802187657478498, 1.3368531111627817], [-5.802187657478498, 5.802187656983733], [-2.149275039380882, 5.802187656983733], [-2.828520554699935, 0.9876799713820219], [-5.802187657478498, 1.3368531111627817]]]], "centroids": [[-4.117160383058945, 3.557016720995307, 3.0]], "h": 3.0}, "mtl": {"face": 0}}, {"geom": {"polygons": [[[[-3.668573183735134, -4.966632200405002], [-2.1492750394972973, 5.802187656983733], [-2.1451430552988313, 5.802187656983733], [3.668573183735134, 4.969232065603137], [1.909667939384235, -5.802187656983733], [1.9057019562169444, -5.802187656983733], [-3.668573183735134, -4.966632200405002]]]], "centroids": [[-0.05266897220280953, 0.03727307543158531, 6.0]], "h": 6.0}, "mtl": {"face": 1}}], "featureCount": 3, "startIndex": 0}