{"type": "block", "layer": 0, "block": 0, "features": [{"geom": {"polygons": [[[[-6.565769826353062, -3.286106886342168], [-6.565769826353062, -3.2828167155385017], [-4.951301239634631, 4.442143550142646], [6.565769826353062, 1.8755072057247162], [6.565769826353062, 1.8724312633275986], [5.625669590750476, -2.3218257781118155], [-0.5690350001386832, -0.9290208555757999], [-1.445319513848517, -4.442143552005291], [-6.565769826353062, -3.286106886342168]]]], "centroids": [[-0.733436956506921, 0.19195346534252167, 3.0]], "h": 3.0}, "mtl": {"face": 0}}, {"geom": {"polygons": [[[[-6.565769826353062, -3.286106886342168], [-6.565769826353062, -3.2828167155385017], [-4.951301239634631, 4.442143550142646], [6.565769826353062, 1.8755072057247162], [6.565769826353062, 1.8724312633275986], [5.625669590750476, -2.3218257781118155], [-0.5690350001386832, -0.9290208555757999], [-1.445319513848517, -4.442143552005291], [-6.565769826353062, -3.286106886342168]]]], "centroids": [[-0.733436956506921, 0.19195346534252167, 6.0]], "h": 6.0}, "mtl": {"face": 1}}, {"geom": {"polygons": [[[[5.735026220820146, -1.833931190893054], [6.565769826353062, 1.8724312633275986], [6.565769826353062, -2.020714435726404], [5.735026220820146, -1.833931190893054]]]], "centroids": [[6.288855291175423, -0.6607381217181683, 6.0]], "h": 6.0}, "mtl": {"face": 1}}, {"geom": {"polygons": [[[[5.735026220820146, -1.833931190893054], [6.565769826353062, 1.8724312633275986], [6.565769826353062, -2.020714435726404], [5.735026220820146, -1.833931190893054]]]], "centroids": [[6.288855291175423, -0.6607381217181683, 3.0]], "h": 3.0}, "mtl": {"face": 0}}], "featureCount": 4, "startIndex": 0}