{"type": "block", "layer": 1, "block": 0, "features": [{"geom": {"triangles": {"v": [-4.954333112633321, 4.444814331829548, 3.0, -6.563708112633321, -3.555185668170452, 3.0, 14.670666887366679, 0.4448143318295479, 3.0, 12.998791887366679, -7.555185668170452, 3.0], "f": [0, 1, 2, 1, 3, 2]}, "centroids": [[4.052537165815011, -1.621087009087205, 3.0]]}, "mtl": 0}], "featureCount": 1, "startIndex": 0}