{"type": "block", "layer": 0, "block": 0, "features": [{"geom": {"polygons": [[[[-5.183136425417615, 1.6946175452321768], [-5.183136425417615, 1.6971144210547209], [-4.481946859857999, 4.919264296069741], [5.183136425417615, 2.7778505496680737], [5.183136425417615, 2.775353694334626], [3.508654791105073, -4.919264297932386], [-1.6651353776978794, -3.769527245312929], [-0.6925671555800363, 0.6996787022799253], [-5.183136425417615, 1.6946175452321768]]]], "centroids": [[0.6000878278573509, 0.3849867954850197, 3.0]], "h": 3.0}, "mtl": {"face": 0}}, {"geom": {"polygons": [[[[-5.183136425417615, 3.845541650429368], [-5.183136425417615, 5.074621153995395], [-4.481946859857999, 4.919264296069741], [-4.737113380164374, 3.7467072419822216], [-5.183136425417615, 3.845541650429368]]]], "centroids": [[-4.891603121883236, 4.441048111766577, 3.0]], "h": 3.0}, "mtl": {"face": 0}}, {"geom": {"polygons": [[[[-1.6651353776978794, -3.769527245312929], [0.009140775364357978, 3.9242106024175882], [5.183136425417615, 2.7778505496680737], [5.183136425417615, 2.775353694334626], [3.508654791105073, -4.919264297932386], [-1.6651353776978794, -3.769527245312929]]]], "centroids": [[1.7592619977076538, -0.4967503063380718, 6.0]], "h": 6.0}, "mtl": {"face": 1}}], "featureCount": 3, "startIndex": 0}