{"type": "block", "layer": 1, "block": 0, "features": [{"geom": {"triangles": {"v": [-14.238845211890293, 7.439735684543848, 3.0, -15.957595211890293, -0.560264315456152, 3.0, 5.183029788109707, 2.439735684543848, 3.0, 3.5111547881097067, -4.560264315456152, 3.0], "f": [0, 1, 2, 1, 3, 2]}, "centroids": [[-5.3713590025145095, 1.083818607032299, 3.0]]}, "mtl": 0}], "featureCount": 1, "startIndex": 0}