{"type": "block", "layer": 1, "block": 0, "features": [{"geom": {"triangles": {"v": [7.059952183859423, 6.129648957401514, 3.0, -12.518172816140577, 10.129648957401514, 3.0, -14.471297816140577, 0.12964895740151405, 3.0, 4.966202183859423, -3.870351042598486, 3.0], "f": [0, 1, 2, 0, 2, 3]}, "centroids": [[-3.7336548048479017, 2.9230729695409536, 3.0]]}, "mtl": 0}], "featureCount": 1, "startIndex": 0}