{"type": "block", "layer": 0, "block": 0, "features": [{"geom": {"polygons": [[[[-3.9800146104826126, -0.32547116838395596], [-3.9800146104826126, -0.32281896471977234], [-3.4903365047939587, 2.885112151503563], [2.6874126518669073, 1.9454267676919699], [3.9800146104826126, 1.7514864914119244], [3.9800146104826126, 1.748839221894741], [3.2671760289522354, -2.885112149640918], [0.0005714588332921267, -2.4168231543153524], [0.2574613862670958, -0.8002179469913244], [-3.9800146104826126, -0.32547116838395596]]]], "centroids": [[0.301774920837488, 0.29187565855681896, 3.0]], "h": 3.0}, "mtl": {"face": 0}}], "featureCount": 1, "startIndex": 0}