{"type": "block", "layer": 1, "block": 0, "features": [{"geom": {"triangles": {"v": [-20.392087348125642, -2.943573232740164, 3.0, -10.938962348125642, 4.056426767259836, 3.0, -20.298337348125642, -1.9435732327401638, 3.0, -5.235837348125642, 3.056426767259836, 3.0, 2.561037651874358, -7.943573232740164, 3.0, 2.686037651874358, 2.056426767259836, 3.0, 3.982912651874358, 2.056426767259836, 3.0, -18.610837348125642, 5.056426767259836, 3.0], "f": [0, 1, 2, 3, 1, 0, 0, 4, 3, 5, 3, 4, 6, 5, 4, 7, 2, 1]}, "centroids": [[-7.86803028115537, -0.8974064979702234, 3.0]]}, "mtl": 0}], "featureCount": 1, "startIndex": 0}