{"type": "block", "layer": 0, "block": 0, "features": [{"geom": {"polygons": [[[[-5.884114013751969, -2.0793765634298325], [-5.884114013751969, -2.0756193920969963], [-4.934515240660403, 3.8346569761633873], [5.884114013751969, 2.0964375734329224], [5.884114013751969, 2.092207694426179], [5.0407024839369114, -3.8346569761633873], [-5.884114013751969, -2.0793765634298325]]]], "centroids": [[0.025816658220719546, -0.0005550291389226913, 3.0]], "h": 3.0}, "mtl": {"face": 0}}, {"geom": {"polygons": [[[[-5.884114013751969, -2.0793765634298325], [-5.884114013751969, -2.0756193920969963], [-4.934515240660403, 3.8346569761633873], [5.884114013751969, 2.0964375734329224], [5.884114013751969, -1.2537640985101461], [5.5047510433068965, -3.9092152398079634], [5.0407024839369114, -3.8346569761633873], [-5.884114013751969, -2.0793765634298325]]]], "centroids": [[0.19206666835816577, -0.04906169883906841, 6.0]], "h": 6.0}, "mtl": {"face": 1}}], "featureCount": 2, "startIndex": 0}