{"type": "block", "layer": 0, "block": 0, "features": [{"geom": {"polygons": [[[[-3.7438730117864907, -0.06471479125320911], [-3.7438730117864907, -0.06391515582799911], [-1.1649808835645672, 3.5825366657227278], [3.7438730117864907, 0.06087707728147507], [3.7438730117864907, 0.06008655019104481], [1.1306196438963525, -3.5825366657227278], [-3.7438730117864907, -0.06471479125320911]]]], "centroids": [[-0.0059611008036881685, -0.0005476288497447968, 3.0]], "h": 3.0}, "mtl": {"face": 0}}], "featureCount": 1, "startIndex": 0}