{"type": "block", "layer": 0, "block": 0, "features": [{"geom": {"polygons": [[[[-7.613738549989648, -3.023620054125786], [-7.613738549989648, -3.018397865816951], [-6.38489999997546, 5.215499999001622], [7.613738549989648, 3.240607423707843], [7.613738549989648, 3.2356441766023636], [6.288499999936903, -5.215500000864267], [-7.613738549989648, -3.023620054125786]]]], "centroids": [[0.007879001670517027, 0.05262455902993679, 3.0]], "h": 3.0}, "mtl": {"face": 0}}], "featureCount": 1, "startIndex": 0}