{"type": "block", "layer": 1, "block": 0, "features": [{"geom": {"triangles": {"v": [-6.381250000005821, 5.174499999731779, 3.0, -7.615625000005821, -2.825500000268221, 3.0, 6.290624999994179, -4.825500000268221, 3.0, 7.618749999994179, 3.174499999731779, 3.0], "f": [0, 1, 2, 3, 0, 2]}, "centroids": [[0.007887225365266204, 0.05261771380901337, 3.0]]}, "mtl": 0}], "featureCount": 1, "startIndex": 0}