{"type": "block", "layer": 1, "block": 0, "features": [{"geom": {"triangles": {"v": [-2.716977000469342, 5.474784893915057, 3.0, -4.826352000469342, -3.525215106084943, 3.0, 16.751772999530658, 1.4747848939150572, 3.0, 14.720522999530658, -8.525215106084943, 3.0], "f": [0, 1, 2, 1, 3, 2]}, "centroids": [[5.988993705163011, -1.218933243304491, 3.0]]}, "mtl": 0}], "featureCount": 1, "startIndex": 0}