{"type": "block", "layer": 0, "block": 0, "features": [{"geom": {"polygons": [[[[-6.061719403369352, -2.758002959191799], [-6.061719403369352, -2.7551924772560596], [-4.291325635102112, 5.059131680056453], [2.4486743649176788, 3.5781316813081503], [6.061719403369352, 2.774101570248604], [6.061719403369352, 2.771273162215948], [4.299314457253786, -5.059131680056453], [-5.915893616795074, -2.7903900649398565], [-6.061719403369352, -2.758002959191799]]]], "centroids": [[0.003907666687155142, 0.004517894238233566, 3.0]], "h": 3.0}, "mtl": {"face": 0}}, {"geom": {"polygons": [[[[-6.061719403369352, -2.758002959191799], [-6.061719403369352, -2.7551924772560596], [-4.291325635102112, 5.059131680056453], [2.4486743649176788, 3.5781316813081503], [6.061719403369352, 2.774101570248604], [6.061719403369352, 2.771273162215948], [4.299314457253786, -5.059131680056453], [-5.915893616795074, -2.7903900649398565], [-6.061719403369352, -2.758002959191799]]]], "centroids": [[0.003907666687155142, 0.004517894238233566, 6.0]], "h": 6.0}, "mtl": {"face": 1}}], "featureCount": 2, "startIndex": 0}