{"type": "block", "layer": 0, "block": 0, "features": [{"geom": {"polygons": [[[[-6.912145734502701, -2.8824818693101406], [-6.912145734502701, -2.8798907343298197], [-5.815168086119229, 0.9416671898216009], [-5.084836944646668, 3.4857012908905745], [-4.893443049077177, 4.221226261928678], [6.912145734502701, 1.142144687473774], [6.912145734502701, 1.1391780376434326], [6.265908038651105, -1.4656069986522198], [-0.49679196561919525, 0.2788373362272978], [-1.8522426631243434, -4.221226263791323], [-6.912145734502701, -2.8824818693101406]]]], "centroids": [[-1.211757293145638, 0.23212073184549809, 3.0]], "h": 3.0}, "mtl": {"face": 0}}, {"geom": {"polygons": [[[[6.652218296338106, 0.09149062260985374], [6.912145734502701, 1.1391780357807875], [6.912145734502701, 0.027668552473187447], [6.652218296338106, 0.09149062260985374]]]], "centroids": [[6.825503255124204, 0.41944573633372784, 3.0]], "h": 3.0}, "mtl": {"face": 0}}, {"geom": {"polygons": [[[[-6.912145734502701, -2.8824818693101406], [-6.912145734502701, -2.8798907343298197], [-5.815167910652235, 0.9416678156703711], [-5.084836944646668, 3.4857012908905745], [-4.893443048524205, 4.221226263791323], [6.912145734502701, 1.1421446818858385], [6.912145734502701, 1.1391780357807875], [6.265908038651105, -1.4656069986522198], [-0.49679196561919525, 0.2788373362272978], [-1.8522426631243434, -4.221226263791323], [-6.912145734502701, -2.8824818693101406]]]], "centroids": [[-1.2117572965216823, 0.23212073370814323, 6.0]], "h": 6.0}, "mtl": {"face": 1}}], "featureCount": 3, "startIndex": 0}