{"type": "block", "layer": 1, "block": 0, "features": [{"geom": {"triangles": {"v": [-5.81421201035846, 1.2757010571658611, 3.0, -6.90796201035846, -2.724298942834139, 3.0, 9.06078798964154, -6.724298942834139, 3.0, 10.85766298964154, 0.27570105716586113, 3.0, -5.07983701035846, 3.275701057165861, 3.0, -4.89233701035846, 4.275701057165861, 3.0], "f": [0, 1, 2, 3, 0, 2, 4, 0, 3, 5, 4, 3]}, "centroids": [[2.0418784994690213, -1.4280336014926434, 3.0]]}, "mtl": 0}], "featureCount": 1, "startIndex": 0}