{"type": "block", "layer": 1, "block": 0, "features": [{"geom": {"triangles": {"v": [-22.77667693060357, -2.3469234444200993, 3.0, -24.26105193060357, -12.3469234444201, 3.0, 6.504573069396429, -4.346923444420099, 3.0, -22.60480193060357, -1.3469234444200993, 3.0, 6.801448069396429, 6.653076555579901, 3.0], "f": [0, 1, 2, 3, 0, 2, 3, 2, 4]}, "centroids": [[-8.288557804306038, -2.790804060176015, 3.0]]}, "mtl": 0}], "featureCount": 1, "startIndex": 0}