{"type": "block", "layer": 0, "block": 0, "features": [{"geom": {"polygons": [[[[-4.726604463008698, -3.113002795726061], [-2.926718268892728, 4.8361627291888], [-2.924416255642427, 4.8361627291888], [4.726604462979594, 3.148353585973382], [2.9187139805580955, -4.8361627291888], [2.9164591713924892, -4.8361627291888], [-4.726604463008698, -3.113002795726061]]]], "centroids": [[0.0008272060949821025, 0.008206920698285103, 6.0]], "h": 6.0}, "mtl": {"face": 0}}, {"geom": {"polygons": [[[[-4.726604462979594, -3.113002795726061], [-2.926718268892728, 4.8361627291888], [-2.924416255642427, 4.8361627291888], [-0.0030270667339209467, 4.191706575453281], [4.726604462979594, 3.148353585973382], [2.9187139805871993, -4.8361627291888], [2.916459171421593, -4.8361627291888], [-4.726604462979594, -3.113002795726061]]]], "centroids": [[0.0008272060658782721, 0.008206918835639954, 3.0]], "h": 3.0}, "mtl": {"face": 1}}], "featureCount": 2, "startIndex": 0}