{"type": "block", "layer": 1, "block": 0, "features": [{"geom": {"triangles": {"v": [-14.683395537023898, 7.851353585720062, 3.0, -16.433395537023898, -0.14864641427993774, 3.0, 2.925979462976102, -5.148646414279938, 3.0, 4.722854462976102, 2.8513535857200623, 3.0], "f": [0, 1, 2, 0, 2, 3]}, "centroids": [[-5.847938628285192, 1.314029898494482, 3.0]]}, "mtl": 0}], "featureCount": 1, "startIndex": 0}