{"type": "block", "layer": 1, "block": 0, "features": [{"geom": {"triangles": {"v": [-2.6890203693765216, 11.235862348228693, 3.0, -7.001520369376522, -8.764137651771307, 3.0, 2.7641046306234784, -9.764137651771307, 3.0, 6.998479630623478, 9.235862348228693, 3.0], "f": [0, 1, 2, 0, 2, 3]}, "centroids": [[0.010768060979899019, 0.443828821182251, 3.0]]}, "mtl": 0}], "featureCount": 1, "startIndex": 0}