{"type": "block", "layer": 1, "block": 0, "features": [{"geom": {"triangles": {"v": [2.383555389911635, -8.196683995425701, 3.0, -6.085194610088365, -5.196683995425701, 3.0, -6.194569610088365, -9.196683995425701, 3.0, 2.289805389911635, -5.196683995425701, 3.0, 10.133555389911635, 12.803316004574299, 3.0, 6.789805389911635, 23.8033160045743, 3.0, 13.649180389911635, 23.8033160045743, 3.0, 2.742930389911635, -5.196683995425701, 3.0, 2.805430389911635, -8.196683995425701, 3.0], "f": [0, 1, 2, 3, 1, 0, 4, 1, 3, 5, 1, 4, 5, 4, 6, 3, 0, 7, 7, 0, 8]}, "centroids": [[3.433859029057203, 6.938799345865846, 3.0]]}, "mtl": 0}], "featureCount": 1, "startIndex": 0}