{"type": "block", "layer": 0, "block": 0, "features": [{"geom": {"polygons": [[[[-3.6338209047098644, -3.244660062715411], [-1.8562051414046437, 4.514944858849049], [-1.8540724380000029, 4.514944858849049], [3.6338209047098644, 3.2938132621347904], [1.9132657850568648, -4.514944858849049], [1.9111952573584858, -4.514944858849049], [-3.6338209047098644, -3.244660062715411]]]], "centroids": [[0.014592964842449874, 0.0042079538106918335, 6.0]], "h": 6.0}, "mtl": {"face": 0}}, {"geom": {"polygons": [[[[-3.6338209047098644, -3.244660062715411], [-1.8562051414046437, 4.514944858849049], [-1.8540724380000029, 4.514944858849049], [3.6338209047098644, 3.2938132621347904], [1.9132657850568648, -4.514944858849049], [1.9111952573584858, -4.514944858849049], [-3.6338209047098644, -3.244660062715411]]]], "centroids": [[0.014592964842449874, 0.0042079538106918335, 3.0]], "h": 3.0}, "mtl": {"face": 1}}], "featureCount": 2, "startIndex": 0}