{"type": "block", "layer": 1, "block": 0, "features": [{"geom": {"triangles": {"v": [-15.95328370493371, 7.525603603571653, 3.0, -17.60953370493371, -0.47439639642834663, 3.0, 3.6404662950662896, 3.5256036035716534, 3.0, 1.9060912950662896, -4.474396396428347, 3.0], "f": [0, 1, 2, 1, 3, 2]}, "centroids": [[-6.97790541415452, 1.5927647277712822, 3.0]]}, "mtl": 0}], "featureCount": 1, "startIndex": 0}