{"type": "block", "layer": 0, "block": 0, "features": [{"geom": {"polygons": [[[[-4.187358925846638, -3.575519125908613], [-4.187358925846638, -1.61380629055202], [-2.8368371504475363, -1.749544883146882], [-3.019809598190477, -3.6858476158231497], [-4.187358925846638, -3.575519125908613]]]], "centroids": [[-3.5571345683420077, -2.632490962743759, 3.0]], "h": 3.0}, "mtl": {"face": 0}}, {"geom": {"polygons": [[[[-3.0198096273525152, -3.6858476139605045], [-2.2758247909951024, 4.187358925119042], [-2.2713603781885467, 4.187358925119042], [3.0198096273234114, 3.6865886636078358], [2.291895505419234, -4.187358925119042], [2.2874250748136546, -4.187358925119042], [-3.0198096273525152, -3.6858476139605045]]]], "centroids": [[0.003789539507124573, -0.001790093258023262, 3.0]], "h": 3.0}, "mtl": {"face": 0}}], "featureCount": 2, "startIndex": 0}