{"type": "block", "layer": 1, "block": 0, "features": [{"geom": {"triangles": {"v": [-4.854688344610622, 3.5027201287448406, 3.0, -6.823438344610622, -6.497279871255159, 3.0, 12.926561655389378, -10.49727987125516, 3.0, 14.973436655389378, -0.4972798712551594, 3.0], "f": [0, 1, 2, 3, 0, 2]}, "centroids": [[4.091382436890854, -3.6495033875107765, 3.0]]}, "mtl": 0}], "featureCount": 1, "startIndex": 0}