{"type": "block", "layer": 1, "block": 0, "features": [{"geom": {"triangles": {"v": [-17.887061157845892, 7.745915265753865, 3.0, -19.652686157845892, -2.2540847342461348, 3.0, 1.800438842154108, -5.254084734246135, 3.0, 3.362938842154108, 4.745915265753865, 3.0], "f": [0, 1, 2, 0, 2, 3]}, "centroids": [[-8.146396426454885, 1.3145371489226818, 3.0]]}, "mtl": 0}], "featureCount": 1, "startIndex": 0}