{"type": "block", "layer": 0, "block": 0, "features": [{"geom": {"polygons": [[[[-3.036733892338816, -1.4170082230120897], [-3.036733892338816, -1.415460154414177], [-2.2320525145332795, 2.5180813148617744], [3.036733892338816, 1.4173733107745647], [3.036733892338816, 1.4158252906054258], [2.231963824277045, -2.5180813148617744], [-3.036733892338816, -1.4170082230120897]]]], "centroids": [[1.9050028640776873e-05, 8.353404700756073e-05, 3.0]], "h": 3.0}, "mtl": {"face": 0}}, {"geom": {"polygons": [[[[2.231963824277045, -2.5180813148617744], [3.036733892338816, 1.4158253949135542], [3.036733892338816, -2.68626531586051], [2.231963824277045, -2.5180813148617744]]]], "centroids": [[2.768477203004295, -1.262840412557125, 3.0]], "h": 3.0}, "mtl": {"face": 0}}, {"geom": {"polygons": [[[[2.231963824277045, -2.5180813148617744], [3.036733892338816, 1.4158253949135542], [3.036733892338816, -2.686265317723155], [2.231963824277045, -2.5180813148617744]]]], "centroids": [[2.768477203004295, -1.2628404144197702, 6.0]], "h": 6.0}, "mtl": {"face": 1}}], "featureCount": 3, "startIndex": 0}