{"type": "block", "layer": 1, "block": 0, "features": [{"geom": {"triangles": {"v": [-5.829209151503164, 9.28572585619986, 3.0, -7.860459151503164, -0.7142741438001394, 3.0, 11.795790848496836, -4.714274143800139, 3.0, 14.092665848496836, 6.285725856199861, 3.0, -5.610459151503164, 10.28572585619986, 3.0], "f": [0, 1, 2, 0, 2, 3, 4, 0, 3]}, "centroids": [[3.0817849283339456, 2.9654050413519144, 3.0]]}, "mtl": 0}], "featureCount": 1, "startIndex": 0}