{"type": "block", "layer": 0, "block": 0, "features": [{"geom": {"polygons": [[[[-2.6824362006154843, -1.6349857561290264], [-2.6824362006154843, -1.6336398087441921], [-1.8144369814544916, 2.545492934063077], [2.6824362006154843, 1.6325031593441963], [2.6824362006154843, 1.6311570592224598], [1.814952647080645, -2.545492932200432], [-2.6824362006154843, -1.6349857561290264]]]], "centroids": [[-9.373357170261443e-05, -0.0005755461752414703, 3.0]], "h": 3.0}, "mtl": {"face": 0}}, {"geom": {"polygons": [[[[-2.6824362006154843, -1.6349857561290264], [-2.6824362006154843, -1.6336398087441921], [-1.8144369814544916, 2.545492934063077], [2.6824362006154843, 1.6325031593441963], [2.6824362006154843, 1.6311570592224598], [1.814952647080645, -2.545492932200432], [-2.6824362006154843, -1.6349857561290264]]]], "centroids": [[-9.373357170261443e-05, -0.0005755461752414703, 6.0]], "h": 6.0}, "mtl": {"face": 1}}, {"geom": {"polygons": [[[[-2.6824362006154843, -1.6336398087441921], [-2.6824362006154843, 2.6824361998587847], [-2.4889423426939175, 2.6824361998587847], [-1.8144369814544916, 2.545492934063077], [-2.6824362006154843, -1.6336398087441921]]]], "centroids": [[-2.3926501419045962, 1.2082007434219122, 3.0]], "h": 3.0}, "mtl": {"face": 0}}], "featureCount": 3, "startIndex": 0}