{"type": "block", "layer": 1, "block": 0, "features": [{"geom": {"triangles": {"v": [-15.657832537544891, 10.922377370297909, 3.0, -17.81408253754489, 1.9223773702979088, 3.0, 1.8109174624551088, -2.077622629702091, 3.0, 3.8734174624551088, 6.922377370297909, 3.0], "f": [0, 1, 2, 0, 2, 3]}, "centroids": [[-6.962784949922934, 4.400617469102144, 3.0]]}, "mtl": 0}], "featureCount": 1, "startIndex": 0}