{"type": "block", "layer": 0, "block": 0, "features": [{"geom": {"polygons": [[[[-5.144211234583054, -4.392633516341448], [-3.7881127921282314, 5.5876686703413725], [-3.784107914834749, 5.5876686703413725], [5.144211234583054, 4.317772505804896], [3.6842935970344115, -5.5876686703413725], [3.6799392200191505, -5.5876686703413725], [2.896811234590132, -5.485227493569255], [-5.144211234583054, -4.392633516341448]]]], "centroids": [[-0.028794920595828444, -0.008548460900783539, 3.0]], "h": 3.0}, "mtl": {"face": 0}}, {"geom": {"polygons": [[[[-5.144211234583054, -4.392633516341448], [-3.7881127921282314, 5.5876686703413725], [-0.65860872680787, 5.5876686703413725], [-0.716851077391766, 5.151405401527882], [-0.3651571341615636, 5.328559735789895], [0.011860171071020886, 5.4422709457576275], [0.4028559561120346, 5.489117331802845], [0.7960647102736402, 5.467689232900739], [1.1796543321106583, 5.378631442785263], [1.5420821708394215, 5.224623814225197], [1.872442357998807, 5.010300613939762], [2.160793977440335, 4.742111070081592], [2.172367469931487, 5.149784956127405], [5.172114590823185, 4.6715360302478075], [5.2709084716043435, 4.638261212036014], [5.362577043386409, 4.588619319722056], [5.444432435178896, 4.524065935984254], [5.5140745142125525, 4.446493871510029], [5.5694612618826795, 4.358177663758397], [5.587668670952553, 4.313718056306243], [5.587668670952553, 3.6474570631980896], [5.077478945022449, -0.6440003458410501], [4.62121123453835, -0.9572274927049875], [4.745145276625408, -1.2509598135948181], [4.81628676035325, -1.5617285557091236], [4.832481742108939, -1.8801246080547571], [4.793239887978416, -2.1965079195797443], [4.699749319843249, -2.5012993831187487], [4.554840642842464, -2.785270856693387], [4.362901243264787, -3.039824564009905], [4.12974245249643, -3.2572534047067165], [4.486219710233854, -3.2752359695732594], [4.135662527522072, -5.5876686703413725], [3.6799392200191505, -5.5876686703413725], [2.896811234590132, -5.485227493569255], [-5.144211234583054, -4.392633516341448]]]], "centroids": [[0.26790137140778825, 0.12304445169866085, 6.0]], "h": 6.0}, "mtl": {"face": 1}}, {"geom": {"polygons": [[[[-5.144211234583054, -4.392633516341448], [-3.7881127921282314, 5.5876686703413725], [-0.65860872680787, 5.5876686703413725], [-0.716851077391766, 5.151405401527882], [-0.3651571341615636, 5.328559735789895], [0.011860171071020886, 5.4422709457576275], [0.4028559561120346, 5.489117331802845], [0.7960647102736402, 5.467689232900739], [1.1796543321106583, 5.378631442785263], [1.5420821708394215, 5.224623814225197], [1.872442357998807, 5.010300613939762], [2.160793977440335, 4.742111070081592], [2.172367469931487, 5.149784956127405], [5.172114590823185, 4.6715360302478075], [5.2709084716043435, 4.638261212036014], [5.362577043386409, 4.588619319722056], [5.444432435178896, 4.524065935984254], [5.5140745142125525, 4.446493871510029], [5.5694612618826795, 4.358177663758397], [5.587668670952553, 4.313718056306243], [5.587668670952553, 3.6474570631980896], [5.077478945022449, -0.6440003458410501], [4.62121123453835, -0.9572274927049875], [4.745145276625408, -1.2509598135948181], [4.81628676035325, -1.5617285557091236], [4.832481742108939, -1.8801246080547571], [4.793239887978416, -2.1965079195797443], [4.699749319843249, -2.5012993831187487], [4.554840642842464, -2.785270856693387], [4.362901243264787, -3.039824564009905], [4.12974245249643, -3.2572534047067165], [4.486219710233854, -3.2752359695732594], [4.135662527522072, -5.5876686703413725], [3.6799392200191505, -5.5876686703413725], [2.896811234590132, -5.485227493569255], [-5.144211234583054, -4.392633516341448]]]], "centroids": [[0.26790137140778825, 0.12304445169866085, 9.0]], "h": 9.0}, "mtl": {"face": 2}}, {"geom": {"polygons": [[[[-5.144211234583054, -4.392633516341448], [-3.7881127921282314, 5.5876686703413725], [-0.65860872680787, 5.5876686703413725], [-0.716851077391766, 5.151405401527882], [-0.3651571341615636, 5.328559735789895], [0.011860171071020886, 5.4422709457576275], [0.4028559561120346, 5.489117331802845], [0.7960647102736402, 5.467689232900739], [1.1796543321106583, 5.378631442785263], [1.5420821708394215, 5.224623814225197], [1.872442357998807, 5.010300613939762], [2.160793977440335, 4.742111070081592], [2.172367469931487, 5.149784956127405], [5.172114590823185, 4.6715360302478075], [5.2709084716043435, 4.638261212036014], [5.362577043386409, 4.588619319722056], [5.444432435178896, 4.524065935984254], [5.5140745142125525, 4.446493871510029], [5.5694612618826795, 4.358177663758397], [5.587668670952553, 4.313718056306243], [5.587668670952553, 3.6474570631980896], [5.077478945022449, -0.6440003458410501], [4.62121123453835, -0.9572274927049875], [4.745145276625408, -1.2509598135948181], [4.81628676035325, -1.5617285557091236], [4.832481742108939, -1.8801246080547571], [4.793239887978416, -2.1965079195797443], [4.699749319843249, -2.5012993831187487], [4.554840642842464, -2.785270856693387], [4.362901243264787, -3.039824564009905], [4.12974245249643, -3.2572534047067165], [4.486219710233854, -3.2752359695732594], [4.135662527522072, -5.5876686703413725], [3.6799392200191505, -5.5876686703413725], [2.896811234590132, -5.485227493569255], [-5.144211234583054, -4.392633516341448]]]], "centroids": [[0.26790137140778825, 0.12304445169866085, 12.0]], "h": 12.0}, "mtl": {"face": 3}}], "featureCount": 4, "startIndex": 0}