{"type": "block", "layer": 1, "block": 0, "features": [{"geom": {"triangles": {"v": [-10.781003416050225, 7.378545809537172, 3.0, -12.734128416050225, -1.6214541904628277, 3.0, 4.3439965839497745, 3.3785458095371723, 3.0, 2.7971215839497745, -4.621454190462828, 3.0], "f": [0, 1, 2, 1, 3, 2]}, "centroids": [[-4.180928204790689, 0.9662580471485853, 3.0]]}, "mtl": 0}], "featureCount": 1, "startIndex": 0}