{"type": "block", "layer": 0, "block": 0, "features": [{"geom": {"polygons": [[[[-1.777378570928704, 1.7002073265612125], [-1.777378570928704, 1.7773785702884197], [1.777378570928704, 1.7773785702884197], [1.777378570928704, 0.9628708120435476], [-1.777378570928704, 1.7002073265612125]]]], "centroids": [[0.48990952933672816, 1.5036496985703707, 3.0]], "h": 3.0}, "mtl": {"face": 0}}, {"geom": {"polygons": [[[[-1.777378570928704, -0.9628721009939909], [-1.777378570928704, -0.9620358776301146], [-1.21146583231166, 1.582824306562543], [1.777378570928704, 0.9628708120435476], [1.777378570928704, 0.962034597992897], [1.2114596145402174, -1.5828243046998978], [-1.777378570928704, -0.9628721009939909]]]], "centroids": [[-1.456413883715868e-06, 1.1920928955078125e-07, 3.0]], "h": 3.0}, "mtl": {"face": 0}}, {"geom": {"polygons": [[[[-1.777378570928704, 1.7002073265612125], [-1.777378570928704, 1.7773785702884197], [1.777378570928704, 1.7773785702884197], [1.777378570928704, 0.9628708120435476], [-1.777378570928704, 1.7002073265612125]]]], "centroids": [[0.48990952933672816, 1.5036496985703707, 6.0]], "h": 6.0}, "mtl": {"face": 1}}], "featureCount": 3, "startIndex": 0}