{"type": "block", "layer": 0, "block": 0, "features": [{"geom": {"polygons": [[[[-4.3304163135180715, -1.7546355668455362], [-1.3531315453874413, 3.465051207691431], [-0.07141559387673624, 4.3331947680562735], [-0.07002129117609002, 4.3331947680562735], [4.330416313547175, 1.8056807573884726], [0.3320231852121651, -4.3331947680562735], [0.3309575165330898, -4.3331947680562735], [-4.3304163135180715, -1.7546355668455362]]]], "centroids": [[-0.05532298536854796, 0.09423771873116493, 3.0]], "h": 3.0}, "mtl": {"face": 0}}, {"geom": {"polygons": [[[[0.33202318515395746, -4.3331947680562735], [2.1925885137170553, -1.4766024835407734], [4.33319476826, -2.6608784031122923], [4.33319476826, -4.3331947680562735], [0.33202318515395746, -4.3331947680562735]]]], "centroids": [[2.604029365844326, -3.2480478808283806, 3.0]], "h": 3.0}, "mtl": {"face": 0}}, {"geom": {"polygons": [[[[0.33202318515395746, -4.3331947680562735], [2.1925885137170553, -1.4766024835407734], [4.33319476826, -2.6608784031122923], [4.33319476826, -4.3331947680562735], [0.33202318515395746, -4.3331947680562735]]]], "centroids": [[2.604029365844326, -3.2480478808283806, 6.0]], "h": 6.0}, "mtl": {"face": 1}}], "featureCount": 3, "startIndex": 0}