{"type": "block", "layer": 1, "block": 0, "features": [{"geom": {"triangles": {"v": [-8.451855171239004, 6.221748158335686, 3.0, -10.201855171239004, -1.7782518416643143, 3.0, 9.266894828760996, -5.778251841664314, 3.0, 10.970019828760996, 1.2217481583356857, 3.0], "f": [0, 1, 2, 0, 2, 3]}, "centroids": [[0.35130002384539694, -0.04686819761991501, 3.0]]}, "mtl": 0}], "featureCount": 1, "startIndex": 0}