{"type": "block", "layer": 1, "block": 0, "features": [{"geom": {"triangles": {"v": [-2.8454892941517755, 6.105558352544904, 3.0, -7.6579892941517755, -16.894441647455096, 3.0, 0.27951070584822446, -17.894441647455096, 3.0, 5.0138857058482245, 4.105558352544904, 3.0], "f": [0, 1, 2, 0, 2, 3]}, "centroids": [[-1.313813835149631, -6.205458743497729, 3.0]]}, "mtl": 0}], "featureCount": 1, "startIndex": 0}