{"type": "block", "layer": 1, "block": 0, "features": [{"geom": {"triangles": {"v": [-4.166362441552337, 4.183203103020787, 3.0, -7.744487441552337, -5.816796896979213, 3.0, 5.911762558447663, 0.18320310302078724, 3.0, 1.6148875584476627, -11.816796896979213, 3.0], "f": [0, 1, 2, 1, 3, 2]}, "centroids": [[-0.9135964112065267, -3.271638447418809, 3.0]]}, "mtl": 0}], "featureCount": 1, "startIndex": 0}