{"type": "block", "layer": 1, "block": 0, "features": [{"geom": {"triangles": {"v": [-9.031111289863475, 12.64227058365941, 3.0, -13.249861289863475, -3.3577294163405895, 3.0, 2.6251387101365253, -1.3577294163405895, 3.0, 4.672013710136525, 5.6422705836594105, 3.0, 0.6720137101365253, -8.35772941634059, 3.0], "f": [0, 1, 2, 0, 2, 3, 1, 4, 2]}, "centroids": [[-4.3049192633188795, 1.7725335527211428, 3.0]]}, "mtl": 0}], "featureCount": 1, "startIndex": 0}