{"type": "block", "layer": 1, "block": 0, "features": [{"geom": {"triangles": {"v": [-1.7622863867436536, 5.749365493655205, 3.0, -3.8091613867436536, -4.250634506344795, 3.0, 17.659588613256346, 1.7493654936552048, 3.0, 15.659588613256346, -8.250634506344795, 3.0], "f": [0, 1, 2, 1, 3, 2]}, "centroids": [[6.9184127369953785, -1.4598269909620285, 3.0]]}, "mtl": 0}], "featureCount": 1, "startIndex": 0}