{"type": "block", "layer": 0, "block": 0, "features": [{"geom": {"polygons": [[[[-8.915417469281238, -8.495392261072993], [-8.8854021684092, -8.375331057235599], [-8.012123884138418, -4.223485741764307], [-6.1542571134341415, -4.621456412598491], [-4.426616379292682, 3.5923022720962763], [-6.284483150258893, 3.99027294293046], [-4.758419089979725, 11.245671406388283], [-4.752932129253168, 11.245671406388283], [8.915417469310341, 8.317796086892486], [7.731082184211118, 2.7530011367052794], [5.876669129531365, 3.1502319909632206], [3.7937965180317406, -6.752413081005216], [5.6251394322898705, -7.142118712887168], [4.751795078482246, -11.245671406388283], [4.745969124371186, -11.245671406388283], [-0.2464944586972706, -10.240600040182471], [0.4682554016762879, -6.882229767739773], [-3.3883300888410304, -6.056116754189134], [-4.105084535811329, -9.463797500357032], [-8.915417469281238, -8.495392261072993]]]], "centroids": [[0.05027396613149904, 0.6199797447770834, 3.0]], "h": 3.0}, "mtl": {"face": 0}}, {"geom": {"polygons": [[[[-8.915417469281238, -8.495392261072993], [-8.8854021684092, -8.375331057235599], [-8.012123884138418, -4.223485741764307], [-6.1542571134341415, -4.621456412598491], [-4.426616379292682, 3.5923022720962763], [-6.275022435700521, 3.988246377557516], [-4.758417558303336, 11.245671406388283], [-3.94749348264304, 11.245671406388283], [-0.19128253069357015, 10.483796086162329], [-0.12637879172689281, 10.65005000308156], [-0.0076945322507526726, 10.791187826544046], [0.17393201042432338, 10.881893023848534], [0.36704021322657354, 10.881208408623934], [0.5337840754946228, 10.850941874086857], [0.6981918276287615, 10.80495155416429], [0.7590174693032168, 10.791796086356044], [9.026017469295766, 9.003796085715294], [8.915417469310341, 8.317796086892486], [7.371826034184778, 1.064976779744029], [5.940203391597606, 1.3613065257668495], [4.3352659753581975, -6.8676365576684475], [5.625139432173455, -7.142118712887168], [4.751795078482246, -11.245671406388283], [4.745969124371186, -11.245671406388283], [-0.2464944586972706, -10.240600040182471], [0.4682554016762879, -6.882229767739773], [-3.3883300888410304, -6.056116754189134], [-4.105084535811329, -9.463797500357032], [-8.915417469281238, -8.495392261072993]]]], "centroids": [[0.32741425433778204, 0.8516951631754637, 6.0]], "h": 6.0}, "mtl": {"face": 1}}, {"geom": {"polygons": [[[[-8.915417469281238, -8.495392261072993], [-8.8854021684092, -8.375331057235599], [-8.012123884138418, -4.223485741764307], [-6.1542571134341415, -4.621456412598491], [-4.426616379292682, 3.5923022720962763], [-6.275022435700521, 3.988246377557516], [-4.758417558303336, 11.245671406388283], [-3.94749348264304, 11.245671406388283], [-0.19128253069357015, 10.483796086162329], [-0.12637879172689281, 10.65005000308156], [-0.0076945322507526726, 10.791187826544046], [0.17393201042432338, 10.881893023848534], [0.36704021322657354, 10.881208408623934], [0.5337840754946228, 10.850941874086857], [0.6981918276287615, 10.80495155416429], [0.7590174693032168, 10.791796086356044], [9.026017469295766, 9.003796085715294], [8.915417469310341, 8.317796086892486], [7.371826034184778, 1.064976779744029], [5.940203391597606, 1.3613065257668495], [4.3352659753581975, -6.8676365576684475], [5.625139432173455, -7.142118712887168], [4.751795078482246, -11.245671406388283], [4.745969124371186, -11.245671406388283], [-0.2464944586972706, -10.240600040182471], [0.4682554016762879, -6.882229767739773], [-3.3883300888410304, -6.056116754189134], [-4.105084535811329, -9.463797500357032], [-8.915417469281238, -8.495392261072993]]]], "centroids": [[0.32741425433778204, 0.8516951631754637, 9.0]], "h": 9.0}, "mtl": {"face": 2}}, {"geom": {"polygons": [[[[-8.915417469281238, -8.495392261072993], [-8.8854021684092, -8.375331057235599], [-8.012123884138418, -4.223485741764307], [-6.1542571134341415, -4.621456412598491], [-4.426616379292682, 3.5923022720962763], [-6.275022435700521, 3.988246377557516], [-4.758417558303336, 11.245671406388283], [-3.94749348264304, 11.245671406388283], [-0.19128253069357015, 10.483796086162329], [-0.12637879172689281, 10.65005000308156], [-0.0076945322507526726, 10.791187826544046], [0.17393201042432338, 10.881893023848534], [0.36704021322657354, 10.881208408623934], [0.5337840754946228, 10.850941874086857], [0.6981918276287615, 10.80495155416429], [0.7590174693032168, 10.791796086356044], [9.026017469295766, 9.003796085715294], [8.915417469310341, 8.317796086892486], [7.731082184211118, 2.7530011367052794], [2.746146185003454, 3.820816310122609], [0.4682554016762879, -6.882229767739773], [-3.3883300888410304, -6.056116754189134], [-4.105084535811329, -9.463797500357032], [-8.915417469281238, -8.495392261072993]]]], "centroids": [[-0.6759916623996105, 2.4301809277385473, 12.0]], "h": 12.0}, "mtl": {"face": 3}}, {"geom": {"polygons": [[[[-0.24649445101385936, -10.240600002929568], [2.746146185003454, 3.820816310122609], [7.731082184211118, 2.7530011367052794], [7.371826034184778, 1.064976779744029], [5.940203391597606, 1.3613065257668495], [4.3352659753581975, -6.8676365576684475], [5.6251394322898705, -7.142118712887168], [4.751795078482246, -11.245671406388283], [4.7459691246040165, -11.245671406388283], [-0.24649445101385936, -10.240600002929568]]]], "centroids": [[3.347482301236596, -3.899257877841592, 12.0]], "h": 12.0}, "mtl": {"face": 3}}, {"geom": {"polygons": [[[[2.453231512539787, -10.784102706238627], [3.28661017070408, -6.644484972581267], [5.625139432173455, -7.142118712887168], [4.751795078482246, -11.245671406388283], [4.74596912440029, -11.245671406388283], [2.453231512539787, -10.784102706238627]]]], "centroids": [[4.029333379061427, -8.9473872538656, 15.0]], "h": 15.0}, "mtl": {"face": 4}}], "featureCount": 6, "startIndex": 0}