{"type": "block", "layer": 0, "block": 0, "features": [{"geom": {"polygons": [[[[-7.11938885221025, -1.7763667590916157], [-7.11938885221025, -1.773054739460349], [-5.680583962966921, 4.602854864671826], [0.9049880302336533, 3.152359038591385], [1.1102067635802086, 4.084097495302558], [4.81411812704755, 3.2682977467775345], [4.608899393613683, 2.3365592900663614], [7.11938885221025, 1.783614993095398], [7.11938885221025, 1.7802254855632782], [5.713492536102422, -4.602854862809181], [-7.11938885221025, -1.7763667590916157]]]], "centroids": [[0.12328701495425776, 0.1303040347993374, 3.0]], "h": 3.0}, "mtl": {"face": 0}}], "featureCount": 1, "startIndex": 0}