{"type": "block", "layer": 1, "block": 0, "features": [{"geom": {"triangles": {"v": [-4.83834764722269, 5.203377831727266, 3.0, -6.38522264722269, -2.7966221682727337, 3.0, 8.83352735277731, 2.2033778317272663, 3.0, 12.84915235277731, -6.796622168272734, 3.0, 14.66165235277731, 1.2033778317272663, 3.0], "f": [0, 1, 2, 2, 1, 3, 2, 3, 4]}, "centroids": [[4.098216475627851, -0.8091430366039276, 3.0]]}, "mtl": 0}], "featureCount": 1, "startIndex": 0}