{"type": "block", "layer": 0, "block": 0, "features": [{"geom": {"polygons": [[[[-4.0384944885154255, -3.8299447391182184], [-3.8743144675390795, 4.115147104486823], [-3.863217897625873, 4.115147104486823], [1.4035056664724834, 3.9196623880416155], [1.294407992012566, -1.2278606835752726], [4.038494488486322, -1.3915338423103094], [3.897785556357121, -4.115147104486823], [3.886328548018355, -4.115147104486823], [-4.0384944885154255, -3.8299447391182184]]]], "centroids": [[-0.7246591326838825, -0.36551581509411335, 3.0]], "h": 3.0}, "mtl": {"face": 0}}, {"geom": {"polygons": [[[[-4.0384944885154255, -3.8299447391182184], [-3.8743144675390795, 4.115147104486823], [-3.863217897625873, 4.115147104486823], [1.4035056664724834, 3.9196623880416155], [1.294407992012566, -1.2278606835752726], [4.038494488457218, -1.3915338423103094], [3.897785556357121, -4.115147104486823], [3.886328548018355, -4.115147104486823], [-4.0384944885154255, -3.8299447391182184]]]], "centroids": [[-0.7246591326838825, -0.3655158132314682, 6.0]], "h": 6.0}, "mtl": {"face": 1}}], "featureCount": 2, "startIndex": 0}