{"type": "block", "layer": 1, "block": 0, "features": [{"geom": {"triangles": {"v": [4.884505511494353, 7.381055260077119, 3.0, -3.7873694885056466, 7.381055260077119, 3.0, -4.037369488505647, -3.618944739922881, 3.0, 4.290755511494353, -4.618944739922881, 3.0], "f": [0, 1, 2, 0, 2, 3]}, "centroids": [[0.32597167388303205, 1.8527221977710724, 3.0]]}, "mtl": 0}], "featureCount": 1, "startIndex": 0}