{"type": "block", "layer": 0, "block": 0, "features": [{"geom": {"polygons": [[[[-4.399916994618252, -1.274120569229126], [-4.399916994618252, -1.272045185789466], [-3.117863507330185, 4.2492019813507795], [4.399916994618252, 2.4650837555527687], [4.399916994618252, 2.463062232360244], [2.8592346153745893, -4.2492019813507795], [-4.399916994618252, -1.274120569229126]]]], "centroids": [[0.05447282662498765, 0.258274432271719, 3.0]], "h": 3.0}, "mtl": {"face": 0}}, {"geom": {"polygons": [[[[0.9268778874829877, 4.399916995316744], [4.399916994618252, 4.399916995316744], [4.399916994618252, 3.5756960213184357], [0.9268778874829877, 4.399916995316744]]]], "centroids": [[3.242237292259233, 4.125176670029759, 3.0]], "h": 3.0}, "mtl": {"face": 0}}], "featureCount": 2, "startIndex": 0}