{"type": "block", "layer": 0, "block": 0, "features": [{"geom": {"polygons": [[[[-4.76965001274948, 0.34080448374152184], [-3.973649987281533, 2.6138045135885477], [-3.399649985716678, 5.133804513141513], [-3.1997609918762464, 6.387556666508317], [-3.1975186388590373, 6.387556666508317], [4.769650012720376, 4.0098045114427805], [2.741474625043338, -6.387556666508317], [2.7394750139210373, -6.387556666508317], [-2.656085246417206, -4.549265865236521], [-1.49437475061859, -0.5344009697437286], [-2.6516499872668646, -0.28219548612833023], [-4.76965001274948, 0.34080448374152184]]]], "centroids": [[0.26930489257210866, 0.40822513215243816, 3.0]], "h": 3.0}, "mtl": {"face": 0}}, {"geom": {"polygons": [[[[-4.769649984751595, 0.34080458991229534], [-3.973649987281533, 2.6138045135885477], [-3.3996499853383284, 5.133804515004158], [-3.199760991788935, 6.387556666508317], [-3.197518632252468, 6.387556666508317], [4.769650013098726, 4.009804513305426], [2.741474625043338, -6.387556666508317], [2.7394750139210373, -6.387556666508317], [-2.656085246417206, -4.549265865236521], [-1.49437475061859, -0.5344009697437286], [-2.6516499872668646, -0.28219548612833023], [-4.7696499457233585, 0.34080455265939236], [-4.769649984751595, 0.34080458991229534]]]], "centroids": [[0.269304897316033, 0.40822513215243816, 6.0]], "h": 6.0}, "mtl": {"face": 1}}, {"geom": {"polygons": [[[[-4.76965001274948, 0.34080448374152184], [-3.973649987077806, 2.613804515451193], [-3.3996499853383284, 5.133804515004158], [-3.199760991788935, 6.387556666508317], [-3.197518632252468, 6.387556666508317], [4.769650013098726, 4.009804513305426], [2.741474625043338, -6.387556666508317], [2.7394750139210373, -6.387556666508317], [-2.656085246417206, -4.549265865236521], [-1.49437475061859, -0.5344009697437286], [-2.6516499872668646, -0.28219548612833023], [-4.76965001274948, 0.34080448374152184]]]], "centroids": [[0.2693048926012125, 0.40822513215243816, 9.0]], "h": 9.0}, "mtl": {"face": 2}}], "featureCount": 3, "startIndex": 0}