{"type": "block", "layer": 1, "block": 0, "features": [{"geom": {"triangles": {"v": [-12.530812691140454, 7.281359367072582, 3.0, -14.171437691140454, -0.7186406329274178, 3.0, 5.406687308859546, -4.718640632927418, 3.0, 8.469187308859546, 10.281359367072582, 3.0], "f": [0, 1, 2, 0, 2, 3]}, "centroids": [[-2.2208529475319665, 3.152527380734682, 3.0]]}, "mtl": 0}], "featureCount": 1, "startIndex": 0}