{"type": "block", "layer": 1, "block": 0, "features": [{"geom": {"triangles": {"v": [-6.700689811841585, 7.513198437169194, 3.0, -14.841314811841585, -11.486801562830806, 3.0, -3.4194398118415847, -14.486801562830806, 3.0, 3.6118101881584153, 3.513198437169194, 3.0], "f": [0, 1, 2, 0, 2, 3]}, "centroids": [[-5.422803691501031, -3.801613986492157, 3.0]]}, "mtl": 0}], "featureCount": 1, "startIndex": 0}