{"type": "block", "layer": 1, "block": 0, "features": [{"geom": {"triangles": {"v": [-6.861761599779129, -0.7495997622609138, 3.0, -7.783636599779129, -3.749599762260914, 3.0, 3.466363400220871, -5.749599762260914, 3.0, 5.372613400220871, 4.250400237739086, 3.0, -5.330511599779129, 5.250400237739086, 3.0], "f": [0, 1, 2, 0, 2, 3, 4, 0, 3]}, "centroids": [[-1.0534423612407409, 0.17707370221614838, 3.0]]}, "mtl": 0}], "featureCount": 1, "startIndex": 0}