{"type": "block", "layer": 0, "block": 0, "features": [{"geom": {"polygons": [[[[-4.002881186432205, -3.7731148283928633], [-1.1836195272917394, 5.215669296681881], [-1.1818664560560137, 5.215669296681881], [4.002881186432205, 3.5141820088028908], [1.1800184280436952, -5.215669296681881], [1.1779763995436952, -5.215669296681881], [-4.002881186432205, -3.7731148283928633]]]], "centroids": [[-0.008808739628875628, -0.05007949471473694, 3.0]], "h": 3.0}, "mtl": {"face": 0}}], "featureCount": 1, "startIndex": 0}