{"type": "block", "layer": 0, "block": 0, "features": [{"geom": {"polygons": [[[[-5.443047948851017, -1.4951594565063715], [-5.443047948851017, -1.492434410378337], [-4.363815275370143, 3.6700616776943207], [5.443047948851017, 1.59330241009593], [5.443047948851017, 1.5906083956360817], [4.332545495330123, -3.670061679556966], [-5.443047948851017, -1.4951594565063715]]]], "centroids": [[0.007983179617440328, 0.02157924510538578, 3.0]], "h": 3.0}, "mtl": {"face": 0}}, {"geom": {"polygons": [[[[-5.443047948851017, -5.443047948181629], [-5.443047948851017, -4.360268777236342], [-2.4721215643221512, -4.9040330443531275], [-2.0857558153220452, -5.11359398253262], [-1.8818899216421414, -5.354340385645628], [-1.8349756116513163, -5.443047948181629], [-5.443047948851017, -5.443047948181629]]]], "centroids": [[-3.970280630601337, -5.040423694998026, 3.0]], "h": 3.0}, "mtl": {"face": 0}}, {"geom": {"polygons": [[[[-5.443047948851017, -5.443047948181629], [-5.443047948851017, -4.360268777236342], [-2.4721215643221512, -4.9040330443531275], [-2.0857558153220452, -5.11359398253262], [-1.8818899216421414, -5.354340385645628], [-1.8349756116513163, -5.443047948181629], [-5.443047948851017, -5.443047948181629]]]], "centroids": [[-3.970280630601337, -5.040423694998026, 6.0]], "h": 6.0}, "mtl": {"face": 1}}, {"geom": {"polygons": [[[[-5.443047948851017, -1.4951594565063715], [-5.443047948851017, -1.492434412240982], [-4.363815275137313, 3.6700616776943207], [5.443047948851017, 1.59330241009593], [5.443047948851017, 1.5906083956360817], [4.332545495562954, -3.670061679556966], [-5.443047948851017, -1.4951594565063715]]]], "centroids": [[0.007983179821167141, 0.02157924696803093, 6.0]], "h": 6.0}, "mtl": {"face": 1}}], "featureCount": 4, "startIndex": 0}