{"type": "block", "layer": 0, "block": 0, "features": [{"geom": {"polygons": [[[[-3.4043026145373005, -4.080309305340052], [-1.4711144142784178, 5.108429353684187], [-1.4685578704229556, 5.108429353684187], [3.4043026145081967, 4.091910595074296], [1.4850360589043703, -5.108429353684187], [1.4825011301145423, -5.108429353684187], [-3.4043026145373005, -4.080309305340052]]]], "centroids": [[0.0033336731721647084, 0.00036457180976867676, 3.0]], "h": 3.0}, "mtl": {"face": 0}}], "featureCount": 1, "startIndex": 0}