{"type": "block", "layer": 1, "block": 0, "features": [{"geom": {"triangles": {"v": [-3.539820481732022, -5.223390698432922, 3.0, 16.897679518267978, -4.223390698432922, 3.0, -1.477320481732022, 4.776609301567078, 3.0, 16.319554518267978, -7.223390698432922, 3.0, 16.053929518267978, -9.223390698432922, 3.0, 18.085179518267978, 0.7766093015670776, 3.0], "f": [0, 1, 2, 1, 0, 3, 3, 0, 4, 2, 1, 5]}, "centroids": [[7.262167045817478, -1.8391068074852228, 3.0]]}, "mtl": 0}], "featureCount": 1, "startIndex": 0}