{"type": "block", "layer": 0, "block": 0, "features": [{"geom": {"polygons": [[[[-6.19700971362181, -1.9020324759185314], [-6.19700971362181, 0.1543578766286373], [-4.258829475525999, 5.825173772871494], [-3.5729294768243562, 5.643173774704337], [0.8600711699400563, 4.149447463452816], [6.025317780091427, 2.4089864548295736], [4.686941792286234, -1.5627812780439854], [6.19700971362181, -1.9894349835813046], [6.19700971362181, -1.9915742129087448], [5.044776676193578, -5.643173772841692], [-6.19700971362181, -1.9020324759185314]]]], "centroids": [[-0.004239457339281216, 0.11218435876071453, 6.0]], "h": 6.0}, "mtl": {"face": 0}}, {"geom": {"polygons": [[[[-6.19700971362181, -1.9020324759185314], [-6.19700971362181, -1.900044646114111], [-3.572929477057187, 5.643173774704337], [0.8600711697072256, 4.149447463452816], [6.025317779858597, 2.4089864548295736], [4.686941792053403, -1.5627812780439854], [6.19700971362181, -1.9894349835813046], [6.19700971362181, -1.9915742129087448], [5.0447766759607475, -5.643173772841692], [-6.19700971362181, -1.9020324759185314]]]], "centroids": [[0.27406767557840794, -0.01614467054605484, 3.0]], "h": 3.0}, "mtl": {"face": 1}}, {"geom": {"polygons": [[[[-6.19700971362181, -1.9020324759185314], [-6.19700971362181, 0.15435787849128246], [-4.258829476631945, 5.825173772871494], [-3.5729294768243562, 5.643173774704337], [0.8600711699400563, 4.149447463452816], [6.025317780091427, 2.4089864548295736], [4.686941792286234, -1.5627812780439854], [6.19700971362181, -1.9894349835813046], [6.19700971362181, -1.9915742129087448], [5.044776676193578, -5.643173772841692], [-6.19700971362181, -1.9020324759185314]]]], "centroids": [[-0.004239457630319521, 0.11218435876071453, 9.0]], "h": 9.0}, "mtl": {"face": 2}}, {"geom": {"polygons": [[[[-6.19700971362181, -1.9020324759185314], [-6.19700971362181, 0.15435787849128246], [-4.258829476631945, 5.825173772871494], [-3.5729294768243562, 5.643173774704337], [0.8600711699400563, 4.149447463452816], [6.025317780091427, 2.4089864548295736], [4.686941792286234, -1.5627812780439854], [6.19700971362181, -1.9894349835813046], [6.19700971362181, -1.9915742129087448], [5.044776676193578, -5.643173772841692], [-6.19700971362181, -1.9020324759185314]]]], "centroids": [[-0.004239457630319521, 0.11218435876071453, 12.0]], "h": 12.0}, "mtl": {"face": 3}}], "featureCount": 4, "startIndex": 0}