{"type": "block", "layer": 1, "block": 0, "features": [{"geom": {"triangles": {"v": [-3.450253423419781, -6.463374730199575, 3.0, -4.856503423419781, -15.463374730199575, 3.0, 5.002871576580219, -17.463374730199575, 3.0, 8.877871576580219, 7.536625269800425, 3.0, -1.872128423419781, 4.536625269800425, 3.0, -1.090878423419781, 9.536625269800425, 3.0], "f": [0, 1, 2, 3, 0, 2, 3, 4, 0, 5, 4, 3]}, "centroids": [[1.9718733916524798, -3.915241401642561, 3.0]]}, "mtl": 0}], "featureCount": 1, "startIndex": 0}