{"type": "block", "layer": 1, "block": 0, "features": [{"geom": {"triangles": {"v": [-6.112232934334315, 4.351494837552309, 3.0, -7.174732934334315, -0.648505162447691, 3.0, -0.7059829343343154, -2.648505162447691, 3.0, 8.606517065665685, 1.351494837552309, 3.0, 18.887767065665685, -6.648505162447691, 3.0, 20.622142065665685, 1.351494837552309, 3.0, 9.059642065665685, 3.351494837552309, 3.0], "f": [0, 1, 2, 0, 2, 3, 3, 2, 4, 3, 4, 5, 6, 3, 5]}, "centroids": [[7.846722654270707, -0.6358082722872496, 3.0]]}, "mtl": 0}], "featureCount": 1, "startIndex": 0}