{"type": "block", "layer": 0, "block": 0, "features": [{"geom": {"polygons": [[[[-2.2935245442495216, -2.203202148899436], [-1.8069174955016933, 2.404366996139288], [-1.7820840939239133, 2.5899702422320843], [-1.7793983676529024, 2.5899702422320843], [2.2935245442495216, 2.1920246556401253], [1.7767612597672269, -2.5899702422320843], [1.7740091932355426, -2.5899702422320843], [-2.2935245442495216, -2.203202148899436]]]], "centroids": [[-0.0032087378203868866, -0.0015194863080978394, 3.0]], "h": 3.0}, "mtl": {"face": 0}}, {"geom": {"polygons": [[[[-2.3353203130536713, -2.5899702422320843], [-2.2935245442495216, -2.203202148899436], [1.7740091932064388, -2.5899702422320843], [-2.3353203130536713, -2.5899702422320843]]]], "centroids": [[-0.9516118880710565, -2.4610475432127714, 3.0]], "h": 3.0}, "mtl": {"face": 0}}], "featureCount": 2, "startIndex": 0}