{"type": "block", "layer": 1, "block": 0, "features": [{"geom": {"triangles": {"v": [-3.738017495488748, 2.492366995662451, 3.0, -5.909892495488748, -13.50763300433755, 3.0, -1.800517495488748, 2.492366995662451, 3.0, 5.949482504511252, -14.50763300433755, 3.0, 8.230732504511252, 1.4923669956624508, 3.0, -1.784892495488748, 2.492366995662451, 3.0], "f": [0, 1, 2, 2, 1, 3, 2, 3, 4, 5, 2, 4]}, "centroids": [[1.1526080385083333, -6.06825446151197, 3.0]]}, "mtl": 0}], "featureCount": 1, "startIndex": 0}