{"type": "block", "layer": 0, "block": 0, "features": [{"geom": {"polygons": [[[[-10.040995799558004, -0.7909968998283148], [-10.040995799558004, -0.7887670733034611], [3.9139998822647613, 9.397500075399876], [10.040995799558004, 1.5187912229448557], [10.040995799558004, 1.5167338997125626], [-3.550999999541091, -8.851500077173114], [-4.267000000574626, -9.39750007726252], [-10.040995799558004, -0.7909968998283148]]]], "centroids": [[-0.11132414379972033, 0.12202263809740543, 3.0]], "h": 3.0}, "mtl": {"face": 0}}, {"geom": {"polygons": [[[[-10.040995799558004, -2.384056445211172], [-10.040995799558004, -0.7887670733034611], [3.9140000004554167, 9.397499922662973], [4.573000000469619, 9.883499924093485], [6.307286258292152, 7.649559285491705], [6.063510596432025, 7.484033411368728], [8.749554590060143, 3.977499544620514], [8.999817720934516, 4.180499289184809], [10.040995799558004, 2.839044500142336], [10.040995799558004, 1.5167338997125626], [-3.550999999541091, -8.851500077173114], [-4.266999999526888, -9.39750007726252], [-5.080999999539927, -10.01850007660687], [-10.040995799558004, -2.384056445211172]]]], "centroids": [[-0.21895275238784961, 0.03299982100725174, 6.0]], "h": 6.0}, "mtl": {"face": 1}}, {"geom": {"polygons": [[[[-10.040995799558004, -2.384056445211172], [-10.040995799558004, -0.7887670733034611], [3.9140000004554167, 9.397499922662973], [4.573000000469619, 9.883499924093485], [6.307286258292152, 7.649559285491705], [6.063510596432025, 7.484033411368728], [8.749554590060143, 3.977499544620514], [8.999817720934516, 4.180499289184809], [10.040995799558004, 2.839044500142336], [10.040995799558004, 1.5167338997125626], [-3.550999999541091, -8.851500077173114], [-4.266999999526888, -9.39750007726252], [-5.080999999539927, -10.01850007660687], [-10.040995799558004, -2.384056445211172]]]], "centroids": [[-0.21895275238784961, 0.03299982100725174, 9.0]], "h": 9.0}, "mtl": {"face": 2}}, {"geom": {"polygons": [[[[-10.040995799558004, -2.384056445211172], [-10.040995799558004, -0.7887670733034611], [3.9140000004554167, 9.397499922662973], [4.573000000469619, 9.883499924093485], [6.307286258292152, 7.649559285491705], [6.063510596432025, 7.484033411368728], [8.749554590060143, 3.977499544620514], [8.999817720934516, 4.180499289184809], [10.040995799558004, 2.839044500142336], [10.040995799558004, 1.5167338997125626], [-3.550999999541091, -8.851500077173114], [-4.266999999526888, -9.39750007726252], [-5.080999999539927, -10.01850007660687], [-10.040995799558004, -2.384056445211172]]]], "centroids": [[-0.21895275238784961, 0.03299982100725174, 12.0]], "h": 12.0}, "mtl": {"face": 3}}], "featureCount": 4, "startIndex": 0}