{"type": "block", "layer": 0, "block": 0, "features": [{"geom": {"polygons": [[[[-7.459951000055298, -1.4167377427220345], [-7.459951000055298, -1.4130500964820385], [-6.263532030687202, 4.25358372554183], [7.459951000055298, 1.3560900930315256], [7.459951000055298, 1.3523822594434023], [6.281902930466458, -4.25358372554183], [-7.459951000055298, -1.4167377427220345]]]], "centroids": [[-0.007980469556059688, -0.012729182839393616, 3.0]], "h": 3.0}, "mtl": {"face": 0}}, {"geom": {"polygons": [[[[2.662991916615283, 4.396644614636898], [3.30743914359482, 7.459951000288129], [7.459951000055298, 7.459951000288129], [7.459951000055298, 3.3071365728974342], [2.662991916615283, 4.396644614636898]]]], "centroids": [[5.321548995649209, 5.594032343477011, 3.0]], "h": 3.0}, "mtl": {"face": 0}}, {"geom": {"polygons": [[[[-6.058184330409858, 5.226177988573909], [-5.586558937327936, 7.459951000288129], [-3.676340272737434, 7.459951000288129], [-4.16264933621278, 4.8259661346673965], [-6.058184330409858, 5.226177988573909]]]], "centroids": [[-4.846605309314327, 6.233623638749123, 3.0]], "h": 3.0}, "mtl": {"face": 0}}, {"geom": {"polygons": [[[[-7.459951000055298, -1.4167377427220345], [-7.459951000055298, -1.4130500964820385], [-6.263532030687202, 4.25358372554183], [7.459951000055298, 1.3560900930315256], [7.459951000055298, 1.3523822594434023], [6.281902930466458, -4.25358372554183], [-7.459951000055298, -1.4167377427220345]]]], "centroids": [[-0.007980469556059688, -0.012729182839393616, 6.0]], "h": 6.0}, "mtl": {"face": 1}}], "featureCount": 4, "startIndex": 0}