{"type": "block", "layer": 1, "block": 0, "features": [{"geom": {"triangles": {"v": [-2.4781000000075437, 6.4974537044763565, 3.0, -8.337475000007544, 0.4974537044763565, 3.0, 3.9125249999924563, -7.5025462955236435, 3.0, 8.350024999992456, -0.5025462955236435, 3.0], "f": [0, 1, 2, 3, 0, 2]}, "centroids": [[0.3292523396667093, -0.36571086570620537, 3.0]]}, "mtl": 0}], "featureCount": 1, "startIndex": 0}