{"type": "block", "layer": 0, "block": 0, "features": [{"geom": {"polygons": [[[[0.4784253785328474, -5.410171655938029], [1.51284350847709, -0.5391258280724287], [5.410171655152226, -1.3569479677826166], [5.410171655152226, -3.712978621944785], [5.198224431864219, -4.774539530277252], [3.5814225671929307, -4.453815583139658], [3.3810583763115574, -5.410171655938029], [0.4784253785328474, -5.410171655938029]]]], "centroids": [[3.00183657015441, -3.0964332558214664, 3.0]], "h": 3.0}, "mtl": {"face": 0}}, {"geom": {"polygons": [[[[-4.6268129813543055, -4.316287273541093], [-3.8542726115556434, -0.6202073078602552], [-1.629629184899386, -1.0851936917752028], [-1.1641241043107584, 1.0745833590626717], [-3.3993377301085275, 1.5563465226441622], [-2.5938260722032283, 5.410171655938029], [-2.5911783349874895, 5.410171655938029], [-0.3998281844542362, 4.942384263500571], [-0.5921399796498008, 4.041499612852931], [1.578890727716498, 3.598903415724635], [1.7496753039886244, 4.483529876917601], [4.626812981150579, 3.869347460567951], [3.5985819276829716, -0.9768008161336184], [5.410171655152226, -1.3569479677826166], [5.410171655152226, -5.410171655938029], [5.071316532325, -5.410171655938029], [5.198224431864219, -4.774539530277252], [3.5814225671929307, -4.453815583139658], [3.3810583763115574, -5.410171655938029], [0.4757865671417676, -5.410171655938029], [-4.6268129813543055, -4.316287273541093]]]], "centroids": [[0.6176855731464457, -0.6734543684870005, 12.0]], "h": 12.0}, "mtl": {"face": 1}}, {"geom": {"polygons": [[[[-4.6268129813543055, -4.316287273541093], [-3.854272611293709, -0.6202073078602552], [-1.6296291848702822, -1.0851936917752028], [-1.1641241043107584, 1.0745833590626717], [-3.3993377261504065, 1.5563465226441622], [-2.593826073803939, 5.410171655938029], [-2.5911783365882, 5.410171655938029], [-0.3998281844542362, 4.942384263500571], [-0.592139979620697, 4.041499612852931], [1.5788907281239517, 3.598903415724635], [1.7496753041923512, 4.483529876917601], [4.6268129813543055, 3.869347460567951], [3.59858191627427, -0.9768008142709732], [5.410171655152226, -1.3569479677826166], [5.410171655152226, -5.410171655938029], [5.071316528163152, -5.410171655938029], [5.198224333696999, -4.774540049955249], [3.581422567833215, -4.453815583139658], [3.381058376544388, -5.410171655938029], [0.4757865671417676, -5.410171655938029], [-4.6268129813543055, -4.316287273541093]]]], "centroids": [[0.6176855959929526, -0.6734543945640326, 15.0]], "h": 15.0}, "mtl": {"face": 2}}, {"geom": {"polygons": [[[[-4.6268129813543055, -4.316287273541093], [-3.8542726115556434, -0.6202073078602552], [-1.629629184899386, -1.0851936917752028], [-1.1641241043107584, 1.0745833590626717], [-3.3993377301085275, 1.5563465226441622], [-2.5938260722032283, 5.410171655938029], [-2.5911783349874895, 5.410171655938029], [-0.3998281844542362, 4.942384263500571], [-0.5921399796498008, 4.041499612852931], [1.5788907281239517, 3.598903415724635], [1.7496753041632473, 4.483529876917601], [4.626812981325202, 3.869347460567951], [3.5985819276829716, -0.9768008161336184], [1.51284350847709, -0.5391258280724287], [0.4784253786492627, -5.410171655938029], [0.475786566385068, -5.410171655938029], [-4.6268129813543055, -4.316287273541093]]]], "centroids": [[-0.1910418941406533, 0.1454170998185873, 3.0]], "h": 3.0}, "mtl": {"face": 0}}, {"geom": {"polygons": [[[[5.071316532295896, -5.410171655938029], [5.410171655152226, -3.7129786293953657], [5.410171655152226, -5.410171655938029], [5.071316532295896, -5.410171655938029]]]], "centroids": [[5.297219947533449, -4.844440646469593, 3.0]], "h": 3.0}, "mtl": {"face": 0}}, {"geom": {"polygons": [[[[5.071316524816211, -5.410171655938029], [5.198224431864219, -4.774539530277252], [5.410171655152226, -3.7129786293953657], [5.410171655152226, -5.410171655938029], [5.071316524816211, -5.410171655938029]]]], "centroids": [[5.297219946049154, -4.844440650194883, 6.0]], "h": 6.0}, "mtl": {"face": 3}}, {"geom": {"polygons": [[[[-4.6268129813543055, -4.316287273541093], [-3.8542726115556434, -0.6202073078602552], [-1.629629184899386, -1.0851936917752028], [-1.1641240844328422, 1.0745833553373814], [-3.3993377301085275, 1.5563465226441622], [-2.5938260722032283, 5.410171655938029], [-2.5911783349874895, 5.410171655938029], [-0.3998281844542362, 4.942384263500571], [-0.5921399796498008, 4.041499612852931], [1.578890727716498, 3.598903415724635], [1.7496753039886244, 4.483529876917601], [4.626812981150579, 3.869347460567951], [3.5985819276829716, -0.9768008161336184], [1.51284350847709, -0.5391258280724287], [0.4784253785328474, -5.410171655938029], [0.4757865662686527, -5.410171655938029], [-4.6268129813543055, -4.316287273541093]]]], "centroids": [[-0.19104189367499202, 0.1454170998185873, 6.0]], "h": 6.0}, "mtl": {"face": 3}}, {"geom": {"polygons": [[[[0.4784253786492627, -5.410171655938029], [1.5128435085935052, -0.5391258280724287], [5.410171655152226, -1.3569479677826166], [5.410171655152226, -3.7129786238074303], [5.198224431980634, -4.774539530277252], [3.581422567309346, -4.453815583139658], [3.3810583764279727, -5.410171655938029], [0.4784253786492627, -5.410171655938029]]]], "centroids": [[3.001836570270825, -3.0964332558214664, 6.0]], "h": 6.0}, "mtl": {"face": 3}}, {"geom": {"polygons": [[[[-4.6268129813543055, -4.316287273541093], [-3.8542726115556434, -0.6202073078602552], [-1.629629184899386, -1.0851936917752028], [-1.1641240845492575, 1.0745833553373814], [-3.3993377301085275, 1.5563465226441622], [-2.5938260722032283, 5.410171655938029], [-2.5911783349874895, 5.410171655938029], [-0.39982818433782086, 4.942384263500571], [-0.5921399796498008, 4.041499612852931], [1.578890727716498, 3.598903415724635], [1.7496753039886244, 4.483529876917601], [4.626812981150579, 3.869347460567951], [3.5985819276829716, -0.9768008161336184], [5.410171655152226, -1.3569479677826166], [5.410171655152226, -5.410171655938029], [5.071316532325, -5.410171655938029], [5.198224431864219, -4.774539530277252], [3.5814225671929307, -4.453815583139658], [3.3810583763115574, -5.410171655938029], [0.4757865671417676, -5.410171655938029], [-4.6268129813543055, -4.316287273541093]]]], "centroids": [[0.6176855737285223, -0.6734543684870005, 9.0]], "h": 9.0}, "mtl": {"face": 4}}, {"geom": {"polygons": [[[[-4.6268129813543055, -4.316287273541093], [-3.854272611642955, -0.6202073078602552], [-1.6296291848702822, -1.0851936917752028], [-1.1641240845201537, 1.0745833553373814], [-3.3993377300794236, 1.5563465226441622], [-2.5938260729890317, 5.410171655938029], [-2.591178335773293, 5.410171655938029], [-0.39982818442513235, 4.942384263500571], [-0.592139979620697, 4.041499612852931], [1.578890727745602, 3.598903415724635], [1.7496753041923512, 4.483529876917601], [4.6268129813543055, 3.869347460567951], [3.5985819277120754, -0.9768008161336184], [5.410171655152226, -1.3569479677826166], [5.410171655152226, -3.712978621944785], [5.198224431893323, -4.774539530277252], [3.5814225672220346, -4.453815583139658], [3.381058376340661, -5.410171655938029], [0.4757865671708714, -5.410171655938029], [-4.6268129813543055, -4.316287273541093]]]], "centroids": [[0.5994605426676571, -0.6572099439799786, 18.0]], "h": 18.0}, "mtl": {"face": 5}}], "featureCount": 10, "startIndex": 0}