{"type": "block", "layer": 1, "block": 0, "features": [{"geom": {"triangles": {"v": [-21.519384694111068, -6.7072248216718435, 3.0, -18.581884694111068, -13.707224821671844, 3.0, 0.8712403058889322, 2.2927751783281565, 3.0, 3.949365305888932, -4.7072248216718435, 3.0], "f": [0, 1, 2, 2, 1, 3]}, "centroids": [[-8.79059656674508, -5.5622768253088, 3.0]]}, "mtl": 0}], "featureCount": 1, "startIndex": 0}