{"type": "block", "layer": 0, "block": 0, "features": [{"geom": {"polygons": [[[[-9.329600229510106, -3.640534358099103], [-9.329600229510106, -3.6305641513317823], [-8.569828595471336, 4.424184685572982], [0.7241697917052079, 3.5623581744730473], [9.329600229510106, 2.764382127672434], [9.329600229510106, 2.749258443713188], [9.23881013414939, 1.2860779147595167], [0.5897617116279434, 2.088015401735902], [-0.003921335592167452, -4.424184683710337], [-9.329600229510106, -3.640534358099103]]]], "centroids": [[-2.9536387773405295, 0.33513494953513145, 3.0]], "h": 3.0}, "mtl": {"face": 0}}, {"geom": {"polygons": [[[[9.23881013414939, 1.2860779147595167], [8.803409786341945, -5.16427749581635], [-0.003921335970517248, -4.424184683710337], [0.5897617116279434, 2.088015401735902], [9.23881013414939, 1.2860779147595167]]]], "centroids": [[4.647816600190708, -1.5622704811394215, 3.0]], "h": 3.0}, "mtl": {"face": 0}}, {"geom": {"polygons": [[[[-9.329600229510106, -3.640534358099103], [-9.329600229510106, -3.630564149469137], [-8.569828595471336, 4.424184685572982], [0.7241697917052079, 3.5623581744730473], [-0.0039213355630636215, -4.424184683710337], [-9.329600229510106, -3.640534358099103]]]], "centroids": [[-4.302960638073273, -0.020645612850785255, 6.0]], "h": 6.0}, "mtl": {"face": 1}}], "featureCount": 3, "startIndex": 0}