{"type": "block", "layer": 1, "block": 0, "features": [{"geom": {"triangles": {"v": [-8.567300645867363, 4.028994470834732, 3.0, -9.332925645867363, -3.971005529165268, 3.0, 10.338949354132637, 3.028994470834732, 3.0, 9.807699354132637, -4.971005529165268, 3.0], "f": [0, 1, 2, 1, 3, 2]}, "centroids": [[0.5288089578680228, -0.4534650966525078, 3.0]]}, "mtl": 0}], "featureCount": 1, "startIndex": 0}