{"type": "block", "layer": 0, "block": 0, "features": [{"geom": {"polygons": [[[[-3.73718798297341, -6.646250665187836], [-0.9705460850382224, 7.622487314045429], [-0.9666495959390886, 7.622487314045429], [3.737187982944306, 6.665922876447439], [0.8822869481227826, -7.622487314045429], [0.878530304209562, -7.622487314045429], [-3.73718798297341, -6.646250665187836]]]], "centroids": [[-0.017000208055833355, 0.02540101855993271, 3.0]], "h": 3.0}, "mtl": {"face": 0}}, {"geom": {"polygons": [[[[-7.622487313870806, 3.272300546988845], [-7.622487313870806, 7.622487314045429], [-0.9705460851546377, 7.622487314045429], [-1.720138790027704, 3.756521897390485], [-7.086716894409619, 4.797076420858502], [-7.392476910317782, 3.223007954657078], [-7.622487313870806, 3.272300546988845]]]], "centroids": [[-4.381157055235235, 5.9318811651319265, 3.0]], "h": 3.0}, "mtl": {"face": 0}}, {"geom": {"polygons": [[[[-3.73718798297341, -6.646250665187836], [-0.9705460851546377, 7.622487314045429], [-0.9666495960555039, 7.622487314045429], [3.737187982944306, 6.665922876447439], [0.8822869481227826, -7.622487314045429], [0.878530304209562, -7.622487314045429], [-3.73718798297341, -6.646250665187836]]]], "centroids": [[-0.017000208114041016, 0.025401020422577858, 6.0]], "h": 6.0}, "mtl": {"face": 1}}], "featureCount": 3, "startIndex": 0}