{"type": "block", "layer": 0, "block": 0, "features": [{"geom": {"polygons": [[[[-2.71536769947852, -1.9333657640963793], [-2.71536769947852, -1.930196052417159], [-2.360516086424468, 2.1918025109916925], [-0.14156073538470082, 2.0931974928826094], [2.71536769947852, 1.992207083851099], [2.71536769947852, 1.9908002596348524], [2.2516222117701545, -0.3952193185687065], [1.9024392647843342, -2.1918025109916925], [-2.71536769947852, -1.9333657640963793]]]], "centroids": [[-0.10250435580383055, 0.0433482900261879, 3.0]], "h": 3.0}, "mtl": {"face": 0}}, {"geom": {"polygons": [[[[-2.71536769947852, -1.9333657640963793], [-2.71536769947852, -1.930196052417159], [-2.360516086424468, 2.1918025109916925], [-0.14156073538470082, 2.0931974928826094], [2.71536769947852, 1.992207083851099], [2.71536769947852, 1.9908002596348524], [2.2516222117701545, -0.3952193185687065], [1.9024392647843342, -2.1918025109916925], [-2.71536769947852, -1.9333657640963793]]]], "centroids": [[-0.10250435580383055, 0.0433482900261879, 6.0]], "h": 6.0}, "mtl": {"face": 1}}], "featureCount": 2, "startIndex": 0}