{"type": "block", "layer": 1, "block": 0, "features": [{"geom": {"triangles": {"v": [-15.255935735389357, 2.2841974925249815, 3.0, -15.630935735389357, -7.7158025074750185, 3.0, -10.834060735389357, -7.7158025074750185, 3.0, -7.552810735389357, -8.715802507475019, 3.0, -0.14656073538935743, 2.2841974925249815, 3.0, -3.2403107353893574, -6.7158025074750185, 3.0, 1.9003142646106426, -1.7158025074750185, 3.0, 2.7128142646106426, 2.2841974925249815, 3.0, 0.7596892646106426, -7.7158025074750185, 3.0, -3.5371857353893574, -8.715802507475019, 3.0], "f": [0, 1, 2, 0, 2, 3, 4, 0, 3, 4, 3, 5, 6, 4, 5, 4, 6, 7, 6, 5, 8, 3, 9, 5]}, "centroids": [[-6.989078133832663, -2.727392867207527, 3.0]]}, "mtl": 0}], "featureCount": 1, "startIndex": 0}