{"type": "block", "layer": 1, "block": 0, "features": [{"geom": {"triangles": {"v": [-2.2556943048839457, 3.0848414562642574, 3.0, -6.365069304883946, -16.915158543735743, 3.0, -1.3494443048839457, -17.915158543735743, 3.0, 11.338055695116054, 0.08484145626425743, 3.0, 11.447430695116054, 1.0848414562642574, 3.0, 3.9474306951160543, -18.915158543735743, 3.0, 7.134930695116054, -18.915158543735743, 3.0], "f": [0, 1, 2, 3, 0, 2, 0, 3, 4, 3, 2, 5, 5, 6, 3]}, "centroids": [[2.4900404081854504, -7.910015033558011, 3.0]]}, "mtl": 0}], "featureCount": 1, "startIndex": 0}