{"type": "block", "layer": 0, "block": 0, "features": [{"geom": {"polygons": [[[[-4.862260136054829, -5.301910139620304], [-3.8393775041331537, 6.724235353991389], [-3.831853067938937, 6.724235353991389], [4.862260136025725, 5.941250815987587], [3.902456320967758, -4.716230420395732], [3.2214368601562455, -5.10790784470737], [-2.9970758575655054, -6.724235353991389], [-3.0005433803307824, -6.724235353991389], [-4.862260136054829, -5.301910139620304]]]], "centroids": [[-0.1418577005097177, 0.23275779746472836, 3.0]], "h": 3.0}, "mtl": {"face": 0}}, {"geom": {"polygons": [[[[-5.503563139820471, -5.672907844185829], [-4.4401086780417245, 6.724235353991389], [-3.831853067938937, 6.724235353991389], [4.862260136025725, 5.941250815987587], [3.828636860183906, -5.535907844081521], [-0.5436320189328399, -6.724235353991389], [-4.1013155219261535, -6.724235353991389], [-5.503563139820471, -5.672907844185829]]]], "centroids": [[-0.43750814150553197, -0.002294616773724556, 6.0]], "h": 6.0}, "mtl": {"face": 1}}, {"geom": {"polygons": [[[[-5.7596631398191676, -5.584907844662666], [-4.59855115506798, 6.724235353991389], [-3.831853067909833, 6.724235353991389], [4.96804136238643, 5.931724248453975], [3.92720544047188, -5.625522278249264], [-0.11534086932078935, -6.724235353991389], [-4.305915675591677, -6.724235353991389], [-5.7596631398191676, -5.584907844662666]]]], "centroids": [[-0.48647763647022657, -0.03368447907269001, 9.0]], "h": 9.0}, "mtl": {"face": 2}}, {"geom": {"polygons": [[[[-5.367697244364535, -1.4299332946538925], [-4.59855090235942, 6.724235353991389], [-3.831853067909833, 6.724235353991389], [4.96804136238643, 5.931724248453975], [4.227235498430673, -2.2940448839217424], [-5.367697244364535, -1.4299332946538925]]]], "centroids": [[-0.18998611759161577, 2.246134439483285, 12.0]], "h": 12.0}, "mtl": {"face": 3}}], "featureCount": 4, "startIndex": 0}