{"type": "block", "layer": 1, "block": 0, "features": [{"geom": {"triangles": {"v": [-3.831888139829971, 6.31409215554595, 3.0, -5.035013139829971, -7.68590784445405, 3.0, 3.214986860170029, -4.68590784445405, 3.0, 20.05873686017003, 4.31409215554595, 3.0], "f": [0, 1, 2, 0, 2, 3]}, "centroids": [[3.9997107806557324, 0.8946429379284382, 3.0]]}, "mtl": 0}], "featureCount": 1, "startIndex": 0}