{"type": "block", "layer": 1, "block": 0, "features": [{"geom": {"triangles": {"v": [-1.004675582575146, 5.056896135210991, 3.0, -2.989050582575146, -4.943103864789009, 3.0, 16.057824417424854, -8.943103864789009, 3.0, 18.510949417424854, 1.056896135210991, 3.0], "f": [0, 1, 2, 0, 2, 3]}, "centroids": [[7.638537219871068, -1.6119172014296055, 3.0]]}, "mtl": 0}], "featureCount": 1, "startIndex": 0}