{"type": "block", "layer": 0, "block": 0, "features": [{"geom": {"polygons": [[[[-3.4402744748513214, -3.740081397816539], [-1.4861494056822266, 4.9410113003104925], [-1.4835387508792337, 4.9410113003104925], [-1.4455527536629234, 4.9335012417286634], [3.4402744748804253, 3.9916309118270874], [1.5016938256740104, -4.9410113003104925], [1.499553977191681, -4.9410113003104925], [-3.4402744748513214, -3.740081397816539]]]], "centroids": [[0.012707065616268665, 0.05033290944993496, 3.0]], "h": 3.0}, "mtl": {"face": 0}}], "featureCount": 1, "startIndex": 0}