{"type": "block", "layer": 1, "block": 0, "features": [{"geom": {"triangles": {"v": [4.903628493717406, 9.140631940215826, 3.0, -5.424496506282594, 10.140631940215826, 3.0, 5.013003493717406, 5.140631940215826, 3.0, -4.971371506282594, -4.859368059784174, 3.0, 5.278628493717406, -4.859368059784174, 3.0], "f": [0, 1, 2, 2, 1, 3, 2, 3, 4]}, "centroids": [[-0.05903609623783268, 2.4556145314127207, 3.0]]}, "mtl": 0}], "featureCount": 1, "startIndex": 0}