{"type": "block", "layer": 1, "block": 0, "features": [{"geom": {"triangles": {"v": [-15.187121548689902, 7.969227511435747, 3.0, -16.843371548689902, -0.030772488564252853, 3.0, 3.984753451310098, 2.969227511435747, 3.0, 2.562878451310098, -5.030772488564253, 3.0], "f": [0, 1, 2, 1, 3, 2]}, "centroids": [[-6.41238795069512, 1.5238191690295935, 3.0]]}, "mtl": 0}], "featureCount": 1, "startIndex": 0}