{"type": "block", "layer": 1, "block": 0, "features": [{"geom": {"triangles": {"v": [3.4017684008576907, 5.3126721773296595, 3.0, -2.1607315991423093, 6.3126721773296595, 3.0, -3.3951065991423093, -6.6873278226703405, 3.0, 3.3861434008576907, 6.3126721773296595, 3.0, 2.2455184008576907, -6.6873278226703405, 3.0], "f": [0, 1, 2, 3, 1, 0, 4, 0, 2]}, "centroids": [[0.022393613995518535, -0.03785545378923416, 3.0]]}, "mtl": 0}], "featureCount": 1, "startIndex": 0}