{"type": "block", "layer": 0, "block": 0, "features": [{"geom": {"polygons": [[[[-2.965895959699992, -2.490521665662527], [-1.7793909437023103, 3.4638279117643833], [-1.7775834593339823, 3.4638279117643833], [2.9658959596708883, 2.5186092872172594], [1.6647732072451618, -3.4638279117643833], [1.6630503425258212, -3.4638279117643833], [-2.965895959699992, -2.490521665662527]]]], "centroids": [[-0.023113308561732993, 0.017428068444132805, 3.0]], "h": 3.0}, "mtl": {"face": 0}}, {"geom": {"polygons": [[[[-1.7775834593339823, 3.4638279117643833], [3.1714719510346185, 3.4638279117643833], [2.9658959596708883, 2.5186092872172594], [-1.7775834593339823, 3.4638279117643833]]]], "centroids": [[1.4532614837808069, 3.1487550362944603, 3.0]], "h": 3.0}, "mtl": {"face": 0}}, {"geom": {"polygons": [[[[-3.463827910949476, -2.3858239129185677], [-3.463827910949476, 3.4638279117643833], [-1.7793909439060371, 3.4638279117643833], [-2.9658959598455112, -2.490521665662527], [-3.463827910949476, -2.3858239129185677]]]], "centroids": [[-2.8627337107027415, 1.0402189660817385, 3.0]], "h": 3.0}, "mtl": {"face": 0}}], "featureCount": 3, "startIndex": 0}