{"type": "block", "layer": 1, "block": 0, "features": [{"geom": {"triangles": {"v": [-4.012122573680244, 2.6557792015373707, 3.0, -6.074622573680244, -7.344220798462629, 3.0, 13.519127426319756, -11.34422079846263, 3.0, 15.581627426319756, -1.3442207984626293, 3.0], "f": [0, 1, 2, 0, 2, 3]}, "centroids": [[4.75290799344657, -4.060084592550993, 3.0]]}, "mtl": 0}], "featureCount": 1, "startIndex": 0}