{"type": "block", "layer": 0, "block": 0, "features": [{"geom": {"polygons": [[[[-8.714056186174275, 0.8111844416707754], [-8.714056186174275, 0.8160850554704666], [-8.29339877248276, 3.0833894964307547], [0.7630390158446971, 2.2080880645662546], [8.714056186174275, 0.4348048698157072], [8.714056186174275, 0.4304589703679085], [7.976427677873289, -3.0833894964307547], [-8.714056186174275, 0.8111844416707754]]]], "centroids": [[0.520140340726357, 0.3351861499249935, 3.0]], "h": 3.0}, "mtl": {"face": 0}}, {"geom": {"polygons": [[[[-8.714056186174275, 0.8111844416707754], [-8.714056186174275, 0.8160850554704666], [-8.29339877248276, 3.0833894964307547], [0.763039015349932, 2.2080880645662546], [8.714056186174275, 0.4348048698157072], [8.714056186174275, -1.7599331233650446], [8.416701109468704, -3.176446856930852], [7.976427677378524, -3.0833894964307547], [-8.714056186174275, 0.8111844416707754]]]], "centroids": [[0.6794125176384114, 0.29191548004746437, 6.0]], "h": 6.0}, "mtl": {"face": 1}}, {"geom": {"polygons": [[[[-8.714056186174275, 0.8111844416707754], [-8.714056186174275, 0.8160850554704666], [-8.29339877248276, 3.0833894964307547], [0.763039015349932, 2.2080880645662546], [8.714056186174275, 0.4348048698157072], [8.714056186174275, -1.7599331233650446], [8.416701109468704, -3.176446856930852], [7.976427677378524, -3.0833894964307547], [-8.714056186174275, 0.8111844416707754]]]], "centroids": [[0.6794125176384114, 0.29191548004746437, 9.0]], "h": 9.0}, "mtl": {"face": 2}}, {"geom": {"polygons": [[[[-3.6149356089299545, -0.3786493930965662], [-3.0234983611735515, 2.574055515229702], [0.7630390144768171, 2.208088057115674], [8.714056186174275, 0.4348048623651266], [8.714056186174275, -1.759933127090335], [8.4167011086829, -3.1764468643814325], [7.976427676592721, -3.0833895038813353], [-3.6149356089299545, -0.3786493930965662]]]], "centroids": [[2.815003913012333, -0.10820523090660572, 12.0]], "h": 12.0}, "mtl": {"face": 3}}], "featureCount": 4, "startIndex": 0}