{"type": "block", "layer": 1, "block": 0, "features": [{"geom": {"triangles": {"v": [-14.827404025185388, 7.017627909779549, 3.0, -16.811779025185388, -0.9823720902204514, 3.0, 2.8913459748146124, -4.982372090220451, 3.0, 4.610095974814612, 3.0176279097795486, 3.0], "f": [0, 1, 2, 0, 2, 3]}, "centroids": [[-6.120383906294592, 1.158781748265028, 3.0]]}, "mtl": 0}], "featureCount": 1, "startIndex": 0}