{"type": "block", "layer": 1, "block": 0, "features": [{"geom": {"triangles": {"v": [-19.558873013069388, 8.24996817111969, 3.0, -21.168248013069388, -1.75003182888031, 3.0, 5.1598769869306125, 4.24996817111969, 3.0, 3.7067519869306125, -5.75003182888031, 3.0], "f": [0, 1, 2, 1, 3, 2]}, "centroids": [[-8.006557737768162, 1.4810401145368814, 3.0]]}, "mtl": 0}], "featureCount": 1, "startIndex": 0}