{"type": "block", "layer": 0, "block": 0, "features": [{"geom": {"polygons": [[[[-8.020603585493518, -3.271946867927909], [-5.440714939992176, 2.9006311018019915], [-6.824694164009998, 3.4790786001831293], [-4.896874067286262, 8.09153344668448], [-4.894599687802838, 8.09153344668448], [8.020603585493518, 2.6934993732720613], [3.512894847721327, -8.09153344668448], [3.510620468237903, -8.09153344668448], [-8.020603585493518, -3.271946867927909]]]], "centroids": [[-0.2523325282963924, -0.006765082478523254, 3.0]], "h": 3.0}, "mtl": {"face": 0}}, {"geom": {"polygons": [[[[-8.091533446044195, -8.09153344668448], [-8.091533446044195, -4.336379531770945], [-5.447544131486211, -5.404731523245573], [-6.533195336291101, -8.09153344668448], [-8.091533446044195, -8.09153344668448]]]], "centroids": [[-7.056125718692783, -6.315499113872647, 3.0]], "h": 3.0}, "mtl": {"face": 0}}, {"geom": {"polygons": [[[[-8.020603585493518, -3.271946867927909], [-5.440714939992176, 2.9006311018019915], [-6.824694164009998, 3.4790786001831293], [-4.8968740672571585, 8.09153344668448], [-4.894599687773734, 8.09153344668448], [8.020603585464414, 2.6934993732720613], [3.512894847721327, -8.09153344668448], [3.510620468237903, -8.09153344668448], [-8.020603585493518, -3.271946867927909]]]], "centroids": [[-0.25233252832549624, -0.006765082478523254, 6.0]], "h": 6.0}, "mtl": {"face": 1}}, {"geom": {"polygons": [[[[-8.091533446044195, -8.09153344668448], [-8.091533446044195, -4.336379531770945], [-5.447544131486211, -5.404731523245573], [-6.533195336291101, -8.09153344668448], [-8.091533446044195, -8.09153344668448]]]], "centroids": [[-7.056125718692783, -6.315499113872647, 6.0]], "h": 6.0}, "mtl": {"face": 1}}], "featureCount": 4, "startIndex": 0}