{"type": "block", "layer": 1, "block": 0, "features": [{"geom": {"triangles": {"v": [-8.946374999999534, 6.1114999987185, 3.0, -10.586999999999534, -1.8885000012814999, 3.0, 10.584875000000466, 2.1114999987185, 3.0, 8.850500000000466, -5.8885000012815, 3.0], "f": [0, 1, 2, 1, 3, 2]}, "centroids": [[-0.007003684411756694, 0.014113232493400574, 3.0]]}, "mtl": 0}], "featureCount": 1, "startIndex": 0}