{"type": "block", "layer": 0, "block": 0, "features": [{"geom": {"polygons": [[[[-4.5133656101243105, -1.9191780630499125], [-4.5133656101243105, -1.91768660210073], [-2.3446892309875693, 4.41833302937448], [4.109310834639473, 2.0293330140411854], [4.5133656101243105, 1.8901677802205086], [4.5133656101243105, 1.8888711873441935], [2.0185027236875612, -4.41833302937448], [-4.5133656101243105, -1.9191780630499125]]]], "centroids": [[-0.06721769980504178, 0.01138855516910553, 3.0]], "h": 3.0}, "mtl": {"face": 0}}, {"geom": {"polygons": [[[[-4.5133656101243105, -4.513365609571338], [-4.5133656101243105, -1.9191780630499125], [2.266882804397028, -4.513365609571338], [-4.5133656101243105, -4.513365609571338]]]], "centroids": [[-2.2532828052935656, -3.6486364267766476, 3.0]], "h": 3.0}, "mtl": {"face": 0}}, {"geom": {"polygons": [[[[-4.5133656101243105, -4.513365609571338], [-4.5133656101243105, -1.9191780630499125], [2.266882804397028, -4.513365609571338], [-4.5133656101243105, -4.513365609571338]]]], "centroids": [[-2.2532828052935656, -3.6486364267766476, 6.0]], "h": 6.0}, "mtl": {"face": 1}}, {"geom": {"polygons": [[[[-4.5133656101243105, -1.9191780630499125], [-4.5133656101243105, -1.91768660210073], [-2.3446892309875693, 4.41833302937448], [4.109310834639473, 2.0293330140411854], [4.5133656101243105, 1.8901677820831537], [4.5133656101243105, 1.8888711892068386], [2.0185026761319023, -4.418333010748029], [-4.5133656101243105, -1.9191780630499125]]]], "centroids": [[-0.06721771048614755, 0.011388564482331276, 6.0]], "h": 6.0}, "mtl": {"face": 1}}], "featureCount": 4, "startIndex": 0}