{"type": "block", "layer": 1, "block": 0, "features": [{"geom": {"triangles": {"v": [-8.714939197467174, -6.475666979327798, 3.0, -9.652439197467174, -9.475666979327798, 3.0, 0.3006858025328256, -15.475666979327798, 3.0, 4.113185802532826, 2.524333020672202, 3.0, 6.066310802532826, 1.524333020672202, 3.0, -5.605564197467174, 0.5243330206722021, 3.0, -2.3399391974671744, 4.524333020672202, 3.0, -3.7305641974671744, 4.524333020672202, 3.0], "f": [0, 1, 2, 2, 3, 0, 2, 4, 3, 0, 3, 5, 6, 5, 3, 7, 5, 6]}, "centroids": [[-1.725433046463877, -4.843564730137587, 3.0]]}, "mtl": 0}], "featureCount": 1, "startIndex": 0}