{"type": "block", "layer": 1, "block": 0, "features": [{"geom": {"triangles": {"v": [-2.031092779478058, 4.802491687238216, 3.0, -3.609217779478058, -4.197508312761784, 3.0, 19.422032220521942, -0.1975083127617836, 3.0, 17.843907220521942, -8.197508312761784, 3.0], "f": [0, 1, 2, 1, 3, 2]}, "centroids": [[7.782000939012505, -1.8330766335129738, 3.0]]}, "mtl": 0}], "featureCount": 1, "startIndex": 0}