{"type": "block", "layer": 1, "block": 0, "features": [{"geom": {"triangles": {"v": [-13.268535554525442, 6.492844641208649, 3.0, -15.018535554525442, -0.5071553587913513, 3.0, 4.403339445474558, -5.507155358791351, 3.0, 6.184589445474558, 2.4928446412086487, 3.0], "f": [0, 1, 2, 0, 2, 3]}, "centroids": [[-4.423620174959069, 0.8673472590744495, 3.0]]}, "mtl": 0}], "featureCount": 1, "startIndex": 0}