{"type": "block", "layer": 1, "block": 0, "features": [{"geom": {"triangles": {"v": [-5.5427499971410725, -4.538121802732348, 3.0, -6.2458749971410725, -9.538121802732348, 3.0, 3.1603750028589275, -11.538121802732348, 3.0, -5.1989999971410725, -2.5381218027323484, 3.0, 6.2541250028589275, 10.461878197267652, 3.0, -3.0739999971410725, 11.461878197267652, 3.0, -0.8083749971410725, 17.46187819726765, 3.0, 5.0822500028589275, 17.46187819726765, 3.0, -0.6677499971410725, 18.46187819726765, 3.0, 7.1760000028589275, 16.46187819726765, 3.0, -2.1521249971410725, 17.46187819726765, 3.0], "f": [0, 1, 2, 3, 0, 2, 3, 2, 4, 5, 3, 4, 4, 6, 5, 7, 6, 4, 8, 6, 7, 7, 4, 9, 10, 5, 6]}, "centroids": [[0.5171124680200592, 3.630771117284894, 3.0]]}, "mtl": 0}], "featureCount": 1, "startIndex": 0}