{"type": "block", "layer": 0, "block": 0, "features": [{"geom": {"polygons": [[[[-6.473806679976406, -2.4982299860566854], [-6.473806679976406, -2.4951347280293703], [-4.756654125259956, 5.292928818613291], [5.563922610424925, 2.9945921432226896], [4.591686631843913, -1.450321489945054], [6.473806679976406, -1.8720808550715446], [6.473806679976406, -1.8752155508846045], [5.733649284171406, -5.292928818613291], [-2.0141541284683626, -3.5920711904764175], [-6.473806679976406, -2.4982299860566854]]]], "centroids": [[-0.03876620062510483, -0.054205745458602905, 3.0]], "h": 3.0}, "mtl": {"face": 0}}, {"geom": {"polygons": [[[[-6.473806679976406, -2.4982299879193306], [-6.473806679976406, 0.2909869197756052], [-6.411301184270997, 0.5745054669678211], [-5.827879684715299, 0.4344363622367382], [-5.693883459316567, 1.0421698540449142], [-5.793847218184965, 1.0610534101724625], [-6.122858289338183, 1.317439066246152], [-6.196007673366694, 1.5510548539459705], [-5.342307717859512, 5.42335070669651], [-4.756654125463683, 5.292928816750646], [5.563922610221198, 2.9945921413600445], [4.869468339980813, -0.18034616857767105], [5.042821271403227, -0.20995055697858334], [5.464250915509183, -0.28192030638456345], [5.557671384740388, -0.29787420853972435], [5.8684601735149045, -0.41398702934384346], [6.203900485095801, -0.6756695937365294], [6.431807100481819, -1.0349139980971813], [6.473806679976406, -1.2206622418016195], [6.473806679976406, -1.8752155508846045], [5.7590483070816845, -5.175647579133511], [5.733649284171406, -5.292928818613291], [-2.0141543516656384, -3.5920711383223534], [-6.473806679976406, -2.4982299879193306]]]], "centroids": [[-0.11797022438258864, 0.005989741533994675, 6.0]], "h": 6.0}, "mtl": {"face": 1}}, {"geom": {"polygons": [[[[-6.473806679976406, -2.4982299879193306], [-6.473806679976406, 0.29098691791296005], [-6.411301184096374, 0.5745054669678211], [-5.827879684540676, 0.4344363622367382], [-5.693883459141944, 1.0421698540449142], [-5.793847218010342, 1.0610534101724625], [-6.12285828916356, 1.317439066246152], [-6.196007673192071, 1.5510548539459705], [-5.342307717684889, 5.42335070669651], [-4.75665412528906, 5.292928816750646], [5.563922610395821, 2.9945921413600445], [4.869468340155436, -0.18034616857767105], [5.04282127157785, -0.20995055697858334], [5.464250915683806, -0.28192030638456345], [5.557671384915011, -0.29787420853972435], [5.868460173689527, -0.41398702934384346], [6.203900485270424, -0.6756695937365294], [6.431807100656442, -1.0349139980971813], [6.473806679976406, -1.2206622418016195], [6.473806679976406, -1.8752155527472496], [5.7590483072563075, -5.175647579133511], [5.733649284346029, -5.292928818613291], [-2.0141543514910154, -3.5920711383223534], [-6.473806679976406, -2.4982299879193306]]]], "centroids": [[-0.11797022432438098, 0.005989735946059227, 9.0]], "h": 9.0}, "mtl": {"face": 2}}], "featureCount": 3, "startIndex": 0}