{"type": "block", "layer": 1, "block": 0, "features": [{"geom": {"triangles": {"v": [-4.749654124956578, 4.855928817763925, 3.0, -6.468404124956578, -2.1440711822360754, 3.0, -2.015279124956578, -3.1440711822360754, 3.0, 14.828470875043422, 0.8559288177639246, 3.0, 13.062845875043422, -7.144071182236075, 3.0], "f": [0, 1, 2, 0, 2, 3, 2, 4, 3]}, "centroids": [[4.160830807755701, -0.8141388259828091, 3.0]]}, "mtl": 0}], "featureCount": 1, "startIndex": 0}