{"type": "block", "layer": 0, "block": 0, "features": [{"geom": {"polygons": [[[[-4.462063588289311, -2.063080294057727], [-4.462063588289311, -2.0600745994597673], [-3.679384980641771, 3.1106746308505535], [-3.5263849806506187, 3.0946746300905943], [4.462063588289311, 1.9770252965390682], [4.462063588289311, 1.9741279985755682], [3.6616378466715105, -3.1106746308505535], [-4.462063588289311, -2.063080294057727]]]], "centroids": [[-0.015475596854230389, -0.01707291603088379, 3.0]], "h": 3.0}, "mtl": {"face": 0}}, {"geom": {"polygons": [[[[-4.462063588289311, -4.462063588202], [-4.462063588289311, -4.288013111799955], [-3.283766997541534, -4.462063588202], [-4.462063588289311, -4.462063588202]]]], "centroids": [[-4.069298058049753, -4.404046762734652, 3.0]], "h": 3.0}, "mtl": {"face": 0}}], "featureCount": 2, "startIndex": 0}