{"type": "block", "layer": 0, "block": 0, "features": [{"geom": {"polygons": [[[[-4.63653860395425, -3.019242925569415], [-4.63653860395425, -2.8718168903142214], [-2.9239521215786226, 4.636538604274392], [-2.569953664991772, 4.636538604274392], [4.37606911448529, 3.1139863319694996], [2.7128625047625974, -4.636538604274392], [2.7106531899189577, -4.636538604274392], [-4.376067799428711, -3.0789979863911867], [-4.63653860395425, -3.019242925569415]]]], "centroids": [[-0.12265910845599137, 0.03349955752491951, 6.0]], "h": 6.0}, "mtl": {"face": 0}}, {"geom": {"polygons": [[[[-4.63653860395425, -3.019242925569415], [-4.63653860395425, -2.4221682883799076], [-3.026521635998506, 4.636538604274392], [-2.569953794562025, 4.636538604274392], [4.37606911448529, 3.1139863319694996], [2.7128625047625974, -4.636538604274392], [2.7106531899480615, -4.636538604274392], [-4.376069111865945, -3.0789976846426725], [-4.63653860395425, -3.019242925569415]]]], "centroids": [[-0.16834143339656293, 0.045409245416522026, 9.0]], "h": 9.0}, "mtl": {"face": 1}}, {"geom": {"polygons": [[[[-4.376069114456186, -3.0789976958185434], [-2.572177526744781, 4.636538604274392], [-2.5699536722677294, 4.636538604274392], [4.37606911448529, 3.1139863319694996], [2.7128625047625974, -4.636538604274392], [2.7106531899189577, -4.636538604274392], [-4.376069114456186, -3.0789976958185434]]]], "centroids": [[0.032555371668422595, -0.0043173301964998245, 3.0]], "h": 3.0}, "mtl": {"face": 2}}, {"geom": {"polygons": [[[[-4.63653860395425, -3.019242925569415], [-4.63653860395425, -1.9725180491805077], [-3.1290856761916075, 4.636538604274392], [-2.569953668367816, 4.636538604274392], [4.37606911448529, 3.1139863319694996], [2.7128625047625974, -4.636538604274392], [2.7106531899189577, -4.636538604274392], [-4.376067847275408, -3.078997975215316], [-4.63653860395425, -3.019242925569415]]]], "centroids": [[-0.21077366673853248, 0.05890291556715965, 12.0]], "h": 12.0}, "mtl": {"face": 3}}], "featureCount": 4, "startIndex": 0}