{"type": "block", "layer": 0, "block": 0, "features": [{"geom": {"polygons": [[[[-5.719182539760368, -3.2647192794829607], [-5.719182539760368, -3.262233879417181], [-3.8307545151910745, 4.513410996645689], [5.719182539760368, 2.319568110629916], [5.719182539760368, 2.3173612225800753], [4.519314057455631, -2.0365265272557735], [0.6296521137701347, -1.091056140139699], [-0.2369384238263592, -4.513410998508334], [-5.719182539760368, -3.2647192794829607]]]], "centroids": [[-0.5330598851141986, 0.17765950225293636, 3.0]], "h": 3.0}, "mtl": {"face": 0}}, {"geom": {"polygons": [[[[-5.719182539760368, -3.2647192794829607], [-5.719182539760368, -3.262233879417181], [-3.8307545151910745, 4.513410996645689], [5.719182539760368, 2.319568110629916], [5.719182539760368, 2.3173612225800753], [4.519314057455631, -2.0365265272557735], [0.6296521137701347, -1.091056140139699], [-0.2369384238263592, -4.513410998508334], [-5.719182539760368, -3.2647192794829607]]]], "centroids": [[-0.5330598851141986, 0.17765950225293636, 6.0]], "h": 6.0}, "mtl": {"face": 1}}], "featureCount": 2, "startIndex": 0}