{"type": "block", "layer": 1, "block": 0, "features": [{"geom": {"triangles": {"v": [-3.8370045151968952, 4.598410997539759, 3.0, -5.712004515196895, -3.4015890024602413, 3.0, 4.506745484803105, -5.401589002460241, 3.0, 12.944245484803105, 0.5984109975397587, 3.0, 12.709870484803105, -7.401589002460241, 3.0, 13.459870484803105, 0.5984109975397587, 3.0, 15.741120484803105, -0.4015890024602413, 3.0, 13.787995484803105, -7.401589002460241, 3.0], "f": [0, 1, 2, 0, 2, 3, 3, 2, 4, 5, 3, 4, 6, 5, 4, 6, 4, 7]}, "centroids": [[4.978187961067306, -1.5971094779670238, 3.0]]}, "mtl": 0}], "featureCount": 1, "startIndex": 0}