{"type": "block", "layer": 1, "block": 0, "features": [{"geom": {"triangles": {"v": [-4.650808975333348, 6.325677389279008, 3.0, -6.525808975333348, -4.674322610720992, 3.0, 5.286691024666652, 4.325677389279008, 3.0, 5.317941024666652, 4.325677389279008, 3.0, 3.458566024666652, -6.674322610720992, 3.0], "f": [0, 1, 2, 0, 2, 3, 1, 4, 2]}, "centroids": [[-0.5910226366249844, -0.0005022250115871429, 3.0]]}, "mtl": 0}], "featureCount": 1, "startIndex": 0}