{"type": "block", "layer": 1, "block": 0, "features": [{"geom": {"triangles": {"v": [-3.0972078293270897, -2.7948707416653633, 3.0, -3.1597078293270897, -3.7948707416653633, 3.0, 12.68404217067291, -7.794870741665363, 3.0, -1.4409578293270897, 5.205129258334637, 3.0, 15.52779217067291, 11.205129258334637, 3.0, 0.1996671706729103, 13.205129258334637, 3.0, 1.7309171706729103, 21.205129258334637, 3.0, 17.27779217067291, 20.205129258334637, 3.0, 2.2621671706729103, 23.205129258334637, 3.0, 16.44966717067291, 10.205129258334637, 3.0], "f": [0, 1, 2, 3, 0, 2, 4, 3, 2, 5, 3, 4, 6, 5, 4, 6, 4, 7, 8, 6, 7, 9, 4, 2]}, "centroids": [[7.350243425928056, 7.891115855425596, 3.0]]}, "mtl": 0}], "featureCount": 1, "startIndex": 0}