{"type": "block", "layer": 1, "block": 0, "features": [{"geom": {"triangles": {"v": [-0.7556094317114912, 7.375182129442692, 3.0, -2.349359431711491, -5.624817870557308, 3.0, 18.36939056828851, -3.624817870557308, 3.0, 19.07251556828851, 3.375182129442692, 3.0, 19.10376556828851, 4.375182129442692, 3.0], "f": [0, 1, 2, 0, 2, 3, 0, 3, 4]}, "centroids": [[7.738685978692956, 0.5353671479970217, 3.0]]}, "mtl": 0}], "featureCount": 1, "startIndex": 0}