{"type": "block", "layer": 0, "block": 0, "features": [{"geom": {"polygons": [[[[-5.15117952885339, -5.56582005508244], [-4.2536611076502595, 5.56582005508244], [-4.247139044164214, 5.56582005508244], [5.151224409346469, 4.758142866194248], [4.460975590685848, -3.982376692816615], [-5.147846555628348, -5.56582005508244], [-5.15117952885339, -5.56582005508244]]]], "centroids": [[-0.13898411020636559, 0.18474447168409824, 3.0]], "h": 3.0}, "mtl": {"face": 0}}], "featureCount": 1, "startIndex": 0}