{"type": "block", "layer": 1, "block": 0, "features": [{"geom": {"triangles": {"v": [-4.038824409304652, 7.898623306304216, 3.0, -5.148199409304652, -5.101376693695784, 3.0, 4.461175590695348, -4.101376693695784, 3.0, 5.351800590695348, 6.898623306304216, 3.0], "f": [0, 1, 2, 0, 2, 3]}, "centroids": [[0.0033575472480151802, 1.521762266755104, 3.0]]}, "mtl": 0}], "featureCount": 1, "startIndex": 0}