{"type": "block", "layer": 1, "block": 0, "features": [{"geom": {"triangles": {"v": [6.783346282114508, 3.6048944536596537, 3.0, -21.466653717885492, -5.395105546340346, 3.0, -17.466653717885492, -14.395105546340346, 3.0, 9.642721282114508, -3.3951055463403463, 3.0, 9.877096282114508, -3.3951055463403463, 3.0], "f": [0, 1, 2, 3, 0, 2, 3, 2, 4]}, "centroids": [[-6.099281455739401, -5.017122032120824, 3.0]]}, "mtl": 0}], "featureCount": 1, "startIndex": 0}