{"type": "block", "layer": 1, "block": 0, "features": [{"geom": {"triangles": {"v": [-12.122301631839946, 1.1913390308618546, 3.0, -12.403551631839946, -0.8086609691381454, 3.0, 5.112073368160054, -5.8086609691381454, 3.0, 7.049573368160054, 2.1913390308618546, 3.0, -11.325426631839946, 7.1913390308618546, 3.0], "f": [0, 1, 2, 0, 2, 3, 4, 0, 3]}, "centroids": [[-2.8154333662532736, 0.8187287803739309, 3.0]]}, "mtl": 0}], "featureCount": 1, "startIndex": 0}