{"type": "block", "layer": 0, "block": 0, "features": [{"geom": {"polygons": [[[[-5.25106671883259, -0.9217508025467396], [-5.25106671883259, -0.9203013107180595], [-3.213497994642239, 3.9736352935433388], [5.25106671883259, 0.9420521594583988], [5.25106671883259, 0.9405628703534603], [3.267723807162838, -3.9736352935433388], [-5.25106671883259, -0.9217508025467396]]]], "centroids": [[0.01259059231961146, 0.002410503104329109, 3.0]], "h": 3.0}, "mtl": {"face": 0}}], "featureCount": 1, "startIndex": 0}