{"type": "block", "layer": 1, "block": 0, "features": [{"geom": {"triangles": {"v": [-5.254264360992238, -1.0721858814358711, 3.0, 3.261360639007762, -4.072185881435871, 3.0, 3.651985639007762, 20.92781411856413, 3.0, 11.761360639007762, 16.92781411856413, 3.0], "f": [0, 1, 2, 2, 1, 3]}, "centroids": [[3.322420752811013, 8.116462832316756, 3.0]]}, "mtl": 0}], "featureCount": 1, "startIndex": 0}