{"type": "block", "layer": 1, "block": 0, "features": [{"geom": {"triangles": {"v": [-1.0556288827210665, 4.357082415372133, 3.0, -3.3368788827210665, -3.6429175846278667, 3.0, 9.319371117278934, 1.3570824153721333, 3.0, 16.288121117278934, -8.642917584627867, 3.0, 17.522496117278934, -0.6429175846278667, 3.0], "f": [0, 1, 2, 2, 1, 3, 4, 2, 3]}, "centroids": [[7.318909271038137, -1.9380748067051172, 3.0]]}, "mtl": 0}], "featureCount": 1, "startIndex": 0}