{"type": "block", "layer": 0, "block": 0, "features": [{"geom": {"polygons": [[[[-6.968861941131763, -3.3482802230864763], [-6.968861941131763, -3.343172524124384], [-5.741199590527685, 5.469496715813875], [0.44350140294409357, 4.344590682536364], [6.968861941131763, 3.157723693177104], [6.968861941131763, 3.154287790879607], [5.1525578373111784, -5.469496715813875], [-5.169442162674386, -3.6184967160224915], [-6.968861941131763, -3.3482802230864763]]]], "centroids": [[-0.1455363122804556, -0.0005283895879983902, 3.0]], "h": 3.0}, "mtl": {"face": 0}}, {"geom": {"polygons": [[[[-6.968861941131763, -3.3482802230864763], [-6.968861941131763, -3.343172524124384], [-5.741199590527685, 5.469496715813875], [0.44350140294409357, 4.344590682536364], [6.968861941131763, 3.157723693177104], [6.968861941131763, 3.154287790879607], [5.1525578373111784, -5.469496715813875], [-5.169442162674386, -3.6184967160224915], [-6.968861941131763, -3.3482802230864763]]]], "centroids": [[-0.1455363122804556, -0.0005283895879983902, 6.0]], "h": 6.0}, "mtl": {"face": 1}}, {"geom": {"polygons": [[[[-6.198818188073346, 2.1845207326114178], [-5.741199590527685, 5.469496715813875], [0.44350140294409357, 4.344590682536364], [6.968861941131763, 3.157723693177104], [6.968861941131763, 3.154287790879607], [5.887366225360893, -1.980637565255165], [-0.06446397484978661, -0.9876283742487431], [0.45537155962665565, 0.8634638953953981], [-6.198818188073346, 2.1845207326114178]]]], "centroids": [[0.9200136456056498, 1.983899051323533, 9.0]], "h": 9.0}, "mtl": {"face": 2}}], "featureCount": 3, "startIndex": 0}