{"type": "block", "layer": 0, "block": 0, "features": [{"geom": {"polygons": [[[[-2.8082250652078073, -2.38202209956944], [-1.560298382944893, 3.313315814360976], [-1.5586848904495127, 3.313315814360976], [2.8082250652078073, 2.37422020919621], [1.547693560947664, -3.313315814360976], [1.5460708139871713, -3.313315814360976], [-2.8082250652078073, -2.38202209956944]]]], "centroids": [[-0.003134574624709785, -0.0003964751958847046, 3.0]], "h": 3.0}, "mtl": {"face": 0}}], "featureCount": 1, "startIndex": 0}