{"type": "block", "layer": 1, "block": 0, "features": [{"geom": {"triangles": {"v": [1.185259512218181, 16.28029919974506, 3.0, -2.814740487781819, -2.719700800254941, 3.0, 7.029009512218181, -4.719700800254941, 3.0, 10.622759512218181, 14.280299199745059, 3.0], "f": [0, 1, 2, 3, 0, 2]}, "centroids": [[4.0026459507935215, 5.700273668393493, 3.0]]}, "mtl": 0}], "featureCount": 1, "startIndex": 0}