{"type": "block", "layer": 1, "block": 0, "features": [{"geom": {"triangles": {"v": [-6.338833567366237, 7.723640650510788, 3.0, -11.823208567366237, -1.276359349489212, 3.0, 0.7861664326337632, -9.276359349489212, 3.0, 6.364291432633763, -0.27635934948921204, 3.0], "f": [0, 1, 2, 3, 0, 2]}, "centroids": [[-2.735219127207529, -0.8087992761284113, 3.0]]}, "mtl": 0}], "featureCount": 1, "startIndex": 0}