{"type": "block", "layer": 1, "block": 0, "features": [{"geom": {"triangles": {"v": [9.591249999997672, 33.635499998927116, 3.0, -63.28375000000233, 0.6354999989271164, 3.0, 4.388124999997672, 3.6354999989271164, 3.0, 10.184999999997672, 32.635499998927116, 3.0, 2.4193749999976717, -5.364500001072884, 3.0, -63.20562500000233, -14.364500001072884, 3.0, -2.2368750000023283, -27.364500001072884, 3.0], "f": [0, 1, 2, 0, 2, 3, 1, 4, 2, 1, 5, 4, 5, 6, 4]}, "centroids": [[-22.588992351695197, -0.4612814038991928, 3.0]]}, "mtl": 0}], "featureCount": 1, "startIndex": 0}