{"type": "block", "layer": 0, "block": 0, "features": [{"geom": {"polygons": [[[[-4.686193550180178, -8.393438449129462], [-1.1713780928985216, 9.276633797213435], [-1.1649493128352333, 9.276633797213435], [4.686193550180178, 8.407285079360008], [1.1688252005842514, -9.276633797213435], [1.1624968909600284, -9.276633797213435], [-4.686193550180178, -8.393438449129462]]]], "centroids": [[-0.00026656617410480976, 0.003355337306857109, 3.0]], "h": 3.0}, "mtl": {"face": 0}}, {"geom": {"polygons": [[[[7.650672081625089, -1.1497446428984404], [9.055164501623949, 7.758153896778822], [9.276633796660462, 7.725248523056507], [9.276633796660462, -1.4051321987062693], [7.650672081625089, -1.1497446428984404]]]], "centroids": [[8.72580845450284, 2.089133532717824, 3.0]], "h": 3.0}, "mtl": {"face": 0}}, {"geom": {"polygons": [[[[-4.686193550180178, -8.393438449129462], [-1.1713780928985216, 9.276633797213435], [-1.1649493128352333, 9.276633797213435], [4.686193550180178, 8.407285079360008], [1.1688252005842514, -9.276633797213435], [1.1624968909600284, -9.276633797213435], [-4.686193550180178, -8.393438449129462]]]], "centroids": [[-0.00026656617410480976, 0.003355337306857109, 6.0]], "h": 6.0}, "mtl": {"face": 1}}], "featureCount": 3, "startIndex": 0}