{"type": "block", "layer": 0, "block": 0, "features": [{"geom": {"polygons": [[[[-6.930942246428458, -3.9772570226341486], [-6.930942246428458, -3.974018979817629], [-4.775035496044438, 5.774846604093909], [6.930942246428458, 4.154180336743593], [6.930942246428458, 4.1503353249281645], [5.0958682606578805, -5.774846604093909], [-6.930942246428458, -3.9772570226341486]]]], "centroids": [[0.08811367448652163, 0.018443770706653595, 3.0]], "h": 3.0}, "mtl": {"face": 0}}, {"geom": {"polygons": [[[[-6.930942246428458, -3.9772570226341486], [-6.930942246428458, -2.0819628853350878], [-5.176336244301638, 5.838619498535991], [-4.775035496044438, 5.774846604093909], [6.930942246428458, 4.154180338606238], [6.930942246428458, 0.8339635040611029], [6.4147198315477, -1.9640415254980326], [5.820755167864263, -1.8542229738086462], [5.095868260512361, -5.774846604093909], [-6.930942246428458, -3.9772570226341486]]]], "centroids": [[0.049216216400964186, 0.06572138518095016, 6.0]], "h": 6.0}, "mtl": {"face": 1}}], "featureCount": 2, "startIndex": 0}