{"type": "block", "layer": 0, "block": 0, "features": [{"geom": {"polygons": [[[[-3.9752159246709198, -0.8733890652656555], [-3.9752159246709198, -0.8718063868582249], [-2.9451207244128454, 2.927520589902997], [3.9752159246709198, 0.9727780297398567], [3.9752159246709198, 0.9710013624280691], [3.0439929460408166, -2.927520589902997], [-3.9752159246709198, -0.8733890652656555]]]], "centroids": [[0.03333407800528221, 0.016652949154376984, 3.0]], "h": 3.0}, "mtl": {"face": 0}}, {"geom": {"polygons": [[[[-3.9752159246709198, -0.8718063868582249], [-3.9752159246709198, 3.2184848934412003], [-2.9451207244128454, 2.927520589902997], [-3.9752159246709198, -0.8718063868582249]]]], "centroids": [[-3.6318508579279296, 1.7580663654953241, 3.0]], "h": 3.0}, "mtl": {"face": 0}}, {"geom": {"polygons": [[[[-3.9752159246709198, -0.8718063868582249], [-3.9752159246709198, 3.2184848934412003], [-2.9451207244128454, 2.927520589902997], [-3.9752159246709198, -0.8718063868582249]]]], "centroids": [[-3.6318508579279296, 1.7580663654953241, 6.0]], "h": 6.0}, "mtl": {"face": 1}}], "featureCount": 3, "startIndex": 0}