{"type": "block", "layer": 1, "block": 0, "features": [{"geom": {"triangles": {"v": [-3.000233527040109, 2.6299024056643248, 3.0, -7.078358527040109, -16.370097594335675, 3.0, -0.14085852704010904, -18.370097594335675, 3.0, 3.952891472959891, 1.6299024056643248, 3.0], "f": [0, 1, 2, 0, 2, 3]}, "centroids": [[-1.5660672953235917, -7.468228122219443, 3.0]]}, "mtl": 0}], "featureCount": 1, "startIndex": 0}