{"type": "block", "layer": 0, "block": 0, "features": [{"geom": {"polygons": [[[[-10.688931007753126, -1.8267194889485836], [-10.688931007753126, -1.8215815722942352], [-9.020999992149882, 5.8525000009685755], [10.688931007753126, 1.9937092661857605], [10.688931007753126, 1.9887667186558247], [8.918000010657124, -5.85249999910593], [-5.3516623505274765, -2.9225907642394304], [-10.688931007753126, -1.8267194889485836]]]], "centroids": [[0.012630388024263084, 0.03622440807521343, 3.0]], "h": 3.0}, "mtl": {"face": 0}}, {"geom": {"polygons": [[[[-10.688931007753126, -1.8267194889485836], [-10.688931007753126, -1.8215815722942352], [-9.020999992149882, 5.8525000009685755], [10.688931007753126, 1.9937092661857605], [10.688931007753126, 0.04047315940260887], [10.481779493275099, -0.9487282317131758], [10.049057660187827, -0.8444422446191311], [10.130981190595776, -1.0551209188997746], [10.203914116689702, -1.271006353199482], [10.263042456266703, -1.492596346884966], [10.313103919266723, -1.714186342433095], [10.349685985944234, -1.9402161799371243], [10.37613539013546, -2.1662460155785084], [10.38955655528116, -2.394126297906041], [10.392340053018415, -2.6223910860717297], [10.382512111129472, -2.8504612036049366], [10.36154605037882, -3.0777839329093695], [10.328521786257625, -3.3036701921373606], [10.284079966048012, -3.527594916522503], [10.22860329967807, -3.7473242562264204], [10.160763361753197, -3.967053595930338], [10.082469702145318, -4.181504212319851], [9.99290406392538, -4.391499318182468], [9.893017928872723, -4.596786215901375], [9.782282293774188, -4.796430652961135], [9.661812549311435, -4.990356730297208], [9.531131787225604, -5.177553124725819], [9.394509618869051, -5.354188945144415], [9.242116105160676, -5.530824763700366], [9.080208140105242, -5.700045008212328], [8.91800000713556, -5.852500002831221], [-10.688931007753126, -1.8267194889485836]]]], "centroids": [[0.238664132921258, -0.023877505213022232, 6.0]], "h": 6.0}, "mtl": {"face": 1}}, {"geom": {"polygons": [[[[-10.688931007753126, -1.8267194889485836], [-10.688931007753126, -1.8215815722942352], [-9.020999992149882, 5.8525000009685755], [10.688931007753126, 1.9937092661857605], [10.688931007753126, 0.04047315940260887], [10.481779493275099, -0.9487282317131758], [10.049057660187827, -0.8444422446191311], [10.130981190595776, -1.0551209188997746], [10.203914116689702, -1.271006353199482], [10.263042456266703, -1.492596346884966], [10.313103919266723, -1.714186342433095], [10.349685985944234, -1.9402161799371243], [10.37613539013546, -2.1662460155785084], [10.38955655528116, -2.394126297906041], [10.392340053018415, -2.6223910860717297], [10.382512111129472, -2.8504612036049366], [10.36154605037882, -3.0777839329093695], [10.328521786257625, -3.3036701921373606], [10.284079966048012, -3.527594916522503], [10.22860329967807, -3.7473242562264204], [10.160763361753197, -3.967053595930338], [10.082469702145318, -4.181504212319851], [9.99290406392538, -4.391499318182468], [9.893017928872723, -4.596786215901375], [9.782282293774188, -4.796430652961135], [9.661812549311435, -4.990356730297208], [9.531131787225604, -5.177553124725819], [9.394509618869051, -5.354188945144415], [9.242116105160676, -5.530824763700366], [9.080208140105242, -5.700045008212328], [8.918000007310184, -5.852500002831221], [-10.688931007753126, -1.8267194889485836]]]], "centroids": [[0.238664132921258, -0.023877505213022232, 9.0]], "h": 9.0}, "mtl": {"face": 2}}], "featureCount": 3, "startIndex": 0}