{"type": "block", "layer": 0, "block": 0, "features": [{"geom": {"polygons": [[[[-5.260716551216319, -7.509000001475215], [-2.8418583837046754, 10.64193569868803], [-2.8349343544687144, 10.64193569868803], [0.5179655413667206, 10.11577975191176], [-0.09020513083669357, 6.240245519205928], [1.494631424691761, 5.991544036194682], [1.1881261835515033, 4.931359175592661], [5.260716551216319, 3.7539510279893875], [1.933283448772272, -9.868000000715256], [1.7445430012885481, -10.64193569868803], [1.7419045597780496, -10.64193569868803], [-5.260716551216319, -7.509000001475215]]]], "centroids": [[-0.44555264414520934, -0.6102291140705347, 3.0]], "h": 3.0}, "mtl": {"face": 0}}, {"geom": {"polygons": [[[[-5.677716551232152, -7.199000000953674], [-5.313716551230755, -4.301000000908971], [-4.841591624397552, -4.3639170452952385], [-4.677754940057639, -3.1344984862953424], [-5.1725986901146825, -3.068553850054741], [-4.754716551222373, 0.5809999983757734], [-4.192597193119582, 0.5060899760574102], [-4.0505572687252425, 1.571947205811739], [-4.553716551105026, 1.6389999985694885], [-4.469127403746825, 2.320647606626153], [-4.358453916676808, 2.9985489025712013], [-4.22185898720636, 3.671706099063158], [-4.05954366561491, 4.3391283974051476], [-3.871746859367704, 4.999833434820175], [-3.658744981425116, 5.6528487373143435], [-3.4208515433128923, 6.297213152050972], [-2.8418583837046754, 10.64193569868803], [-2.8349343544687144, 10.64193569868803], [0.5179655413667206, 10.11577975191176], [-0.09020513083669357, 6.240245519205928], [1.494631424691761, 5.991544036194682], [1.1881261835515033, 4.931359175592661], [5.260716551245423, 3.7539510279893875], [3.4693481038848404, -3.579609861597419], [1.1380180160631426, -3.0101606342941523], [0.7359645963879302, -4.656170830130577], [3.067278277943842, -5.225616050884128], [1.933283448772272, -9.868000000715256], [1.7445430012885481, -10.64193569868803], [1.7319979633321054, -10.64193569868803], [1.1547420037677512, -10.591927507892251], [0.5705826875637285, -10.498079171404243], [-0.005194432917051017, -10.361953038722277], [-0.5695337740471587, -10.184271512553096], [-1.119440451147966, -9.96597752906382], [-1.6519961721496657, -9.708229549229145], [-1.434027283336036, -9.22104056738317], [-2.168099932518089, -8.892620341852307], [-2.620716551231453, -9.230000000447035], [-3.5921227213111706, -8.809623463079333], [-4.053084078303073, -8.54865857027471], [-4.494304788153386, -8.255550513044], [-4.913547398376977, -7.9317856580019], [-5.308685908501502, -7.5790058337152], [-5.677716551232152, -7.199000000953674]]]], "centroids": [[-0.7027790968422778, -0.6876019164919853, 6.0]], "h": 6.0}, "mtl": {"face": 1}}, {"geom": {"polygons": [[[[-5.677716551232152, -7.199000000953674], [-5.313716551230755, -4.301000000908971], [-4.841591624397552, -4.3639170452952385], [-4.677754940057639, -3.1344984862953424], [-5.1725986901146825, -3.068553850054741], [-4.754716551222373, 0.5809999983757734], [-4.192597193119582, 0.5060899760574102], [-4.0505572687252425, 1.571947205811739], [-4.553716551105026, 1.6389999985694885], [-4.469127403746825, 2.320647606626153], [-4.358453916676808, 2.9985489025712013], [-4.22185898720636, 3.671706099063158], [-4.05954366561491, 4.3391283974051476], [-3.871746859367704, 4.999833434820175], [-3.658744981425116, 5.6528487373143435], [-3.4208515433128923, 6.297213152050972], [-2.8418583837046754, 10.64193569868803], [-2.8349343544687144, 10.64193569868803], [0.5179655413667206, 10.11577975191176], [-0.09020513083669357, 6.240245519205928], [1.494631424691761, 5.991544036194682], [1.1881261835515033, 4.931359175592661], [5.260716551245423, 3.7539510279893875], [3.4693481038848404, -3.579609861597419], [1.1380180160631426, -3.0101606342941523], [0.7359645963879302, -4.656170830130577], [3.067278277943842, -5.225616050884128], [1.933283448772272, -9.868000000715256], [1.7445430012885481, -10.64193569868803], [1.7319979633321054, -10.64193569868803], [1.1547420037677512, -10.591927507892251], [0.5705826875637285, -10.498079171404243], [-0.005194432917051017, -10.361953038722277], [-0.5695337740471587, -10.184271512553096], [-1.119440451147966, -9.96597752906382], [-1.6519961721496657, -9.708229549229145], [-1.434027283336036, -9.22104056738317], [-2.168099932518089, -8.892620341852307], [-2.620716551231453, -9.230000000447035], [-3.5921227213111706, -8.809623463079333], [-4.053084078303073, -8.54865857027471], [-4.494304788153386, -8.255550513044], [-4.913547398376977, -7.9317856580019], [-5.308685908501502, -7.5790058337152], [-5.677716551232152, -7.199000000953674]]]], "centroids": [[-0.7027790968422778, -0.6876019164919853, 9.0]], "h": 9.0}, "mtl": {"face": 2}}], "featureCount": 3, "startIndex": 0}