{"type": "block", "layer": 0, "block": 0, "features": [{"geom": {"polygons": [[[[-2.010500000003958, -4.175672898069024], [-0.8840826219820883, 4.5702158305794], [-0.8806603235716466, 4.5702158305794], [2.010500000003958, 4.177327102050185], [1.5105000000039581, -0.7516728974878788], [0.9925619954592548, -4.5702158305794], [0.9890251333417837, -4.5702158305794], [-2.010500000003958, -4.175672898069024]]]], "centroids": [[0.04148574350983836, -0.030285300686955452, 3.0]], "h": 3.0}, "mtl": {"face": 0}}, {"geom": {"polygons": [[[[-4.570215830346569, -3.944119656458497], [-4.570215830346569, 4.5702158305794], [-0.884082621865673, 4.5702158305794], [-2.0104999997420236, -4.175672898069024], [-4.570215830346569, -3.944119656458497]]]], "centroids": [[-2.983870248834137, 0.5101591236889362, 3.0]], "h": 3.0}, "mtl": {"face": 0}}, {"geom": {"polygons": [[[[-4.570215830346569, -4.5702158305794], [-4.570215830346569, -3.944119656458497], [-2.0104999997420236, -4.175672898069024], [-1.6575789775815792, -4.222094411030412], [-1.6885500260978006, -4.5702158305794], [-4.570215830346569, -4.5702158305794]]]], "centroids": [[-3.251813667360693, -4.316876707598567, 3.0]], "h": 3.0}, "mtl": {"face": 0}}, {"geom": {"polygons": [[[[-4.570215830346569, -3.944119656458497], [-4.570215830346569, 4.5702158305794], [-0.8840826218947768, 4.5702158305794], [-2.010500000003958, -4.175672898069024], [-4.570215830346569, -3.944119656458497]]]], "centroids": [[-2.983870248950552, 0.5101591236889362, 6.0]], "h": 6.0}, "mtl": {"face": 1}}], "featureCount": 4, "startIndex": 0}