{"type": "block", "layer": 1, "block": 0, "features": [{"geom": {"triangles": {"v": [-11.062738180189626, 9.049370903521776, 3.0, -11.937738180189626, -0.9506290964782238, 3.0, 13.859136819810374, 6.049370903521776, 3.0, 13.031011819810374, -2.950629096478224, 3.0], "f": [0, 1, 2, 1, 3, 2]}, "centroids": [[0.9788625840155873, 2.71251611597836, 3.0]]}, "mtl": 0}], "featureCount": 1, "startIndex": 0}