{"type": "block", "layer": 1, "block": 0, "features": [{"geom": {"triangles": {"v": [-6.504159479896771, 6.071567103266716, 3.0, -7.910409479896771, -1.928432896733284, 3.0, -3.769784479896771, 5.071567103266716, 3.0, 18.65209052010323, -9.928432896733284, 3.0, 20.38646552010323, 0.071567103266716, 3.0], "f": [0, 1, 2, 2, 1, 3, 4, 2, 3]}, "centroids": [[6.420176459738286, -1.6348497439175844, 3.0]]}, "mtl": 0}], "featureCount": 1, "startIndex": 0}