{"type": "block", "layer": 0, "block": 0, "features": [{"geom": {"polygons": [[[[-11.844859051285312, -3.359847454354167], [-11.844859051285312, -3.352960964664817], [-11.012949491181644, 1.3570094797760248], [-10.070577780308668, 6.692376591265202], [11.377767782803858, 3.351003088057041], [9.708518915518653, -6.629224330186844], [-11.844859051285312, -3.359847454354167]]]], "centroids": [[-0.22355625263298862, 0.01243358850479126, 3.0]], "h": 3.0}, "mtl": {"face": 0}}, {"geom": {"polygons": [[[[-11.844859051285312, -3.359847454354167], [-11.844859051285312, -3.352960964664817], [-11.16002359072445, 0.5243292059749365], [-9.177398898638785, 0.2578223757445812], [-8.721996303560445, 2.829010136425495], [-10.694903095951304, 3.1576729100197554], [-10.070577780308668, 6.692376591265202], [-0.7994460809277371, 5.2480547577142715], [-1.2791987497184891, 2.1666262578219175], [1.1009304954786785, 1.8532860428094864], [1.5719500335399061, 4.878622060641646], [11.377767782803858, 3.351003088057041], [11.844859051285312, 3.278236337006092], [11.844859051285312, 3.2707818876951933], [11.314667782804463, 0.01700308918952942], [11.396967782784486, -0.0049969106912612915], [11.212711447180482, -1.0227447971701622], [11.102319723460823, -2.4552013091742992], [10.863767782779178, -4.0959969107061625], [10.683967782795662, -4.996996911242604], [10.446367782802554, -5.852996911853552], [10.124175277655013, -6.692376591265202], [9.708518915518653, -6.629224330186844], [0.009334977657999843, -5.157979881390929], [0.36944958340609446, -2.844980951398611], [-2.0020120816188864, -2.4759692829102278], [-2.3635397996986285, -4.798044564202428], [-11.844859051285312, -3.359847454354167]]]], "centroids": [[0.34210362273734063, -0.10831196792423725, 6.0]], "h": 6.0}, "mtl": {"face": 1}}, {"geom": {"polygons": [[[[-11.844859051285312, -3.359847454354167], [-11.844859051285312, -3.352960964664817], [-11.16002359072445, 0.5243292059749365], [-9.177398898638785, 0.2578223757445812], [-8.721996303560445, 2.829010136425495], [-10.694903095951304, 3.1576729100197554], [-10.070577780308668, 6.692376591265202], [-0.7994460809277371, 5.2480547577142715], [-1.2791987497184891, 2.1666262578219175], [1.1009304954786785, 1.8532860428094864], [1.5719500335399061, 4.878622060641646], [11.377767782803858, 3.351003088057041], [11.844859051285312, 3.278236337006092], [11.844859051285312, 3.2707818876951933], [11.314667782804463, 0.01700308918952942], [11.396967782784486, -0.0049969106912612915], [11.212711447180482, -1.0227447971701622], [11.102319723460823, -2.4552013091742992], [10.863767782779178, -4.0959969107061625], [10.683967782795662, -4.996996911242604], [10.446367782802554, -5.852996911853552], [10.124175277655013, -6.692376591265202], [9.708518915518653, -6.629224330186844], [0.009334977657999843, -5.157979881390929], [0.36944958340609446, -2.844980951398611], [-2.0020120816188864, -2.4759692829102278], [-2.3635397996986285, -4.798044564202428], [-11.844859051285312, -3.359847454354167]]]], "centroids": [[0.34210362273734063, -0.10831196792423725, 9.0]], "h": 9.0}, "mtl": {"face": 2}}], "featureCount": 3, "startIndex": 0}