{"type": "block", "layer": 0, "block": 0, "features": [{"geom": {"polygons": [[[[-6.956836169818416, 4.209557253867388], [-6.080871072161244, 8.235152337700129], [-6.076906911184778, 8.235152337700129], [-3.092531200585654, 7.585755439475179], [6.956836169818416, 5.399024065583944], [4.211502006975934, -8.235152337700129], [4.2080039471329655, -8.235152337700129], [-0.15720679252990521, -7.156238751485944], [-4.440185089042643, -0.13653857819736004], [-4.032831239484949, 1.3802526630461216], [-6.956836169818416, 4.209557253867388]]]], "centroids": [[0.4816978231538087, 0.8724300898611546, 3.0]], "h": 3.0}, "mtl": {"face": 0}}, {"geom": {"polygons": [[[[-4.440185091050807, -0.13653857819736004], [-0.15720679430523887, -7.156238751485944], [-0.41316383201046847, -7.092975934967399], [-4.743589547346346, -1.266271911561489], [-4.440185091050807, -0.13653857819736004]]]], "centroids": [[-2.9140227756870445, -3.1978785526007414, 3.0]], "h": 3.0}, "mtl": {"face": 0}}], "featureCount": 2, "startIndex": 0}