{"type": "block", "layer": 1, "block": 0, "features": [{"geom": {"triangles": {"v": [1.2129877638653852, 13.117339171469212, 3.0, -3.146387236134615, -5.882660828530788, 3.0, 8.197362763865385, -7.882660828530788, 3.0, 12.275487763865385, 12.117339171469212, 3.0, 19.962987763865385, -8.882660828530788, 3.0, 22.603612763865385, 11.117339171469212, 3.0, 19.587987763865385, -9.882660828530788, 3.0], "f": [0, 1, 2, 3, 0, 2, 3, 2, 4, 3, 4, 5, 2, 6, 4]}, "centroids": [[10.217491354822414, 1.952986717224121, 3.0]]}, "mtl": 0}], "featureCount": 1, "startIndex": 0}