{"type": "block", "layer": 1, "block": 0, "features": [{"geom": {"triangles": {"v": [0.48122753502684645, 15.98060093447566, 3.0, -3.7062724649731535, -3.0193990655243397, 3.0, 10.324977535026846, 13.98060093447566, 3.0, 6.0906025350268465, -5.01939906552434, 3.0], "f": [0, 1, 2, 1, 3, 2]}, "centroids": [[3.301275938429171, 5.37659814581275, 3.0]]}, "mtl": 0}], "featureCount": 1, "startIndex": 0}