{"type": "block", "layer": 1, "block": 0, "features": [{"geom": {"triangles": {"v": [-4.170374196633929, 4.809817019850016, 3.0, -6.451624196633929, -6.190182980149984, 3.0, 14.84525080336607, -10.190182980149984, 3.0, 17.11087580336607, 0.8098170198500156, 3.0], "f": [0, 1, 2, 0, 2, 3]}, "centroids": [[5.368439862126252, -2.822368435561657, 3.0]]}, "mtl": 0}], "featureCount": 1, "startIndex": 0}