{"type": "block", "layer": 0, "block": 0, "features": [{"geom": {"polygons": [[[[-6.368680000130553, -1.1215209420770407], [-6.368680000130553, -1.1183766666799784], [-5.410836429160554, 3.423643449321389], [6.368680000130553, 0.9395210109651089], [6.368680000130553, 0.9363423585891724], [5.456489979231264, -3.4236434511840343], [-6.368680000130553, -1.1215209420770407]]]], "centroids": [[-0.029145448323106393, -0.037511883303523064, 3.0]], "h": 3.0}, "mtl": {"face": 0}}], "featureCount": 1, "startIndex": 0}