{"type": "block", "layer": 1, "block": 0, "features": [{"geom": {"triangles": {"v": [-14.358808068966027, -14.700613308697939, 3.0, -18.452558068966027, -33.70061330869794, 3.0, -1.6869330689660273, -37.70061330869794, 3.0, 6.375566931033973, 1.299386691302061, 3.0, -10.296308068966027, 4.299386691302061, 3.0], "f": [0, 1, 2, 0, 2, 3, 4, 0, 3]}, "centroids": [[-6.002683821920073, -16.584347987547517, 3.0]]}, "mtl": 0}], "featureCount": 1, "startIndex": 0}