{"type": "block", "layer": 0, "block": 0, "features": [{"geom": {"polygons": [[[[-2.7416324895457365, -1.4257252532988787], [-2.7416324895457365, -1.424045242369175], [-2.1097649797447957, 2.3284069877117872], [2.7416324895457365, 1.4322765711694956], [2.7416324895457365, 1.4307415336370468], [2.0472578587650787, -2.3284069877117872], [-2.7416324895457365, -1.4257252532988787]]]], "centroids": [[-0.013060276571195573, 0.0051442403346300125, 3.0]], "h": 3.0}, "mtl": {"face": 0}}, {"geom": {"polygons": [[[[-2.7416324895457365, -1.4257252532988787], [-2.7416324895457365, -1.424045242369175], [-2.1097649797447957, 2.3284069877117872], [2.7416324895457365, 1.4322765711694956], [2.7416324895457365, 1.4307415336370468], [2.0472578587650787, -2.3284069877117872], [-2.7416324895457365, -1.4257252532988787]]]], "centroids": [[-0.013060276571195573, 0.0051442403346300125, 6.0]], "h": 6.0}, "mtl": {"face": 1}}], "featureCount": 2, "startIndex": 0}