{"type": "block", "layer": 0, "block": 0, "features": [{"geom": {"polygons": [[[[-2.0354391897271853, -1.5459358766674995], [-1.3047078023664653, 2.0450141429901123], [-1.3037906935496721, 2.0450141429901123], [2.0354391896980815, 1.2649333011358976], [1.4621576154895592, -1.414182199165225], [0.48177651935839094, -1.2170707937330008], [0.30458122966228984, -2.0450141429901123], [0.30357892901520245, -2.0450141429901123], [-2.0354391897271853, -1.5459358766674995]]]], "centroids": [[-0.07599039271008223, 0.0012588370591402054, 3.0]], "h": 3.0}, "mtl": {"face": 0}}, {"geom": {"polygons": [[[[1.1700636128662154, -2.0450141429901123], [1.3108644422900397, -1.3837638143450022], [2.0450141432811506, -1.5313689447939396], [2.0450141432811506, -2.0450141429901123], [1.1700636128662154, -2.0450141429901123]]]], "centroids": [[1.6237299594795331, -1.757037427276373, 3.0]], "h": 3.0}, "mtl": {"face": 0}}, {"geom": {"polygons": [[[[0.586251495347824, -2.0450141429901123], [0.7496215166756883, -1.2709226105362177], [2.0450141432811506, -1.5313689447939396], [2.0450141432811506, -2.0450141429901123], [0.586251495347824, -2.0450141429901123]]]], "centroids": [[1.3072489108599257, -1.7235029097646475, 6.0]], "h": 6.0}, "mtl": {"face": 1}}, {"geom": {"polygons": [[[[0.3045812296040822, -2.0450141429901123], [0.48177651935839094, -1.2170707937330008], [2.0450141432811506, -1.5313689447939396], [2.0450141432811506, -2.0450141429901123], [0.3045812296040822, -2.0450141429901123]]]], "centroids": [[1.1513847681635525, -1.7077668141573668, 9.0]], "h": 9.0}, "mtl": {"face": 2}}], "featureCount": 4, "startIndex": 0}