{"type": "block", "layer": 1, "block": 0, "features": [{"geom": {"triangles": {"v": [-1.8862628672504798, -0.8725726008415222, 3.0, -4.29251286725048, -12.872572600841522, 3.0, 7.42623713274952, -14.872572600841522, 3.0, 10.30123713274952, -0.8725726008415222, 3.0, -0.8862628672504798, 2.127427399158478, 3.0, -1.3081378672504798, 2.127427399158478, 3.0], "f": [0, 1, 2, 0, 2, 3, 4, 0, 3, 5, 0, 4]}, "centroids": [[3.0078682341845706, -6.578151095658541, 3.0]]}, "mtl": 0}], "featureCount": 1, "startIndex": 0}