{"type": "block", "layer": 1, "block": 0, "features": [{"geom": {"triangles": {"v": [-5.555084658320993, 5.062963658943772, 3.0, -7.211334658320993, -2.9370363410562277, 3.0, 17.319915341679007, -7.937036341056228, 3.0, 18.679290341679007, 1.0629636589437723, 3.0], "f": [0, 1, 2, 3, 0, 2]}, "centroids": [[5.817009960126597, -1.0881811659783125, 3.0]]}, "mtl": 0}], "featureCount": 1, "startIndex": 0}