{"type": "block", "layer": 1, "block": 0, "features": [{"geom": {"triangles": {"v": [-6.89191053196555, 4.642418194562197, 3.0, -7.64191053196555, -3.3575818054378033, 3.0, 11.21746446803445, -5.357581805437803, 3.0, 11.96746446803445, 2.6424181945621967, 3.0], "f": [0, 1, 2, 0, 2, 3]}, "centroids": [[2.18086684437003, -0.14386811666190624, 3.0]]}, "mtl": 0}], "featureCount": 1, "startIndex": 0}