{"type": "block", "layer": 0, "block": 0, "features": [{"geom": {"polygons": [[[[-4.768686333089136, -3.2060882914811373], [-4.768686333089136, -3.2036578189581633], [-3.178563249268336, 4.6149971801787615], [4.768686333089136, 3.193926429376006], [4.768686333089136, 3.1916194446384907], [3.0929001176846214, -4.6149971801787615], [-4.768686333089136, -3.2060882914811373]]]], "centroids": [[-0.019693879992701113, 0.003918100148439407, 3.0]], "h": 3.0}, "mtl": {"face": 0}}, {"geom": {"polygons": [[[[-4.768686333089136, -3.2060882914811373], [-4.768686333089136, -3.2036578189581633], [-3.178563249268336, 4.6149971801787615], [4.768686333089136, 3.193926429376006], [4.768686333089136, 3.1916194446384907], [3.0929001176846214, -4.6149971801787615], [-4.768686333089136, -3.2060882914811373]]]], "centroids": [[-0.019693879992701113, 0.003918100148439407, 6.0]], "h": 6.0}, "mtl": {"face": 1}}], "featureCount": 2, "startIndex": 0}