{"type": "block", "layer": 1, "block": 0, "features": [{"geom": {"triangles": {"v": [-3.1840632496459875, 4.9389971774071455, 3.0, -4.7621882496459875, -3.0610028225928545, 3.0, 10.175311750354012, -6.0610028225928545, 3.0, 11.597186750354012, 1.9389971774071455, 3.0], "f": [0, 1, 2, 0, 2, 3]}, "centroids": [[3.4547149721183814, -0.6329606678336859, 3.0]]}, "mtl": 0}], "featureCount": 1, "startIndex": 0}