{"type": "block", "layer": 0, "block": 0, "features": [{"geom": {"polygons": [[[[-6.181850000022678, -6.6644999999552965], [-5.4094892190769315, 6.873812548816204], [-5.405489531374769, 6.873812548816204], [6.181850000022678, 4.862500000745058], [5.512289219244849, -6.873812548816204], [5.47396851866506, -6.873812548816204], [-6.181850000022678, -6.6644999999552965]]]], "centroids": [[-0.11264075434883125, -0.43729802779853344, 3.0]], "h": 3.0}, "mtl": {"face": 0}}, {"geom": {"polygons": [[[[-6.181850000022678, -6.6644999999552965], [-5.4094892190769315, 6.873812548816204], [-2.1895137628016528, 6.873812548816204], [6.213384413858876, 5.415250426158309], [6.181850000022678, 4.862500000745058], [5.512289219244849, -6.873812548816204], [5.47396851866506, -6.873812548816204], [-6.181850000022678, -6.6644999999552965]]]], "centroids": [[-0.06649926496902481, -0.2033790834248066, 6.0]], "h": 6.0}, "mtl": {"face": 1}}], "featureCount": 2, "startIndex": 0}