{"type": "block", "layer": 0, "block": 0, "features": [{"geom": {"polygons": [[[[-10.551333593670279, -5.29851164855063], [-10.551333593670279, -5.288845075294375], [-9.073100870504277, 7.882535854354501], [10.551333593670279, 2.785724913701415], [10.551333593670279, 2.778765805065632], [8.868439946207218, -7.882535852491856], [5.6883240735623986, -7.017462266609073], [5.6883240735623986, -7.572174791246653], [-4.974611167475814, -6.694549150764942], [-10.551333593670279, -5.29851164855063]]]], "centroids": [[-0.45389054145198315, -0.6628622431308031, 3.0]], "h": 3.0}, "mtl": {"face": 0}}, {"geom": {"polygons": [[[[-10.551333593670279, -5.29851164855063], [-10.551333593670279, -5.288845077157021], [-9.073100870475173, 7.882535854354501], [10.551333593670279, 2.785724913701415], [10.551333593670279, -1.5587651710957289], [9.544456652598456, -8.064393881708384], [8.86848883255152, -7.882549149915576], [5.688324073591502, -7.017462266609073], [5.688324073591502, -7.572174791246653], [-4.97461116744671, -6.694549150764942], [-10.551333593670279, -5.29851164855063]], [[-0.5453634303994477, -5.308106184005737], [2.0766975267615635, -5.948731563985348], [2.667910849733744, -3.5289127100259066], [0.04584989315480925, -2.888287330046296], [-0.5453634303994477, -5.308106184005737]]]], "centroids": [[-0.24392199769499712, -0.6311405077576637, 6.0]], "h": 6.0}, "mtl": {"face": 1}}], "featureCount": 2, "startIndex": 0}