{"type": "block", "layer": 0, "block": 0, "features": [{"geom": {"polygons": [[[[-10.24841121508507, 2.2592396531254053], [-10.24841121508507, 2.264096448197961], [-9.213211689551827, 6.9462760873138905], [10.24841121508507, 2.7070841006934643], [10.24841121508507, 2.702118221670389], [8.163267346128123, -6.946276085451245], [3.5028722835122608, -5.797051189467311], [4.557889191200957, -0.9334156811237335], [-10.24841121508507, 2.2592396531254053]]]], "centroids": [[1.287266279978212, 1.1972911693155766, 3.0]], "h": 3.0}, "mtl": {"face": 0}}, {"geom": {"polygons": [[[[-10.24841121508507, -10.24841121584177], [-10.24841121508507, -0.9234236162155867], [-7.010632745514158, -1.6200240086764097], [-8.918295077310177, -10.24841121584177], [-10.24841121508507, -10.24841121584177]]]], "centroids": [[-9.04703520887415, -5.120069921016693, 3.0]], "h": 3.0}, "mtl": {"face": 0}}], "featureCount": 2, "startIndex": 0}