{"type": "block", "layer": 1, "block": 0, "features": [{"geom": {"triangles": {"v": [4.385776335810078, 12.266861386597157, 3.0, -3.8642236641899217, 5.2668613865971565, 3.0, 9.901401335810078, 8.266861386597157, 3.0, 15.104526335810078, 13.266861386597157, 3.0, 12.729526335810078, 21.266861386597157, 3.0, 16.29202633581008, 15.266861386597157, 3.0, 17.33890133581008, 16.266861386597157, 3.0, -0.2860986641899217, -2.7331386134028435, 3.0], "f": [0, 1, 2, 3, 0, 2, 4, 0, 3, 4, 3, 5, 4, 5, 6, 1, 7, 2]}, "centroids": [[6.290405611915048, 9.270684173330665, 3.0]]}, "mtl": 0}], "featureCount": 1, "startIndex": 0}