{"type": "block", "layer": 1, "block": 0, "features": [{"geom": {"triangles": {"v": [-7.214994556910824, 5.869691450148821, 3.0, -9.355619556910824, -4.130308549851179, 3.0, 10.253755443089176, -7.130308549851179, 3.0, 12.253755443089176, 1.8696914501488209, 3.0], "f": [0, 1, 2, 0, 2, 3]}, "centroids": [[1.4464665693813004, -0.8274765461683273, 3.0]]}, "mtl": 0}], "featureCount": 1, "startIndex": 0}