{"type": "block", "layer": 1, "block": 0, "features": [{"geom": {"triangles": {"v": [-7.134324989805464, 6.331522250548005, 3.0, -8.759324989805464, -11.668477749451995, 3.0, 6.318800010194536, 5.331522250548005, 3.0, 4.771925010194536, -12.668477749451995, 3.0], "f": [0, 1, 2, 1, 3, 2]}, "centroids": [[-1.202184323075926, -3.0722166877239943, 3.0]]}, "mtl": 0}], "featureCount": 1, "startIndex": 0}