{"type": "block", "layer": 0, "block": 0, "features": [{"geom": {"polygons": [[[[-4.827755572128808, -3.005253080278635], [-4.827755572128808, -3.0000976007431746], [-4.183963666262571, 3.8164091650396585], [4.827755572128808, 3.0142338145524263], [4.827755572128808, 3.0088177900761366], [4.2144383958075196, -3.8164091631770134], [-4.827755572128808, -3.005253080278635]]]], "centroids": [[0.00812241926905699, 0.00022780708968639374, 3.0]], "h": 3.0}, "mtl": {"face": 0}}, {"geom": {"polygons": [[[[-4.827755572128808, -3.0000976007431746], [-4.827755572128808, 0.5587093979120255], [-4.494504745671293, 0.5283818542957306], [-4.827755572128808, -3.0000976007431746]]]], "centroids": [[-4.716671963309636, -0.6376687828451395, 3.0]], "h": 3.0}, "mtl": {"face": 0}}, {"geom": {"polygons": [[[[-4.827755572128808, -3.005253080278635], [-4.827755572128808, -3.0000976007431746], [-4.183963666262571, 3.8164091650396585], [4.827755572128808, 3.0142338145524263], [4.827755572128808, 3.0088177900761366], [4.2144383958075196, -3.8164091631770134], [-4.827755572128808, -3.005253080278635]]]], "centroids": [[0.00812241926905699, 0.00022780708968639374, 6.0]], "h": 6.0}, "mtl": {"face": 1}}], "featureCount": 3, "startIndex": 0}