{"type": "block", "layer": 1, "block": 0, "features": [{"geom": {"triangles": {"v": [4.827713395818137, 3.186890836805105, 3.0, -9.656661604181863, 4.186890836805105, 3.0, -10.250411604181863, -2.813109163194895, 3.0, 4.218338395818137, -3.813109163194895, 3.0], "f": [0, 1, 2, 0, 2, 3]}, "centroids": [[-2.713163444044767, 0.245809156447649, 3.0]]}, "mtl": 0}], "featureCount": 1, "startIndex": 0}