{"type": "block", "layer": 1, "block": 0, "features": [{"geom": {"triangles": {"v": [6.73737500194693, -0.8104019798338413, 3.0, -3.73137499805307, 6.189598020166159, 3.0, -6.93449999805307, -3.8104019798338413, 3.0, 6.78425000194693, -0.8104019798338413, 3.0, 6.94050000194693, 3.1895980201661587, 3.0, 4.67487500194693, -5.810401979833841, 3.0, 6.50300000194693, -6.810401979833841, 3.0], "f": [0, 1, 2, 1, 0, 3, 1, 3, 4, 0, 2, 5, 5, 6, 0]}, "centroids": [[0.6380594306974672, -0.4662305451929569, 3.0]]}, "mtl": 0}], "featureCount": 1, "startIndex": 0}