{"type": "block", "layer": 0, "block": 0, "features": [{"geom": {"polygons": [[[[-2.8069500161800534, -7.9780930913984776], [-2.04295423507574, 8.027676433324814], [-1.9349433188035619, 8.027676433324814], [2.806950016209157, 7.99241728335619], [2.267249983851798, -2.681093091145158], [2.0468499838607386, -7.989393090829253], [2.045260404003784, -8.027676433324814], [1.967912790569244, -8.027676433324814], [-2.8069500161800534, -7.9780930913984776]]]], "centroids": [[-0.007005136023508385, 0.005780672654509544, 3.0]], "h": 3.0}, "mtl": {"face": 0}}], "featureCount": 1, "startIndex": 0}