{"type": "block", "layer": 1, "block": 0, "features": [{"geom": {"triangles": {"v": [-17.570125016150996, 8.124906908720732, 3.0, 2.273624983849004, -2.8750930912792683, 3.0, 2.820499983849004, 8.124906908720732, 3.0, -17.398250016150996, -14.875093091279268, 3.0, 2.039249983849004, -7.875093091279268, 3.0, 1.836124983849004, -12.875093091279268, 3.0, 1.367374983849004, -14.875093091279268, 3.0], "f": [0, 1, 2, 0, 3, 1, 1, 3, 4, 4, 3, 5, 5, 3, 6]}, "centroids": [[-7.584905071300454, -2.9669128451496363, 3.0]]}, "mtl": 0}], "featureCount": 1, "startIndex": 0}