{"type": "block", "layer": 1, "block": 0, "features": [{"geom": {"triangles": {"v": [-10.289534726325655, 5.584081714972854, 3.0, -11.758284726325655, -1.4159182850271463, 3.0, 9.413590273674345, -6.415918285027146, 3.0, 10.913590273674345, 0.5840817149728537, 3.0], "f": [0, 1, 2, 0, 2, 3]}, "centroids": [[-0.43957434690673836, -0.2666254844516516, 3.0]]}, "mtl": 0}], "featureCount": 1, "startIndex": 0}