{"type": "block", "layer": 1, "block": 0, "features": [{"geom": {"triangles": {"v": [-22.7712549236021, 4.864654732868075, 3.0, -25.3806299236021, -8.135345267131925, 3.0, -3.4275049236021005, 2.8646547328680754, 3.0, -3.6618799236021005, -12.135345267131925, 3.0, 2.6974950763978995, 1.8646547328680754, 3.0], "f": [0, 1, 2, 1, 3, 2, 2, 3, 4]}, "centroids": [[-12.008892345183995, -3.2807676922529936, 3.0]]}, "mtl": 0}], "featureCount": 1, "startIndex": 0}