{"type": "block", "layer": 1, "block": 0, "features": [{"geom": {"triangles": {"v": [-13.64253643937991, 6.809926243498921, 3.0, -15.37691143937991, -1.1900737565010786, 3.0, -4.70503643937991, -3.1900737565010786, 3.0, 6.04496356062009, 2.8099262434989214, 3.0, 4.35746356062009, -5.190073756501079, 3.0], "f": [0, 1, 2, 0, 2, 3, 2, 4, 3]}, "centroids": [[-4.603826187318191, 0.9550587758421898, 3.0]]}, "mtl": 0}], "featureCount": 1, "startIndex": 0}