{"type": "block", "layer": 1, "block": 0, "features": [{"geom": {"triangles": {"v": [-5.270473337150179, -7.961398400366306, 3.0, -5.629848337150179, -12.961398400366306, 3.0, -1.5048483371501788, -12.961398400366306, 3.0, 3.042026662849821, -12.961398400366306, 3.0, 4.182651662849821, 1.0386015996336937, 3.0, -3.551723337150179, 2.0386015996336937, 3.0], "f": [0, 1, 2, 0, 2, 3, 4, 0, 3, 5, 0, 4]}, "centroids": [[-0.5999818452983163, -5.692254591733217, 3.0]]}, "mtl": 0}], "featureCount": 1, "startIndex": 0}