{"type": "block", "layer": 1, "block": 0, "features": [{"geom": {"triangles": {"v": [-3.4454045871680137, -4.6760672070086, 3.0, -1.9454045871680137, -4.6760672070086, 3.0, -1.5079045871680137, 5.3239327929914, 3.0, 2.9452204128319863, -5.6760672070086, 3.0, 19.663970412831986, 0.32393279299139977, 3.0, 17.710845412831986, -8.6760672070086, 3.0], "f": [0, 1, 2, 2, 1, 3, 2, 3, 4, 3, 5, 4]}, "centroids": [[8.108231469115708, -1.7146959323436022, 3.0]]}, "mtl": 0}], "featureCount": 1, "startIndex": 0}