{"type": "block", "layer": 1, "block": 0, "features": [{"geom": {"triangles": {"v": [-7.233966327388771, 6.587253168225288, 3.0, -10.14021632738877, -1.4127468317747116, 3.0, 5.719158672611229, -5.412746831774712, 3.0, 7.672283672611229, 2.5872531682252884, 3.0], "f": [0, 1, 2, 3, 0, 2]}, "centroids": [[-1.0508094422984868, 0.5905732475221157, 3.0]]}, "mtl": 0}], "featureCount": 1, "startIndex": 0}