{"type": "block", "layer": 1, "block": 0, "features": [{"geom": {"triangles": {"v": [-15.925228688429343, 8.434105049818754, 3.0, -17.972103688429343, 1.4341050498187542, 3.0, 4.871646311570657, -1.5658949501812458, 3.0, 5.621646311570657, 1.4341050498187542, 3.0, 4.246646311570657, -4.565894950181246, 3.0], "f": [0, 1, 2, 0, 2, 3, 1, 4, 2]}, "centroids": [[-6.319481728685787, 1.6560449097305536, 3.0]]}, "mtl": 0}], "featureCount": 1, "startIndex": 0}