{"type": "block", "layer": 1, "block": 0, "features": [{"geom": {"triangles": {"v": [-10.65053347297362, 3.644897408783436, 3.0, -10.94740847297362, -2.355102591216564, 3.0, 9.38071652702638, -0.3551025912165642, 3.0, 8.36509152702638, -6.355102591216564, 3.0], "f": [0, 1, 2, 1, 3, 2]}, "centroids": [[-1.0142859280167613, -0.9864249806851149, 3.0]]}, "mtl": 0}], "featureCount": 1, "startIndex": 0}