{"type": "block", "layer": 0, "block": 0, "features": [{"geom": {"polygons": [[[[-4.198154257173883, -4.19815425761044], [-4.198154257173883, -3.4534133803099394], [-4.0398032200173475, -2.732574112713337], [2.102929181593936, -4.104488451033831], [2.082009913981892, -4.19815425761044], [-4.198154257173883, -4.19815425761044]]]], "centroids": [[-1.9490337943134364, -3.7047781012952328, 3.0]], "h": 3.0}, "mtl": {"face": 0}}, {"geom": {"polygons": [[[[-4.198154257173883, -4.19815425761044], [-4.198154257173883, -3.4534133803099394], [-4.039803219871828, -2.732574112713337], [2.1029291814775206, -4.104488451033831], [2.082009913865477, -4.19815425761044], [-4.198154257173883, -4.19815425761044]]]], "centroids": [[-1.949033794371644, -3.7047781012952328, 6.0]], "h": 6.0}, "mtl": {"face": 1}}, {"geom": {"polygons": [[[[-4.0398032200173475, -2.732574112713337], [-2.5172890115645714, 4.19815425761044], [-2.5153540734609123, 4.19815425761044], [4.0398032200173475, 2.7045741118490696], [2.5242889600631315, -4.19815425761044], [2.522316873917589, -4.19815425761044], [-4.0398032200173475, -2.732574112713337]]]], "centroids": [[-0.0004931228177156299, -0.006568722426891327, 3.0]], "h": 3.0}, "mtl": {"face": 0}}], "featureCount": 3, "startIndex": 0}