{"type": "block", "layer": 0, "block": 0, "features": [{"geom": {"polygons": [[[[-13.121868777088821, -18.912826128304005], [-11.522168260707986, -11.380156308412552], [-12.31033443196793, -11.23214659281075], [-8.913062581297709, 5.243116358295083], [-8.217553341324674, 5.0996992867439985], [-8.171656149730552, 5.322280326858163], [-5.677337701490615, 4.8330487329512835], [-4.589865024521714, 9.462299371138215], [-5.909645675099455, 9.733109379187226], [-3.3254696554504335, 20.967930052429438], [-3.3149767336435616, 20.967930052429438], [13.121868777088821, 17.52476118132472], [10.749870575062232, 6.264096761122346], [3.4173272720654495, 7.726945135742426], [-1.0632428571989294, -13.571673694998026], [-1.8335254578851163, -13.409628106281161], [-3.4784066730644554, -20.967930052429438], [-3.488692620419897, -20.967930052429438], [-13.121868777088821, -18.912826128304005]]]], "centroids": [[-1.7181076642591506, 1.722293546423316, 3.0]], "h": 3.0}, "mtl": {"face": 0}}, {"geom": {"polygons": [[[[-13.121868777088821, -18.912826128304005], [-11.522168260707986, -11.380156308412552], [-12.31033443196793, -11.23214659281075], [-8.913062581297709, 5.243116358295083], [-8.217553341324674, 5.0996992867439985], [-8.171656149730552, 5.322280326858163], [-5.677337701490615, 4.8330487329512835], [-4.589865024521714, 9.462299371138215], [-5.909645675099455, 9.733109379187226], [-3.3254696554504335, 20.967930052429438], [-3.3149767336435616, 20.967930052429438], [13.121868777088821, 17.52476118132472], [10.749870575062232, 6.264096761122346], [3.4173272720654495, 7.726945135742426], [-1.0632428571989294, -13.571673694998026], [-1.8335254578851163, -13.409628106281161], [-3.4784066730644554, -20.967930052429438], [-3.488692620419897, -20.967930052429438], [-13.121868777088821, -18.912826128304005]]]], "centroids": [[-1.7181076642591506, 1.722293546423316, 6.0]], "h": 6.0}, "mtl": {"face": 1}}, {"geom": {"polygons": [[[[18.150266684649978, 5.499101001769304], [20.05314146343153, 15.300068240612745], [20.9679300528951, 15.113739587366581], [20.9679300528951, 4.9203976057469845], [18.150266684649978, 5.499101001769304]]]], "centroids": [[19.95400009606965, 9.358764972537756, 9.0]], "h": 9.0}, "mtl": {"face": 2}}, {"geom": {"polygons": [[[[18.150266684649978, 5.499101001769304], [20.05314146343153, 15.300068240612745], [20.9679300528951, 15.113739587366581], [20.9679300528951, 4.9203976057469845], [18.150266684649978, 5.499101001769304]]]], "centroids": [[19.95400009606965, 9.358764972537756, 3.0]], "h": 3.0}, "mtl": {"face": 0}}, {"geom": {"polygons": [[[[-2.763967185630463, -20.967930052429438], [-1.3637953067955095, -13.937653083354235], [-0.7129409909830429, -14.067279258742929], [3.7475011341448408, 5.815874356776476], [20.9679300528951, 2.222082817927003], [20.9679300528951, -20.967930052429438], [-2.763967185630463, -20.967930052429438]]]], "centroids": [[10.413930066191824, -9.084333637729287, 3.0]], "h": 3.0}, "mtl": {"face": 0}}, {"geom": {"polygons": [[[[18.150266684649978, 5.499101001769304], [20.05314146343153, 15.300068240612745], [20.9679300528951, 15.113739587366581], [20.9679300528951, 4.9203976057469845], [18.150266684649978, 5.499101001769304]]]], "centroids": [[19.95400009606965, 9.358764972537756, 6.0]], "h": 6.0}, "mtl": {"face": 1}}, {"geom": {"polygons": [[[[-13.121868777088821, -18.912826128304005], [-11.522168260707986, -11.380156308412552], [-12.31033443196793, -11.23214659281075], [-8.913062581297709, 5.243116358295083], [-8.217553341324674, 5.0996992867439985], [-8.171656149730552, 5.322280326858163], [-5.677337701490615, 4.8330487329512835], [-4.589865024521714, 9.462299371138215], [-5.909645675099455, 9.733109379187226], [-3.3254696554504335, 20.967930052429438], [-3.3149767336435616, 20.967930052429438], [13.121868777088821, 17.52476118132472], [10.749870575062232, 6.264096761122346], [3.4173272720654495, 7.726945135742426], [-1.0632428571989294, -13.571673694998026], [-1.8335254578851163, -13.409628106281161], [-3.4784066730644554, -20.967930052429438], [-3.488692620419897, -20.967930052429438], [-13.121868777088821, -18.912826128304005]]]], "centroids": [[-1.7181076642591506, 1.722293546423316, 9.0]], "h": 9.0}, "mtl": {"face": 2}}], "featureCount": 7, "startIndex": 0}