{"type": "block", "layer": 1, "block": 0, "features": [{"geom": {"triangles": {"v": [-6.782363035395974, 23.883972942829132, 3.0, -16.485488035395974, -23.116027057170868, 3.0, 11.217636964604026, 19.883972942829132, 3.0, 48.295761964604026, 11.883972942829132, 3.0, 69.74888696460403, -41.11602705717087, 3.0, 62.545761964604026, 8.883972942829132, 3.0], "f": [0, 1, 2, 2, 1, 3, 4, 3, 1, 5, 3, 4]}, "centroids": [[27.218690053239698, -8.626449018716812, 3.0]]}, "mtl": 0}], "featureCount": 1, "startIndex": 0}