{"type": "block", "layer": 0, "block": 0, "features": [{"geom": {"polygons": [[[[-2.0052344082214404, -3.057743117213249], [3.212257182603935, -1.3563616443425417], [3.212257182603935, -3.212257182225585], [-1.9660801139252726, -3.212257182225585], [-2.0052344082214404, -3.057743117213249]]]], "centroids": [[1.3413490641105454, -2.5893372632563114, 3.0]], "h": 3.0}, "mtl": {"face": 0}}, {"geom": {"polygons": [[[[-2.0052344082214404, -3.057743117213249], [3.212257182603935, -1.3563616443425417], [3.212257182603935, -3.212257182225585], [-1.9660801139252726, -3.212257182225585], [-2.0052344082214404, -3.057743117213249]]]], "centroids": [[1.3413490641105454, -2.5893372632563114, 6.0]], "h": 6.0}, "mtl": {"face": 1}}, {"geom": {"polygons": [[[[-3.212257182603935, 1.7055146228522062], [-3.212257182603935, 1.7068889811635017], [0.8594784379529301, 3.0577431190758944], [3.212257182603935, -1.3556542620062828], [3.212257182603935, -1.3563616443425417], [-2.0052344082214404, -3.057743117213249], [-3.212257182603935, 1.7055146228522062]]]], "centroids": [[-0.24818955274531618, -0.005331225693225861, 3.0]], "h": 3.0}, "mtl": {"face": 0}}, {"geom": {"polygons": [[[[-3.212257182603935, 1.7055146228522062], [-3.212257182603935, 1.7068889811635017], [0.8594784379529301, 3.0577431190758944], [3.212257182603935, -1.3556542620062828], [3.212257182603935, -1.3563616443425417], [-2.0052344082214404, -3.057743117213249], [-3.212257182603935, 1.7055146228522062]]]], "centroids": [[-0.24818955274531618, -0.005331225693225861, 6.0]], "h": 6.0}, "mtl": {"face": 1}}], "featureCount": 4, "startIndex": 0}