{"type": "block", "layer": 1, "block": 0, "features": [{"geom": {"triangles": {"v": [0.8615534404525533, 3.2637431137263775, 3.0, -3.2165715595474467, 1.2637431137263775, 3.0, 3.2053034404525533, -1.7362568862736225, 3.0, 5.252178440452553, -4.7362568862736225, 3.0, 1.3928034404525533, -16.736256886273623, 3.0, 10.345928440452553, -13.736256886273623, 3.0, 8.736553440452553, -15.736256886273623, 3.0], "f": [0, 1, 2, 2, 1, 3, 3, 1, 4, 5, 3, 4, 5, 4, 6]}, "centroids": [[3.014392516313819, -7.978444593027234, 3.0]]}, "mtl": 0}], "featureCount": 1, "startIndex": 0}