{"type": "block", "layer": 1, "block": 0, "features": [{"geom": {"triangles": {"v": [-13.973417987610446, -2.1398881636559963, 3.0, -14.942167987610446, -8.139888163655996, 3.0, -13.660917987610446, -8.139888163655996, 3.0, 0.7765820123895537, -4.139888163655996, 3.0, 0.9172070123895537, -3.1398881636559963, 3.0, -13.582792987610446, 0.8601118363440037, 3.0, -12.614042987610446, 4.860111836344004, 3.0, 1.7609570123895537, 2.8601118363440037, 3.0, -0.8952929876104463, -11.139888163655996, 3.0, -13.926542987610446, -10.139888163655996, 3.0], "f": [0, 1, 2, 0, 2, 3, 0, 3, 4, 5, 0, 4, 6, 5, 4, 7, 6, 4, 2, 8, 3, 2, 9, 8]}, "centroids": [[-6.636493276542751, -3.4304636362940073, 3.0]]}, "mtl": 0}], "featureCount": 1, "startIndex": 0}