{"type": "block", "layer": 0, "block": 0, "features": [{"geom": {"polygons": [[[[-3.962834444042528, -0.7859522756189108], [-3.962834444042528, -0.7838261071592569], [-3.3653655979433097, 2.29717661626637], [3.962834444042528, 0.8760901652276516], [3.962834444042528, 0.8741071708500385], [3.3034634190553334, -2.297176618129015], [-3.962834444042528, -0.7859522756189108]]]], "centroids": [[0.003995156032033265, 0.020187735557556152, 3.0]], "h": 3.0}, "mtl": {"face": 0}}, {"geom": {"polygons": [[[[-3.962834444042528, -0.7838261052966118], [-3.962834444042528, 3.962834443897009], [-3.0423608008713927, 3.962834443897009], [-3.962834444042528, -0.7838261052966118]]]], "centroids": [[-3.656009896338219, 2.380614260211587, 3.0]], "h": 3.0}, "mtl": {"face": 0}}], "featureCount": 2, "startIndex": 0}