{"type": "block", "layer": 1, "block": 0, "features": [{"geom": {"triangles": {"v": [-7.60414903331548, 13.9041812941432, 3.0, -23.16664903331548, -8.0958187058568, 3.0, 0.14585096668452024, -24.0958187058568, 3.0, 17.78647596668452, 0.9041812941431999, 3.0, -5.68227403331548, 16.9041812941432, 3.0], "f": [0, 1, 2, 3, 0, 2, 4, 0, 3]}, "centroids": [[-2.7187951534288004, -3.750497702509165, 3.0]]}, "mtl": 0}], "featureCount": 1, "startIndex": 0}