{"type": "block", "layer": 0, "block": 0, "features": [{"geom": {"polygons": [[[[-10.832096558209741, -3.491112483665347], [-10.832096558209741, -3.485728155821562], [-8.787547887157416, 6.265754923224449], [10.832096558209741, 2.161709038540721], [10.832096558209741, 2.156168980523944], [10.153419040958397, -1.172604100778699], [-1.4457027410098817, 1.2283417005091906], [-2.0693719927803613, -1.7493849359452724], [3.6758726615807973, -2.9094854164868593], [2.9915566802665126, -6.265754921361804], [-10.832096558209741, -3.491112483665347]]]], "centroids": [[-1.9260720103629865, 0.23938688449561596, 3.0]], "h": 3.0}, "mtl": {"face": 0}}, {"geom": {"polygons": [[[[2.9915566802665126, -6.265754921361804], [3.6758726615807973, -2.9094854164868593], [9.557174766319804, -4.0970591474324465], [8.874279875832144, -7.4465175699442625], [2.9915566802665126, -6.265754921361804]]]], "centroids": [[6.273724041006062, -5.179505094885826, 3.0]], "h": 3.0}, "mtl": {"face": 0}}], "featureCount": 2, "startIndex": 0}