{"type": "block", "layer": 0, "block": 0, "features": [{"geom": {"polygons": [[[[-5.451714173628716, -1.7657445762306452], [-5.451714173628716, -1.7628057543188334], [-4.364198709954508, 3.864453535526991], [5.451714173628716, 1.7266633473336697], [5.451714173628716, 1.7239465471357107], [4.278936953662196, -3.864453535526991], [-5.451714173628716, -1.7657445762306452]]]], "centroids": [[-0.023320871725445613, -0.004880545660853386, 3.0]], "h": 3.0}, "mtl": {"face": 0}}, {"geom": {"polygons": [[[[-5.451714173628716, -1.7657445762306452], [-5.451714173628716, -1.7628057543188334], [-4.364198709954508, 3.864453535526991], [5.451714173628716, 1.7266633473336697], [5.451714173628716, 1.7239465471357107], [4.278936953662196, -3.864453535526991], [-5.451714173628716, -1.7657445762306452]]]], "centroids": [[-0.023320871725445613, -0.004880545660853386, 6.0]], "h": 6.0}, "mtl": {"face": 1}}], "featureCount": 2, "startIndex": 0}