{"type": "block", "layer": 1, "block": 0, "features": [{"geom": {"triangles": {"v": [-1.2754880736465566, 5.049347287043929, 3.0, -3.6192380736465566, -3.950652712956071, 3.0, 21.583886926353443, -10.950652712956071, 3.0, 24.083886926353443, 0.0493472870439291, 3.0, 22.037011926353443, -10.950652712956071, 3.0], "f": [0, 1, 2, 3, 0, 2, 2, 4, 3]}, "centroids": [[10.636410303588491, -2.549391269683838, 3.0]]}, "mtl": 0}], "featureCount": 1, "startIndex": 0}