{"type": "block", "layer": 1, "block": 0, "features": [{"geom": {"triangles": {"v": [4.32607288606232, 6.3622927367687225, 3.0, -6.12705211393768, -4.6377072632312775, 3.0, 10.98232288606232, -0.6377072632312775, 3.0, 0.6854478860623203, -11.637707263231277, 3.0], "f": [0, 1, 2, 1, 3, 2]}, "centroids": [[2.44533126897295, -2.694704797118902, 3.0]]}, "mtl": 0}], "featureCount": 1, "startIndex": 0}