{"type": "block", "layer": 0, "block": 0, "features": [{"geom": {"polygons": [[[[-10.82849667291157, -2.869159333407879], [-10.82849667291157, -2.863983951508999], [-8.6915092523559, 6.908242912963033], [9.693079630640568, 3.1017570849508047], [10.82849667291157, 2.8879610039293766], [10.82849667291157, 2.882592462003231], [8.775479630654445, -6.908242914825678], [0.26159769989317283, -5.1540946662425995], [1.5931566093640868, 1.3136025127023458], [-0.8090354246669449, 1.8290224429219961], [-2.144640522514237, -4.658328033983707], [-10.82849667291157, -2.869159333407879]]]], "centroids": [[0.04249282772070728, 0.1443155910819769, 3.0]], "h": 3.0}, "mtl": {"face": 0}}, {"geom": {"polygons": [[[[-10.82849667291157, -2.869159333407879], [-10.82849667291157, -2.863983951508999], [-8.6915092523559, 6.908242912963033], [9.693079630640568, 3.1017570849508047], [10.82849667291157, 2.8879610039293766], [10.82849667291157, -0.6954654213041067], [10.645079630659893, -0.6652429141104221], [10.077579630655237, -3.549242913722992], [10.319279630639357, -3.6062429137527943], [9.625179630646016, -7.01424291357398], [8.966679630655563, -6.946242913603783], [8.77547963077086, -6.908242914825678], [0.26159769989317283, -5.1540946662425995], [1.5931566093640868, 1.3136025127023458], [-0.8090354246669449, 1.8290224429219961], [-2.144640522514237, -4.658328033983707], [-10.82849667291157, -2.869159333407879]]]], "centroids": [[0.3519900613173377, 0.04293070733547211, 6.0]], "h": 6.0}, "mtl": {"face": 1}}], "featureCount": 2, "startIndex": 0}