{"type": "block", "layer": 1, "block": 0, "features": [{"geom": {"triangles": {"v": [-8.694295369350584, 7.185757085680962, 3.0, -10.834920369350584, -2.8142429143190384, 3.0, 9.696329630649416, 3.1857570856809616, 3.0, 8.774454630649416, -6.814242914319038, 3.0, 10.836954630649416, 3.1857570856809616, 3.0], "f": [0, 1, 2, 1, 3, 2, 2, 3, 4]}, "centroids": [[0.01659573509823531, -0.003059966489672661, 3.0]]}, "mtl": 0}], "featureCount": 1, "startIndex": 0}