{"type": "block", "layer": 0, "block": 0, "features": [{"geom": {"polygons": [[[[-8.423804701014888, 0.6114869248121977], [-8.423804701014888, 0.6206332687288523], [-8.132673182728468, 3.753988975659013], [-2.2510039524931926, 3.2071514781564474], [-2.5194683673325926, 0.3196046371012926], [-0.5280567411100492, 0.13445676304399967], [-0.25959232487366535, 3.022003624588251], [8.423804701014888, 2.2146805971860886], [8.423804701014888, 2.205549269914627], [7.869215117476415, -3.753988977521658], [4.010785238060635, -3.3887530621141195], [4.339074208866805, 0.0012326836585998535], [0.6348982449853793, 0.34711024165153503], [0.3183081296447199, -3.0392261054366827], [-6.233058221812826, -2.419078955426812], [-5.9679080917849205, 0.3807115573436022], [-8.423804701014888, 0.6114869248121977]]]], "centroids": [[0.23024397069821134, 0.22142605297267437, 3.0]], "h": 3.0}, "mtl": {"face": 0}}, {"geom": {"polygons": [[[[-8.423804701014888, 0.6114195045083761], [-8.423804701014888, 3.7810564041137695], [-8.132672957173781, 3.7539889607578516], [-2.2510039524931926, 3.2071514781564474], [-2.5194683673325926, 0.3196046371012926], [-0.5280567411100492, 0.13445676304399967], [-0.25959232487366535, 3.022003624588251], [8.423804701014888, 2.2146805971860886], [8.423804701014888, 2.205549269914627], [7.869215117476415, -3.753988977521658], [4.010785238060635, -3.3887530621141195], [4.339074208866805, 0.0012326836585998535], [0.6348982449853793, 0.34711024165153503], [0.3183081296447199, -3.0392261054366827], [-6.033749732596334, -2.437945341691375], [-5.768709894560743, 0.3619918655604124], [-8.407673182722647, 0.6099889744073153], [-8.423804701014888, 0.6114195045083761]]]], "centroids": [[0.22444146609632298, 0.24646972492337227, 6.0]], "h": 6.0}, "mtl": {"face": 1}}, {"geom": {"polygons": [[[[-8.423804701014888, 0.6114195045083761], [-8.423804701014888, 3.7810564022511244], [-8.132673197600525, 3.753988977521658], [-2.2510039524931926, 3.2071514781564474], [-2.5194683673325926, 0.3196046371012926], [-0.5280567411100492, 0.13445676304399967], [-0.25959232487366535, 3.022003624588251], [8.423804701014888, 2.2146805971860886], [8.423804701014888, 2.205549269914627], [7.869215117476415, -3.753988977521658], [4.010785238060635, -3.3887530621141195], [4.339074208866805, 0.0012326836585998535], [0.6348982449853793, 0.34711024165153503], [0.3183081296447199, -3.0392261054366827], [-6.233058221812826, -2.419078955426812], [-5.9679080917849205, 0.3807115573436022], [-8.407673182722647, 0.6099889744073153], [-8.423804701014888, 0.6114195045083761]]]], "centroids": [[0.17742815398378298, 0.2368395086377859, 9.0]], "h": 9.0}, "mtl": {"face": 2}}], "featureCount": 3, "startIndex": 0}