{"type": "block", "layer": 1, "block": 0, "features": [{"geom": {"triangles": {"v": [-8.125423182733357, 3.669988974928856, 3.0, -8.687923182733357, -2.330011025071144, 3.0, 11.952701817266643, 1.669988974928856, 3.0, 11.390201817266643, -4.330011025071144, 3.0], "f": [0, 1, 2, 1, 3, 2]}, "centroids": [[1.6404006635129917, -0.15934623964130878, 3.0]]}, "mtl": 0}], "featureCount": 1, "startIndex": 0}