{"type": "block", "layer": 0, "block": 0, "features": [{"geom": {"polygons": [[[[-2.8718950145994313, -2.3845883943140507], [-0.6190124857530463, 3.647593516856432], [-0.6176335785421543, 3.647593516856432], [2.8718950145994313, 2.623216835781932], [0.5701926218462177, -3.647593516856432], [0.5690648669551592, -3.647593516856432], [-2.8718950145994313, -2.3845883943140507]]]], "centroids": [[-0.0034735901281237602, 0.050930315628647804, 3.0]], "h": 3.0}, "mtl": {"face": 0}}, {"geom": {"polygons": [[[[-3.343598656327231, -3.647593516856432], [-2.8718950145994313, -2.3845883943140507], [0.5690648682939354, -3.647593516856432], [-3.343598656327231, -3.647593516856432]]]], "centroids": [[-1.882142934249714, -3.226591808721423, 3.0]], "h": 3.0}, "mtl": {"face": 0}}, {"geom": {"polygons": [[[[-2.8718950145994313, -2.3845883943140507], [-0.6190124857530463, 3.647593516856432], [-0.6176335785421543, 3.647593516856432], [2.8718950145994313, 2.623216835781932], [0.5701926218462177, -3.647593516856432], [0.5690648669551592, -3.647593516856432], [-2.8718950145994313, -2.3845883943140507]]]], "centroids": [[-0.0034735901281237602, 0.050930315628647804, 6.0]], "h": 6.0}, "mtl": {"face": 1}}], "featureCount": 3, "startIndex": 0}