{"type": "block", "layer": 1, "block": 0, "features": [{"geom": {"triangles": {"v": [-0.6241762436984573, 3.9889583103358746, 3.0, -6.264801243698457, -11.011041689664125, 3.0, 2.7664487563015427, 1.9889583103358746, 3.0, 2.8758237563015427, 2.9889583103358746, 3.0, 0.8289487563015427, -14.011041689664125, 3.0, 6.485198756301543, 0.9889583103358746, 3.0], "f": [0, 1, 2, 0, 2, 3, 1, 4, 2, 2, 4, 5]}, "centroids": [[0.11008956778096035, -5.084706902503967, 3.0]]}, "mtl": 0}], "featureCount": 1, "startIndex": 0}