{"type": "block", "layer": 0, "block": 0, "features": [{"geom": {"polygons": [[[[-8.865800336003304, -5.7615732960402966], [-5.962115484930109, -1.2646788582205772], [-2.9812991573417094, -3.18941855058074], [-1.6135439811623655, -1.0967080350965261], [-4.60598629861488, 0.8355386611074209], [2.2698495982040185, 11.484045570716262], [4.066061691381037, 11.484045570716262], [6.059391207818408, 10.196194091811776], [6.195391207817011, 9.543194090947509], [6.430391207832145, 9.390194091945887], [7.113291207817383, 9.504194092005491], [8.507791207841365, 8.596194092184305], [8.668791207834147, 7.915194092318416], [8.951791207829956, 7.772194091230631], [9.594991207821295, 7.889194091781974], [11.484045571356546, 6.657851932570338], [11.484045571356546, 4.992626583203673], [9.239201588439755, 1.5579412821680307], [6.401571300637443, 3.3797043710947037], [4.846063767181477, 0.9674061555415392], [7.653845516993897, -0.8677057735621929], [4.798250209336402, -5.236860737204552], [1.7468555340601597, -3.266547977924347], [0.37910035788081586, -5.359258491545916], [3.430495031439932, -7.3295712526887655], [0.7152108476730064, -11.484045570716262], [0.7125377914635465, -11.484045570716262], [-8.865800336003304, -5.7615732960402966]]]], "centroids": [[1.6122769305366091, 0.5099694263190031, 6.0]], "h": 6.0}, "mtl": {"face": 0}}, {"geom": {"polygons": [[[[6.401571300637443, 3.3797043710947037], [9.239201588148717, 1.5579412821680307], [7.653845517197624, -0.8677057735621929], [4.846063767181477, 0.9674061555415392], [6.401571300637443, 3.3797043710947037]]]], "centroids": [[7.038099217548734, 1.2589521445333958, 9.0]], "h": 9.0}, "mtl": {"face": 1}}, {"geom": {"polygons": [[[[-8.865800336003304, -5.7615732960402966], [-5.962115484930109, -1.2646788582205772], [-2.9812991573417094, -3.18941855058074], [-1.6135439811623655, -1.0967080350965261], [-4.60598629861488, 0.8355386611074209], [2.2698495982040185, 11.484045570716262], [4.066061691381037, 11.484045570716262], [6.059391207818408, 10.196194091811776], [6.195391207817011, 9.543194090947509], [6.430391207832145, 9.390194091945887], [7.113291207817383, 9.504194092005491], [8.507791207841365, 8.596194092184305], [8.668791207834147, 7.915194092318416], [8.951791207829956, 7.772194091230631], [9.594991207821295, 7.889194091781974], [11.484045571356546, 6.657851932570338], [11.484045571356546, 4.992626583203673], [9.239201588439755, 1.5579412821680307], [6.401571300637443, 3.3797043710947037], [4.846063767181477, 0.9674061555415392], [7.653845516993897, -0.8677057735621929], [4.798250209336402, -5.236860737204552], [1.7468555340601597, -3.266547977924347], [0.37910035788081586, -5.359258491545916], [3.430495031439932, -7.3295712526887655], [0.7152108476730064, -11.484045570716262], [0.7125377914635465, -11.484045570716262], [-8.865800336003304, -5.7615732960402966]]]], "centroids": [[1.6122769305366091, 0.5099694263190031, 12.0]], "h": 12.0}, "mtl": {"face": 2}}, {"geom": {"polygons": [[[[-8.865800336003304, -5.7615732960402966], [-5.962115484930109, -1.2646788582205772], [-2.9812991573417094, -3.18941855058074], [-1.6135439811623655, -1.0967080350965261], [-4.60598629861488, 0.8355386611074209], [2.2698495982040185, 11.484045570716262], [4.066061691381037, 11.484045570716262], [6.059391207818408, 10.196194091811776], [6.195391207817011, 9.543194090947509], [6.430391207832145, 9.390194091945887], [7.113291207817383, 9.504194092005491], [8.507791207841365, 8.596194092184305], [8.668791207834147, 7.915194092318416], [8.951791207829956, 7.772194091230631], [9.594991207821295, 7.889194091781974], [11.484045571356546, 6.657851932570338], [11.484045571356546, 4.992626583203673], [9.239201588439755, 1.5579412821680307], [6.401571300637443, 3.3797043710947037], [4.846063767181477, 0.9674061555415392], [7.653845516993897, -0.8677057735621929], [4.798250209336402, -5.236860737204552], [1.7468555340601597, -3.266547977924347], [0.37910035788081586, -5.359258491545916], [3.430495031439932, -7.3295712526887655], [0.7152108476730064, -11.484045570716262], [0.7125377914635465, -11.484045570716262], [-8.865800336003304, -5.7615732960402966]]]], "centroids": [[1.6122769305366091, 0.5099694263190031, 15.0]], "h": 15.0}, "mtl": {"face": 3}}, {"geom": {"polygons": [[[[-8.865800336003304, -5.7615732960402966], [2.2698495982040185, 11.484045570716262], [2.2723593784030527, 11.484045570716262], [8.8658003359742, 7.201257901266217], [4.846063767181477, 0.9674061555415392], [7.653845516993897, -0.8677057735621929], [0.7152108476730064, -11.484045570716262], [0.7125377914635465, -11.484045570716262], [-8.865800336003304, -5.7615732960402966]]]], "centroids": [[0.6080674931581598, -0.4802790656685829, 3.0]], "h": 3.0}, "mtl": {"face": 4}}, {"geom": {"polygons": [[[[4.846063767181477, 0.9674061555415392], [8.865800335683161, 7.201257901266217], [11.484045571356546, 5.500569524243474], [11.484045571356546, 4.992626583203673], [7.653845517197624, -0.8677057735621929], [4.846063767181477, 0.9674061555415392]]]], "centroids": [[8.2677855771326, 3.164366900920868, 3.0]], "h": 3.0}, "mtl": {"face": 4}}, {"geom": {"polygons": [[[[6.401571300637443, 3.3797043710947037], [9.239201588148717, 1.5579412821680307], [7.653845517197624, -0.8677057735621929], [4.846063767181477, 0.9674061555415392], [6.401571300637443, 3.3797043710947037]]]], "centroids": [[7.038099217548734, 1.2589521445333958, 6.0]], "h": 6.0}, "mtl": {"face": 0}}, {"geom": {"polygons": [[[[-8.865800336003304, -5.7615732960402966], [-5.962115484930109, -1.2646788582205772], [-2.9812991573417094, -3.18941855058074], [-1.6135439811623655, -1.0967080350965261], [-4.60598629861488, 0.8355386611074209], [2.2698495982040185, 11.484045570716262], [4.066061691381037, 11.484045570716262], [6.059391207818408, 10.196194091811776], [6.195391207817011, 9.543194090947509], [6.430391207832145, 9.390194091945887], [7.113291207817383, 9.504194092005491], [8.507791207841365, 8.596194092184305], [8.668791207834147, 7.915194092318416], [8.951791207829956, 7.772194091230631], [9.594991207821295, 7.889194091781974], [11.484045571356546, 6.657851932570338], [11.484045571356546, 4.992626583203673], [9.239201588439755, 1.5579412821680307], [6.401571300637443, 3.3797043710947037], [4.846063767181477, 0.9674061555415392], [7.653845516993897, -0.8677057735621929], [4.798250209336402, -5.236860737204552], [1.7468555340601597, -3.266547977924347], [0.37910035788081586, -5.359258491545916], [3.430495031439932, -7.3295712526887655], [0.7152108476730064, -11.484045570716262], [0.7125377914635465, -11.484045570716262], [-8.865800336003304, -5.7615732960402966]]]], "centroids": [[1.6122769305366091, 0.5099694263190031, 9.0]], "h": 9.0}, "mtl": {"face": 1}}, {"geom": {"polygons": [[[[6.401571300637443, 3.3797043710947037], [9.239201588148717, 1.5579412821680307], [7.653845517197624, -0.8677057735621929], [4.846063767181477, 0.9674061555415392], [6.401571300637443, 3.3797043710947037]]]], "centroids": [[7.038099217548734, 1.2589521445333958, 12.0]], "h": 12.0}, "mtl": {"face": 2}}, {"geom": {"polygons": [[[[6.401571300637443, 3.3797043710947037], [9.239201588148717, 1.5579412821680307], [7.653845517197624, -0.8677057735621929], [4.846063767181477, 0.9674061555415392], [6.401571300637443, 3.3797043710947037]]]], "centroids": [[7.038099217548734, 1.2589521445333958, 15.0]], "h": 15.0},