{"type": "block", "layer": 1, "block": 0, "features": [{"geom": {"triangles": {"v": [-7.261774934711866, 8.494130669161677, 3.0, -7.808649934711866, -2.5058693308383226, 3.0, 4.347600065288134, 4.494130669161677, 3.0, 4.956975065288134, -6.505869330838323, 3.0], "f": [0, 1, 2, 2, 1, 3]}, "centroids": [[-1.4439217153703794, 0.8475223239511251, 3.0]]}, "mtl": 0}], "featureCount": 1, "startIndex": 0}