{"type": "block", "layer": 0, "block": 0, "features": [{"geom": {"polygons": [[[[-4.181641080242116, -0.6399107240140438], [-4.181641080242116, -0.6376392412930727], [-3.642318363126833, 2.1847900338470936], [4.181641080242116, 0.5659302789717913], [4.181641080242116, 0.5638251192867756], [3.612202289077686, -2.1847900338470936], [-4.181641080242116, -0.6399107240140438]]]], "centroids": [[-0.022507187124574557, -0.014127988368272781, 3.0]], "h": 3.0}, "mtl": {"face": 0}}, {"geom": {"polygons": [[[[1.236991725396365, -4.181641079485416], [1.3214705021237023, -3.79959174990654], [3.200312003697036, -4.172936778515577], [3.1985087077191565, -4.181641079485416], [1.236991725396365, -4.181641079485416]]]], "centroids": [[1.9335296849894803, -4.054226843640208, 3.0]], "h": 3.0}, "mtl": {"face": 0}}, {"geom": {"polygons": [[[[-4.181641080242116, 1.3678069673478603], [-4.181641080242116, 2.3069125674664974], [-3.9987094644166064, 2.265490110963583], [-4.181641080242116, 1.3678069673478603]]]], "centroids": [[-4.120663874957245, 1.9800698813050985, 3.0]], "h": 3.0}, "mtl": {"face": 0}}], "featureCount": 3, "startIndex": 0}