{"type": "block", "layer": 1, "block": 0, "features": [{"geom": {"triangles": {"v": [-15.72917409724323, 4.877491910010576, 3.0, -17.58854909724323, -4.122508089989424, 3.0, -3.635424097243231, 1.8774919100105762, 3.0, 2.286450902756769, -8.122508089989424, 3.0, 4.177075902756769, 0.8774919100105762, 3.0], "f": [0, 1, 2, 2, 1, 3, 4, 2, 3]}, "centroids": [[-6.713909974874696, -1.8495971206575632, 3.0]]}, "mtl": 0}], "featureCount": 1, "startIndex": 0}