{"type": "block", "layer": 0, "block": 0, "features": [{"geom": {"polygons": [[[[-3.7892740127572324, -2.6633547842502594], [-3.7892740127572324, 2.0955968275666237], [-3.715211001370335, 2.4158415254205465], [-3.5365243573323824, 3.789274012669921], [3.7892740127572324, 3.789274012669921], [3.7892740127572324, 1.4082793481647968], [2.618462857353734, -2.1722403820604086], [2.7315628572250716, -3.44964038208127], [1.7103623767616227, -3.5524961668998003], [0.6851235126378015, -3.5043816659599543], [-0.3219557744450867, -3.30633863247931], [-1.289070706028724, -2.962654994800687], [-2.354237142659258, -2.83364038169384], [-3.7892740127572324, -2.6633547842502594]]]], "centroids": [[-0.12491289083845913, 0.41112688183784485, 9.0]], "h": 9.0}, "mtl": {"face": 0}}, {"geom": {"polygons": [[[[-3.7892740127572324, -2.6633547842502594], [-3.7892740127572324, 2.0955968275666237], [-3.715211001370335, 2.4158415254205465], [-3.5365243573323824, 3.789274012669921], [3.7892740127572324, 3.789274012669921], [3.7892740127572324, 1.4082793481647968], [2.618462857353734, -2.1722403820604086], [2.7315628572250716, -3.44964038208127], [1.7103623767616227, -3.5524961668998003], [0.6851235126378015, -3.5043816659599543], [-0.3219557744450867, -3.30633863247931], [-1.289070706028724, -2.962654994800687], [-2.354237142659258, -2.83364038169384], [-3.7892740127572324, -2.6633547842502594]]]], "centroids": [[-0.12491289083845913, 0.41112688183784485, 12.0]], "h": 12.0}, "mtl": {"face": 1}}, {"geom": {"polygons": [[[[-3.7892740127572324, -1.4565465468913317], [-3.7892740127572324, -1.4548655934631824], [-2.950432985962834, 2.1722403820604086], [3.7892740127572324, 1.4094811715185642], [3.7892740127572324, 1.4082793481647968], [2.618462857353734, -2.1722403820604086], [-3.7892740127572324, -1.4565465468913317]]]], "centroids": [[-0.0801634146773722, 0.0036860276013612747, 3.0]], "h": 3.0}, "mtl": {"face": 2}}, {"geom": {"polygons": [[[[-3.7892740127572324, -2.6633547842502594], [-3.7892740127572324, -1.4548655934631824], [-2.926953080110252, 2.273766301572323], [-2.7297821311221924, 3.789274012669921], [3.7892740127572324, 3.789274012669921], [3.7892740127572324, 1.4082793481647968], [2.618462857353734, -2.1722403820604086], [2.7315628572250716, -3.44964038208127], [1.7103623767616227, -3.5524961668998003], [0.6851235126378015, -3.5043816659599543], [-0.3219557744450867, -3.30633863247931], [-1.289070706028724, -2.962654994800687], [-2.354237142659258, -2.83364038169384], [-3.7892740127572324, -2.6633547842502594]]]], "centroids": [[0.07345446082763374, 0.32083921879529953, 6.0]], "h": 6.0}, "mtl": {"face": 3}}], "featureCount": 4, "startIndex": 0}