{"type": "block", "layer": 1, "block": 0, "features": [{"geom": {"triangles": {"v": [-25.882562142651295, 12.488359617069364, 3.0, -22.320062142651295, 9.488359617069364, 3.0, -20.320062142651295, 12.488359617069364, 3.0, -12.460687142651295, 11.488359617069364, 3.0, -17.679437142651295, -0.5116403829306364, 3.0, -10.023187142651295, -1.5116403829306364, 3.0, -4.445062142651295, 10.488359617069364, 3.0, -2.3513121426512953, -2.5116403829306364, 3.0, 4.258062857348705, 2.4883596170693636, 3.0, 3.4924378573487047, 9.488359617069364, 3.0, 5.039312857348705, 5.488359617069364, 3.0, 6.429937857348705, 9.488359617069364, 3.0, 2.6174378573487047, -2.5116403829306364, 3.0, 2.7268128573487047, -3.5116403829306364, 3.0, -21.507562142651295, -0.5116403829306364, 3.0, -24.695062142651295, 5.488359617069364, 3.0, -25.710687142651295, 3.4883596170693636, 3.0, -25.757562142651295, 0.4883596170693636, 3.0], "f": [0, 1, 2, 2, 1, 3, 3, 1, 4, 3, 4, 5, 3, 5, 6, 6, 5, 7, 8, 6, 7, 9, 6, 8, 9, 8, 10, 9, 10, 11, 12, 8, 7, 12, 7, 13, 1, 14, 4, 1, 15, 14, 15, 16, 14, 16, 17, 14]}, "centroids": [[-9.874543962971075, 4.759097658097744, 3.0]]}, "mtl": 0}], "featureCount": 1, "startIndex": 0}