{"type": "block", "layer": 1, "block": 0, "features": [{"geom": {"triangles": {"v": [-2.168800305313198, 2.718521036207676, 3.0, -3.200050305313198, -7.281478963792324, 3.0, 11.440574694686802, -6.281478963792324, 3.0, 10.049949694686802, 2.718521036207676, 3.0, 11.643699694686802, 1.718521036207676, 3.0], "f": [0, 1, 2, 3, 0, 2, 4, 3, 2]}, "centroids": [[4.261587095883442, -1.9676037579774857, 3.0]]}, "mtl": 0}], "featureCount": 1, "startIndex": 0}