{"type": "block", "layer": 0, "block": 0, "features": [{"geom": {"polygons": [[[[-5.5487175853631925, 2.145157642662525], [-1.653304388106335, 5.64329981803894], [-1.6521675506664906, 5.64329981803894], [2.573017586779315, 0.9524053856730461], [2.969817586184945, 1.285405384376645], [5.548717585334089, -1.73459461517632], [1.3389528001425788, -5.64329981803894], [1.3378459106315859, -5.64329981803894], [-5.5487175853631925, 2.145157642662525]]]], "centroids": [[-0.009628398809581995, 0.007170874625444412, 3.0]], "h": 3.0}, "mtl": {"face": 0}}, {"geom": {"polygons": [[[[-5.643299818679225, -4.370133690536022], [-5.643299818679225, 0.5373778082430363], [-3.219311084219953, -2.153454527258873], [-5.643299818679225, -4.370133690536022]]]], "centroids": [[-4.835303573869169, -1.9954034704715014, 3.0]], "h": 3.0}, "mtl": {"face": 0}}, {"geom": {"polygons": [[[[-5.643299818679225, -5.64329981803894], [-5.643299818679225, -5.061705969274044], [-5.102824156492716, -4.539258887991309], [-4.016667982505169, -5.64329981803894], [-5.643299818679225, -5.64329981803894]]]], "centroids": [[-5.001698632433545, -5.246407998725772, 3.0]], "h": 3.0}, "mtl": {"face": 0}}, {"geom": {"polygons": [[[[-5.548717586643761, 2.14515764079988], [-1.6533043887175154, 5.64329981803894], [-1.652167551277671, 5.64329981803894], [2.5730175861972384, 0.9524053856730461], [2.9698175849043764, 1.285405382514], [5.548717585334089, -1.73459461517632], [1.3389528008701745, -5.64329981803894], [1.3378459077212028, -5.64329981803894], [-5.548717586643761, 2.14515764079988]]]], "centroids": [[-0.009628399828216061, 0.007170872762799263, 6.0]], "h": 6.0}, "mtl": {"face": 1}}], "featureCount": 4, "startIndex": 0}