{"type": "block", "layer": 0, "block": 0, "features": [{"geom": {"polygons": [[[[-3.724321698624408, -4.520399145781994], [-2.1769462593074422, 5.570021066814661], [-2.1733418313378934, 5.570021066814661], [3.724321698624408, 4.63642187602818], [2.253002001787536, -5.570021066814661], [2.2497511260735337, -5.570021066814661], [-3.724321698624408, -4.520399145781994]]]], "centroids": [[0.02200306541635655, 0.015218179672956467, 3.0]], "h": 3.0}, "mtl": {"face": 0}}, {"geom": {"polygons": [[[[-5.5700210665527266, -4.196116771548986], [-5.5700210665527266, -0.9180070459842682], [-3.2348627991159447, -1.3286424148827791], [-3.724321698740823, -4.520399145781994], [-5.5700210665527266, -4.196116771548986]]]], "centroids": [[-4.520048038801178, -2.6776656694710255, 3.0]], "h": 3.0}, "mtl": {"face": 0}}, {"geom": {"polygons": [[[[-5.5700210665527266, 1.4435545075684786], [-5.5700210665527266, 5.570021066814661], [-2.176946259191027, 5.570021066814661], [-2.8824750568019226, 0.9692746307700872], [-5.5700210665527266, 1.4435545075684786]]]], "centroids": [[-4.012915027880808, 3.4651340544223785, 3.0]], "h": 3.0}, "mtl": {"face": 0}}, {"geom": {"polygons": [[[[-3.724321698624408, -4.520399145781994], [-2.1769462593074422, 5.570021066814661], [-2.1733418313378934, 5.570021066814661], [3.724321698624408, 4.63642187602818], [2.253002001787536, -5.570021066814661], [2.2497511260735337, -5.570021066814661], [-3.724321698624408, -4.520399145781994]]]], "centroids": [[0.02200306541635655, 0.015218179672956467, 6.0]], "h": 6.0}, "mtl": {"face": 1}}], "featureCount": 4, "startIndex": 0}