{"type": "block", "layer": 1, "block": 0, "features": [{"geom": {"triangles": {"v": [-10.852053401526064, 7.344481652602553, 3.0, -12.680178401526064, -0.6555183473974466, 3.0, 3.7573215984739363, 3.3444816526025534, 3.0, 1.7416965984739363, -4.655518347397447, 3.0], "f": [0, 1, 2, 1, 3, 2]}, "centroids": [[-4.504565824143356, 1.2292851731181145, 3.0]]}, "mtl": 0}], "featureCount": 1, "startIndex": 0}