{"type": "block", "layer": 0, "block": 0, "features": [{"geom": {"polygons": [[[[-6.897191570722498, -3.281672913581133], [-6.897191570722498, -3.278195993974805], [-5.287381358619314, 4.492474349215627], [6.897191570722498, 1.9388232082128525], [6.897191570722498, 1.9357951916754246], [6.195601352665108, -0.9969924800097942], [-0.3401255613134708, 0.2351740561425686], [-1.2257033600180876, -4.492474349215627], [-6.897191570722498, -3.281672913581133]]]], "centroids": [[-1.252994799055159, 0.3534257896244526, 3.0]], "h": 3.0}, "mtl": {"face": 0}}, {"geom": {"polygons": [[[[-6.897191570722498, -3.281672913581133], [-6.897191570722498, -3.278195993974805], [-6.1473082834272645, 0.34154487773776054], [-5.853545808175113, 0.28068760223686695], [-5.074761918542208, 4.039933772757649], [-5.36852439379436, 4.100791048258543], [-5.287381358619314, 4.492474349215627], [6.897191570722498, 1.9388232082128525], [6.897191570722498, 1.9357951916754246], [6.195601352665108, -0.9969924800097942], [-0.3401255613134708, 0.2351740561425686], [-1.2257033600180876, -4.492474349215627], [-6.897191570722498, -3.281672913581133]]]], "centroids": [[-1.1758916131802835, 0.3209197260439396, 6.0]], "h": 6.0}, "mtl": {"face": 1}}, {"geom": {"polygons": [[[[-6.897191570722498, -3.281672913581133], [-6.897191570722498, -3.278195993974805], [-6.1473082834272645, 0.34154487773776054], [-5.853545808175113, 0.28068760223686695], [-5.074761918542208, 4.039933772757649], [-5.36852439379436, 4.100791048258543], [-5.287381358619314, 4.492474349215627], [6.897191570722498, 1.9388232082128525], [6.897191570722498, 1.9357951916754246], [6.195601352665108, -0.9969924800097942], [-0.3401255613134708, 0.2351740561425686], [-1.2257033600180876, -4.492474349215627], [-6.897191570722498, -3.281672913581133]]]], "centroids": [[-1.1758916131802835, 0.3209197260439396, 9.0]], "h": 9.0}, "mtl": {"face": 2}}], "featureCount": 3, "startIndex": 0}