{"type": "block", "layer": 1, "block": 0, "features": [{"geom": {"triangles": {"v": [-5.282156358531211, 4.434474350884557, 3.0, -6.891531358531211, -3.5655256491154432, 3.0, 7.780343641468789, -6.565525649115443, 3.0, 14.23346864146879, 0.43447435088455677, 3.0, 12.53034364146879, -7.565525649115443, 3.0], "f": [0, 1, 2, 0, 2, 3, 2, 4, 3]}, "centroids": [[3.6824377346783876, -1.4683417230844498, 3.0]]}, "mtl": 0}], "featureCount": 1, "startIndex": 0}