{"type": "block", "layer": 0, "block": 0, "features": [{"geom": {"polygons": [[[[-10.675290477258386, -1.6912876665592194], [-10.675290477258386, -1.6862536687403917], [-8.950925569981337, 6.060688218101859], [10.675290477258386, 1.663550978526473], [10.675290477258386, 1.658489316701889], [8.966358112578746, -6.060688218101859], [-10.675290477258386, -1.6912876665592194]]]], "centroids": [[-0.002489028382115066, -0.005822185426950455, 3.0]], "h": 3.0}, "mtl": {"face": 0}}, {"geom": {"polygons": [[[[-10.675290477258386, -1.6912876665592194], [-10.675290477258386, -1.6862536687403917], [-8.950925569981337, 6.060688218101859], [10.675290477258386, 1.663550978526473], [10.675290477258386, -1.9378176890313625], [9.738211671996396, -6.222663581371307], [8.966358112578746, -6.060688218101859], [-10.675290477258386, -1.6912876665592194]]]], "centroids": [[0.28974337491672486, -0.09509741142392159, 6.0]], "h": 6.0}, "mtl": {"face": 1}}, {"geom": {"polygons": [[[[-10.675290477258386, -1.6912876646965742], [-10.675290477258386, -1.6862536668777466], [-8.950925569835817, 6.060688218101859], [0.862716271309182, 3.861999999731779], [-0.8550000000104774, -3.8758691921830177], [-10.675290477258386, -1.6912876646965742]]]], "centroids": [[-4.906525343074463, 1.0890024360269308, 9.0]], "h": 9.0}, "mtl": {"face": 2}}, {"geom": {"polygons": [[[[-10.675290477258386, -1.6912876646965742], [-10.675290477258386, -1.6862536668777466], [-8.950925570330583, 6.060688216239214], [-4.083043791324599, 4.970068192109466], [-5.742665284284158, -2.7885792274028063], [-10.675290477258386, -1.6912876646965742]]]], "centroids": [[-7.365486202732427, 1.629404317587614, 12.0]], "h": 12.0}, "mtl": {"face": 3}}], "featureCount": 4, "startIndex": 0}