{"type": "block", "layer": 1, "block": 0, "features": [{"geom": {"triangles": {"v": [-8.956516887410544, 5.969311781227589, 3.0, -10.675266887410544, -2.0306882187724113, 3.0, 10.684108112589456, 1.9693117812275887, 3.0, 8.965358112589456, -6.030688218772411, 3.0], "f": [0, 1, 2, 1, 3, 2]}, "centroids": [[-0.002455174020724371, -0.0057842787355184555, 3.0]]}, "mtl": 0}], "featureCount": 1, "startIndex": 0}