{"type": "block", "layer": 0, "block": 0, "features": [{"geom": {"polygons": [[[[-4.971827610221226, -2.1515006590634584], [-4.971827610221226, -2.1459109373390675], [-4.509875157324132, 3.00578124076128], [4.971827610221226, 1.976835198700428], [4.971827610221226, 1.9708431214094162], [4.555106512532802, -3.00578124076128], [-4.971827610221226, -2.1515006590634584]]]], "centroids": [[-0.016558107890887186, -0.0422449316829443, 3.0]], "h": 3.0}, "mtl": {"face": 0}}, {"geom": {"polygons": [[[[-4.971827610221226, -4.971827609464526], [-4.971827610221226, -2.1515006590634584], [4.555106512532802, -3.00578124076128], [4.390478254208574, -4.971827609464526], [-4.971827610221226, -4.971827609464526]]]], "centroids": [[-0.5274445949471556, -3.7585680782794952, 3.0]], "h": 3.0}, "mtl": {"face": 0}}, {"geom": {"polygons": [[[[-4.971827610221226, -4.971827609464526], [-4.971827610221226, -2.1459109392017126], [-4.509875157324132, 3.00578124076128], [-4.440769773791544, 3.7764450423419476], [0.36652696758392267, 3.2649621330201626], [0.35065696190577, 3.1158040184527636], [3.094494564458728, 2.823867382481694], [3.1097259950183798, 2.9730934388935566], [4.971827610221226, 2.774971041828394], [4.971827610221226, -4.971827609464526], [-4.971827610221226, -4.971827609464526]]]], "centroids": [[-0.02268600315437652, -0.9006474390625954, 6.0]], "h": 6.0}, "mtl": {"face": 1}}, {"geom": {"polygons": [[[[-4.971827610221226, -4.971827609464526], [-4.971827610221226, -2.1459109392017126], [-4.509875157324132, 3.00578124076128], [-4.440769773791544, 3.7764450423419476], [0.36652696758392267, 3.2649621330201626], [0.35065696190577, 3.1158040184527636], [3.094494564458728, 2.823867382481694], [3.1097259950183798, 2.9730934388935566], [4.971827610221226, 2.774971041828394], [4.971827610221226, -4.971827609464526], [-4.971827610221226, -4.971827609464526]]]], "centroids": [[-0.02268600315437652, -0.9006474390625954, 9.0]], "h": 9.0}, "mtl": {"face": 2}}], "featureCount": 4, "startIndex": 0}