{"type": "block", "layer": 1, "block": 0, "features": [{"geom": {"triangles": {"v": [4.966524842689978, 1.5157812405377626, 3.0, -4.502225157310022, 2.5157812405377626, 3.0, -5.611600157310022, -9.484218759462237, 3.0, 3.966524842689978, -10.484218759462237, 3.0], "f": [0, 1, 2, 0, 2, 3]}, "centroids": [[-0.3144471585401334, -3.5728500951081514, 3.0]]}, "mtl": 0}], "featureCount": 1, "startIndex": 0}