{"type": "block", "layer": 1, "block": 0, "features": [{"geom": {"triangles": {"v": [-5.2399887307255995, 6.1364474557340145, 3.0, -6.7087387307255995, -0.8635525442659855, 3.0, 5.8225112692744005, -3.8635525442659855, 3.0, 7.2131362692744005, 3.1364474557340145, 3.0], "f": [0, 1, 2, 0, 2, 3]}, "centroids": [[0.25495779389166273, 1.2378079518675804, 3.0]]}, "mtl": 0}], "featureCount": 1, "startIndex": 0}