{"type": "block", "layer": 1, "block": 0, "features": [{"geom": {"triangles": {"v": [-2.2955422134837136, 3.036380983889103, 3.0, -3.5142922134837136, -1.963619016110897, 3.0, 4.095082786516286, 3.036380983889103, 3.0, -2.0455422134837136, 4.036380983889103, 3.0, 9.845082786516286, 1.036380983889103, 3.0, 14.110707786516286, -7.963619016110897, 3.0, 14.907582786516286, 0.036380983889102936, 3.0], "f": [0, 1, 2, 3, 0, 2, 2, 1, 4, 4, 1, 5, 6, 4, 5]}, "centroids": [[6.064495962666115, -1.6559647601097822, 3.0]]}, "mtl": 0}], "featureCount": 1, "startIndex": 0}