{"type": "block", "layer": 1, "block": 0, "features": [{"geom": {"triangles": {"v": [-4.230374999286141, 9.072500001639128, 3.0, -6.433499999286141, -6.927499998360872, 3.0, -4.011624999286141, 9.072500001639128, 3.0, 6.425875000713859, 5.072500001639128, 3.0, 4.410250000713859, -8.927499998360872, 3.0], "f": [0, 1, 2, 2, 1, 3, 1, 4, 3]}, "centroids": [[-0.029904336290201172, -0.30460244230926037, 3.0]]}, "mtl": 0}], "featureCount": 1, "startIndex": 0}