{"type": "block", "layer": 1, "block": 0, "features": [{"geom": {"triangles": {"v": [-3.8648149961372837, 10.071337208151817, 3.0, -6.677314996137284, -7.928662791848183, 3.0, 7.478935003862716, 8.071337208151817, 3.0, 5.775810003862716, -9.928662791848183, 3.0], "f": [0, 1, 2, 1, 3, 2]}, "centroids": [[0.6461683646193705, -0.20976134575903416, 3.0]]}, "mtl": 0}], "featureCount": 1, "startIndex": 0}