{"type": "block", "layer": 1, "block": 0, "features": [{"geom": {"triangles": {"v": [-2.982312088191975, 10.051552586257458, 3.0, -7.060437088191975, -8.948447413742542, 3.0, 2.689562911808025, -10.948447413742542, 3.0, 7.048937911808025, 8.051552586257458, 3.0], "f": [0, 1, 2, 0, 2, 3]}, "centroids": [[-0.06364947429392487, -0.5237023364752531, 3.0]]}, "mtl": 0}], "featureCount": 1, "startIndex": 0}