{"type": "block", "layer": 0, "block": 0, "features": [{"geom": {"polygons": [[[[-3.5685710211691912, 2.8060444928705692], [-3.5685710211691912, 2.810836186632514], [1.7722279139852617, 3.478928443044424], [3.5685710211691912, -2.9754892122000456], [3.5685710211691912, -2.9767984487116337], [-3.0960540547966957, -3.478928441181779], [-3.5685710211691912, 2.8060444928705692]]]], "centroids": [[-0.28815204653074034, -0.15181981027126312, 3.0]], "h": 3.0}, "mtl": {"face": 0}}], "featureCount": 1, "startIndex": 0}