{"type": "block", "layer": 1, "block": 0, "features": [{"geom": {"triangles": {"v": [-8.52977208601078, 2.4452284425497055, 3.0, -7.90477208601078, -3.5547715574502945, 3.0, 1.7671029139892198, 3.4452284425497055, 3.0, 3.56397791398922, -2.5547715574502945, 3.0], "f": [0, 1, 2, 2, 1, 3]}, "centroids": [[-2.687729134078836, -0.3307905215770006, 3.0]]}, "mtl": 0}], "featureCount": 1, "startIndex": 0}