{"type": "block", "layer": 0, "block": 0, "features": [{"geom": {"polygons": [[[[-3.444305281736888, 0.7887262795120478], [-2.5229291841969825, 5.413475325331092], [-2.520209226262523, 5.413475325331092], [3.444305281736888, 4.177231011912227], [1.3939069896296132, -5.413475325331092], [1.3912327659199946, -5.413475325331092], [-1.3754597419174388, -4.82801266387105], [-0.3237624866887927, 0.14194205217063427], [-3.444305281736888, 0.7887262795120478]]]], "centroids": [[0.17064828376169316, 0.7725121099501848, 3.0]], "h": 3.0}, "mtl": {"face": 0}}, {"geom": {"polygons": [[[[-1.6015645434672479, -5.413475325331092], [-1.4732932743499987, -4.807310009375215], [1.3912327659199946, -5.413475325331092], [-1.6015645434672479, -5.413475325331092]]]], "centroids": [[-0.5612083506421186, -5.2114202212542295, 3.0]], "h": 3.0}, "mtl": {"face": 0}}], "featureCount": 2, "startIndex": 0}