{"type": "block", "layer": 1, "block": 0, "features": [{"geom": {"triangles": {"v": [-5.861498586076777, 5.872810885310173, 3.0, -8.173998586076777, -3.127189114689827, 3.0, 11.513501413923223, -8.127189114689827, 3.0, 13.576001413923223, 1.872810885310173, 3.0], "f": [0, 1, 2, 3, 0, 2]}, "centroids": [[2.768263713544002, -0.7102273236960173, 3.0]]}, "mtl": 0}], "featureCount": 1, "startIndex": 0}