{"type": "block", "layer": 0, "block": 0, "features": [{"geom": {"polygons": [[[[-8.074308439187007, -3.415815046057105], [-8.074308439187007, -3.4053260441869497], [-7.816115950001404, -0.32097252644598484], [0.15835145738674328, 7.818972527980804], [7.402884049981367, 1.6060274709016085], [8.074308439187007, 1.1889953520148993], [8.074308439187007, 1.1878318972885609], [4.252263482630951, -1.9450028464198112], [4.943562998058042, -2.792275160551071], [-3.8541159500018694, -7.818972527980804], [-8.074308439187007, -3.415815046057105]]]], "centroids": [[-0.7622187614033464, -0.23459958471357822, 3.0]], "h": 3.0}, "mtl": {"face": 0}}, {"geom": {"polygons": [[[[-8.074308439187007, -4.328202039003372], [-8.074308439187007, 0.4024516511708498], [-1.0028829378134105, 8.074308440089226], [-0.9315520916716196, 8.074308440089226], [-0.26506745303049684, 7.386767279356718], [0.1583514574158471, 7.818972527980804], [7.402884050010471, 1.6060274709016085], [8.074308439187007, 1.1889953520148993], [8.074308439187007, 1.1878318972885609], [4.252263482630951, -1.9450028464198112], [4.943563005479518, -2.792275169864297], [-3.854115945112426, -7.81897253356874], [-4.203594277787488, -8.074308440089226], [-4.486634547793074, -8.074308440089226], [-8.074308439187007, -4.328202039003372]]]], "centroids": [[-1.1166362466756254, -0.10962734371423721, 6.0]], "h": 6.0}, "mtl": {"face": 1}}, {"geom": {"polygons": [[[[-8.074308439187007, -4.328202039003372], [-8.074308439187007, 0.4024516511708498], [-1.0028829378134105, 8.074308440089226], [-0.9315520916716196, 8.074308440089226], [-0.26506745303049684, 7.386767279356718], [0.1583514574158471, 7.818972527980804], [7.402884050010471, 1.6060274709016085], [8.074308439187007, 1.1889953520148993], [8.074308439187007, 1.1878318972885609], [4.252263482630951, -1.9450028464198112], [4.943563005479518, -2.792275169864297], [-3.854115945112426, -7.81897253356874], [-4.203594277787488, -8.074308440089226], [-4.486634547793074, -8.074308440089226], [-8.074308439187007, -4.328202039003372]]]], "centroids": [[-1.1166362466756254, -0.10962734371423721, 9.0]], "h": 9.0}, "mtl": {"face": 2}}, {"geom": {"polygons": [[[[-8.074308439187007, -4.328202039003372], [-8.074308439187007, 0.4024516511708498], [-1.0028829378134105, 8.074308440089226], [-0.9315520916716196, 8.074308440089226], [-0.26506745303049684, 7.386767279356718], [0.1583514574158471, 7.818972527980804], [7.402884050010471, 1.6060274709016085], [8.074308439187007, 1.1889953520148993], [8.074308439187007, 1.1878318972885609], [4.252263482630951, -1.9450028464198112], [4.943563005479518, -2.792275169864297], [-3.854115945112426, -7.81897253356874], [-4.203594277787488, -8.074308440089226], [-4.486634547793074, -8.074308440089226], [-8.074308439187007, -4.328202039003372]]]], "centroids": [[-1.1166362466756254, -0.10962734371423721, 12.0]], "h": 12.0}, "mtl": {"face": 3}}, {"geom": {"polygons": [[[[-6.371425576828187, -6.106284603476524], [-1.42580686925794, -1.6436425019055605], [-5.827166363771539, 2.840397462248802], [-1.0028829376096837, 8.074308440089226], [-0.9315520914678928, 8.074308440089226], [-0.26506745303049684, 7.386767279356718], [0.1583514574158471, 7.818972527980804], [7.402884050010471, 1.6060274709016085], [8.074308439187007, 1.1889953520148993], [8.074308439187007, 1.1878318972885609], [4.252263482630951, -1.9450028464198112], [4.943562997126719, -2.792275160551071], [-3.8541159504675306, -7.818972527980804], [-4.203594437421998, -8.074308440089226], [-4.486634547647554, -8.074308440089226], [-6.371425576828187, -6.106284603476524]]]], "centroids": [[0.2080498063005507, 0.3564525693655014, 15.0]], "h": 15.0}, "mtl": {"face": 4}}], "featureCount": 5, "startIndex": 0}