{"type": "block", "layer": 0, "block": 0, "features": [{"geom": {"polygons": [[[[-12.517232317477465, -1.4917829986661673], [-12.517232317477465, -1.4843423757702112], [-11.440984165703412, 4.680486945435405], [-4.887443128915038, 3.2902611196041107], [-5.179615570639726, 1.921086873859167], [4.4487341195344925, -0.12140898033976555], [5.583221245731693, 6.428374007344246], [12.517232317477465, 5.052850238978863], [12.517232317477465, 5.045894039794803], [10.375859529885929, -6.428374007344246], [-12.517232317477465, -1.4917829986661673]]]], "centroids": [[1.4663877652492374, -0.18879544734954834, 3.0]], "h": 3.0}, "mtl": {"face": 0}}, {"geom": {"polygons": [[[[-12.517232317477465, -1.4917829986661673], [-12.517232317477465, 1.4525338858366013], [-12.275784165714867, 1.633486945182085], [-12.517232317477465, 2.0322331339120865], [-12.517232317477465, 2.871929010376334], [-12.261484165705042, 4.22948694601655], [-11.440984165703412, 4.680486945435405], [-4.887443128915038, 3.2902611196041107], [-5.179615570639726, 1.921086873859167], [4.4487341195344925, -0.12140898033976555], [5.583221245731693, 6.428374007344246], [12.517232317477465, 5.052850238978863], [12.517232317477465, 5.045894039794803], [10.375859529885929, -6.428374007344246], [-12.517232317477465, -1.4917829986661673]]]], "centroids": [[1.2496136861736886, -0.14796127565205097, 6.0]], "h": 6.0}, "mtl": {"face": 1}}, {"geom": {"polygons": [[[[-12.517232317477465, -1.4917829986661673], [-12.517232317477465, 1.4525338858366013], [-12.275784165714867, 1.633486945182085], [-12.517232317477465, 2.0322331339120865], [-12.517232317477465, 2.871929010376334], [-12.261484165705042, 4.22948694601655], [-11.440984165703412, 4.680486945435405], [-4.887443128915038, 3.2902611196041107], [-5.179615570639726, 1.921086873859167], [4.4487341195344925, -0.12140898033976555], [5.583221245731693, 6.428374007344246], [12.517232317477465, 5.052850238978863], [12.517232317477465, 5.045894039794803], [10.375859529885929, -6.428374007344246], [-12.517232317477465, -1.4917829986661673]]]], "centroids": [[1.2496136861736886, -0.14796127565205097, 9.0]], "h": 9.0}, "mtl": {"face": 2}}], "featureCount": 3, "startIndex": 0}