{"type": "block", "layer": 1, "block": 0, "features": [{"geom": {"triangles": {"v": [-4.561972346302355, 6.329147420823574, 3.0, -8.030722346302355, -10.670852579176426, 3.0, 5.328652653697645, 2.329147420823574, 3.0, 6.594277653697645, 0.32914742082357407, 3.0, 7.156777653697645, -11.670852579176426, 3.0], "f": [0, 1, 2, 2, 1, 3, 3, 1, 4]}, "centroids": [[-0.03974304607254453, -4.204969210550189, 3.0]]}, "mtl": 0}], "featureCount": 1, "startIndex": 0}