{"type": "block", "layer": 0, "block": 0, "features": [{"geom": {"polygons": [[[[-5.169294192426605, -4.366635257378221], [-4.529237057286082, 3.21656415425241], [-2.4228070284298155, 3.027071565389633], [-2.2220740817137994, 5.258451227098703], [-2.2162990551732946, 5.258451227098703], [5.169294192426605, 4.580333948135376], [4.287049732723972, -5.258451227098703], [4.281174042349448, -5.258451227098703], [-0.4276398749789223, -4.833583975210786], [-5.169294192426605, -4.366635257378221]]]], "centroids": [[0.16792342549888417, -0.11899475567042828, 3.0]], "h": 3.0}, "mtl": {"face": 0}}, {"geom": {"polygons": [[[[-5.169294192426605, -4.366635257378221], [-4.529237057286082, 3.21656415425241], [-3.3034365650091786, 3.10629222355783], [-3.109830238710856, 5.258451227098703], [1.4454184768546838, 5.258451227098703], [5.199195669090841, 4.913795113563538], [4.287049732723972, -5.258451227098703], [4.281174042349448, -5.258451227098703], [-0.4276398749789223, -4.833583975210786], [-5.169294192426605, -4.366635257378221]]]], "centroids": [[0.14956172980600968, 0.07327071577310562, 6.0]], "h": 6.0}, "mtl": {"face": 1}}, {"geom": {"polygons": [[[[-5.169294192426605, -4.366635257378221], [-4.529237057286082, 3.21656415425241], [-3.3034365650091786, 3.10629222355783], [-3.109830238710856, 5.258451227098703], [1.4454184768546838, 5.258451227098703], [5.199195669090841, 4.913795113563538], [4.287049732723972, -5.258451227098703], [4.281174042349448, -5.258451227098703], [-0.4276398749789223, -4.833583975210786], [-5.169294192426605, -4.366635257378221]]]], "centroids": [[0.14956172980600968, 0.07327071577310562, 9.0]], "h": 9.0}, "mtl": {"face": 2}}, {"geom": {"polygons": [[[[-5.169294192426605, -4.366635257378221], [-4.529237057286082, 3.21656415425241], [-3.3034365650091786, 3.10629222355783], [-3.109830238710856, 5.258451227098703], [2.1421388339658733, 5.258451227098703], [2.1894732275395654, 5.1901350021362305], [5.199195669090841, 4.913795113563538], [4.287049732723972, -5.258451227098703], [4.281174042349448, -5.258451227098703], [-0.4276398749789223, -4.833583975210786], [-5.169294192426605, -4.366635257378221]]]], "centroids": [[0.15001550418674015, 0.07458965852856636, 12.0]], "h": 12.0}, "mtl": {"face": 3}}], "featureCount": 4, "startIndex": 0}