{"type": "block", "layer": 1, "block": 0, "features": [{"geom": {"triangles": {"v": [-16.970036751008593, 6.747684828937054, 3.0, -17.157536751008593, 0.7476848289370537, 3.0, 4.9049632489914075, 1.7476848289370537, 3.0, 3.7799632489914075, -4.252315171062946, 3.0], "f": [0, 1, 2, 1, 3, 2]}, "centroids": [[-6.2826170304906555, 1.3872513622045517, 3.0]]}, "mtl": 0}], "featureCount": 1, "startIndex": 0}