{"type": "block", "layer": 1, "block": 0, "features": [{"geom": {"triangles": {"v": [-5.225553079217207, -2.5542732402682304, 3.0, -5.350553079217207, -3.5542732402682304, 3.0, -0.10055307921720669, -6.55427324026823, 3.0, -3.2880530792172067, 5.44572675973177, 3.0, 16.118196920782793, 0.44572675973176956, 3.0, 14.196321920782793, -7.55427324026823, 3.0, 11.415071920782793, -13.55427324026823, 3.0, 12.680696920782793, -13.55427324026823, 3.0], "f": [0, 1, 2, 3, 0, 2, 3, 2, 4, 2, 5, 4, 5, 2, 6, 5, 6, 7]}, "centroids": [[5.884714852494653, -3.3136758748441935, 3.0]]}, "mtl": 0}], "featureCount": 1, "startIndex": 0}