{"type": "block", "layer": 1, "block": 0, "features": [{"geom": {"triangles": {"v": [8.908260844531469, -18.343451626598835, 3.0, -7.044864155468531, -8.343451626598835, 3.0, -8.904239155468531, -17.343451626598835, 3.0, 13.017635844531469, 1.656548373401165, 3.0, -2.841739155468531, 5.656548373401165, 3.0, -4.341739155468531, 4.656548373401165, 3.0, 8.314510844531469, -21.343451626598835, 3.0], "f": [0, 1, 2, 1, 0, 3, 3, 4, 1, 4, 5, 1, 0, 2, 6]}, "centroids": [[2.086880104325246, -7.687944633886218, 3.0]]}, "mtl": 0}], "featureCount": 1, "startIndex": 0}