{"type": "block", "layer": 0, "block": 0, "features": [{"geom": {"polygons": [[[[-2.0478111948177684, -3.726603128015995], [-0.3951303049689159, 4.407677281647921], [-0.39290930941933766, 4.407677281647921], [1.002368980407482, 4.119113277643919], [0.2707740878104232, -0.009699298068881035], [2.0478111948177684, -0.38017797470092773], [1.2081970840808935, -4.407677281647921], [1.2059992236609105, -4.407677281647921], [-2.0478111948177684, -3.726603128015995]]]], "centroids": [[-0.03191875823540613, -0.7342572566121817, 3.0]], "h": 3.0}, "mtl": {"face": 0}}, {"geom": {"polygons": [[[[0.2707740878104232, -0.009699298068881035], [1.002368980407482, 4.119113277643919], [4.407677281589713, 3.4148456025868654], [4.407677281589713, -4.407677281647921], [1.2081970840808935, -4.407677281647921], [2.0478111948177684, -0.38017797470092773], [0.2707740878104232, -0.009699298068881035]]]], "centroids": [[2.697888294176664, -0.06927580758929253, 3.0]], "h": 3.0}, "mtl": {"face": 0}}, {"geom": {"polygons": [[[[0.2707740878104232, -0.009699298068881035], [1.002368980407482, 4.119113277643919], [4.407677281589713, 3.4148456025868654], [4.407677281589713, -4.407677281647921], [1.2081970840808935, -4.407677281647921], [2.0478111948177684, -0.38017797470092773], [0.2707740878104232, -0.009699298068881035]]]], "centroids": [[2.697888294176664, -0.06927580758929253, 6.0]], "h": 6.0}, "mtl": {"face": 1}}], "featureCount": 3, "startIndex": 0}