{"type": "block", "layer": 1, "block": 0, "features": [{"geom": {"triangles": {"v": [-1.85787818452809, 4.714895207434893, 3.0, -3.52975318452809, -3.2851047925651073, 3.0, 22.28274681547191, -0.28510479256510735, 3.0, 20.65774681547191, -8.285104792565107, 3.0], "f": [0, 1, 2, 1, 3, 2]}, "centroids": [[9.40235515331733, -1.8724158182740211, 3.0]]}, "mtl": 0}], "featureCount": 1, "startIndex": 0}