{"type": "block", "layer": 0, "block": 0, "features": [{"geom": {"polygons": [[[[-3.120786056679208, -3.0525345019996166], [-1.198619208065793, 4.007954683154821], [-1.1969347229460254, 4.007954683154821], [3.120786056650104, 2.9093513134866953], [1.2375997895433102, -4.007954683154821], [1.2356629664136562, -4.007954683154821], [-3.120786056679208, -3.0525345019996166]]]], "centroids": [[0.0023380897182505578, -0.03404182381927967, 3.0]], "h": 3.0}, "mtl": {"face": 0}}, {"geom": {"polygons": [[[[-3.3808922548778355, -4.007954683154821], [-3.1207860567665193, -3.0525345019996166], [1.2356629664136562, -4.007954683154821], [-3.3808922548778355, -4.007954683154821]]]], "centroids": [[-1.7553384484199341, -3.6894812900573015, 3.0]], "h": 3.0}, "mtl": {"face": 0}}, {"geom": {"polygons": [[[[-3.120786056795623, -3.0525345019996166], [-1.198619208065793, 4.007954683154821], [-1.1969347229460254, 4.007954683154821], [3.120786056650104, 2.9093513134866953], [1.2375997895433102, -4.007954683154821], [1.2356629664136562, -4.007954683154821], [-3.120786056795623, -3.0525345019996166]]]], "centroids": [[0.0023380896891467273, -0.03404182009398937, 6.0]], "h": 6.0}, "mtl": {"face": 1}}, {"geom": {"polygons": [[[[-3.3808922548778355, -4.007954683154821], [-3.1207860567665193, -3.0525345019996166], [1.2356629664136562, -4.007954683154821], [-3.3808922548778355, -4.007954683154821]]]], "centroids": [[-1.7553384484199341, -3.6894812900573015, 6.0]], "h": 6.0}, "mtl": {"face": 1}}], "featureCount": 4, "startIndex": 0}