{"type": "block", "layer": 1, "block": 0, "features": [{"geom": {"triangles": {"v": [-3.4626027107588015, 4.980973239988089, 3.0, -7.0407277107588015, -8.019026760011911, 3.0, -0.49385271075880155, -10.019026760011911, 3.0, 3.1155222892411985, 2.9809732399880886, 3.0], "f": [0, 1, 2, 3, 0, 2]}, "centroids": [[-1.9617499020823743, -2.833897991105914, 3.0]]}, "mtl": 0}], "featureCount": 1, "startIndex": 0}