{"type": "block", "layer": 1, "block": 0, "features": [{"geom": {"triangles": {"v": [-9.52624786022352, -13.887150963768363, 3.0, 2.9581271397764795, 3.112849036231637, 3.0, -5.4012478602235205, 5.112849036231637, 3.0, -0.9949978602235205, -15.887150963768363, 3.0, -1.0731228602235205, -15.887150963768363, 3.0], "f": [0, 1, 2, 1, 0, 3, 3, 0, 4]}, "centroids": [[-3.269280339300167, -5.688051696866751, 3.0]]}, "mtl": 0}], "featureCount": 1, "startIndex": 0}