{"type": "block", "layer": 0, "block": 0, "features": [{"geom": {"polygons": [[[[-4.80979700689204, -5.667393155395985], [-2.469140748551581, 8.10425772704184], [-2.466353903146228, 8.10425772704184], [4.80979700689204, 5.87806823477149], [1.726043244212633, -8.10425772704184], [1.723691433784552, -8.10425772704184], [-4.80979700689204, -5.667393155395985]]]], "centroids": [[-0.14627534468309022, 0.1568580251187086, 3.0]], "h": 3.0}, "mtl": {"face": 0}}, {"geom": {"polygons": [[[[-4.80979700689204, -5.667393155395985], [-2.469140748551581, 8.10425772704184], [-0.5152841865201481, 8.10425772704184], [4.945197006891249, 6.4930682349950075], [4.80979700689204, 5.87806823477149], [1.726043244387256, -8.10425772704184], [1.723691433959175, -8.10425772704184], [-4.80979700689204, -5.667393155395985]]]], "centroids": [[-0.0764634033839684, 0.4166208244860172, 9.0]], "h": 9.0}, "mtl": {"face": 1}}, {"geom": {"polygons": [[[[-4.80979700689204, -5.667393155395985], [-2.469140748551581, 8.10425772704184], [-0.5152841865201481, 8.10425772704184], [4.945197006891249, 6.4930682349950075], [4.80979700689204, 5.87806823477149], [1.726043244212633, -8.10425772704184], [1.723691433784552, -8.10425772704184], [-4.80979700689204, -5.667393155395985]]]], "centroids": [[-0.07646340341307223, 0.4166208226233721, 6.0]], "h": 6.0}, "mtl": {"face": 2}}, {"geom": {"polygons": [[[[-4.809797006601002, -5.667393155395985], [-3.0302383538510185, 4.8029441293329], [-0.0347586065181531, 3.9964717607945204], [-0.7534715788788162, 0.6507342513650656], [0.4292129849200137, 0.34161646850407124], [0.6293623448873404, 1.2235076799988747], [3.6244063126214314, 0.5032814145088196], [1.726043244387256, -8.10425772704184], [1.723691433959175, -8.10425772704184], [-4.809797006601002, -5.667393155395985]]]], "centroids": [[-0.8084549397462979, -2.106796832755208, 12.0]], "h": 12.0}, "mtl": {"face": 3}}], "featureCount": 4, "startIndex": 0}