{"type": "block", "layer": 1, "block": 0, "features": [{"geom": {"triangles": {"v": [-2.4692279930750374, 8.341068234294653, 3.0, -4.812977993075037, -5.658931765705347, 3.0, 4.812022006924963, 6.341068234294653, 3.0, 1.7182720069249626, -7.658931765705347, 3.0], "f": [0, 1, 2, 1, 3, 2]}, "centroids": [[-0.14628208469366655, 0.15682606026530266, 3.0]]}, "mtl": 0}], "featureCount": 1, "startIndex": 0}