{"type": "block", "layer": 1, "block": 0, "features": [{"geom": {"triangles": {"v": [-1.841024192108307, 5.283482683822513, 3.0, -3.184774192108307, -4.716517316177487, 3.0, 10.893350807891693, 3.2834826838225126, 3.0, 11.721475807891693, -6.716517316177487, 3.0, 12.658975807891693, 1.2834826838225126, 3.0], "f": [0, 1, 2, 2, 1, 3, 4, 2, 3]}, "centroids": [[4.787610880506691, -0.7845328636467457, 3.0]]}, "mtl": 0}], "featureCount": 1, "startIndex": 0}