{"type": "block", "layer": 0, "block": 0, "features": [{"geom": {"polygons": [[[[-7.4942585695534945, -3.119140852242708], [-7.4942585695534945, -3.115235611796379], [-6.612305007874966, 1.2910571098327637], [-3.156958688661689, 0.6715080998837948], [-2.091057931887917, 5.934880334883928], [7.4942585695534945, 3.904278442263603], [7.4942585695534945, 3.90014642290771], [5.6390080703713465, -5.934880334883928], [-7.4942585695534945, -3.119140852242708]]]], "centroids": [[0.7572374239389319, -0.17335031926631927, 3.0]], "h": 3.0}, "mtl": {"face": 0}}, {"geom": {"polygons": [[[[-7.4942585695534945, -3.115235611796379], [-7.4942585695534945, -1.4600223135203123], [-7.175091776327463, -1.5206592306494713], [-7.4942585695534945, -3.115235611796379]]]], "centroids": [[-7.387869638449047, -2.031972384080291, 3.0]], "h": 3.0}, "mtl": {"face": 0}}, {"geom": {"polygons": [[[[-7.4942585695534945, -3.119140852242708], [-7.4942585695534945, -3.115235611796379], [-6.612305008020485, 1.2910571098327637], [-3.156958688807208, 0.6715080998837948], [-2.091057931946125, 5.934880333021283], [7.4942585695534945, 3.904278442263603], [7.4942585695534945, 0.6292708814144135], [6.4620080702297855, -4.8428803365677595], [5.866200901946286, -4.7304890267550945], [5.639008070225827, -5.934880334883928], [-7.4942585695534945, -3.119140852242708]]]], "centroids": [[0.9789105408417527, -0.21082093566656113, 6.0]], "h": 6.0}, "mtl": {"face": 1}}], "featureCount": 3, "startIndex": 0}