{"type": "block", "layer": 1, "block": 0, "features": [{"geom": {"triangles": {"v": [-11.550616929773241, 7.480119664222002, 3.0, -13.534991929773241, -1.519880335777998, 3.0, 7.496258070226759, 3.480119664222002, 3.0, 5.636883070226759, -5.519880335777998, 3.0], "f": [0, 1, 2, 1, 3, 2]}, "centroids": [[-2.9811512162850704, 1.0137646570801735, 3.0]]}, "mtl": 0}], "featureCount": 1, "startIndex": 0}