{"type": "block", "layer": 0, "block": 0, "features": [{"geom": {"polygons": [[[[-7.374475254880963, 2.0995875615626574], [-7.374475254880963, 2.101202128455043], [-4.923957444028929, 5.876722909510136], [7.374475254880963, -2.098528552800417], [7.374475254880963, -2.1001441963016987], [4.925590510916663, -5.8767229076474905], [-7.374475254880963, 2.0995875615626574]]]], "centroids": [[0.0003811547940131277, 0.00022296234965324402, 3.0]], "h": 3.0}, "mtl": {"face": 0}}, {"geom": {"polygons": [[[[-7.374475254880963, 2.0995875615626574], [-7.374475254880963, 2.101202128455043], [-4.923957444028929, 5.876722909510136], [7.374475254880963, -2.098528552800417], [7.374475254880963, -2.1001441963016987], [4.925590510916663, -5.8767229076474905], [-7.374475254880963, 2.0995875615626574]]]], "centroids": [[0.0003811547940131277, 0.00022296234965324402, 6.0]], "h": 6.0}, "mtl": {"face": 1}}], "featureCount": 2, "startIndex": 0}