{"type": "block", "layer": 1, "block": 0, "features": [{"geom": {"triangles": {"v": [-16.424278117890935, 8.801598731428385, 3.0, -18.455528117890935, -1.1984012685716152, 3.0, 3.2163468821090646, 4.801598731428385, 3.0, 1.1694718821090646, -5.198401268571615, 3.0], "f": [0, 1, 2, 1, 3, 2]}, "centroids": [[-7.62607891348307, 1.5857491008937359, 3.0]]}, "mtl": 0}], "featureCount": 1, "startIndex": 0}