{"type": "block", "layer": 1, "block": 0, "features": [{"geom": {"triangles": {"v": [-2.1809810168633703, 12.232484823092818, 3.0, -6.41535601686337, -7.767515176907182, 3.0, 3.3190189831366297, -9.767515176907182, 3.0, 7.53776898313663, 10.232484823092818, 3.0], "f": [0, 1, 2, 0, 2, 3]}, "centroids": [[0.5635952609300148, 1.0284499432891607, 3.0]]}, "mtl": 0}], "featureCount": 1, "startIndex": 0}