{"type": "block", "layer": 0, "block": 0, "features": [{"geom": {"polygons": [[[[-8.238787152833538, -5.2202396504580975], [-8.238787152833538, -5.214596664533019], [-8.133211113949073, -4.462466612458229], [-7.2996111139364075, 1.47753338329494], [6.656870558334049, 5.220466613769531], [8.238787152833538, -0.6781233064830303], [8.238787152833538, -0.6814226247370243], [-8.238787152833538, -5.2202396504580975]]]], "centroids": [[-0.178039164544316, 0.10593170672655106, 3.0]], "h": 3.0}, "mtl": {"face": 0}}, {"geom": {"polygons": [[[[-8.238787152833538, -5.2202396504580975], [-8.238787152833538, -5.214596664533019], [-8.133211113949073, -4.462466612458229], [-7.2996111139364075, 1.47753338329494], [6.656870558334049, 5.220466613769531], [7.332978590333369, 5.4017893355339766], [8.238787152833538, 2.0242096558213234], [8.238787152833538, -0.6814226247370243], [-8.238787152833538, -5.2202396504580975]]]], "centroids": [[0.08199903662898578, 0.20022073574364185, 6.0]], "h": 6.0}, "mtl": {"face": 1}}], "featureCount": 2, "startIndex": 0}