{"type": "block", "layer": 1, "block": 0, "features": [{"geom": {"triangles": {"v": [19.023763886041706, 2.640533385798335, 3.0, -8.132486113958294, -4.359466614201665, 3.0, -8.241861113958294, -5.359466614201665, 3.0, -7.304361113958294, 1.640533385798335, 3.0, 18.789388886041706, 8.640533385798335, 3.0], "f": [0, 1, 2, 0, 3, 1, 4, 3, 0]}, "centroids": [[5.497940942936111, 1.7130588795989752, 3.0]]}, "mtl": 0}], "featureCount": 1, "startIndex": 0}