{"type": "block", "layer": 1, "block": 0, "features": [{"geom": {"triangles": {"v": [-21.086033712723292, 6.463083608075976, 3.0, -21.945408712723292, -2.5369163919240236, 3.0, -11.820408712723292, -3.5369163919240236, 3.0, 2.8983412872767076, 4.463083608075976, 3.0, 2.0077162872767076, -5.536916391924024, 3.0], "f": [0, 1, 2, 0, 2, 3, 2, 4, 3]}, "centroids": [[-9.521090740163345, 0.8797267824411392, 3.0]]}, "mtl": 0}], "featureCount": 1, "startIndex": 0}