{"type": "block", "layer": 0, "block": 0, "features": [{"geom": {"polygons": [[[[-2.7217225760396104, -4.360515518113971], [-1.546962889144197, 4.978479344397783], [-1.5413437591632828, 4.978479344397783], [2.7217225760396104, 4.596481150016189], [2.7008774239511695, 4.419684482738376], [1.2012333438906353, -4.978479344397783], [1.1979957489820663, -4.978479344397783], [-2.7217225760396104, -4.360515518113971]]]], "centroids": [[-0.06615843655890785, 0.11789575032889843, 3.0]], "h": 3.0}, "mtl": {"face": 0}}, {"geom": {"polygons": [[[[-1.5413437591632828, 4.978479344397783], [2.7667619454150554, 4.978479344397783], [2.7217225761560258, 4.596481150016189], [-1.5413437591632828, 4.978479344397783]]]], "centroids": [[1.3157135874207597, 4.85114661231637, 3.0]], "h": 3.0}, "mtl": {"face": 0}}], "featureCount": 2, "startIndex": 0}