{"type": "block", "layer": 1, "block": 0, "features": [{"geom": {"triangles": {"v": [-8.369624999759253, -0.17500000074505806, 3.0, -7.963374999759253, 1.824999999254942, 3.0, -8.369624999759253, 0.8249999992549419, 3.0, 8.380375000240747, 0.8249999992549419, 3.0, 1.4585000002407469, 8.824999999254942, 3.0, 3.021000000240747, 7.824999999254942, 3.0, -4.619624999759253, -8.175000000745058, 3.0], "f": [0, 1, 2, 3, 1, 0, 3, 4, 1, 5, 4, 3, 3, 0, 6]}, "centroids": [[-0.6909962851204909, 0.5839739367365837, 3.0]]}, "mtl": 0}], "featureCount": 1, "startIndex": 0}