{"type": "block", "layer": 1, "block": 0, "features": [{"geom": {"triangles": {"v": [-4.829885015788022, 10.834122762084007, 3.0, -7.001760015788022, -2.1658772379159927, 3.0, 0.02948998421197757, -2.1658772379159927, 3.0, 2.9826149842119776, 9.834122762084007, 3.0, 1.1388649842119776, -2.1658772379159927, 3.0, 3.7794899842119776, 9.834122762084007, 3.0], "f": [0, 1, 2, 3, 0, 2, 3, 2, 4, 3, 4, 5]}, "centroids": [[-1.7192921915557235, 3.949806010350585, 3.0]]}, "mtl": 0}], "featureCount": 1, "startIndex": 0}