{"type": "block", "layer": 0, "block": 0, "features": [{"geom": {"polygons": [[[[-6.471350064210128, -2.430164033547044], [-4.763376076531131, 1.2622421719133854], [-2.0613943673088215, 6.987464461475611], [-2.0590066038421355, 6.987464461475611], [6.471350064239232, 4.090836280956864], [1.35817184089683, -6.987464461475611], [1.3566489584336523, -6.987464461475611], [-6.471350064210128, -2.430164033547044]]]], "centroids": [[-0.07403891743160784, 0.3612608164548874, 3.0]], "h": 3.0}, "mtl": {"face": 0}}, {"geom": {"polygons": [[[[-6.471350064210128, -2.430164033547044], [-4.763376076531131, 1.2622421719133854], [-2.0613943673088215, 6.987464461475611], [-2.0590066038421355, 6.987464461475611], [6.471350064239232, 4.090836280956864], [6.987464461184572, 3.91558082960546], [6.987464461184572, 3.4403569493442774], [5.926376071671257, 1.1205002050846815], [5.903388089791406, 1.0901951435953379], [5.874266254744725, 1.066023936495185], [5.834054326813202, 1.0633447617292404], [5.793842398881679, 1.0711562540382147], [5.202465511101764, 1.3416484519839287], [4.215622483839979, -0.796463193371892], [4.814346108760219, -1.0703157428652048], [4.849066853814293, -1.096120472997427], [4.8676514251565095, -1.1226692907512188], [4.8722440615529194, -1.161959070712328], [4.863690060999943, -1.2028494160622358], [2.217842259648023, -6.987464461475611], [1.3566489584336523, -6.987464461475611], [-6.471350064210128, -2.430164033547044]]]], "centroids": [[0.2056658950750716, 0.20252892933785915, 6.0]], "h": 6.0}, "mtl": {"face": 1}}, {"geom": {"polygons": [[[[-6.471350064210128, -2.430164033547044], [-4.763376076531131, 1.2622421719133854], [-2.0613943673088215, 6.987464461475611], [-2.0590066038421355, 6.987464461475611], [6.471350064239232, 4.090836280956864], [6.987464461184572, 3.91558082960546], [6.987464461184572, 3.4403569493442774], [5.926376071671257, 1.1205002050846815], [5.903388089791406, 1.0901951435953379], [5.874266254744725, 1.066023936495185], [5.834054326813202, 1.0633447617292404], [5.793842398881679, 1.0711562540382147], [5.202465511101764, 1.3416484519839287], [4.215622483839979, -0.796463193371892], [4.814346108760219, -1.0703157428652048], [4.849066853814293, -1.096120472997427], [4.8676514251565095, -1.1226692907512188], [4.8722440615529194, -1.161959070712328], [4.863690060999943, -1.2028494160622358], [2.217842259648023, -6.987464461475611], [1.3566489584336523, -6.987464461475611], [-6.471350064210128, -2.430164033547044]]]], "centroids": [[0.2056658950750716, 0.20252892933785915, 9.0]], "h": 9.0}, "mtl": {"face": 2}}, {"geom": {"polygons": [[[[-6.471350064210128, -2.430164033547044], [-4.763376076531131, 1.2622421719133854], [-2.0613943673088215, 6.987464461475611], [-2.0590066038421355, 6.987464461475611], [6.471350064239232, 4.090836280956864], [6.987464461184572, 3.91558082960546], [6.987464461184572, 3.4403569493442774], [5.926376071671257, 1.1205002050846815], [5.903388089791406, 1.0901951435953379], [5.874266254744725, 1.066023936495185], [5.834054326813202, 1.0633447617292404], [5.793842398881679, 1.0711562540382147], [5.202465511101764, 1.3416484519839287], [4.215622483839979, -0.796463193371892], [4.814346108760219, -1.0703157428652048], [4.849066853814293, -1.096120472997427], [4.8676514251565095, -1.1226692907512188], [4.8722440615529194, -1.161959070712328], [4.863690060999943, -1.2028494160622358], [2.217842259648023, -6.987464461475611], [1.3566489584336523, -6.987464461475611], [-6.471350064210128, -2.430164033547044]]]], "centroids": [[0.2056658950750716, 0.20252892933785915, 12.0]], "h": 12.0}, "mtl": {"face": 3}}, {"geom": {"polygons": [[[[-6.471350064210128, -2.430164033547044], [-4.763376076531131, 1.2622421719133854], [-2.0613943673088215, 6.987464461475611], [-2.0590066038421355, 6.987464461475611], [6.471350064239232, 4.090836280956864], [6.987464461184572, 3.91558082960546], [6.987464461184572, 3.4403569493442774], [5.926376071671257, 1.1205002050846815], [5.903388089791406, 1.0901951435953379], [5.874266254744725, 1.066023936495185], [5.834054326813202, 1.0633447617292404], [5.793842398881679, 1.0711562540382147], [5.202465511101764, 1.3416484519839287], [4.215622483839979, -0.796463193371892], [4.814346108760219, -1.0703157428652048], [4.849066853814293, -1.096120472997427], [4.8676514251565095, -1.1226692907512188], [4.8722440615529194, -1.161959070712328], [4.863690060999943, -1.2028494160622358], [2.217842259648023, -6.987464461475611], [1.3566489584336523, -6.987464461475611], [-6.471350064210128, -2.430164033547044]]]], "centroids": [[0.2056658950750716, 0.20252892933785915, 15.0]], "h": 15.0}, "mtl": {"face": 4}}], "featureCount": 5, "startIndex": 0}