{"type": "block", "layer": 1, "block": 0, "features": [{"geom": {"triangles": {"v": [-4.768599936913233, 1.745836278423667, 3.0, -6.471724936913233, -2.254163721576333, 3.0, 1.3564000630867667, -7.254163721576333, 3.0, 6.465775063086767, 3.745836278423667, 3.0, -4.315474936913233, 7.745836278423667, 3.0, -5.456099936913233, 1.745836278423667, 3.0], "f": [0, 1, 2, 0, 2, 3, 4, 0, 3, 5, 0, 4]}, "centroids": [[-0.4191010590584483, 0.7623015008866787, 3.0]]}, "mtl": 0}], "featureCount": 1, "startIndex": 0}