{"type": "block", "layer": 1, "block": 0, "features": [{"geom": {"triangles": {"v": [-2.575755730154924, 3.295089613646269, 3.0, -3.950755730154924, -3.704910386353731, 3.0, 23.486744269845076, -8.704910386353731, 3.0, 24.908619269845076, -4.704910386353731, 3.0, 25.924244269845076, 4.295089613646269, 3.0, -1.357005730154924, 11.295089613646269, 3.0, 26.283619269845076, 9.295089613646269, 3.0], "f": [0, 1, 2, 0, 2, 3, 0, 3, 4, 5, 0, 4, 5, 4, 6]}, "centroids": [[11.910390066885157, 1.8880439531058073, 3.0]]}, "mtl": 0}], "featureCount": 1, "startIndex": 0}