{"type": "block", "layer": 1, "block": 0, "features": [{"geom": {"triangles": {"v": [-3.477938402618747, 0.2867668215185404, 3.0, -4.649813402618747, -2.7132331784814596, 3.0, 1.3189365973812528, -5.71323317848146, 3.0, 7.084561597381253, 9.28676682151854, 3.0, 5.803311597381253, 10.28676682151854, 3.0, 0.3970615973812528, 9.28676682151854, 3.0, 0.3970615973812528, 12.28676682151854, 3.0], "f": [0, 1, 2, 0, 2, 3, 3, 4, 0, 4, 5, 0, 6, 5, 4]}, "centroids": [[1.2427465219516307, 3.33577036857605, 3.0]]}, "mtl": 0}], "featureCount": 1, "startIndex": 0}