{"type": "block", "layer": 1, "block": 0, "features": [{"geom": {"triangles": {"v": [-28.56443072250113, -9.948467345908284, 3.0, -29.23630572250113, -16.948467345908284, 3.0, -28.25193072250113, -9.948467345908284, 3.0, -25.14255572250113, -17.948467345908284, 3.0, -27.93943072250113, -7.948467345908284, 3.0, -17.23630572250113, -20.948467345908284, 3.0, -26.84568072250113, -1.9484673459082842, 3.0, -26.17380572250113, 1.0515326540917158, 3.0, -12.001930722501129, -22.948467345908284, 3.0, -19.39255572250113, -29.948467345908284, 3.0, -13.970680722501129, -31.948467345908284, 3.0, -23.83005572250113, 11.051532654091716, 3.0, 6.451194277498871, -6.948467345908284, 3.0, 3.716819277498871, -15.948467345908284, 3.0, -3.736305722501129, -24.948467345908284, 3.0, 0.6230692774988711, -25.948467345908284, 3.0, 8.404319277498871, 0.05153265409171581, 3.0, 8.982444277498871, 3.051532654091716, 3.0, -21.93943072250113, 17.051532654091716, 3.0, 10.951194277498871, 12.051532654091716, 3.0, -20.95505572250113, 20.051532654091716, 3.0, -10.939430722501129, 34.051532654091716, 3.0, -17.87693072250113, 30.051532654091716, 3.0, -15.892555722501129, 36.051532654091716, 3.0, 12.810569277498871, 22.051532654091716, 3.0, -0.7675557225011289, 34.051532654091716, 3.0, 14.998069277498871, 31.051532654091716, 3.0, -10.283180722501129, 36.051532654091716, 3.0, -25.14255572250113, -18.948467345908284, 3.0], "f": [0, 1, 2, 2, 1, 3, 4, 2, 3, 4, 3, 5, 5, 6, 4, 5, 7, 6, 5, 8, 7, 5, 9, 8, 9, 10, 8, 8, 11, 7, 8, 12, 11, 13, 12, 8, 8, 14, 13, 14, 15, 13, 16, 11, 12, 17, 11, 16, 11, 17, 18, 18, 17, 19, 20, 18, 19, 20, 19, 21, 21, 22, 20, 23, 22, 21, 24, 21, 19, 24, 25, 21, 26, 25, 24, 27, 21, 25, 3, 28, 5]}, "centroids": [[-7.6333566615357995, 5.084393825381994, 3.0]]}, "mtl": 0}], "featureCount": 1, "startIndex": 0}