{"type": "block", "layer": 0, "block": 0, "features": [{"geom": {"polygons": [[[[-3.4903597899829037, -3.2068614922463894], [-1.497552959161112, 4.488790638744831], [-1.4956228840746917, 4.488790638744831], [3.4903597899538, 3.2547604385763407], [1.7532604966836516, -4.488790638744831], [1.7513241854321677, -4.488790638744831], [-3.4903597899829037, -3.2068614922463894]]]], "centroids": [[0.05548322343383916, -0.019561804831027985, 3.0]], "h": 3.0}, "mtl": {"face": 0}}], "featureCount": 1, "startIndex": 0}