{"type": "block", "layer": 1, "block": 0, "features": [{"geom": {"triangles": {"v": [-8.199337996076792, 2.7334082052111626, 3.0, -9.277462996076792, 1.7334082052111626, 3.0, -6.7774629960767925, -3.2665917947888374, 3.0, -3.6368379960767925, 4.733408205211163, 3.0, 2.1600370039232075, -1.2665917947888374, 3.0, 4.0194120039232075, 2.7334082052111626, 3.0, -1.4337129960767925, 6.733408205211163, 3.0, -1.3243379960767925, -7.266591794788837, 3.0, -3.2930879960767925, -10.266591794788837, 3.0, -3.3712129960767925, -11.266591794788837, 3.0], "f": [0, 1, 2, 3, 0, 2, 4, 3, 2, 3, 4, 5, 6, 3, 5, 2, 7, 4, 2, 8, 7, 2, 9, 8]}, "centroids": [[-2.6223787637718488, -0.8513517566025257, 3.0]]}, "mtl": 0}], "featureCount": 1, "startIndex": 0}