{"type": "block", "layer": 0, "block": 0, "features": [{"geom": {"polygons": [[[[-3.375167622260051, -4.396120004355907], [-1.3121603792533278, 5.420112228021026], [-1.3095328123890795, 5.420112228021026], [3.375167622260051, 4.40986467897892], [1.3596002219128422, -5.420112228021026], [1.3569840422132984, -5.420112228021026], [-3.375167622260051, -4.396120004355907]]]], "centroids": [[0.010257787158479914, -0.004957711324095726, 3.0]], "h": 3.0}, "mtl": {"face": 0}}], "featureCount": 1, "startIndex": 0}