{"type": "block", "layer": 1, "block": 0, "features": [{"geom": {"triangles": {"v": [-1.3109214576834347, 4.971654292196035, 3.0, -3.3734214576834347, -4.028345707803965, 3.0, 18.298453542316565, 0.9716542921960354, 3.0, 16.235953542316565, -9.028345707803965, 3.0], "f": [0, 1, 2, 1, 3, 2]}, "centroids": [[7.462461977644125, -1.6062875799834728, 3.0]]}, "mtl": 0}], "featureCount": 1, "startIndex": 0}