{"type": "block", "layer": 1, "block": 0, "features": [{"geom": {"triangles": {"v": [-2.5834382105676923, 5.851500000804663, 3.0, -5.567813210567692, 0.8515000008046627, 3.0, 5.557186789432308, 1.8515000008046627, 3.0, 3.8071867894323077, -4.148499999195337, 3.0, 4.041561789432308, -4.148499999195337, 3.0, 1.9946867894323077, -6.148499999195337, 3.0], "f": [0, 1, 2, 3, 2, 1, 4, 2, 3, 3, 1, 5]}, "centroids": [[0.31247864686883986, 0.13760963268578053, 3.0]]}, "mtl": 0}], "featureCount": 1, "startIndex": 0}