{"type": "block", "layer": 1, "block": 0, "features": [{"geom": {"triangles": {"v": [0.6978674758574925, 17.370001692324877, 3.0, -3.5365075241425075, -2.629998307675123, 3.0, 2.3384924758574925, -3.629998307675123, 3.0, 6.5728674758574925, 16.370001692324877, 3.0], "f": [0, 1, 2, 0, 2, 3]}, "centroids": [[1.5196310182800516, 7.038127833977342, 3.0]]}, "mtl": 0}], "featureCount": 1, "startIndex": 0}