{"type": "block", "layer": 1, "block": 0, "features": [{"geom": {"triangles": {"v": [-15.063308123819297, 10.920486196875572, 3.0, -17.578933123819297, -2.079513803124428, 3.0, -8.828933123819297, -4.079513803124428, 3.0, 5.921066876180703, 4.920486196875572, 3.0, -12.344558123819297, 21.920486196875572, 3.0, 8.983566876180703, 16.920486196875572, 3.0, -0.5008081238192972, 30.920486196875572, 3.0, -4.953933123819297, 31.920486196875572, 3.0, -9.547683123819297, 33.92048619687557, 3.0, 2.764816876180703, 30.920486196875572, 3.0, 8.436691876180703, 28.920486196875572, 3.0, 11.827316876180703, 27.920486196875572, 3.0, -5.907058123819297, -5.079513803124428, 3.0, 2.717941876180703, -7.079513803124428, 3.0], "f": [0, 1, 2, 3, 0, 2, 4, 0, 3, 5, 4, 3, 4, 5, 6, 7, 4, 6, 8, 4, 7, 9, 6, 5, 10, 9, 5, 10, 5, 11, 3, 2, 12, 12, 13, 3]}, "centroids": [[-3.0936502888507675, 13.359118811786175, 3.0]]}, "mtl": 0}], "featureCount": 1, "startIndex": 0}