{"type": "block", "layer": 0, "block": 0, "features": [{"geom": {"polygons": [[[[-6.671803401142824, 0.9035814255475998], [0.6863699742243625, 6.791739359498024], [0.6877333612937946, 6.791739359498024], [6.671803401142824, -1.107358768582344], [-1.0948753206757829, -6.791739359498024], [-1.0962955137656536, -6.791739359498024], [-6.671803401142824, 0.9035814255475998]]]], "centroids": [[-0.06504707914427854, -0.04468517377972603, 3.0]], "h": 3.0}, "mtl": {"face": 0}}, {"geom": {"polygons": [[[[-6.791739359119674, -0.6895534340292215], [-6.791739359119674, 0.8025435544550419], [-6.671803401026409, 0.9035814255475998], [0.6863699742243625, 6.791739359498024], [0.6877333612937946, 6.791739359498024], [6.671803416742478, -1.1073587890714407], [-1.0948753188713454, -6.791739359498024], [-2.2120098953309935, -6.791739359498024], [-6.791739359119674, -0.6895534340292215]]]], "centroids": [[-0.41528960442519747, -0.3079141490161419, 6.0]], "h": 6.0}, "mtl": {"face": 1}}, {"geom": {"polygons": [[[[-6.791739359119674, -0.6895534340292215], [-6.791739359119674, 0.8025435544550419], [-6.671803401026409, 0.9035814255475998], [0.6863699742243625, 6.791739359498024], [0.6877333612937946, 6.791739359498024], [6.671803396631731, -1.1073587629944086], [-1.0948753188713454, -6.791739359498024], [-2.2120098953309935, -6.791739359498024], [-6.791739359119674, -0.6895534340292215]]]], "centroids": [[-0.4152896116138436, -0.30791414342820644, 9.0]], "h": 9.0}, "mtl": {"face": 2}}], "featureCount": 3, "startIndex": 0}