{"type": "block", "layer": 1, "block": 0, "features": [{"geom": {"triangles": {"v": [0.6859466335154139, 7.15858137793839, 3.0, -6.673428366484586, 1.1585813779383898, 3.0, 6.670321633515414, -0.8414186220616102, 3.0, -1.0953033664845861, -6.84141862206161, 3.0], "f": [0, 1, 2, 1, 3, 2]}, "centroids": [[-0.0650833299732767, -0.044700006023049355, 3.0]]}, "mtl": 0}], "featureCount": 1, "startIndex": 0}