{"type": "block", "layer": 1, "block": 0, "features": [{"geom": {"triangles": {"v": [10.814318474323954, 2.426338031888008, 3.0, -8.779431525676046, 7.426338031888008, 3.0, -10.826306525676046, -2.573661968111992, 3.0, 8.611193474323954, -6.573661968111992, 3.0], "f": [0, 1, 2, 0, 2, 3]}, "centroids": [[-0.06845368052017875, -0.040168773382902145, 3.0]]}, "mtl": 0}], "featureCount": 1, "startIndex": 0}