{"type": "block", "layer": 1, "block": 0, "features": [{"geom": {"triangles": {"v": [-4.020043156691827, 3.787919692695141, 3.0, -9.645043156691827, -11.21208030730486, 3.0, -2.098168156691827, 2.787919692695141, 3.0, -2.113793156691827, -14.21208030730486, 3.0, 3.636206843308173, 1.7879196926951408, 3.0], "f": [0, 1, 2, 2, 1, 3, 4, 2, 3]}, "centroids": [[-2.9940225089667365, -5.098466148599982, 3.0]]}, "mtl": 0}], "featureCount": 1, "startIndex": 0}