{"type": "block", "layer": 1, "block": 0, "features": [{"geom": {"triangles": {"v": [-14.40963395923609, 4.745024804025888, 3.0, -15.76900895923609, -3.2549751959741116, 3.0, -4.956508959236089, -4.254975195974112, 3.0, 5.199741040763911, 0.7450248040258884, 3.0, 3.996616040763911, -6.254975195974112, 3.0, -5.190883959236089, -5.254975195974112, 3.0], "f": [0, 1, 2, 0, 2, 3, 2, 4, 3, 1, 5, 2]}, "centroids": [[-5.577503879700089, -0.8724788930267096, 3.0]]}, "mtl": 0}], "featureCount": 1, "startIndex": 0}