{"type": "block", "layer": 0, "block": 0, "features": [{"geom": {"polygons": [[[[-3.2540784582379274, -4.607296301051974], [-1.446355014690198, 5.148341016843915], [-1.4427309595048428, 5.148341016843915], [3.2540784582088236, 4.463002176955342], [1.7852885820902884, -5.148341016843915], [1.7804187992878724, -5.148341016843915], [-3.2540784582379274, -4.607296301051974]]]], "centroids": [[0.06843011308228597, -0.08614210598170757, 3.0]], "h": 3.0}, "mtl": {"face": 0}}], "featureCount": 1, "startIndex": 0}