{"type": "block", "layer": 1, "block": 0, "features": [{"geom": {"triangles": {"v": [-23.62211197911529, 59.675031043589115, 3.0, -33.01273697911529, -14.324968956410885, 3.0, -19.10648697911529, -16.324968956410885, 3.0, -14.356486979115289, 58.675031043589115, 3.0, -16.96586197911529, 59.675031043589115, 3.0, -4.840861979115289, 56.675031043589115, 3.0, -6.887736979115289, -18.324968956410885, 3.0, 6.565388020884711, 54.675031043589115, 3.0, 11.909138020884711, 51.675031043589115, 3.0, 0.1122630208847113, -19.324968956410885, 3.0], "f": [0, 1, 2, 3, 0, 2, 4, 0, 3, 3, 2, 5, 2, 6, 5, 5, 6, 7, 7, 6, 8, 6, 9, 8]}, "centroids": [[-11.075652612664271, 20.438945626839995, 3.0]]}, "mtl": 0}], "featureCount": 1, "startIndex": 0}