{"type": "block", "layer": 1, "block": 0, "features": [{"geom": {"triangles": {"v": [11.013309809670318, 26.158554505556822, 3.0, -8.908565190329682, -1.8414454944431782, 3.0, 1.466434809670318, -8.841445494443178, 3.0, 21.294559809670318, 19.158554505556822, 3.0], "f": [0, 1, 2, 3, 0, 2]}, "centroids": [[6.179501374659594, 8.588788755238056, 3.0]]}, "mtl": 0}], "featureCount": 1, "startIndex": 0}