{"type": "block", "layer": 0, "block": 0, "features": [{"geom": {"polygons": [[[[-3.119347016356187, -3.735194120556116], [-1.5870131873816717, 4.546073518693447], [-1.5841179938288406, 4.546073518693447], [2.8710363332065754, 3.825510820373893], [3.119347016356187, 3.7750378381460905], [1.5356475489679724, -4.546073518693447], [1.5332900191715453, -4.546073518693447], [0.8610366404172964, -4.411489235237241], [-3.119347016356187, -3.735194120556116]]]], "centroids": [[-0.00836968797375448, 0.022497914731502533, 3.0]], "h": 3.0}, "mtl": {"face": 0}}, {"geom": {"polygons": [[[[3.376289032283239, 0.5949591863900423], [3.937560485501308, 3.608723256736994], [4.546073518926278, 3.4850335512310266], [4.546073518926278, 0.3527379333972931], [3.376289032283239, 0.5949591863900423]]]], "centroids": [[4.086801443278091, 1.848617035895586, 3.0]], "h": 3.0}, "mtl": {"face": 0}}, {"geom": {"polygons": [[[[-3.119347016356187, -3.735194120556116], [-1.5870131873816717, 4.546073518693447], [-1.5841179938870482, 4.546073518693447], [2.871036907978123, 3.8255107160657644], [3.119347016356187, 3.7750378381460905], [1.5356475489679724, -4.546073518693447], [1.5332900192588568, -4.546073518693447], [0.8610366533102933, -4.4114892315119505], [-3.119347016356187, -3.735194120556116]]]], "centroids": [[-0.008369688672246411, 0.022497912868857384, 6.0]], "h": 6.0}, "mtl": {"face": 1}}], "featureCount": 3, "startIndex": 0}