{"type": "block", "layer": 1, "block": 0, "features": [{"geom": {"triangles": {"v": [-5.575588346691802, 5.100510768592358, 3.0, -5.763088346691802, -0.8994892314076424, 3.0, 2.877536653308198, 4.100510768592358, 3.0, 0.8619116533081979, -4.899489231407642, 3.0, 13.940036653308198, -6.899489231407642, 3.0, 15.549411653308198, 1.1005107685923576, 3.0, -5.059963346691802, -3.8994892314076424, 3.0], "f": [0, 1, 2, 2, 1, 3, 2, 3, 4, 5, 2, 4, 1, 6, 3]}, "centroids": [[4.599970337527338, -0.8279378861188889, 3.0]]}, "mtl": 0}], "featureCount": 1, "startIndex": 0}