{"type": "block", "layer": 0, "block": 0, "features": [{"geom": {"polygons": [[[[-5.939132838218939, -3.2291480656713247], [-5.939132838218939, -3.2263399232178926], [-4.041490811650874, 5.346232248470187], [5.939132838218939, 3.2436170373111963], [5.939132838218939, 3.2406724598258734], [4.13013200822752, -5.346232246607542], [-5.939132838218939, -3.2291480656713247]]]], "centroids": [[0.020417839899891987, -0.0025625992566347122, 3.0]], "h": 3.0}, "mtl": {"face": 0}}, {"geom": {"polygons": [[[[-5.939132838218939, -3.2291480656713247], [-5.939132838218939, -3.2263399232178926], [-4.041490811650874, 5.346232248470187], [5.939132838218939, 3.2436170373111963], [5.939132838218939, 3.2406724616885185], [4.1301320082566235, -5.346232246607542], [-5.939132838218939, -3.2291480656713247]]]], "centroids": [[0.020417839812580496, -0.0025626011192798615, 6.0]], "h": 6.0}, "mtl": {"face": 1}}], "featureCount": 2, "startIndex": 0}