{"type": "block", "layer": 1, "block": 0, "features": [{"geom": {"triangles": {"v": [-10.679403538204497, 6.66706769913435, 3.0, -12.585653538204497, 0.6670676991343498, 3.0, 3.5393464617955033, 3.66706769913435, 3.0, -10.429403538204497, 8.66706769913435, 3.0, 1.2424714617955033, -5.33293230086565, 3.0], "f": [0, 1, 2, 3, 0, 2, 1, 4, 2]}, "centroids": [[-4.504733173875138, 1.6926438268274069, 3.0]]}, "mtl": 0}], "featureCount": 1, "startIndex": 0}