{"type": "block", "layer": 1, "block": 0, "features": [{"geom": {"triangles": {"v": [-4.9282439078669995, -1.8939147032797337, 3.0, -6.8501189078669995, -8.893914703279734, 3.0, 8.993631092133, -2.8939147032797337, 3.0, -3.6469939078669995, 3.1060852967202663, 3.0, 14.696756092133, -15.893914703279734, 3.0, 16.509256092133, -6.893914703279734, 3.0, 16.618631092133, -6.893914703279734, 3.0], "f": [0, 1, 2, 3, 0, 2, 2, 1, 4, 5, 2, 4, 2, 5, 6]}, "centroids": [[4.695000841165893, -6.625768830999732, 3.0]]}, "mtl": 0}], "featureCount": 1, "startIndex": 0}