{"type": "block", "layer": 0, "block": 0, "features": [{"geom": {"polygons": [[[[-5.1414897884533275, -2.09812499769032], [-5.1414897884533275, -2.0946841966360807], [-4.281432730058441, 3.5290464740246534], [5.1414897884533275, 2.203609662130475], [5.1414897884533275, 2.200322862714529], [4.224996006698348, -3.5290464721620083], [-5.1414897884533275, -2.09812499769032]]]], "centroids": [[0.0015291926101781428, 0.02609020657837391, 3.0]], "h": 3.0}, "mtl": {"face": 0}}, {"geom": {"polygons": [[[[-4.1454834291071165, 4.417990114539862], [-4.034836060280213, 5.141489788889885], [1.4119985500874463, 5.141489788889885], [1.1942363771959208, 3.7321533784270287], [-4.1454834291071165, 4.417990114539862]]]], "centroids": [[-1.1044327117269859, 4.589924683794379, 3.0]], "h": 3.0}, "mtl": {"face": 0}}, {"geom": {"polygons": [[[[-5.1414897884533275, -2.09812499769032], [-5.1414897884533275, -2.0946841966360807], [-4.281432730058441, 3.5290464740246534], [5.1414897884533275, 2.203609662130475], [5.1414897884533275, 2.200322862714529], [4.224996006698348, -3.5290464721620083], [-5.1414897884533275, -2.09812499769032]]]], "centroids": [[0.0015291926101781428, 0.02609020657837391, 6.0]], "h": 6.0}, "mtl": {"face": 1}}, {"geom": {"polygons": [[[[-4.1454834291071165, 4.417990114539862], [-4.034836060280213, 5.141489788889885], [1.4119985500874463, 5.141489788889885], [1.1942363771959208, 3.7321533784270287], [-4.1454834291071165, 4.417990114539862]]]], "centroids": [[-1.1044327117269859, 4.589924683794379, 6.0]], "h": 6.0}, "mtl": {"face": 1}}], "featureCount": 4, "startIndex": 0}