{"type": "block", "layer": 0, "block": 0, "features": [{"geom": {"polygons": [[[[-5.083620065706782, -2.772509964182973], [-5.083620065706782, -2.7667656000703573], [-4.515140696312301, 3.606980921700597], [5.083620065706782, 2.776574820280075], [5.083620065706782, 2.7705554123967886], [4.540993955422891, -3.606980921700597], [-5.083620065706782, -2.772509964182973]]]], "centroids": [[0.0065653866331558675, -0.0004425235092639923, 3.0]], "h": 3.0}, "mtl": {"face": 0}}, {"geom": {"polygons": [[[[-5.083620065706782, -5.083620065823197], [-5.083620065706782, -2.772509964182973], [-0.8189174581202678, -3.1422671787440777], [-0.9936218370276038, -5.083620065823197], [-5.083620065706782, -5.083620065823197]]]], "centroids": [[-3.053778758214321, -4.009845916181803, 3.0]], "h": 3.0}, "mtl": {"face": 0}}], "featureCount": 2, "startIndex": 0}