{"type": "block", "layer": 0, "block": 0, "features": [{"geom": {"polygons": [[[[-6.550011524872389, -2.5801509469747543], [-6.550011524872389, -2.577006943523884], [-4.828666597255506, 5.279003385454416], [6.550011524872389, 2.4853968303650618], [6.550011524872389, 2.482148652896285], [4.903268926864257, -5.279003383591771], [-6.550011524872389, -2.5801509469747543]]]], "centroids": [[0.004967668442986906, -0.023487072438001633, 3.0]], "h": 3.0}, "mtl": {"face": 0}}, {"geom": {"polygons": [[[[-6.550011524872389, -2.5801509879529476], [-6.550011524872389, 1.2841288801282644], [-5.6446665972762275, 5.431003386154771], [-4.828666597255506, 5.279003385454416], [6.550011524872389, 2.4853968303650618], [6.550011524872389, 2.482148652896285], [4.903268930997001, -5.27900336496532], [-6.550011524872389, -2.5801509879529476]]]], "centroids": [[-0.2971410467289388, 0.09355255216360092, 6.0]], "h": 6.0}, "mtl": {"face": 1}}, {"geom": {"polygons": [[[[-6.550011524872389, -2.5801509879529476], [-6.550011524872389, 1.2841288801282644], [-5.6446665972762275, 5.431003386154771], [-4.828666597255506, 5.279003385454416], [6.550011524872389, 2.4853968303650618], [6.550011524872389, 2.482148652896285], [4.903268930997001, -5.27900336496532], [-6.550011524872389, -2.5801509879529476]]]], "centroids": [[-0.2971410467289388, 0.09355255216360092, 9.0]], "h": 9.0}, "mtl": {"face": 2}}], "featureCount": 3, "startIndex": 0}