{"type": "block", "layer": 1, "block": 0, "features": [{"geom": {"triangles": {"v": [-4.826791597268311, 5.419003386050463, 3.0, -6.545541597268311, -2.5809966139495373, 3.0, 14.673208402731689, 0.4190033860504627, 3.0, 13.001333402731689, -7.580996613949537, 3.0], "f": [0, 1, 2, 1, 3, 2]}, "centroids": [[4.034159184375312, -0.9901956431567669, 3.0]]}, "mtl": 0}], "featureCount": 1, "startIndex": 0}