{"type": "block", "layer": 1, "block": 0, "features": [{"geom": {"triangles": {"v": [-45.92697971718735, 23.466011218726635, 3.0, -41.88010471718735, 7.466011218726635, 3.0, -33.33322971718735, 22.466011218726635, 3.0, -18.52072971718735, 21.466011218726635, 3.0, -38.73947971718735, -2.533988781273365, 3.0, -4.692604717187351, -6.533988781273365, 3.0, -9.64572971718735, 20.466011218726635, 3.0, -0.2707297171873506, 19.466011218726635, 3.0, 3.7136452828126494, -4.533988781273365, 3.0, 1.1823952828126494, 19.466011218726635, 3.0, 11.57302028281265, 3.466011218726635, 3.0, 10.80739528281265, -3.533988781273365, 3.0, 13.35427028281265, 9.466011218726635, 3.0, 8.52614528281265, 18.466011218726635, 3.0, 14.01052028281265, 13.466011218726635, 3.0, 14.82302028281265, 17.466011218726635, 3.0, 12.29177028281265, 3.466011218726635, 3.0, -34.44260471718735, -12.533988781273365, 3.0], "f": [0, 1, 2, 2, 1, 3, 3, 1, 4, 5, 3, 4, 5, 6, 3, 6, 5, 7, 8, 7, 5, 9, 7, 8, 8, 10, 9, 10, 8, 11, 12, 9, 10, 12, 13, 9, 13, 12, 14, 13, 14, 15, 10, 16, 12, 5, 4, 17]}, "centroids": [[-16.590162841399433, 6.867034211754799, 3.0]]}, "mtl": 0}], "featureCount": 1, "startIndex": 0}