{"type": "block", "layer": 0, "block": 0, "features": [{"geom": {"polygons": [[[[-5.987484115175903, -3.3521886989474297], [-5.987484115175903, -3.349359355866909], [-4.899459958571242, 1.5755143612623215], [-0.6986239661637228, 0.7100492790341377], [0.3214662808459252, 5.327424224466085], [5.987484115175903, 4.1001923475414515], [5.987484115175903, 4.097275834530592], [3.962379913748009, -5.327424224466085], [-5.987484115175903, -3.3521886989474297]]]], "centroids": [[0.6068653626425657, -0.38350323028862476, 3.0]], "h": 3.0}, "mtl": {"face": 0}}, {"geom": {"polygons": [[[[-5.987484115175903, 4.691216081380844], [-5.987484115175903, 5.98748411424458], [-4.193888327979948, 5.98748411424458], [-4.5902622643334325, 4.398178223520517], [-5.987484115175903, 4.691216081380844]]]], "centroids": [[-5.156159862614004, 5.289840841665864, 3.0]], "h": 3.0}, "mtl": {"face": 0}}, {"geom": {"polygons": [[[[-5.987484115175903, -3.3493593633174896], [-5.987484115175903, 1.7996713891625404], [-4.899459958571242, 1.5755143612623215], [-5.987484115175903, -3.3493593633174896]]]], "centroids": [[-5.624809396307683, 0.008608795702457428, 3.0]], "h": 3.0}, "mtl": {"face": 0}}, {"geom": {"polygons": [[[[-5.987484115175903, -3.3521886989474297], [-5.987484115175903, -3.3493593633174896], [-4.899459958571242, 1.5755143612623215], [-0.6986239985562861, 0.7100492883473635], [0.3214662484533619, 5.327424233779311], [5.987484115175903, 4.1001923475414515], [5.987484115175903, 4.097275834530592], [3.962379913748009, -5.327424224466085], [-5.987484115175903, -3.3521886989474297]]]], "centroids": [[0.6068653612455819, -0.38350322283804417, 6.0]], "h": 6.0}, "mtl": {"face": 1}}], "featureCount": 4, "startIndex": 0}