{"type": "block", "layer": 1, "block": 0, "features": [{"geom": {"triangles": {"v": [-12.50600000016857, 7.2800227999687195, 3.0, -14.39662500016857, -0.7199772000312805, 3.0, -5.459125000168569, -2.7199772000312805, 3.0, 5.462749999831431, 3.2800227999687195, 3.0, 3.4158749998314306, -5.7199772000312805, 3.0], "f": [0, 1, 2, 0, 2, 3, 2, 4, 3]}, "centroids": [[-4.478387561131967, 1.074438514187932, 3.0]]}, "mtl": 0}], "featureCount": 1, "startIndex": 0}