{"type": "block", "layer": 1, "block": 0, "features": [{"geom": {"triangles": {"v": [-5.3078065236331895, 2.381351748481393, 3.0, -5.6515565236331895, -0.6186482515186071, 3.0, 5.0984434763668105, -2.618648251518607, 3.0, 6.8484434763668105, 9.381351748481393, 3.0, -4.5734315236331895, 10.381351748481393, 3.0], "f": [0, 1, 2, 0, 2, 3, 4, 0, 3]}, "centroids": [[0.45487769550527446, 4.172518799081445, 3.0]]}, "mtl": 0}], "featureCount": 1, "startIndex": 0}