{"type": "block", "layer": 0, "block": 0, "features": [{"geom": {"polygons": [[[[-7.968306563823717, 1.451799901202321], [-7.968306563823717, 1.45684708468616], [-7.320547664392507, 5.430985039100051], [7.968306563823717, 2.4001729357987642], [7.968306563823717, 2.395623881369829], [6.547903473605402, -5.430985037237406], [-6.854908163659275, -2.8318953346461058], [-6.213395783182932, 1.1039189025759697], [-7.968306563823717, 1.451799901202321]]]], "centroids": [[0.0678130132437218, 0.02666412480175495, 3.0]], "h": 3.0}, "mtl": {"face": 0}}, {"geom": {"polygons": [[[[-7.968306563823717, 1.451799901202321], [-7.968306563823717, 1.45684708468616], [-7.320547664392507, 5.430985039100051], [7.968306563823717, 2.4001729357987642], [7.968306563823717, 2.395623881369829], [6.547903473605402, -5.430985037237406], [-6.854908163659275, -2.8318953346461058], [-6.213395783182932, 1.1039189025759697], [-7.968306563823717, 1.451799901202321]]]], "centroids": [[0.0678130132437218, 0.02666412480175495, 6.0]], "h": 6.0}, "mtl": {"face": 1}}], "featureCount": 2, "startIndex": 0}