{"type": "block", "layer": 0, "block": 0, "features": [{"geom": {"polygons": [[[[-2.8981941896199714, -3.803011704236269], [-0.8639954150421545, 4.287550760433078], [-0.8614250880200416, 4.287550760433078], [2.8981941895908676, 3.632888350635767], [1.077379175083479, -3.364486735314131], [0.8859852784662507, -4.100011710077524], [0.832147323875688, -4.287550760433078], [0.8287260510842316, -4.287550760433078], [-2.8981941896199714, -3.803011704236269]]]], "centroids": [[-0.009887369320495054, -0.029631730169057846, 3.0]], "h": 3.0}, "mtl": {"face": 0}}, {"geom": {"polygons": [[[[-4.041251135640778, -3.654402209445834], [-2.6211791691021062, 2.5014769937843084], [-1.3482798737823032, 2.361419592052698], [-0.8639954150421545, 4.287550760433078], [-0.8614250880200416, 4.287550760433078], [2.8981941895908676, 3.632888350635767], [1.077379175083479, -3.364486735314131], [0.8859852784662507, -4.100011710077524], [0.832147323875688, -4.287550760433078], [0.8287260510842316, -4.287550760433078], [-4.041251135640778, -3.654402209445834]]]], "centroids": [[-0.5429772480565589, -0.14125978760421276, 6.0]], "h": 6.0}, "mtl": {"face": 1}}], "featureCount": 2, "startIndex": 0}