{"type": "block", "layer": 1, "block": 0, "features": [{"geom": {"triangles": {"v": [-10.984014787245542, -5.3100119438022375, 3.0, 1.0784852127544582, -3.3100119438022375, 3.0, -9.218389787245542, 6.6899880561977625, 3.0, 0.8909852127544582, -4.3100119438022375, 3.0, 0.1566102127544582, -6.3100119438022375, 3.0, 3.031610212754458, 3.6899880561977625, 3.0, 4.203485212754458, 11.689988056197762, 3.0, -6.484014787245542, 25.689988056197762, 3.0, 5.515985212754458, 18.689988056197762, 3.0, 6.265985212754458, 23.689988056197762, 3.0], "f": [0, 1, 2, 1, 0, 3, 3, 0, 4, 2, 1, 5, 2, 5, 6, 7, 2, 6, 7, 6, 8, 7, 8, 9]}, "centroids": [[-2.5729603240906727, 9.617505133152008, 3.0]]}, "mtl": 0}], "featureCount": 1, "startIndex": 0}