{"type": "block", "layer": 0, "block": 0, "features": [{"geom": {"polygons": [[[[-4.192718972772127, -1.5217236764729023], [-4.192718972772127, -1.5197983905673027], [-3.043608061154373, 3.4436746705323458], [4.192718972772127, 1.5155275780707598], [4.192718972772127, 1.5138437505811453], [2.870439957274357, -3.443674672394991], [-4.192718972772127, -1.5217236764729023]]]], "centroids": [[-0.03638350291294046, 0.006695538759231567, 3.0]], "h": 3.0}, "mtl": {"face": 0}}, {"geom": {"polygons": [[[[-4.192718972772127, -1.5217236764729023], [-4.192718972772127, -1.5197983905673027], [-3.0436081156076398, 3.443674435839057], [4.192718972772127, 1.5155275780707598], [4.192718972772127, 1.5138437505811453], [2.870439957274357, -3.443674672394991], [-4.192718972772127, -1.5217236764729023]]]], "centroids": [[-0.036383488826686516, 0.006695469841361046, 6.0]], "h": 6.0}, "mtl": {"face": 1}}], "featureCount": 2, "startIndex": 0}