{"type": "block", "layer": 1, "block": 0, "features": [{"geom": {"triangles": {"v": [-5.1052485821419396, -9.828722104430199, 3.0, -7.2927485821419396, -15.828722104430199, 3.0, -1.1521235821419396, -18.8287221044302, 3.0, 4.6291264178580604, 3.1712778955698013, 3.0, -2.5739985821419396, 5.171277895569801, 3.0, -6.1052485821419396, -9.828722104430199, 3.0], "f": [0, 1, 2, 0, 2, 3, 4, 0, 3, 5, 0, 4]}, "centroids": [[-1.4756431800487917, -6.136777386069298, 3.0]]}, "mtl": 0}], "featureCount": 1, "startIndex": 0}