{"type": "block", "layer": 0, "block": 0, "features": [{"geom": {"polygons": [[[[-5.305961499601835, -7.955566385760903], [-5.148125398438424, -7.2497725412249565], [-1.6803651305381209, 8.746897764503956], [0.920401075942209, 8.746897764503956], [5.276321978511987, 7.712494662031531], [1.6770658932218794, -8.746897764503956], [-1.6690958472318016, -8.746897764503956], [-1.9431253984221257, -8.686772540211678], [-4.776125398435397, -8.070772541686893], [-5.305961499601835, -7.955566385760903]]]], "centroids": [[-0.016444759705336764, -0.05202881991863251, 12.0]], "h": 12.0}, "mtl": {"face": 0}}, {"geom": {"polygons": [[[[-5.14812539878767, -7.249772543087602], [-1.6803651306254324, 8.746897764503956], [-1.676491771300789, 8.746897764503956], [5.14812539878767, 7.126251904293895], [1.6770658932218794, -8.746897764503956], [1.6728890549275093, -8.746897764503956], [-5.14812539878767, -7.249772543087602]]]], "centroids": [[-0.003781914012506604, -0.02433093637228012, 3.0]], "h": 3.0}, "mtl": {"face": 1}}, {"geom": {"polygons": [[[[-5.305961499601835, -7.955566385760903], [-5.148125398438424, -7.2497725412249565], [-1.6803651305381209, 8.746897764503956], [0.920401075942209, 8.746897764503956], [5.276321978511987, 7.712494662031531], [1.6770658932218794, -8.746897764503956], [-0.49099859382840805, -8.746897764503956], [-0.515169573831372, -8.726686613634229], [-0.682866292539984, -8.566545074805617], [-0.8617841636296362, -8.371795065701008], [-1.0361388431338128, -8.152300871908665], [-1.3999269815976731, -8.07245404087007], [-1.9431253984221257, -8.686772540211678], [-4.776125398435397, -8.070772541686893], [-5.305961499601835, -7.955566385760903]]]], "centroids": [[-0.010606369964079931, -0.012017859145998955, 6.0]], "h": 6.0}, "mtl": {"face": 2}}, {"geom": {"polygons": [[[[-5.305961499601835, -7.955566385760903], [-5.148125398438424, -7.2497725412249565], [-1.6803651305381209, 8.746897764503956], [0.920401075942209, 8.746897764503956], [5.276321978511987, 7.712494662031531], [1.6770658932218794, -8.746897764503956], [-1.6690958472318016, -8.746897764503956], [-1.9431253984221257, -8.686772540211678], [-4.776125398435397, -8.070772541686893], [-5.305961499601835, -7.955566385760903]]]], "centroids": [[-0.016444759705336764, -0.05202881991863251, 9.0]], "h": 9.0}, "mtl": {"face": 3}}], "featureCount": 4, "startIndex": 0}