{"type": "block", "layer": 1, "block": 0, "features": [{"geom": {"triangles": {"v": [-1.0093753984256182, 12.275227459147573, 3.0, -5.150000398425618, -7.7247725408524275, 3.0, 5.865624601574382, 10.275227459147573, 3.0, 1.6781246015743818, -8.724772540852427, 3.0], "f": [0, 1, 2, 1, 3, 2]}, "centroids": [[0.3494170366320759, 1.5748902708292007, 3.0]]}, "mtl": 0}], "featureCount": 1, "startIndex": 0}