{"type": "block", "layer": 1, "block": 0, "features": [{"geom": {"triangles": {"v": [-15.801074999995762, 7.790402315557003, 3.0, -17.488574999995762, -0.20959768444299698, 3.0, -3.8166999999957625, -3.209597684442997, 3.0, 3.8083000000042375, 2.790402315557003, 3.0, 2.0114250000042375, -4.209597684442997, 3.0], "f": [0, 1, 2, 0, 2, 3, 2, 4, 3]}, "centroids": [[-6.82365894241957, 1.4790462292730808, 3.0]]}, "mtl": 0}], "featureCount": 1, "startIndex": 0}