{"type": "block", "layer": 1, "block": 0, "features": [{"geom": {"triangles": {"v": [-4.2247998813400045, 4.330803789198399, 3.0, -8.459174881340005, -15.669196210801601, 3.0, 5.6033251186599955, 2.3308037891983986, 3.0, 1.4627001186599955, -17.6691962108016, 3.0], "f": [0, 1, 2, 1, 3, 2]}, "centroids": [[-1.4072423647739924, -6.710189921781421, 3.0]]}, "mtl": 0}], "featureCount": 1, "startIndex": 0}