{"type": "block", "layer": 1, "block": 0, "features": [{"geom": {"triangles": {"v": [-10.265035734919365, 8.61351447366178, 3.0, -13.702535734919365, 1.6135144736617804, 3.0, -0.5775357349193655, -4.38648552633822, 3.0, 3.0474642650806345, 2.6135144736617804, 3.0, -0.4369107349193655, -4.38648552633822, 3.0], "f": [0, 1, 2, 3, 0, 2, 3, 2, 4]}, "centroids": [[-5.339954864786705, 2.3723316807299852, 3.0]]}, "mtl": 0}], "featureCount": 1, "startIndex": 0}