{"type": "block", "layer": 0, "block": 0, "features": [{"geom": {"polygons": [[[[-6.566903497092426, -5.871000003069639], [-5.121191317157354, 3.587341433390975], [-5.1211913172737695, 3.587341433390975], [0.5935965046519414, 2.777999997138977], [1.2968851477198768, 7.541245799511671], [1.3031221011769958, 7.541245799511671], [6.566903497092426, 6.893154878169298], [4.292215357767418, -7.541245799511671], [4.287195321376203, -7.541245799511671], [-6.566903497092426, -5.871000003069639]]]], "centroids": [[0.3868060867243912, -0.6262597870081663, 3.0]], "h": 3.0}, "mtl": {"face": 0}}, {"geom": {"polygons": [[[[-6.679127198556671, -6.676289938390255], [-6.566903496044688, -5.871000003069639], [-5.121191316109616, 3.587341433390975], [-5.121191316226032, 3.587341433390975], [0.5935965056996793, 2.777999997138977], [1.2968851487676147, 7.541245799511671], [1.3031221022247337, 7.541245799511671], [6.566903498140164, 6.893154878169298], [4.2922153576801065, -7.541245799511671], [-0.015361771627794951, -7.541245799511671], [-0.001558864489197731, -7.441548984497786], [-3.7414599938492756, -6.859665758907795], [-3.7691064889077097, -7.077013591304421], [-6.679127198556671, -6.676289938390255]]]], "centroids": [[0.2700923933298327, -0.8875856045633554, 6.0]], "h": 6.0}, "mtl": {"face": 1}}, {"geom": {"polygons": [[[[-6.679127198556671, -6.676289938390255], [-6.566903496044688, -5.871000003069639], [-5.121191316109616, 3.587341433390975], [-5.121191316226032, 3.587341433390975], [0.5935965056996793, 2.777999997138977], [1.2968851487676147, 7.541245799511671], [1.3031221022247337, 7.541245799511671], [6.566903498140164, 6.893154878169298], [4.2922153576801065, -7.541245799511671], [-0.015361771627794951, -7.541245799511671], [-0.001558864489197731, -7.441548984497786], [-3.7414599938492756, -6.859665758907795], [-3.7691064889077097, -7.077013591304421], [-6.679127198556671, -6.676289938390255]]]], "centroids": [[0.2700923933298327, -0.8875856045633554, 9.0]], "h": 9.0}, "mtl": {"face": 2}}, {"geom": {"polygons": [[[[-6.679127198527567, -6.676289938390255], [-6.566903496015584, -5.871000003069639], [-5.1211913160805125, 3.587341433390975], [-5.121191316196928, 3.587341433390975], [0.5935965057287831, 2.777999997138977], [1.2968851487967186, 7.541245799511671], [1.3031221022538375, 7.541245799511671], [6.5669034981692676, 6.893154878169298], [4.29221535770921, -7.541245799511671], [-0.01536177159869112, -7.541245799511671], [-0.0015588644600939006, -7.441548984497786], [-3.741459993820172, -6.859665758907795], [-3.769106488878606, -7.077013591304421], [-6.679127198527567, -6.676289938390255]]]], "centroids": [[0.27009239335893653, -0.8875856045633554, 12.0]], "h": 12.0}, "mtl": {"face": 3}}], "featureCount": 4, "startIndex": 0}