{"type": "block", "layer": 1, "block": 0, "features": [{"geom": {"triangles": {"v": [-2.6197784953401424, 20.15199999883771, 3.0, -6.572903495340142, -5.848000001162291, 3.0, 2.9427215046598576, 19.15199999883771, 3.0, 4.286471504659858, -7.848000001162291, 3.0, 8.348971504659858, 18.15199999883771, 3.0], "f": [0, 1, 2, 2, 1, 3, 2, 3, 4]}, "centroids": [[0.8680709442705847, 6.218673005700111, 3.0]]}, "mtl": 0}], "featureCount": 1, "startIndex": 0}