{"type": "block", "layer": 0, "block": 0, "features": [{"geom": {"polygons": [[[[-5.010648802941432, 5.2396804336458445], [-4.990798792860005, 5.2396804336458445], [5.010652987606591, 4.975708056241274], [4.72497653044411, -5.2396804336458445], [-1.1495233307650778, -5.2396804336458445], [-1.1253765030996874, -1.2185910604894161], [-4.9608347892644815, -0.9982014931738377], [-5.010648802941432, 5.2396804336458445]]]], "centroids": [[0.47491568358964287, 0.5398150980472565, 3.0]], "h": 3.0}, "mtl": {"face": 0}}, {"geom": {"polygons": [[[[-5.010648802941432, 5.2396804336458445], [-4.990798792860005, 5.2396804336458445], [5.010652987606591, 4.975708056241274], [4.72497653044411, -5.2396804336458445], [-1.1495233307650778, -5.2396804336458445], [-1.1253765030996874, -1.2185910604894161], [-4.9608347892644815, -0.9982014931738377], [-5.010648802941432, 5.2396804336458445]]]], "centroids": [[0.47491568358964287, 0.5398150980472565, 6.0]], "h": 6.0}, "mtl": {"face": 1}}], "featureCount": 2, "startIndex": 0}