{"type": "block", "layer": 0, "block": 0, "features": [{"geom": {"polygons": [[[[-6.0031397989369, -3.6243056915700436], [0.8181049650884233, 6.398728782311082], [0.8194203671009745, 6.398728782311082], [6.003139798966004, 2.628653611987829], [2.534800195484422, -2.206330167129636], [1.6126096828083973, -1.5448036715388298], [-1.64890977050527, -6.398728782311082], [-1.6503437618666794, -6.398728782311082], [-6.0031397989369, -3.6243056915700436]]]], "centroids": [[-0.03316009065019898, 0.013262370601296425, 3.0]], "h": 3.0}, "mtl": {"face": 0}}], "featureCount": 1, "startIndex": 0}