{"type": "block", "layer": 1, "block": 0, "features": [{"geom": {"triangles": {"v": [-12.243397883430589, -12.31728789396584, 3.0, -0.993397883430589, -21.31728789396584, 3.0, 6.756602116569411, 14.68271210603416, 3.0, 27.66285211656941, -0.31728789396584034, 3.0, 7.506602116569411, -27.31728789396584, 3.0], "f": [0, 1, 2, 3, 2, 1, 3, 1, 4]}, "centroids": [[7.509912045730744, -6.14546131528914, 3.0]]}, "mtl": 0}], "featureCount": 1, "startIndex": 0}