{"type": "block", "layer": 1, "block": 0, "features": [{"geom": {"triangles": {"v": [-5.113858470809646, 5.895264130085707, 3.0, -7.129483470809646, -4.104735869914293, 3.0, 14.558016529190354, 1.8952641300857067, 3.0, 12.511141529190354, -8.104735869914293, 3.0], "f": [0, 1, 2, 1, 3, 2]}, "centroids": [[3.709083545341855, -1.3160055242478848, 3.0]]}, "mtl": 0}], "featureCount": 1, "startIndex": 0}