{"type": "block", "layer": 1, "block": 0, "features": [{"geom": {"triangles": {"v": [-6.226332979276776, 4.837999999523163, 3.0, -7.335707979276776, -2.162000000476837, 3.0, 6.242417020723224, -4.162000000476837, 3.0, 7.336167020723224, 2.837999999523163, 3.0], "f": [0, 1, 2, 0, 2, 3]}, "centroids": [[0.0002949533227365464, -0.009217029437422752, 3.0]]}, "mtl": 0}], "featureCount": 1, "startIndex": 0}