{"type": "block", "layer": 0, "block": 0, "features": [{"geom": {"polygons": [[[[-4.200528946792474, -3.2001002207398415], [-2.640124678524444, 4.660486849024892], [-2.6379288882017136, 4.660486849024892], [4.2005289336666465, 3.145046954974532], [4.200528946792474, 3.145047025755048], [2.7456158287241124, -4.660486849024892], [2.7433127532713115, -4.660486849024892], [-4.200528946792474, -3.2001002207398415]]]], "centroids": [[0.019233669474488124, -0.02120860107243061, 3.0]], "h": 3.0}, "mtl": {"face": 0}}, {"geom": {"polygons": [[[[-4.2005289468797855, -3.2001002207398415], [-2.6401246786117554, 4.660486849024892], [-2.637928888289025, 4.660486849024892], [4.200528933579335, 3.145046954974532], [3.6817718796955887, 0.3619421012699604], [2.745615828636801, -4.660486849024892], [2.743312753184, -4.660486849024892], [-4.2005289468797855, -3.2001002207398415]]]], "centroids": [[0.019233669445384294, -0.02120860107243061, 6.0]], "h": 6.0}, "mtl": {"face": 1}}], "featureCount": 2, "startIndex": 0}