{"type": "block", "layer": 1, "block": 0, "features": [{"geom": {"triangles": {"v": [-16.468846066476544, 7.107046954333782, 3.0, -18.765721066476544, 0.1070469543337822, 3.0, -7.812596066476544, -1.8929530456662178, 3.0, -6.421971066476544, 5.107046954333782, 3.0, 4.203028933523456, 3.107046954333782, 3.0, 2.7499039335234556, -4.892953045666218, 3.0, -7.890721066476544, -2.892953045666218, 3.0], "f": [0, 1, 2, 0, 2, 3, 3, 2, 4, 2, 5, 4, 2, 6, 5]}, "centroids": [[-7.006688499124721, 1.517043987289071, 3.0]]}, "mtl": 0}], "featureCount": 1, "startIndex": 0}