{"type": "block", "layer": 1, "block": 0, "features": [{"geom": {"triangles": {"v": [0.35947513807332143, 18.920459469780326, 3.0, -4.749899861926679, -5.079540530219674, 3.0, 4.750100138073321, 4.920459469780326, 3.0, 7.250100138073321, 17.920459469780326, 3.0, -2.4686498619266786, -5.079540530219674, 3.0, 2.1407251380733214, -6.079540530219674, 3.0], "f": [0, 1, 2, 0, 2, 3, 4, 2, 1, 2, 4, 5]}, "centroids": [[1.2690785707673058, 6.2880956791341305, 3.0]]}, "mtl": 0}], "featureCount": 1, "startIndex": 0}