{"type": "block", "layer": 0, "block": 0, "features": [{"geom": {"polygons": [[[[-8.47928411362227, 11.45135829038918], [0.15666367171797901, 13.968370743095875], [0.1619449080026243, 13.968370743095875], [2.0344567475258373, 8.609767720103264], [8.47928411362227, -11.457950934767723], [-0.13404410250950605, -13.968370743095875], [-0.13929550751345232, -13.968370743095875], [-8.47928411362227, 11.45135829038918]]]], "centroids": [[0.026192694378551096, 0.02719801850616932, 3.0]], "h": 3.0}, "mtl": {"face": 0}}], "featureCount": 1, "startIndex": 0}