{"type": "block", "layer": 0, "block": 0, "features": [{"geom": {"polygons": [[[[-2.896924596163444, -5.017871297895908], [-1.9056515222764574, 5.473120307549834], [-1.8998072894173674, 5.473120307549834], [2.896924596047029, 5.019849359989166], [1.9268926377117168, -5.473120307549834], [1.9210491709236521, -5.473120307549834], [-2.896924596163444, -5.017871297895908]]]], "centroids": [[0.0049488135846331716, -0.0033638477325439453, 6.0]], "h": 6.0}, "mtl": {"face": 1}}, {"geom": {"polygons": [[[[-2.896924596047029, -5.017871297895908], [-1.905651522160042, 5.473120307549834], [-1.899807289300952, 5.473120307549834], [2.896924596047029, 5.019849359989166], [1.9268926378281321, -5.473120307549834], [1.9210491710400674, -5.473120307549834], [-2.896924596047029, -5.017871297895908]]]], "centroids": [[0.004948813671944663, -0.0033638477325439453, 3.0]], "h": 3.0}, "mtl": {"face": 0}}], "featureCount": 2, "startIndex": 0}