{"type": "block", "layer": 0, "block": 0, "features": [{"geom": {"polygons": [[[[-2.880945943616098, -1.5261856503784657], [-1.4848691268416587, 3.2538485135883093], [-1.4839294343546499, 3.2538485135883093], [2.8809459436452016, 1.572187839075923], [1.898447147978004, -3.2538485135883093], [1.8974808491184376, -3.2538485135883093], [-2.880945943616098, -1.5261856503784657]]]], "centroids": [[0.0871086636907421, -0.01962856575846672, 3.0]], "h": 3.0}, "mtl": {"face": 0}}, {"geom": {"polygons": [[[[-2.880945943616098, -1.5261856503784657], [-1.4848691268416587, 3.2538485135883093], [-1.4839294343546499, 3.2538485135883093], [2.8809459436452016, 1.572187839075923], [1.898447147978004, -3.2538485135883093], [1.8974808491184376, -3.2538485135883093], [-2.880945943616098, -1.5261856503784657]]]], "centroids": [[0.0871086636907421, -0.01962856575846672, 6.0]], "h": 6.0}, "mtl": {"face": 1}}], "featureCount": 2, "startIndex": 0}