{"type": "block", "layer": 0, "block": 0, "features": [{"geom": {"polygons": [[[[-6.971412657701876, -6.107671782374382], [-0.22759461984969676, 9.008770817890763], [-0.2251731352880597, 9.008770817890763], [6.971412657701876, 5.798196321353316], [4.999266899510985, 1.5955760292708874], [0.02301013539545238, -9.008770817890763], [0.020415955950738862, -9.008770817890763], [-6.971412657701876, -6.107671782374382]]]], "centroids": [[-0.035206422151532024, -0.02340429089963436, 3.0]], "h": 3.0}, "mtl": {"face": 0}}, {"geom": {"polygons": [[[[-7.188412657589652, -6.67767178453505], [-6.971412657701876, -6.107671782374382], [-0.22759461982059292, 9.008770817890763], [-0.22517313525895588, 9.008770817890763], [6.97141265773098, 5.798196321353316], [4.999266899540089, 1.5955760292708874], [0.02301013539545238, -9.008770817890763], [0.020415955950738862, -9.008770817890763], [-0.7551137315749656, -8.686982547864318], [-0.9018484848784283, -9.008770817890763], [-1.5703193999361247, -9.008770817890763], [-7.188412657589652, -6.67767178453505]]]], "centroids": [[-0.15764022085932083, -0.25685693323612213, 6.0]], "h": 6.0}, "mtl": {"face": 1}}], "featureCount": 2, "startIndex": 0}