{"type": "block", "layer": 0, "block": 0, "features": [{"geom": {"polygons": [[[[-4.653247087757336, -7.587465671822429], [-3.3437304281105753, -0.7018747702240944], [-2.2034749532758724, -0.8911736141890287], [-1.990361631324049, 0.22324602492153645], [-3.1299724585551303, 0.42208949476480484], [-1.8527717150282115, 7.137759553268552], [1.2401529026392382, 6.540134329348803], [1.6535987589450087, 8.735800981521606], [1.6581055201822892, 8.735800981521606], [4.653247087728232, 8.13317321613431], [3.9933290824119467, 3.55947208032012], [2.0744470376812387, 3.8090750575065613], [1.925912045961013, 2.772351311519742], [3.8370090560638346, 2.4760631173849106], [2.743394558725413, -5.1034631710499525], [1.6653436601627618, -4.884707275778055], [1.0591761120012961, -8.735800981521606], [1.0546959197381511, -8.735800981521606], [-4.653247087757336, -7.587465671822429]]]], "centroids": [[0.0812797858088743, -0.2446397840976715, 3.0]], "h": 3.0}, "mtl": {"face": 0}}, {"geom": {"polygons": [[[[-0.07172806820017286, -8.509184764698148], [0.579716657026438, -4.664414053782821], [2.743394558725413, -5.1034631710499525], [2.2193014768417925, -8.735800981521606], [0.05915333374287002, -8.735800981521606], [-0.07172806820017286, -8.509184764698148]]]], "centroids": [[1.3371480745554436, -6.8173053823411465, 12.0]], "h": 12.0}, "mtl": {"face": 1}}, {"geom": {"polygons": [[[[1.0591761120012961, -8.735800981521606], [1.6653436601627618, -4.884707275778055], [2.743394558725413, -5.1034631710499525], [2.2193014768417925, -8.735800981521606], [1.0591761120012961, -8.735800981521606]]]], "centroids": [[1.9142005481699016, -6.877862401306629, 3.0]], "h": 3.0}, "mtl": {"face": 0}}, {"geom": {"polygons": [[[[-4.758109661663184, -8.138684960082173], [-4.653247087757336, -7.587465671822429], [-3.3437304281105753, -0.7018747702240944], [-2.2034749532758724, -0.8911736141890287], [-1.990361631324049, 0.22324602492153645], [-3.1299724585551303, 0.42208949476480484], [-1.8527717150282115, 7.137759553268552], [1.2401529026392382, 6.540134329348803], [1.6535987589450087, 8.735800981521606], [1.6581055201822892, 8.735800981521606], [4.653247087728232, 8.13317321613431], [3.9933290824119467, 3.55947208032012], [2.0744470376812387, 3.8090750575065613], [1.925912045961013, 2.772351311519742], [3.8370090560638346, 2.4760631173849106], [2.743394558725413, -5.1034631710499525], [0.579716657026438, -4.664414053782821], [-0.11012514043250121, -8.735800981521606], [-1.7699478628055658, -8.735800981521606], [-4.758109661663184, -8.138684960082173]]]], "centroids": [[-0.0169864171766676, -0.14451364614069462, 6.0]], "h": 6.0}, "mtl": {"face": 2}}, {"geom": {"polygons": [[[[-0.07172806820017286, -8.509184764698148], [0.579716657026438, -4.664414053782821], [2.743394558725413, -5.1034631710499525], [2.2193014768417925, -8.735800981521606], [0.05915333374287002, -8.735800981521606], [-0.07172806820017286, -8.509184764698148]]]], "centroids": [[1.3371480745554436, -6.8173053823411465, 6.0]], "h": 6.0}, "mtl": {"face": 2}}, {"geom": {"polygons": [[[[-4.758109661663184, -8.138684960082173], [-4.653247087757336, -7.587465671822429], [-3.3437304281105753, -0.7018747702240944], [-2.2034749532758724, -0.8911736141890287], [-1.990361631324049, 0.22324602492153645], [-3.1299724585551303, 0.42208949476480484], [-1.8527717150282115, 7.137759553268552], [1.2401529026392382, 6.540134329348803], [1.6535987589450087, 8.735800981521606], [1.6581055201822892, 8.735800981521606], [4.653247087728232, 8.13317321613431], [3.9933290824119467, 3.55947208032012], [2.0744470376812387, 3.8090750575065613], [1.925912045961013, 2.772351311519742], [3.8370090560638346, 2.4760631173849106], [2.743394558725413, -5.1034631710499525], [0.579716657026438, -4.664414053782821], [-0.11012514043250121, -8.735800981521606], [-1.7699478628055658, -8.735800981521606], [-4.758109661663184, -8.138684960082173]]]], "centroids": [[-0.0169864171766676, -0.14451364614069462, 9.0]], "h": 9.0}, "mtl": {"face": 3}}, {"geom": {"polygons": [[[[-0.07172806820017286, -8.509184764698148], [0.579716657026438, -4.664414053782821], [2.743394558725413, -5.1034631710499525], [2.2193014768417925, -8.735800981521606], [0.05915333374287002, -8.735800981521606], [-0.07172806820017286, -8.509184764698148]]]], "centroids": [[1.3371480745554436, -6.8173053823411465, 9.0]], "h": 9.0}, "mtl": {"face": 3}}, {"geom": {"polygons": [[[[-4.758109661663184, -8.138684960082173], [-4.653247087757336, -7.587465671822429], [-3.3437304281105753, -0.7018747702240944], [-2.2034749532758724, -0.8911736141890287], [-1.990361631324049, 0.22324602492153645], [-3.1299724585551303, 0.42208949476480484], [-1.8527717150282115, 7.137759553268552], [1.2401529026392382, 6.540134329348803], [1.6535987589450087, 8.735800981521606], [1.6581055201822892, 8.735800981521606], [4.653247087728232, 8.13317321613431], [3.9933290824119467, 3.55947208032012], [2.0744470376812387, 3.8090750575065613], [1.925912045961013, 2.772351311519742], [3.8370090560638346, 2.4760631173849106], [2.743394558725413, -5.1034631710499525], [0.579716657026438, -4.664414053782821], [-0.11012514043250121, -8.735800981521606], [-1.7699478628055658, -8.735800981521606], [-4.758109661663184, -8.138684960082173]]]], "centroids": [[-0.0169864171766676, -0.14451364614069462, 12.0]], "h": 12.0}, "mtl": {"face": 1}}], "featureCount": 8, "startIndex": 0}