{"type": "block", "layer": 1, "block": 0, "features": [{"geom": {"triangles": {"v": [-1.4307720877695829, 9.788134329020977, 3.0, -4.649522087769583, -7.211865670979023, 3.0, 4.647352912230417, 7.788134329020977, 3.0, 2.178602912230417, -9.211865670979023, 3.0], "f": [0, 1, 2, 1, 3, 2]}, "centroids": [[0.16120484581915662, 0.06898705661296844, 3.0]]}, "mtl": 0}], "featureCount": 1, "startIndex": 0}