{"type": "block", "layer": 0, "block": 0, "features": [{"geom": {"polygons": [[[[-5.22783699457068, -1.1292143035680056], [-5.22783699457068, -1.1261657197028399], [-5.080866918840911, -0.2940744124352932], [-4.358152739878278, 2.7539287731051445], [5.22783699457068, 0.4829895030707121], [5.22783699457068, 0.4808864463120699], [4.373309657676145, -2.7539287712424994], [-5.22783699457068, -1.1292143035680056]]]], "centroids": [[-0.14438583739683963, -0.12794841453433037, 3.0]], "h": 3.0}, "mtl": {"face": 0}}], "featureCount": 1, "startIndex": 0}