{"type": "block", "layer": 0, "block": 0, "features": [{"geom": {"polygons": [[[[-6.404966582544148, -7.293353708460927], [-2.898966590000782, 8.49964627251029], [-1.035805425606668, 9.096736505627632], [-1.0319628859579097, 9.096736505627632], [6.404966582573252, 2.3558381274342537], [3.8208743650466204, 0.20679864287376404], [1.7665881994762458, -9.096736505627632], [1.762267139274627, -9.096736505627632], [-6.404966582544148, -7.293353708460927]]]], "centroids": [[-0.6242435398453381, -0.4515802897512913, 3.0]], "h": 3.0}, "mtl": {"face": 0}}, {"geom": {"polygons": [[[[6.52188834262779, -9.096736505627632], [8.974745927203912, 0.026567492634058], [9.09673650530749, -0.08400584198534489], [9.09673650530749, -9.096736505627632], [6.52188834262779, -9.096736505627632]]]], "centroids": [[8.236164878471754, -5.921312645077705, 3.0]], "h": 3.0}, "mtl": {"face": 0}}, {"geom": {"polygons": [[[[7.279882008355344, -6.27740990370512], [8.974745927203912, 0.026567492634058], [9.09673650530749, -0.08400584198534489], [9.09673650530749, -6.716844921931624], [7.279882008355344, -6.27740990370512]]]], "centroids": [[8.488128340657568, -4.194138634949923, 6.0]], "h": 6.0}, "mtl": {"face": 1}}, {"geom": {"polygons": [[[[-6.957597095723031, -6.169127695262432], [-6.899297812051373, -5.640022970736027], [-6.663361501035979, -5.162859819829464], [-6.278309324698057, -4.795320112258196], [-6.012991016206797, -4.654113154858351], [-6.385188207670581, -4.2968052458018064], [-5.933856924413703, -2.4644838254898787], [-5.361470060190186, -2.5928572472184896], [-5.691456165310228, -2.285247402265668], [-5.878325175086502, -1.789785485714674], [-5.80623160477262, -1.26518558524549], [-5.49263578307, -0.8385004568845034], [-4.918859279481694, -0.5990888308733702], [-5.147027399012586, -0.22476082108914852], [-5.301758473855443, 0.285604665055871], [-5.310548778506927, 0.8188376016914845], [-5.172723879455589, 1.334025852382183], [-4.898858351283707, 1.7916417475789785], [-4.509964445634978, 2.1565748434513807], [-4.2756833767925855, 2.2981379348784685], [-4.8779665904003195, 2.953646270558238], [-4.295966590405442, 5.449646269902587], [-3.901292523893062, 5.815045895054936], [-3.290966590400785, 8.574646269902587], [-2.898966590408236, 8.499646270647645], [-2.7574012910190504, 9.009417723864317], [-2.6694686535338406, 9.096736505627632], [-1.0319628884026315, 9.096736505627632], [6.404966582165798, 2.3558381255716085], [3.8208743646391667, 0.2067986410111189], [1.7665881994762458, -9.096736505627632], [1.7622671303688549, -9.096736505627632], [-6.40496659046039, -7.293353728950024], [-6.6989828822843265, -7.22956720739603], [-6.6477261867548805, -6.997433789074421], [-6.831211842829362, -6.686213165521622], [-6.957597095723031, -6.169127695262432]]]], "centroids": [[-0.8978746140783187, -0.3700390737503767, 6.0]], "h": 6.0}, "mtl": {"face": 1}}, {"geom": {"polygons": [[[[-6.957597095723031, -6.169127695262432], [-6.899297812051373, -5.640022970736027], [-6.663361501035979, -5.162859819829464], [-6.278309324698057, -4.795320112258196], [-6.012991016730666, -4.654113152995706], [-6.385188207495958, -4.2968052458018064], [-5.93385692423908, -2.4644838254898787], [-5.361470060015563, -2.5928572472184896], [-5.691456165310228, -2.285247402265668], [-5.878325175086502, -1.789785485714674], [-5.80623160477262, -1.26518558524549], [-5.49263578307, -0.8385004568845034], [-4.9188592758146115, -0.5990888252854347], [-5.147027399012586, -0.22476082108914852], [-5.301758473855443, 0.285604665055871], [-5.310548778506927, 0.8188376016914845], [-5.172723879455589, 1.334025852382183], [-4.898858351283707, 1.7916417475789785], [-4.509964445634978, 2.1565748434513807], [-4.275683373125503, 2.298137940466404], [-4.877966586733237, 2.9536462761461735], [-4.295966586738359, 5.449646275490522], [-3.9012925202259794, 5.815045900642872], [-3.2909665867337026, 8.574646275490522], [-2.898966586741153, 8.49964627623558], [-2.7574012910190504, 9.009417723864317], [-2.6694686535338406, 9.096736505627632], [-0.32523960899561644, 9.096736505627632], [0.2159668872191105, 8.640186343342066], [0.8642695178859867, 8.357158947736025], [1.339195040636696, 8.07815077714622], [1.782380090211518, 7.75106237269938], [2.1889762623759452, 7.379472054541111], [2.5545354320202023, 6.967444986104965], [2.8750584150257055, 6.519488705322146], [3.1625841528584715, 6.009189261123538], [4.8721860136138275, 4.416172759607434], [5.515157890768023, 4.4628455098718405], [6.861856845061993, 3.3169590830802917], [6.854413303401088, 2.7296168711036444], [6.399824985244777, 2.3515621572732925], [3.8208743683062494, 0.20679864659905434], [1.7665881996508688, -9.096736505627632], [1.7622671306016855, -9.096736505627632], [-6.404966582776979, -7.293353710323572], [-6.6989828821097035, -7.22956720739603], [-6.647726186725777, -6.997433789074421], [-6.831211842829362, -6.686213165521622], [-6.957597095723031, -6.169127695262432]]]], "centroids": [[-0.7017555099155288, -0.08403168059885502, 9.0]], "h": 9.0}, "mtl": {"face": 2}}], "featureCount": 5, "startIndex": 0}