{"type": "block", "layer": 0, "block": 0, "features": [{"geom": {"polygons": [[[[-2.5601776037947275, -3.6693752259016037], [-0.7622232633002568, 4.455194529145956], [-0.7602058604243211, 4.455194529145956], [2.5601776037947275, 3.68417052552104], [0.8650960814266, -4.455194529145956], [0.8630622960627079, -4.455194529145956], [-2.5601776037947275, -3.6693752259016037]]]], "centroids": [[0.021065317501779646, -0.01653073914349079, 3.0]], "h": 3.0}, "mtl": {"face": 0}}], "featureCount": 1, "startIndex": 0}