{"type": "block", "layer": 1, "block": 0, "features": [{"geom": {"triangles": {"v": [-0.7682026037946343, 4.739424774423242, 3.0, -2.5650776037946343, -3.2605752255767584, 3.0, 18.544297396205366, -0.2605752255767584, 3.0, 16.700547396205366, -8.260575225576758, 3.0], "f": [0, 1, 2, 1, 3, 2]}, "centroids": [[7.968509862024803, -1.8280157633125782, 3.0]]}, "mtl": 0}], "featureCount": 1, "startIndex": 0}