{"type": "block", "layer": 0, "block": 0, "features": [{"geom": {"polygons": [[[[-5.540977506519994, -2.7395459227263927], [-5.540977506519994, -2.7366260830312967], [-4.7680316576734185, 1.1545841731131077], [-4.702721086941892, 1.2723452225327492], [-4.60320686569321, 1.3630648758262396], [-4.479922333615832, 1.4172318372875452], [-4.345792973879725, 1.4291670974344015], [-3.6706213663856033, 4.973430003970861], [5.540977506519994, 2.8361405190080404], [5.540977506519994, 2.8332494720816612], [3.974954165139934, -4.973430003970861], [-5.540977506519994, -2.7395459227263927]]]], "centroids": [[0.06846342538483441, -0.009195882827043533, 3.0]], "h": 3.0}, "mtl": {"face": 0}}, {"geom": {"polygons": [[[[-5.540977506519994, -2.739545924589038], [-5.540977506519994, 0.38116201013326645], [-5.3375324694789015, 1.373583845794201], [-5.25271984419669, 1.5259813833981752], [-5.131666122499155, 1.6515368968248367], [-4.982465557259275, 1.7418551240116358], [-4.815094439021777, 1.790896937251091], [-4.640744031727081, 1.795383159071207], [-3.994531657663174, 5.04858417250216], [5.540977506519994, 2.8361405190080404], [5.540977506519994, 2.8332494720816612], [3.974954165139934, -4.973430003970861], [-5.540977506519994, -2.739545924589038]]]], "centroids": [[-0.118874996638624, 0.04507616348564625, 6.0]], "h": 6.0}, "mtl": {"face": 1}}, {"geom": {"polygons": [[[[-5.540977506519994, -2.7395459227263927], [-5.540977506519994, 0.3811629209667444], [-5.3375324694789015, 1.373583845794201], [-5.25271984419669, 1.5259813833981752], [-5.131666122499155, 1.6515368968248367], [-4.982465557259275, 1.7418551240116358], [-4.815094439021777, 1.790896937251091], [-4.640744031727081, 1.795383159071207], [-3.994531657663174, 5.04858417250216], [1.4987972221279051, 3.7740134708583355], [0.5176237694104202, -1.1958215180784464], [-2.3504462092532776, -0.5519357118755579], [-2.9561373883334454, -3.3463423270732164], [-5.540977506519994, -2.7395459227263927]]]], "centroids": [[-2.350642160192365, 1.1198104321956635, 9.0]], "h": 9.0}, "mtl": {"face": 2}}], "featureCount": 3, "startIndex": 0}