{"type": "block", "layer": 1, "block": 0, "features": [{"geom": {"triangles": {"v": [-3.9995316576678306, 5.233584173023701, 3.0, -5.546406657667831, -2.7664158269762993, 3.0, 10.67234334233217, -4.766415826976299, 3.0, 11.98484334233217, 1.2335841730237007, 3.0, 10.39109334233217, -6.766415826976299, 3.0], "f": [0, 1, 2, 0, 2, 3, 1, 4, 2]}, "centroids": [[3.217002123070415, -0.7074833977967501, 3.0]]}, "mtl": 0}], "featureCount": 1, "startIndex": 0}