{"type": "block", "layer": 0, "block": 0, "features": [{"geom": {"polygons": [[[[-5.263443661649944, -1.8123856019228697], [-5.263443661649944, -1.8102412596344948], [-4.367224680871004, 1.6578404624015093], [0.08259582793107256, 0.5079213082790375], [0.8309993315779138, 3.6959813460707664], [5.263443661649944, 2.655456129461527], [5.263443661649944, 2.652743538841605], [3.9726254501438234, -3.6959813479334116], [-5.263443661649944, -1.8123856019228697]]]], "centroids": [[0.6363623087818269, -0.23461047187447548, 6.0]], "h": 6.0}, "mtl": {"face": 0}}, {"geom": {"polygons": [[[[-5.263443661649944, -1.8123856019228697], [-5.263443661649944, -1.8102412596344948], [-4.367224680871004, 1.6578404624015093], [0.08259582793107256, 0.5079213082790375], [0.8309993315779138, 3.6959813460707664], [5.263443661649944, 2.655456129461527], [5.263443661649944, 2.652743538841605], [3.9726254501438234, -3.6959813479334116], [-5.263443661649944, -1.8123856019228697]]]], "centroids": [[0.6363623087818269, -0.23461047187447548, 3.0]], "h": 3.0}, "mtl": {"face": 1}}], "featureCount": 2, "startIndex": 0}