{"type": "block", "layer": 0, "block": 0, "features": [{"geom": {"polygons": [[[[-6.520131994533585, 0.42512789927423], [-6.520131994533585, 0.427548298612237], [-5.62547048626584, 3.4867274295538664], [-2.751103633636376, 2.6461145486682653], [-2.0428096491959877, 5.068034075200558], [6.520131994533585, 2.775140531361103], [6.520131994533585, 2.7722642607986927], [4.62778407294536, -5.068034075200558], [-4.247991673561046, -2.4723001942038536], [-3.6464172197738662, -0.4152942802757025], [-6.520131994533585, 0.42512789927423]]]], "centroids": [[0.5402171879541129, 0.21811349503695965, 3.0]], "h": 3.0}, "mtl": {"face": 0}}, {"geom": {"polygons": [[[[-6.520131994533585, 0.42512789927423], [-6.520131994533585, 0.427548298612237], [-5.62547048626584, 3.4867274295538664], [-2.751103633636376, 2.6461145486682653], [-2.0428096491959877, 5.068034075200558], [6.520131994533585, 2.775140531361103], [6.520131994533585, 1.4936247523874044], [6.104246347764274, -0.2294556088745594], [6.347267874487443, -0.2881117034703493], [5.8876887450460345, -2.1922211088240147], [5.359199503582204, -2.0376636404544115], [5.400742510362761, -2.522396782413125], [5.39186283480376, -2.934362657368183], [5.342649103811709, -3.343474792316556], [5.253575204056688, -3.7457937840372324], [5.125498841982335, -4.137445639818907], [4.9596532847499475, -4.514659084379673], [4.62778407294536, -5.068034075200558], [-4.247991673531942, -2.4723001942038536], [-3.6464172197738662, -0.4152942802757025], [-6.520131994533585, 0.42512789927423]]]], "centroids": [[0.6898866310657468, 0.17941457778215408, 6.0]], "h": 6.0}, "mtl": {"face": 1}}, {"geom": {"polygons": [[[[-6.520131994533585, 0.42512789927423], [-6.520131994533585, 0.427548298612237], [-5.62547048626584, 3.4867274295538664], [-2.751103633636376, 2.6461145486682653], [-2.0428096491959877, 5.068034075200558], [6.520131994533585, 2.775140531361103], [6.520131994533585, 1.4936247523874044], [6.104246347764274, -0.2294556088745594], [6.347267874487443, -0.2881117034703493], [5.8876887450460345, -2.1922211088240147], [5.359199503582204, -2.0376636404544115], [5.400742510362761, -2.522396782413125], [5.39186283480376, -2.934362657368183], [5.342649103811709, -3.343474792316556], [5.253575204056688, -3.7457937840372324], [5.125498841982335, -4.137445639818907], [4.9596532847499475, -4.514659084379673], [4.62778407294536, -5.068034075200558], [-4.247991673531942, -2.4723001942038536], [-3.6464172197738662, -0.4152942802757025], [-6.520131994533585, 0.42512789927423]]]], "centroids": [[0.6898866310657468, 0.17941457778215408, 9.0]], "h": 9.0}, "mtl": {"face": 2}}, {"geom": {"polygons": [[[[-6.520131994533585, 0.42512789927423], [-6.520131994533585, 0.427548298612237], [-5.62547048626584, 3.4867274295538664], [-2.751103633636376, 2.6461145486682653], [-2.0428096491959877, 5.068034075200558], [6.520131994533585, 2.775140531361103], [6.520131994533585, 1.4936247523874044], [6.104246347764274, -0.2294556088745594], [6.347267874487443, -0.2881117034703493], [5.8876887450460345, -2.1922211088240147], [5.359199503582204, -2.0376636404544115], [5.400742510362761, -2.522396782413125], [5.39186283480376, -2.934362657368183], [5.342649103811709, -3.343474792316556], [5.253575204056688, -3.7457937840372324], [5.125498841982335, -4.137445639818907], [4.9596532847499475, -4.514659084379673], [4.62778407294536, -5.068034075200558], [-4.247991673531942, -2.4723001942038536], [-3.6464172197738662, -0.4152942802757025], [-6.520131994533585, 0.42512789927423]]]], "centroids": [[0.6898866310657468, 0.17941457778215408, 12.0]], "h": 12.0}, "mtl": {"face": 3}}, {"geom": {"polygons": [[[[-6.520131994533585, 0.42512789927423], [-6.520131994533585, 0.427548298612237], [-5.62547048626584, 3.4867274295538664], [-2.751103633636376, 2.6461145486682653], [-2.0428096491959877, 5.068034075200558], [6.520131994533585, 2.775140531361103], [6.520131994533585, 1.4936247523874044], [6.104246347764274, -0.2294556088745594], [6.347267874487443, -0.2881117034703493], [5.8876887450460345, -2.1922211088240147], [5.359199503582204, -2.0376636404544115], [-3.3739535301283468, 0.5163600128144026], [-3.6464172197738662, -0.4152942802757025], [-6.520131994533585, 0.42512789927423]]]], "centroids": [[0.6923678378225304, 1.4966180734336376, 15.0]], "h": 15.0}, "mtl": {"face": 4}}], "featureCount": 5, "startIndex": 0}