{"type": "block", "layer": 1, "block": 0, "features": [{"geom": {"triangles": {"v": [-4.05909092706861, 5.4689659252762794, 3.0, -9.49659092706861, -0.5310340747237206, 3.0, 4.62840907293139, -5.5310340747237206, 3.0, 6.51903407293139, 2.4689659252762794, 3.0], "f": [0, 1, 2, 3, 0, 2]}, "centroids": [[-0.6546686817018781, 0.4052671529352665, 3.0]]}, "mtl": 0}], "featureCount": 1, "startIndex": 0}