{"type": "block", "layer": 0, "block": 0, "features": [{"geom": {"polygons": [[[[-5.387775545124896, -7.0884056352078915], [-3.157868722337298, 8.582598535344005], [-3.1525675273733214, 8.582598535344005], [1.5351122847059742, 7.805692113935947], [0.2440923874382861, -1.7607949506491423], [5.387775545095792, -2.49742872454226], [4.516310202307068, -8.582598535344005], [4.5105011667183135, -8.582598535344005], [-5.387775545124896, -7.0884056352078915]]]], "centroids": [[-0.6368339073378593, -1.2777723763138056, 3.0]], "h": 3.0}, "mtl": {"face": 0}}, {"geom": {"polygons": [[[[-3.152567527227802, 8.582598535344005], [1.1039915362780448, 8.582598535344005], [1.0059215251530986, 7.893396845087409], [-3.152567527227802, 8.582598535344005]]]], "centroids": [[-0.34755148860858753, 8.352864637970924, 3.0]], "h": 3.0}, "mtl": {"face": 0}}, {"geom": {"polygons": [[[[-5.387775545124896, -7.0884056352078915], [-3.157868722337298, 8.582598535344005], [-3.1525675273733214, 8.582598535344005], [1.5351122847059742, 7.805692113935947], [0.2440923874382861, -1.7607949506491423], [5.387775545095792, -2.49742872454226], [4.516310202307068, -8.582598535344005], [4.5105011667183135, -8.582598535344005], [-5.387775545124896, -7.0884056352078915]]]], "centroids": [[-0.6368339073378593, -1.2777723763138056, 6.0]], "h": 6.0}, "mtl": {"face": 1}}, {"geom": {"polygons": [[[[2.4246488179196604, -2.0730753652751446], [3.9843986567284446, 8.582598535344005], [6.974561133130919, 8.582598535344005], [5.387775545095792, -2.49742872454226], [2.4246488179196604, -2.0730753652751446]]]], "centroids": [[4.700976869557053, 3.137628845870495, 3.0]], "h": 3.0}, "mtl": {"face": 0}}], "featureCount": 4, "startIndex": 0}