{"type": "block", "layer": 1, "block": 0, "features": [{"geom": {"triangles": {"v": [-1.870654407015536, 17.759085081517696, 3.0, -5.386279407015536, -7.240914918482304, 3.0, 8.066845592984464, 15.759085081517696, 3.0, 4.519970592984464, -8.240914918482304, 3.0], "f": [0, 1, 2, 1, 3, 2]}, "centroids": [[1.3314946491736919, 4.54428505897522, 3.0]]}, "mtl": 0}], "featureCount": 1, "startIndex": 0}