{"type": "block", "layer": 0, "block": 0, "features": [{"geom": {"polygons": [[[[-2.693882626161212, -4.065567413344979], [-0.7702600957709365, 4.809093898162246], [-0.7678584212553687, 4.809093898162246], [2.693882626161212, 4.084391316398978], [0.8135937191837002, -4.809093898162246], [0.8112247209355701, -4.809093898162246], [-2.693882626161212, -4.065567413344979]]]], "centroids": [[0.0090763223124668, -0.00498436763882637, 3.0]], "h": 3.0}, "mtl": {"face": 0}}, {"geom": {"polygons": [[[[-2.8550453243369702, -4.809093898162246], [-2.693882626161212, -4.065567413344979], [0.5116423587023746, -4.745544511824846], [0.49880101476446725, -4.809093898162246], [-2.8550453243369702, -4.809093898162246]]]], "centroids": [[-1.5952761000953615, -4.559588775038719, 3.0]], "h": 3.0}, "mtl": {"face": 0}}], "featureCount": 2, "startIndex": 0}