{"type": "block", "layer": 1, "block": 0, "features": [{"geom": {"triangles": {"v": [-8.614521590527147, 2.815891282632947, 3.0, -16.583271590527147, 1.815891282632947, 3.0, -17.114521590527147, -0.18410871736705303, 3.0, 2.729228409472853, -4.184108717367053, 3.0, -2.239521590527147, 8.815891282632947, 3.0, 2.119853409472853, 9.815891282632947, 3.0, 6.510478409472853, 9.815891282632947, 3.0], "f": [0, 1, 2, 3, 0, 2, 4, 0, 3, 5, 4, 3, 5, 3, 6]}, "centroids": [[-3.0059369991067797, 2.4678795263171196, 3.0]]}, "mtl": 0}], "featureCount": 1, "startIndex": 0}