{"type": "block", "layer": 0, "block": 0, "features": [{"geom": {"polygons": [[[[-7.710890321672196, -2.8711566105484962], [-7.710890321672196, -2.867562022060156], [-5.79966148751555, 5.652999999001622], [3.0423385125759523, 3.9279999993741512], [7.710890321672196, 3.0175880175083876], [7.710890321672196, 3.0135574471205473], [7.337338512588758, 1.1339999977499247], [5.987338512582937, -5.653000000864267], [-7.710890321672196, -2.8711566105484962]]]], "centroids": [[0.05842340222443454, 0.022750208154320717, 3.0]], "h": 3.0}, "mtl": {"face": 0}}, {"geom": {"polygons": [[[[-7.710890321672196, -2.8711566105484962], [-7.710890321672196, -2.867562022060156], [-7.147896435693838, -0.35764576494693756], [-7.710890321672196, -0.24331434443593025], [-7.710890321672196, 0.31336388923227787], [-7.707742138241883, 0.36103024519979954], [-7.690771064575529, 0.5603089015930891], [-7.670015406969469, 0.7592289932072163], [-7.6454828514833935, 0.9577186740934849], [-7.617182216985384, 1.1557062342762947], [-7.585123659489909, 1.3531201370060444], [-7.549318831443088, 1.5498890727758408], [-7.509780613618204, 1.7459419462829828], [-7.466523320355918, 1.9412079360336065], [-7.4195626653090585, 2.1356165185570717], [-7.403661487420322, 2.1979999989271164], [-7.368915456434479, 2.3290974218398333], [-7.314912090747384, 2.5205136816948652], [-7.256636108097155, 2.7129970155656338], [-7.195044531428721, 2.903277013450861], [-7.1298475822550245, 3.092352019622922], [-7.061068813869497, 3.280153725296259], [-6.988733123871498, 3.466614305973053], [-6.912866494472837, 3.6516663376241922], [-6.833496476785513, 3.8352430257946253], [-6.750651727459626, 4.017278043553233], [-6.664362138573779, 4.197705609723926], [-6.574658895551693, 4.376460548490286], [-6.481574357167119, 4.553478255867958], [-6.385142239625566, 4.726830394938588], [-6.285397364583332, 4.902046954259276], [-6.182375722302822, 5.073471985757351], [-6.07611457890016, 5.242908019572496], [-5.966652241884731, 5.4102937914431095], [-5.854028338071657, 5.57556888461113], [-5.799661487690173, 5.652999999001622], [3.0423385125759523, 3.9279999993741512], [7.710890321672196, 3.0175880175083876], [7.710890321672196, 3.0135599710047245], [5.987338512582937, -5.653000000864267], [-7.710890321672196, -2.8711566105484962]]]], "centroids": [[-0.15137236414011568, 0.08951102942228317, 6.0]], "h": 6.0}, "mtl": {"face": 1}}, {"geom": {"polygons": [[[[-7.710890321672196, -2.8711566105484962], [-7.710890321672196, -2.867562022060156], [-7.147896435693838, -0.35764576494693756], [-7.710890321672196, -0.24331434443593025], [-7.710890321672196, 0.31336361169815063], [-7.707742030819645, 0.3610315080732107], [-7.690771661495091, 0.5603018943220377], [-7.670015494688414, 0.759229002520442], [-7.64548292857944, 0.9577186852693558], [-7.617182557063643, 1.155703853815794], [-7.58512365972274, 1.3531201370060444], [-7.54931888266583, 1.5498887915164232], [-7.509780108986888, 1.7459444478154182], [-7.466524544230197, 1.9412028696388006], [-7.419569308200153, 2.135590059682727], [-7.403661535849096, 2.197999808937311], [-7.368915456434479, 2.3290974218398333], [-7.314912090747384, 2.5205136816948652], [-7.256636103818892, 2.71299702860415], [-7.195044528925791, 2.9032770209014416], [-7.129847553558648, 3.0923520997166634], [-7.061068880750099, 3.280153751373291], [-6.988733123871498, 3.466614305973053], [-6.912866494618356, 3.6516663376241922], [-6.833496484556235, 3.8352430295199156], [-6.750651727576042, 4.017278043553233], [-6.6643621382827405, 4.197705609723926], [-6.574658895551693, 4.376460548490286], [-6.481574357167119, 4.553478255867958], [-6.384341700933874, 4.72823666036129], [-6.285397364845267, 4.902046954259276], [-6.182375722302822, 5.073471985757351], [-6.07611457890016, 5.242908019572496], [-5.966662967664888, 5.4102773908525705], [-5.85402833824628, 5.57556888461113], [-5.799661487690173, 5.652999999001622], [3.0423385125759523, 3.9279999993741512], [7.710890321672196, 3.0175880175083876], [7.710890321672196, 3.0135599710047245], [5.987338512582937, -5.653000000864267], [-7.710890321672196, -2.8711566105484962]]]], "centroids": [[-0.15137228727689944, 0.0895109698176384, 9.0]], "h": 9.0}, "mtl": {"face": 2}}, {"geom": {"polygons": [[[[-7.710890321672196, -2.8711566105484962], [-7.710890321672196, 3.0412399917840958], [-7.609212314360775, 3.3591233920305967], [-7.29410123793059, 4.191041484475136], [-6.935766997223254, 5.005276877433062], [-6.535197102173697, 5.799585672095418], [-5.79966148751555, 5.652999999001622], [3.0423385125759523, 3.9279999993741512], [7.710890321672196, 3.0175880175083876], [7.710890321672196, 3.0135599710047245], [5.987338512582937, -5.653000000864267], [-7.710890321672196, -2.8711566105484962]]]], "centroids": [[-0.31926767897675745, 0.1524317730218172, 12.0]], "h": 12.0}, "mtl": {"face": 3}}, {"geom": {"polygons": [[[[-7.710890321672196, 2.6369122322648764], [-7.710890321672196, 3.0412401128560305], [-7.609212380688405, 3.3591234050691128], [-7.29410130425822, 4.191041497513652], [-6.935767063550884, 5.005276890471578], [-6.535197168501327, 5.799585685133934], [-5.79966155384318, 5.653000012040138], [3.0423384462483227, 3.9280000124126673], [4.249514938564971, 3.692589120939374], [3.591910166462185, 0.13014314137399197], [-7.710890321672196, 2.6369122322648764]]]], "centroids": [[-1.5825150615128223, 3.0424018539488316, 15.0]], "h": 15.0}, "mtl": {"face": 4}}], "featureCount": 5, "startIndex": 0}