{"type": "block", "layer": 1, "block": 0, "features": [{"geom": {"triangles": {"v": [-5.796036487416131, 5.160999998450279, 3.0, -7.717911487416131, -2.8390000015497208, 3.0, 3.0477135125838686, 4.160999998450279, 3.0, 5.985213512583869, -5.839000001549721, 3.0, 7.344588512583869, 1.1609999984502792, 3.0, 7.703963512583869, 3.1609999984502792, 3.0], "f": [0, 1, 2, 2, 1, 3, 4, 2, 3, 2, 4, 5]}, "centroids": [[0.0584428489964921, 0.022718392312526703, 3.0]]}, "mtl": 0}], "featureCount": 1, "startIndex": 0}