{"type": "block", "layer": 1, "block": 0, "features": [{"geom": {"triangles": {"v": [-6.681842044257792, 8.66872583143413, 3.0, -12.916217044257792, -1.3312741685658693, 3.0, 17.99003295574221, -9.33127416856587, 3.0, 11.583782955742208, -19.33127416856587, 3.0], "f": [0, 1, 2, 1, 3, 2]}, "centroids": [[2.482787928340258, -5.438987804576755, 3.0]]}, "mtl": 0}], "featureCount": 1, "startIndex": 0}