{"type": "block", "layer": 1, "block": 0, "features": [{"geom": {"triangles": {"v": [7.1467717424966395, 11.977275533601642, 3.0, -5.8532282575033605, 2.9772755336016417, 3.0, 13.30302174249664, 3.9772755336016417, 3.0, -0.6657282575033605, -6.022724466398358, 3.0], "f": [0, 1, 2, 1, 3, 2]}, "centroids": [[3.520421746565262, 3.4046002998948097, 3.0]]}, "mtl": 0}], "featureCount": 1, "startIndex": 0}