{"type": "block", "layer": 0, "block": 0, "features": [{"geom": {"polygons": [[[[-2.8577862331294455, -0.23177648149430752], [-1.8909306364657823, 4.248043067753315], [-1.8889342304028105, 4.248043067753315], [2.8577862331003416, 3.1892903447151184], [0.24105470869108103, -4.248043067753315], [0.24057748186169192, -4.248043067753315], [-2.8577862331294455, -0.23177648149430752]]]], "centroids": [[-0.2033722421620041, 0.7003804072737694, 3.0]], "h": 3.0}, "mtl": {"face": 0}}, {"geom": {"polygons": [[[[-1.8889342303737067, 4.248043067753315], [4.248043067957042, 4.248043067753315], [4.248043067957042, 2.8791945166885853], [2.8577862331003416, 3.1892903447151184], [-1.8889342303737067, 4.248043067753315]]]], "centroids": [[2.202383968688082, 3.791760217398405, 3.0]], "h": 3.0}, "mtl": {"face": 0}}, {"geom": {"polygons": [[[[-1.8889342389302328, 4.248043067753315], [4.248043067957042, 4.248043067753315], [4.248043067957042, 2.8791945166885853], [-1.8889342389302328, 4.248043067753315]]]], "centroids": [[2.2023839656612836, 3.791760217398405, 6.0]], "h": 6.0}, "mtl": {"face": 1}}], "featureCount": 3, "startIndex": 0}