{"type": "block", "layer": 1, "block": 0, "features": [{"geom": {"triangles": {"v": [-2.576180024596397, 3.212300242856145, 3.0, -6.748055024596397, 4.212300242856145, 3.0, -10.748055024596397, -15.787699757143855, 3.0, -2.810555024596397, 3.212300242856145, 3.0, -0.46680502459639683, -17.787699757143855, 3.0, 3.580069975403603, 1.212300242856145, 3.0], "f": [0, 1, 2, 3, 1, 0, 0, 2, 4, 5, 0, 4]}, "centroids": [[-3.6018246236781124, -6.888875812292099, 3.0]]}, "mtl": 0}], "featureCount": 1, "startIndex": 0}