{"type": "block", "layer": 1, "block": 0, "features": [{"geom": {"triangles": {"v": [-4.351956646307372, 16.157939925789833, 3.0, -8.523831646307372, -3.842060074210167, 3.0, 1.1324183536926284, -5.842060074210167, 3.0, 5.335543353692628, 14.157939925789833, 3.0], "f": [0, 1, 2, 0, 2, 3]}, "centroids": [[-1.6118503743491601, 5.0084600411355495, 3.0]]}, "mtl": 0}], "featureCount": 1, "startIndex": 0}