{"type": "block", "layer": 0, "block": 0, "features": [{"geom": {"polygons": [[[[-3.2037624724034686, -1.8866455554962158], [-3.2037624724034686, -1.8850872330367565], [-2.143682415218791, 3.0425085742026567], [3.2037624724034686, 1.932236723601818], [3.2037624724034686, 1.9306338150054216], [2.1666285041719675, -3.042508576065302], [-3.2037624724034686, -1.8866455554962158]]]], "centroids": [[0.00874448599643074, 0.008251935243606567, 3.0]], "h": 3.0}, "mtl": {"face": 0}}], "featureCount": 1, "startIndex": 0}