{"type": "block", "layer": 1, "block": 0, "features": [{"geom": {"triangles": {"v": [-4.290900619642343, 11.13011090643704, 3.0, -7.665900619642343, 2.1301109064370394, 3.0, -3.0409006196423434, -1.8698890935629606, 3.0, 5.662224380357657, 7.130110906437039, 3.0, 1.4278493803576566, -3.8698890935629606, 3.0, -6.212775619642343, -0.8698890935629606, 3.0], "f": [0, 1, 2, 0, 2, 3, 2, 4, 3, 2, 1, 5]}, "centroids": [[-1.2601517084403895, 3.7064818516373634, 3.0]]}, "mtl": 0}], "featureCount": 1, "startIndex": 0}