{"type": "block", "layer": 0, "block": 0, "features": [{"geom": {"polygons": [[[[-6.789725525886752, 2.221027374267578], [-6.789725525886752, 2.228698194026947], [-2.525404566375073, 2.93958499096334], [2.066595433629118, 2.263584991917014], [6.789725525886752, 1.5599494352936745], [6.789725525886752, 1.5530115254223347], [6.346150569530437, -2.913012584671378], [0.6889553763321601, -1.9358409121632576], [-6.32605242865975, -2.9395849891006947], [-6.789725525886752, 2.221027374267578]]]], "centroids": [[-0.25372711863019504, -0.005065804347395897, 3.0]], "h": 3.0}, "mtl": {"face": 0}}], "featureCount": 1, "startIndex": 0}