{"type": "block", "layer": 0, "block": 0, "features": [{"geom": {"polygons": [[[[-5.102999999944586, -1.133053496479988], [-0.4840364373230841, -0.8244814872741699], [-0.5151417035667691, 5.703293098136783], [4.774228921247413, 6.069339508190751], [4.783016667177435, 6.069339508190751], [5.10299999997369, -5.584053494036198], [4.824000016931677, -5.617053493857384], [-4.859415420243749, -6.069339508190751], [-4.872439498169115, -6.069339508190751], [-5.102999999944586, -1.133053496479988]]]], "centroids": [[0.9288905087450985, -0.8866678923368454, 3.0]], "h": 3.0}, "mtl": {"face": 0}}, {"geom": {"polygons": [[[[-6.0693395086273085, -6.069339508190751], [-6.0693395086273085, -4.6512982826679945], [-4.940379155013943, -4.614755680784583], [-4.87243949828553, -6.069339508190751], [-6.0693395086273085, -6.069339508190751]]]], "centroids": [[-5.485174521891167, -5.3580444529652596, 3.0]], "h": 3.0}, "mtl": {"face": 0}}, {"geom": {"polygons": [[[[-5.102999999944586, -1.133053496479988], [-0.4840364373230841, -0.8244814872741699], [-0.5151417035667691, 5.703293098136783], [4.774228921247413, 6.069339508190751], [4.783016667177435, 6.069339508190751], [5.10299999997369, -5.584053494036198], [4.824000016931677, -5.617053493857384], [-4.859415420360165, -6.069339508190751], [-4.87243949828553, -6.069339508190751], [-5.102999999944586, -1.133053496479988]]]], "centroids": [[0.9288905087450985, -0.8866678923368454, 6.0]], "h": 6.0}, "mtl": {"face": 1}}], "featureCount": 3, "startIndex": 0}