{"type": "block", "layer": 0, "block": 0, "features": [{"geom": {"polygons": [[[[-5.3889974053017795, -3.5745301656425], [-5.3889974053017795, -3.5689111184328794], [-4.610885894566309, 4.4734816290438175], [5.3889974053017795, 3.5786463860422373], [5.3889974053017795, 3.5731536149978638], [4.5924636410491075, -4.473481627181172], [-5.3889974053017795, -3.5745301656425]]]], "centroids": [[-0.0038965618587099016, 0.002175351604819298, 3.0]], "h": 3.0}, "mtl": {"face": 0}}, {"geom": {"polygons": [[[[-5.3889974053017795, -4.307083003222942], [-5.3889974053017795, -3.5689111184328794], [-5.013758875720669, 0.30947338975965977], [5.3889974053017795, -0.5988641511648893], [5.3889974053017795, -4.3210295252501965], [5.288463641045382, -5.359481627121568], [-5.3889974053017795, -4.307083003222942]]]], "centroids": [[0.09511962052783929, -2.5049695782363415, 6.0]], "h": 6.0}, "mtl": {"face": 1}}], "featureCount": 2, "startIndex": 0}