{"type": "block", "layer": 1, "block": 0, "features": [{"geom": {"triangles": {"v": [5.471713641047245, 4.053518373519182, 3.0, -4.168911358952755, 9.053518373519182, 3.0, -5.387661358952755, -3.946481626480818, 3.0, 5.877963641047245, 8.053518373519182, 3.0, 4.596713641047245, -4.946481626480818, 3.0], "f": [0, 1, 2, 1, 0, 3, 0, 2, 4]}, "centroids": [[0.20770658549736254, 2.260146014392376, 3.0]]}, "mtl": 0}], "featureCount": 1, "startIndex": 0}