{"type": "block", "layer": 0, "block": 0, "features": [{"geom": {"polygons": [[[[-4.497806462837616, 1.0261959545314312], [-4.497806462837616, 1.0272292140871286], [-2.6478594592190348, 3.968614934012294], [4.497806462837616, -0.8423374015837908], [4.497806462837616, -0.8433681931346655], [2.5665785016899463, -3.968614935874939], [-4.497806462837616, 1.0261959545314312]]]], "centroids": [[0.011909792112419382, 0.02254209853708744, 3.0]], "h": 3.0}, "mtl": {"face": 0}}, {"geom": {"polygons": [[[[0.22837646477273665, 2.0321356635540724], [1.7908759656129405, 4.497806463390589], [4.497806462837616, 4.497806463390589], [4.497806462837616, -0.8423374015837908], [0.22837646477273665, 2.0321356635540724]]]], "centroids": [[2.8703330248827115, 2.2989639844745398, 3.0]], "h": 3.0}, "mtl": {"face": 0}}, {"geom": {"polygons": [[[[1.7157041656028014, 4.497806463390589], [1.7908759663114324, 4.497806463390589], [1.7679419308551587, 4.46161587163806], [1.7157041656028014, 4.497806463390589]]]], "centroids": [[1.7581740209134296, 4.485742932185531, 3.0]], "h": 3.0}, "mtl": {"face": 0}}, {"geom": {"polygons": [[[[-4.497806462837616, 1.0261959545314312], [-4.497806462837616, 1.0272292140871286], [-2.6478594592190348, 3.968614934012294], [4.497806462837616, -0.8423374015837908], [4.497806462837616, -0.8433681931346655], [2.5665785016899463, -3.968614935874939], [-4.497806462837616, 1.0261959545314312]]]], "centroids": [[0.011909792112419382, 0.02254209853708744, 6.0]], "h": 6.0}, "mtl": {"face": 1}}], "featureCount": 4, "startIndex": 0}