{"type": "block", "layer": 0, "block": 0, "features": [{"geom": {"polygons": [[[[-6.642357368924422, -1.6719321720302105], [-6.642357368924422, -1.6700355261564255], [-3.4725216721417382, 6.0203527957201], [6.642357368924422, 1.6223617102950811], [6.642357368924422, 1.620460508391261], [3.494300088088494, -6.0203527957201], [-6.642357368924422, -1.6719321720302105]]]], "centroids": [[-9.587101521901786e-05, -0.010085837915539742, 3.0]], "h": 3.0}, "mtl": {"face": 0}}, {"geom": {"polygons": [[[[-3.472521671821596, 6.0203527957201], [-3.21614290215075, 6.6423573680222034], [0.9065226966922637, 6.6423573680222034], [0.04572463009390049, 4.490604806691408], [-3.472521671821596, 6.0203527957201]]]], "centroids": [[-1.0835660983575508, 5.878384310752153, 3.0]], "h": 3.0}, "mtl": {"face": 0}}, {"geom": {"polygons": [[[[-6.642357368924422, -1.6719321720302105], [-6.642357368924422, -1.6700355261564255], [-3.4725216724327765, 6.0203527957201], [6.642357368924422, 1.6223617121577263], [6.642357368924422, 1.620460506528616], [3.4943000882922206, -6.0203527957201], [-0.5600844468281139, -4.281103994697332], [-0.7036137044487987, -4.476786110550165], [-0.8778252539341338, -4.64573129080236], [-1.0778196165338159, -4.7831881660968065], [-1.297972204250982, -4.885290939360857], [-1.5320915046031587, -4.949168095365167], [-1.7735932090727147, -4.973023174330592], [-2.0156853882945143, -4.956185277551413], [-2.251559506607009, -4.8991279527544975], [-2.474581903370563, -4.803455865010619], [-2.6784803564078175, -4.671859668567777], [-2.8575204801745713, -4.508040340617299], [-3.006666998087894, -4.316605092957616], [-3.12172535341233, -4.102937798947096], [-3.1994596757285763, -3.8730475790798664], [-3.2376837857591454, -3.6333998050540686], [-3.2353226788691245, -3.390734266489744], [-3.192442757921526, -3.151875626295805], [-6.642357368924422, -1.6719321720302105]]]], "centroids": [[-0.05928274436155334, -0.1290798932313919, 6.0]], "h": 6.0}, "mtl": {"face": 1}}, {"geom": {"polygons": [[[[-6.642357368924422, -1.6719321720302105], [-6.642357368924422, -1.6700355261564255], [-3.4725216724327765, 6.0203527957201], [6.642357368924422, 1.6223617121577263], [6.642357368924422, 1.620460506528616], [3.4943000882922206, -6.0203527957201], [-0.5600844468281139, -4.281103994697332], [-0.7036137044487987, -4.476786110550165], [-0.8778252539341338, -4.64573129080236], [-1.0778196165338159, -4.7831881660968065], [-1.297972204250982, -4.885290939360857], [-1.5320915046031587, -4.949168095365167], [-1.7735932090727147, -4.973023174330592], [-2.0156853882945143, -4.956185277551413], [-2.251559506607009, -4.8991279527544975], [-2.474581903370563, -4.803455865010619], [-2.6784803564078175, -4.671859668567777], [-2.8575204801745713, -4.508040340617299], [-3.006666998087894, -4.316605092957616], [-3.12172535341233, -4.102937798947096], [-3.1994596757285763, -3.8730475790798664], [-3.2376837857591454, -3.6333998050540686], [-3.2353226788691245, -3.390734266489744], [-3.192442757921526, -3.151875626295805], [-6.642357368924422, -1.6719321720302105]]]], "centroids": [[-0.05928274436155334, -0.1290798932313919, 9.0]], "h": 9.0}, "mtl": {"face": 2}}, {"geom": {"polygons": [[[[-0.5600844467408024, -4.281103994697332], [2.7438059380219784, 3.317467937245965], [6.642357368924422, 1.6223617121577263], [6.642357368924422, 1.620460506528616], [3.4943000882922206, -6.0203527957201], [-0.5600844467408024, -4.281103994697332]]]], "centroids": [[3.0694792978465557, -1.3635664246976376, 12.0]], "h": 12.0}, "mtl": {"face": 3}}], "featureCount": 5, "startIndex": 0}