{"type": "block", "layer": 1, "block": 0, "features": [{"geom": {"triangles": {"v": [6.10630332888104, 28.851352797821164, 3.0, -6.64369667111896, -2.148647202178836, 3.0, 14.93442832888104, 21.851352797821164, 3.0, 19.96567832888104, 22.851352797821164, 3.0, 22.37192832888104, 18.851352797821164, 3.0, 23.38755332888104, 20.851352797821164, 3.0, 3.49692832888104, -6.148647202178836, 3.0], "f": [0, 1, 2, 0, 2, 3, 3, 2, 4, 3, 4, 5, 1, 6, 2]}, "centroids": [[5.594643780583283, 12.117353858426213, 3.0]]}, "mtl": 0}], "featureCount": 1, "startIndex": 0}