{"type": "block", "layer": 1, "block": 0, "features": [{"geom": {"triangles": {"v": [13.00279391958611, 14.463056053966284, 3.0, 1.7840439195861109, 16.463056053966284, 3.0, -2.153456080413889, -2.536943946033716, 3.0, 9.03404391958611, -4.536943946033716, 3.0], "f": [0, 1, 2, 0, 2, 3]}, "centroids": [[5.417083682521479, 6.067790361121297, 3.0]]}, "mtl": 0}], "featureCount": 1, "startIndex": 0}