{"type": "block", "layer": 1, "block": 0, "features": [{"geom": {"triangles": {"v": [-2.439555481367279, 8.180803954601288, 3.0, -4.392680481367279, -1.8191960453987122, 3.0, 17.01356951863272, 4.180803954601288, 3.0, 14.966694518632721, -5.819196045398712, 3.0], "f": [0, 1, 2, 1, 3, 2]}, "centroids": [[6.277297508728225, 1.3516449518501759, 3.0]]}, "mtl": 0}], "featureCount": 1, "startIndex": 0}