{"type": "block", "layer": 0, "block": 0, "features": [{"geom": {"polygons": [[[[-3.2594521356222685, -0.947519363835454], [0.49814577971119434, 4.212291244417429], [0.4986516649078112, 4.212291244417429], [3.2594521356222685, -1.6292880401015282], [-0.10035383404465392, -4.212291244417429], [-0.10130930377636105, -4.212291244417429], [-3.2594521356222685, -0.947519363835454]]]], "centroids": [[0.0970729521359317, -0.42576104030013084, 3.0]], "h": 3.0}, "mtl": {"face": 0}}, {"geom": {"polygons": [[[[0.4986516649078112, 4.212291244417429], [0.5111869720276445, 4.212291244417429], [4.21229124389356, 4.089853884652257], [4.21229124389356, -1.263531144708395], [3.2594521356222685, -1.6292880401015282], [0.4986516649078112, 4.212291244417429]]]], "centroids": [[2.8954001605161466, 1.8724980130791664, 3.0]], "h": 3.0}, "mtl": {"face": 0}}], "featureCount": 2, "startIndex": 0}