{"type": "block", "layer": 0, "block": 0, "features": [{"geom": {"polygons": [[[[-6.773139317665482, -2.512858621776104], [-6.773139317665482, -2.5096477027982473], [-5.032816699327668, 5.3313003815710545], [6.773139317665482, 2.7213266398757696], [6.773139317665482, 2.717635089531541], [5.23375193143147, -5.3313003815710545], [-6.773139317665482, -2.512858621776104]]]], "centroids": [[0.06695395268616267, 0.03473676182329655, 3.0]], "h": 3.0}, "mtl": {"face": 0}}, {"geom": {"polygons": [[[[-6.773139317665482, -2.512858621776104], [-6.773139317665482, -0.43296790681779385], [-6.561880779481726, 0.5188667960464954], [-6.123776483291294, 0.4160283859819174], [-6.015436447603861, 0.9041497204452753], [-6.113060714124003, 0.9258177280426025], [-5.888821218017256, 1.9361190516501665], [-5.791196951497113, 1.9144510440528393], [-5.682856915373122, 2.402572378516197], [-6.122235740331234, 2.4997069984674454], [-5.472207579383394, 5.428437678143382], [-5.032816699327668, 5.3313003815710545], [6.773139317665482, 2.7213266398757696], [6.773139317665482, 0.10368709824979305], [6.670923955942271, -0.3600511848926544], [6.523674360301811, -0.8899747096002102], [6.3480598225141875, -1.4111836235970259], [6.144590748008341, -1.9221634045243263], [6.088590333791217, -2.2135963905602694], [5.84111584405764, -2.155585862696171], [5.23375193143147, -5.3313003815710545], [-6.773139317665482, -2.512858621776104]]]], "centroids": [[0.026142625167267397, 0.07919168286025524, 6.0]], "h": 6.0}, "mtl": {"face": 1}}, {"geom": {"polygons": [[[[-6.773139317665482, -2.512858621776104], [-6.773139317665482, 0.9515280202031136], [-5.765134832763579, 5.493195876479149], [-5.032816699327668, 5.3313003815710545], [6.773139317665482, 2.7213266398757696], [6.773139317665482, 0.1036870963871479], [6.670923841389595, -0.36005170457065105], [6.523674593830947, -0.8899740185588598], [6.348059819836635, -1.4111836235970259], [6.144590748008341, -1.9221634045243263], [6.088590333791217, -2.2135963905602694], [5.84111584405764, -2.155585862696171], [5.23375193143147, -5.3313003815710545], [-6.773139317665482, -2.512858621776104]]]], "centroids": [[-0.11561907947179861, 0.13177986443042755, 9.0]], "h": 9.0}, "mtl": {"face": 2}}, {"geom": {"polygons": [[[[-6.773139317665482, -2.512858621776104], [-6.773139317665482, 0.9515280202031136], [-5.765134832763579, 5.493195876479149], [-5.032816699327668, 5.3313003815710545], [6.773139317665482, 2.7213266398757696], [6.773139317665482, -1.0808371864259243], [6.639180805388605, -1.4793682284653187], [6.436652241827687, -1.9907205626368523], [6.38080022772192, -2.2820933517068624], [5.84111584405764, -2.155585862696171], [5.23375193143147, -5.3313003815710545], [-6.773139317665482, -2.512858621776104]]]], "centroids": [[-0.08211531344568357, 0.12423684075474739, 12.0]], "h": 12.0}, "mtl": {"face": 3}}, {"geom": {"polygons": [[[[-6.773139317665482, -2.512858621776104], [-6.773139317665482, 0.9515280202031136], [-5.765134832763579, 5.493195876479149], [-5.032816699327668, 5.3313003815710545], [6.773139317665482, 2.7213266398757696], [6.773139317665482, -1.0808371864259243], [6.639180805388605, -1.4793682284653187], [6.436652241827687, -1.9907205626368523], [6.38080022772192, -2.2820933517068624], [5.84111584405764, -2.155585862696171], [5.23375193143147, -5.3313003815710545], [-6.773139317665482, -2.512858621776104]]]], "centroids": [[-0.08211531344568357, 0.12423684075474739, 15.0]], "h": 15.0}, "mtl": {"face": 4}}, {"geom": {"polygons": [[[[-2.6507781870895997, -3.480522483587265], [-1.1271199877373874, 4.467857738956809], [6.773139317665482, 2.7213266398757696], [6.773139317665482, -1.080837219953537], [6.639181130361976, -1.4793674070388079], [6.436652241827687, -1.9907205626368523], [6.38080022772192, -2.2820933517068624], [5.84111584405764, -2.155585862696171], [5.23375193143147, -5.3313003815710545], [-2.6507781870895997, -3.480522483587265]]]], "centroids": [[2.201052307675127, -0.408769341185689, 18.0]], "h": 18.0}, "mtl": {"face": 5}}], "featureCount": 6, "startIndex": 0}