{"type": "block", "layer": 1, "block": 0, "features": [{"geom": {"triangles": {"v": [6.436312909936532, 42.70355694741011, 3.0, -6.219937090063468, -17.296443052589893, 3.0, 11.780062909936532, -21.296443052589893, 3.0, 53.48318790993653, 32.70355694741011, 3.0, 48.85818790993653, -29.296443052589893, 3.0, 63.10818790993653, -32.29644305258989, 3.0], "f": [0, 1, 2, 0, 2, 3, 2, 4, 3, 3, 4, 5]}, "centroids": [[29.137546253332403, 4.186612466350198, 3.0]]}, "mtl": 0}], "featureCount": 1, "startIndex": 0}