{"type": "block", "layer": 0, "block": 0, "features": [{"geom": {"polygons": [[[[-3.5523859989189077, -1.0634006559848785], [-3.5523859989189077, -1.0616396740078926], [-2.889507882820908, 2.1185725405812263], [3.5523859989189077, 1.0438600908964872], [3.5523859989189077, 1.041426608338952], [3.079527507565217, -2.1185725405812263], [-3.5523859989189077, -1.0634006559848785]]]], "centroids": [[0.0377654341282323, -0.01084136962890625, 3.0]], "h": 3.0}, "mtl": {"face": 0}}], "featureCount": 1, "startIndex": 0}