{"type": "block", "layer": 1, "block": 0, "features": [{"geom": {"triangles": {"v": [-2.8933828828157857, 2.1345725413411856, 3.0, -6.159007882815786, -13.865427458658814, 3.0, 8.231617117184214, -15.865427458658814, 3.0, 11.247242117184214, 0.13457254134118557, 3.0], "f": [0, 1, 2, 0, 2, 3]}, "centroids": [[2.574015448743012, -6.816152550280094, 3.0]]}, "mtl": 0}], "featureCount": 1, "startIndex": 0}