{"type": "block", "layer": 1, "block": 0, "features": [{"geom": {"triangles": {"v": [2.549962382472586, -0.2474689967930317, 3.0, -11.668787617527414, 4.752531003206968, 3.0, -15.528162617527414, -22.24746899679303, 3.0, 2.893712382472586, 2.7525310032069683, 3.0, -0.9969126175274141, -24.24746899679303, 3.0], "f": [0, 1, 2, 1, 0, 3, 0, 2, 4]}, "centroids": [[-6.320564104127698, -9.875238539651036, 3.0]]}, "mtl": 0}], "featureCount": 1, "startIndex": 0}