{"type": "block", "layer": 0, "block": 0, "features": [{"geom": {"polygons": [[[[-1.8616563703399152, -2.4893959648907185], [-0.693729790917132, 3.0314515586942434], [-0.6922259406710509, 3.0314515586942434], [1.8616563703108113, 2.4936544373631477], [0.6928308175993152, -3.0314515586942434], [0.6913387742824852, -3.0314515586942434], [-1.8616563703399152, -2.4893959648907185]]]], "centroids": [[-6.067581125535071e-05, 0.0010295845568180084, 3.0]], "h": 3.0}, "mtl": {"face": 0}}, {"geom": {"polygons": [[[[-1.8616563703399152, -2.4893959648907185], [-0.693729790917132, 3.0314515586942434], [-0.6922259406710509, 3.0314515586942434], [1.8616563703108113, 2.4936544373631477], [0.6928308175993152, -3.0314515586942434], [0.6913387742824852, -3.0314515586942434], [-1.8616563703399152, -2.4893959648907185]]]], "centroids": [[-6.067581125535071e-05, 0.0010295845568180084, 6.0]], "h": 6.0}, "mtl": {"face": 1}}], "featureCount": 2, "startIndex": 0}