{"type": "block", "layer": 1, "block": 0, "features": [{"geom": {"triangles": {"v": [-5.871340510668233, -1.5712206661701202, 3.0, -16.277590510668233, -2.5712206661701202, 3.0, -17.886965510668233, -11.57122066617012, 3.0, 1.722409489331767, -15.57122066617012, 3.0, 5.206784489331767, 1.4287793338298798, 3.0], "f": [0, 1, 2, 3, 0, 2, 0, 3, 4]}, "centroids": [[-5.6580668548704125, -7.279709609225392, 3.0]]}, "mtl": 0}], "featureCount": 1, "startIndex": 0}