{"type": "block", "layer": 1, "block": 0, "features": [{"geom": {"triangles": {"v": [-9.424818848463474, 2.685611329972744, 3.0, -11.362318848463474, -5.314388670027256, 3.0, -5.143568848463474, -6.314388670027256, 3.0, -2.112318848463474, 1.685611329972744, 3.0, 2.278306151536526, 0.685611329972744, 3.0, 3.872056151536526, -8.314388670027256, 3.0, 10.075181151536526, -1.314388670027256, 3.0, 8.465806151536526, -9.314388670027256, 3.0], "f": [0, 1, 2, 0, 2, 3, 3, 2, 4, 4, 2, 5, 4, 5, 6, 5, 7, 6]}, "centroids": [[-0.5746517386869527, -3.202671531587839, 3.0]]}, "mtl": 0}], "featureCount": 1, "startIndex": 0}