{"type": "block", "layer": 0, "block": 0, "features": [{"geom": {"polygons": [[[[-8.773599999927683, -1.0686103720217943], [-8.626017653179588, -0.9336026068776846], [2.1822015533107333, 8.953714909031987], [2.652844584226841, 8.953714909031987], [8.773599999112776, 1.4403896275907755], [7.797199937514961, 0.5763895716518164], [5.0863730777055025, -1.8752079531550407], [3.408848876017146, -0.021324459463357925], [2.0039698024338577, -1.3588214349001646], [0.42387389903888106, 0.600817933678627], [-3.6546537393005565, -2.963228175416589], [-1.8030620741192251, -5.080747419968247], [-4.120529970212374, -7.146007802337408], [-5.908555942383828, -4.810658374801278], [-8.773599999927683, -1.0686103720217943]]]], "centroids": [[-0.08290762998512946, 1.4370071981102228, 21.0]], "h": 21.0}, "mtl": {"face": 0}}, {"geom": {"polygons": [[[[-8.77359999952023, -1.0686103720217943], [-8.626017654052703, -0.9336026050150394], [2.1822015551442746, 8.953714909031987], [2.183917826972902, 8.953714909031987], [7.643169123213738, 2.324347710236907], [7.891994214063743, 2.522574845701456], [8.77359999952023, 1.4403896275907755], [7.797200061613694, 0.5763896815478802], [-2.7348103999975137, -8.953714909031987], [-2.7364855980558787, -8.953714909031987], [-4.120529970416101, -7.146007802337408], [-1.8030620741192251, -5.080747419968247], [-3.6546537393005565, -2.963228175416589], [-5.749755621305667, -4.689075242727995], [-5.908555938542122, -4.810658371075988], [-8.77359999952023, -1.0686103720217943]]]], "centroids": [[0.07419888087315485, 0.3504809979349375, 3.0]], "h": 3.0}, "mtl": {"face": 1}}, {"geom": {"polygons": [[[[-5.908555942383828, -4.810658374801278], [-5.749755621305667, -4.689075242727995], [-3.6546537393005565, -2.963228175416589], [-1.8030620741192251, -5.080747419968247], [-4.120529970386997, -7.146007802337408], [-5.908555942383828, -4.810658374801278]]]], "centroids": [[-3.869113857537741, -5.0197081081569195, 3.0]], "h": 3.0}, "mtl": {"face": 1}}, {"geom": {"polygons": [[[[-8.953714909061091, -1.6944709103554487], [-8.953714909061091, -1.2219996098428965], [-8.77359999952023, -1.0686103720217943], [2.182201554533094, 8.953714909031987], [2.1839178263617214, 8.953714909031987], [7.643169123213738, 2.324347710236907], [7.891994214325678, 2.522574845701456], [8.77359999952023, 1.4403896275907755], [7.797199937922414, 0.5763895716518164], [-2.7348103962431196, -8.953714909031987], [-3.113148212491069, -8.953714909031987], [-4.2681532222777605, -7.445157242938876], [-4.030690586980199, -7.263347465544939], [-4.120529970416101, -7.146007802337408], [-1.8030620741192251, -5.080747419968247], [-3.6546537393005565, -2.963228175416589], [-5.749755621305667, -4.689075242727995], [-5.908555942383828, -4.810658374801278], [-6.592733737255912, -3.9170504231005907], [-6.948021319927648, -4.193221988156438], [-8.953714909061091, -1.6944709103554487]]]], "centroids": [[-0.035249110660515726, 0.2791949287056923, 6.0]], "h": 6.0}, "mtl": {"face": 2}}, {"geom": {"polygons": [[[[-5.908555942383828, -4.810658374801278], [-5.749755621305667, -4.689075242727995], [-3.6546537393005565, -2.963228175416589], [-1.8030620741192251, -5.080747419968247], [-4.120529970386997, -7.146007802337408], [-5.908555942383828, -4.810658374801278]]]], "centroids": [[-3.869113857537741, -5.0197081081569195, 6.0]], "h": 6.0}, "mtl": {"face": 2}}, {"geom": {"polygons": [[[[-8.953714909061091, -1.6944709103554487], [-8.953714909061091, -1.2219996098428965], [-8.773600000480656, -1.0686103720217943], [2.182201554416679, 8.953714909031987], [2.6528445853618905, 8.953714909031987], [8.77359999952023, 1.4403896275907755], [7.797199999826262, 0.5763896256685257], [-2.734810389141785, -8.953714909031987], [-3.113148212491069, -8.953714909031987], [-4.2681532222777605, -7.445157242938876], [-4.030690586980199, -7.263347465544939], [-4.120529970416101, -7.146007802337408], [-1.8030620741192251, -5.080747419968247], [-3.6546537393005565, -2.963228175416589], [-5.749755621305667, -4.689075242727995], [-5.908555942383828, -4.810658374801278], [-6.592733737255912, -3.9170504231005907], [-6.948021319927648, -4.193221988156438], [-8.953714909061091, -1.6944709103554487]]]], "centroids": [[0.06432825452066027, 0.3868606258183718, 9.0]], "h": 9.0}, "mtl": {"face": 3}}, {"geom": {"polygons": [[[[-5.908555942383828, -4.810658374801278], [-5.749755621305667, -4.689075242727995], [-3.6546537393005565, -2.963228175416589], [-1.8030620741192251, -5.080747419968247], [-4.120529970386997, -7.146007802337408], [-5.908555942383828, -4.810658374801278]]]], "centroids": [[-3.869113857537741, -5.0197081081569195, 9.0]], "h": 9.0}, "mtl": {"face": 3}}, {"geom": {"polygons": [[[[-8.953714909061091, -1.6944709103554487], [-8.953714909061091, -1.2219996098428965], [-8.77359999952023, -1.0686103720217943], [2.182201553718187, 8.953714909031987], [2.6528445846342947, 8.953714909031987], [8.77359999952023, 1.4403896275907755], [7.797199937922414, 0.5763895716518164], [-2.7348103962431196, -8.953714909031987], [-3.113148212491069, -8.953714909031987], [-4.2681532222777605, -7.445157242938876], [-4.030690586980199, -7.263347465544939], [-4.120529970416101, -7.146007802337408], [-1.8030620741192251, -5.080747419968247], [-3.6546537393005565, -2.963228175416589], [-5.749755621305667, -4.689075242727995], [-5.908555942383828, -4.810658374801278], [-6.592733737255912, -3.9170504231005907], [-6.948021319927648, -4.193221988156438], [-8.953714909061091, -1.6944709103554487]]]], "centroids": [[0.06432825408410281, 0.38686062954366207, 12.0]], "h": 12.0}, "mtl": {"face": 4}}, {"geom": {"polygons": [[[[-5.908555942383828, -4.810658374801278], [-5.749755621305667, -4.689075242727995], [-3.6546537393005565, -2.963228175416589], [-1.8030620741192251, -5.080747419968247], [-4.120529970386997, -7.146007802337408], [-5.908555942383828, -4.810658374801278]]]], "centroids": [[-3.869113857537741, -5.0197081081569195, 12.0]], "h": 12.0}, "mtl": {"face": 4}}, {"geom": {"polygons": [[[[-8.953714909061091, -1.6944709103554487], [-8.953714909061091, -1.2219996098428965], [-8.77359999952023, -1.0686103720217943], [2.182201553718187, 8.953714909031987], [2.6528445846342947, 8.953714909031987], [8.77359999952023, 1.4403896275907755], [7.797199937922414, 0.5763895716518164], [-2.7348103962431196, -8.953714909031987], [-3.113148212491069, -8.953714909031987], [-4.2681532222777605, -7.445157242938876], [-4.030690586980199, -7.263347465544939], [-4.120529970416101, -7.146007802337408], [-1.8030620741192251, -5.080747419968247], [-3.6546537393005565, -2.963228175416589], [-5.749755621305667, -4.689075242727995], [-5.908555942383828, -4.810658374801278], [-6.592733737255912, -3.9170504231005907], [-6.948021319927648, -4.193221988156438], [-8.953714909061091, -1.6944709103554487]]]], "centroids": [[0.06432825408410281, 0.38686062954366207, 15.0]], "h": 15.0}, "mtl": {"face": 5}}, {"geom": {"polygons": [[[[-5.908555942383828, -4.810658374801278], [-5.749755621305667, -4.689075242727995], [-3.6546537393005565, -2.963228175416589], [-1.8030620741192251, -5.080747419968247], [-4.120529970386997, -7.146007802337408], [-5.908555942383828, -4.810658374801278]]]], "centroids": [[-3.869113857537741, -5.0197081081569195, 15.0]], "h": 15.0},