{"type": "block", "layer": 1, "block": 0, "features": [{"geom": {"triangles": {"v": [2.4512999998405576, 8.896389627829194, 3.0, -8.767450000159442, -1.103610372170806, 3.0, 7.795049999840558, 0.8963896278291941, 3.0, 8.779424999840558, 1.896389627829194, 3.0, -2.7362000001594424, -9.103610372170806, 3.0], "f": [0, 1, 2, 0, 2, 3, 1, 4, 2]}, "centroids": [[-0.05468931811628863, 0.15171073004603386, 3.0]]}, "mtl": 0}], "featureCount": 1, "startIndex": 0}