{"type": "block", "layer": 1, "block": 0, "features": [{"geom": {"triangles": {"v": [-14.840079179382883, 4.934954080730677, 3.0, -15.496329179382883, -1.0650459192693233, 3.0, 5.534920820617117, 1.9349540807306767, 3.0, 4.722420820617117, -4.065045919269323, 3.0], "f": [0, 1, 2, 1, 3, 2]}, "centroids": [[-5.051764431322226, 0.7767044082283974, 3.0]]}, "mtl": 0}], "featureCount": 1, "startIndex": 0}