{"type": "block", "layer": 0, "block": 0, "features": [{"geom": {"polygons": [[[[-5.481278691877378, -7.858850808814168], [-0.8361817536351737, 9.613640684634447], [-0.83136770609417, 9.613640684634447], [-0.059327602793928236, 9.450802719220519], [5.481278691848274, 8.035402281209826], [0.798085987160448, -9.613640684634447], [0.7943923838611227, -9.613640684634447], [-5.481278691877378, -7.858850808814168]]]], "centroids": [[-0.0035794394207186997, 0.04812150076031685, 3.0]], "h": 3.0}, "mtl": {"face": 0}}, {"geom": {"polygons": [[[[-9.613640684605343, -4.376218734309077], [-9.613640684605343, 9.571316745132208], [-9.607170115195913, 9.613640684634447], [-4.158068001765059, 9.613640684634447], [-6.433106152515393, -4.930014543235302], [-9.613640684605343, -4.376218734309077]]]], "centroids": [[-7.38832628011005, 3.0902296639978886, 3.0]], "h": 3.0}, "mtl": {"face": 0}}], "featureCount": 2, "startIndex": 0}