{"type": "block", "layer": 0, "block": 0, "features": [{"geom": {"polygons": [[[[-4.7837151429848745, 0.23394757322967052], [-4.7837151429848745, 0.23540790937840939], [3.2465958899701945, 3.513598607853055], [4.7837151429848745, -0.2854261100292206], [4.7837151429848745, -0.2867979481816292], [-3.36644100540434, -3.51359860599041], [-4.7837151429848745, 0.23394757322967052]]]], "centroids": [[-0.01328163139987737, -0.010020283982157707, 3.0]], "h": 3.0}, "mtl": {"face": 0}}], "featureCount": 1, "startIndex": 0}