{"type": "block", "layer": 1, "block": 0, "features": [{"geom": {"triangles": {"v": [-0.7958945583086461, 17.104732125997543, 3.0, -4.952144558308646, -2.8952678740024567, 3.0, 1.079105441691354, -3.8952678740024567, 3.0, 7.500980441691354, 15.104732125997543, 3.0, 3.438480441691354, -4.895267874002457, 3.0], "f": [0, 1, 2, 0, 2, 3, 2, 4, 3]}, "centroids": [[1.2949243179755285, 6.126155860722065, 3.0]]}, "mtl": 0}], "featureCount": 1, "startIndex": 0}