{"type": "block", "layer": 1, "block": 0, "features": [{"geom": {"triangles": {"v": [-8.662026144564152, 4.81807017698884, 3.0, -12.787026144564152, -15.18192982301116, 3.0, -1.2557761445641518, 2.81807017698884, 3.0, 6.181723855435848, -19.18192982301116, 3.0, 10.416098855435848, 0.8180701769888401, 3.0], "f": [0, 1, 2, 2, 1, 3, 2, 3, 4]}, "centroids": [[-1.2154299090907443, -7.1528379786759615, 3.0]]}, "mtl": 0}], "featureCount": 1, "startIndex": 0}