{"type": "block", "layer": 0, "block": 0, "features": [{"geom": {"polygons": [[[[-4.6489669373841025, -3.0978978890925646], [-4.6489669373841025, -2.982935408130288], [-3.2126195440941956, 4.648966938257217], [-0.4932083046005573, 4.648966938257217], [4.16358487479738, 3.708100739866495], [2.525271554244682, -4.648966938257217], [2.5230305577861145, -4.648966938257217], [-4.6489669373841025, -3.0978978890925646]]]], "centroids": [[-0.24172538725542836, 0.23768437467515469, 9.0]], "h": 9.0}, "mtl": {"face": 0}}, {"geom": {"polygons": [[[[-4.087311423994834, -3.2193656489253044], [-2.4975804905116092, 4.648966938257217], [-2.4951853231468704, 4.648966938257217], [4.087311424023937, 3.3190284054726362], [2.525271554244682, -4.648966938257217], [2.5230305577861145, -4.648966938257217], [-4.087311423994834, -3.2193656489253044]]]], "centroids": [[0.012273339525563642, 0.019043615087866783, 3.0]], "h": 3.0}, "mtl": {"face": 1}}, {"geom": {"polygons": [[[[-4.383619077474577, -3.155283970758319], [-2.806835312017938, 4.648966938257217], [-2.495185325591592, 4.648966938257217], [4.087311424023937, 3.3190284054726362], [2.525271554244682, -4.648966938257217], [2.5230305577861145, -4.648966938257217], [-4.383619077474577, -3.155283970758319]]]], "centroids": [[-0.13504327554255724, 0.049383994191884995, 6.0]], "h": 6.0}, "mtl": {"face": 2}}], "featureCount": 3, "startIndex": 0}