{"type": "block", "layer": 1, "block": 0, "features": [{"geom": {"triangles": {"v": [-4.7648901251959614, -2.8818992599844933, 3.0, -4.5305151251959614, -2.8818992599844933, 3.0, -3.3430151251959614, 8.118100740015507, 3.0, 10.406984874804039, 8.118100740015507, 3.0, -3.0617651251959614, 10.118100740015507, 3.0, 20.18823487480404, -8.881899259984493, 3.0, 23.29760987480404, 6.118100740015507, 3.0], "f": [0, 1, 2, 2, 1, 3, 4, 2, 3, 3, 1, 5, 3, 5, 6]}, "centroids": [[9.096491478092503, 1.17003302462399, 3.0]]}, "mtl": 0}], "featureCount": 1, "startIndex": 0}