{"type": "block", "layer": 1, "block": 0, "features": [{"geom": {"triangles": {"v": [-5.523381187289488, -0.7057448327541351, 3.0, 1.2266188127105124, -4.705744832754135, 3.0, 3.3672438127105124, 13.294255167245865, 3.0, 10.164118812710512, 8.294255167245865, 3.0], "f": [0, 1, 2, 2, 1, 3]}, "centroids": [[2.313899137545377, 3.959951361641288, 3.0]]}, "mtl": 0}], "featureCount": 1, "startIndex": 0}