{"type": "block", "layer": 1, "block": 0, "features": [{"geom": {"triangles": {"v": [-12.821232870977838, 7.659848611801863, 3.0, -14.711857870977838, -1.3401513881981373, 3.0, 5.069392129022162, 3.6598486118018627, 3.0, 3.1318921290221624, -5.340151388198137, 3.0], "f": [0, 1, 2, 1, 3, 2]}, "centroids": [[-4.822917745506857, 1.0950764585286379, 3.0]]}, "mtl": 0}], "featureCount": 1, "startIndex": 0}