{"type": "block", "layer": 0, "block": 0, "features": [{"geom": {"polygons": [[[[-4.352240801759763, 1.8842867892235518], [-4.352240801759763, 1.8881357964128256], [-3.8519562314613722, 1.9576450567692518], [3.8883239311689977, 3.0330753214657307], [4.352240801759763, -2.1302502024918795], [4.352240801759763, -2.1351426783949137], [-3.787281349679688, -3.0330753214657307], [-4.352240801759763, 1.8842867892235518]]]], "centroids": [[0.055925488006323576, -0.0514502190053463, 3.0]], "h": 3.0}, "mtl": {"face": 0}}], "featureCount": 1, "startIndex": 0}