{"type": "block", "layer": 0, "block": 0, "features": [{"geom": {"polygons": [[[[-3.622113205201458, -2.8752230145037174], [-2.0825010853877757, 4.1723539382219315], [-2.080853663646849, 4.1723539382219315], [3.622113205230562, 2.6432309970259666], [2.1818069921573624, -4.1723539382219315], [2.1798523623729125, -4.1723539382219315], [-3.622113205201458, -2.8752230145037174]]]], "centroids": [[0.006967951718252152, -0.058574264869093895, 3.0]], "h": 3.0}, "mtl": {"face": 0}}], "featureCount": 1, "startIndex": 0}