{"type": "block", "layer": 1, "block": 0, "features": [{"geom": {"triangles": {"v": [-18.596656189125497, 9.030228784307837, 3.0, -20.596656189125497, 1.0302287843078375, 3.0, -13.268531189125497, -0.9697712156921625, 3.0, 3.622093810874503, 3.0302287843078375, 3.0, 2.184593810874503, -3.9697712156921625, 3.0], "f": [0, 1, 2, 0, 2, 3, 2, 4, 3]}, "centroids": [[-8.562860027246643, 2.0581369046121836, 3.0]]}, "mtl": 0}], "featureCount": 1, "startIndex": 0}