{"type": "block", "layer": 0, "block": 0, "features": [{"geom": {"polygons": [[[[-2.834872291976353, -1.10186648927629], [-2.834872291976353, -1.1003702972084284], [-2.179764582833741, 2.2100177370011806], [2.834872291976353, 1.033508164808154], [2.834872291976353, 1.032172778621316], [2.1104388152598403, -2.2100177370011806], [-2.834872291976353, -1.10186648927629]]]], "centroids": [[-0.022745781199773774, -0.011256929486989975, 3.0]], "h": 3.0}, "mtl": {"face": 0}}, {"geom": {"polygons": [[[[2.1104388157255016, -2.2100177370011806], [2.834872291976353, 1.032172778621316], [2.834872291976353, -2.3723496589809656], [2.1104388157255016, -2.2100177370011806]]]], "centroids": [[2.5933944665594026, -1.1833982057869434, 3.0]], "h": 3.0}, "mtl": {"face": 0}}, {"geom": {"polygons": [[[[-2.834872291976353, -1.10186648927629], [-2.834872291976353, -1.1003702972084284], [-2.179764582833741, 2.2100177370011806], [2.834872291976353, 1.033508164808154], [2.834872291976353, -2.3723496589809656], [-2.834872291976353, -1.10186648927629]]]], "centroids": [[0.15311479000956751, -0.09004989080131054, 6.0]], "h": 6.0}, "mtl": {"face": 1}}], "featureCount": 3, "startIndex": 0}