{"type": "block", "layer": 0, "block": 0, "features": [{"geom": {"polygons": [[[[-3.7367614834511187, -1.1854136250913143], [-3.7367614834511187, -1.1833462435752153], [-3.0272357555513736, 2.592859709635377], [3.7367614834511187, 1.2358256559818983], [3.7367614834511187, 1.2338844649493694], [2.9704470953147393, -2.592859709635377], [-3.7367614834511187, -1.1854136250913143]]]], "centroids": [[-0.00497463540523313, 0.012922894209623337, 3.0]], "h": 3.0}, "mtl": {"face": 0}}], "featureCount": 1, "startIndex": 0}