{"type": "block", "layer": 1, "block": 0, "features": [{"geom": {"triangles": {"v": [-1.573309387487825, 9.991480676457286, 3.0, -3.729559387487825, -1.0085193235427141, 3.0, 5.348565612512175, 8.991480676457286, 3.0, 3.176690612512175, -3.008519323542714, 3.0], "f": [0, 1, 2, 1, 3, 2]}, "centroids": [[0.8007699424342718, 3.8393734395504, 3.0]]}, "mtl": 0}], "featureCount": 1, "startIndex": 0}