{"type": "block", "layer": 1, "block": 0, "features": [{"geom": {"triangles": {"v": [-22.01368636143161, 8.591101761907339, 3.0, -22.07618636143161, -1.408898238092661, 3.0, 3.72068863856839, 4.591101761907339, 3.0, 2.23631363856839, -5.408898238092661, 3.0], "f": [0, 1, 2, 1, 3, 2]}, "centroids": [[-9.469643403863302, 1.5044104270637035, 3.0]]}, "mtl": 0}], "featureCount": 1, "startIndex": 0}