{"type": "block", "layer": 1, "block": 0, "features": [{"geom": {"triangles": {"v": [-3.9432144385646097, 3.9785000011324883, 3.0, -1.7244644385646097, -5.021499998867512, 3.0, 1.6505355614353903, 4.978500001132488, 3.0, 10.74428556143539, 7.978500001132488, 3.0, 18.97866056143539, -0.02149999886751175, 3.0, 15.35366056143539, 8.978500001132488, 3.0], "f": [0, 1, 2, 3, 2, 1, 4, 3, 1, 5, 3, 4]}, "centroids": [[7.316398526076227, 1.6891054026782513, 3.0]]}, "mtl": 0}], "featureCount": 1, "startIndex": 0}