{"type": "block", "layer": 0, "block": 0, "features": [{"geom": {"polygons": [[[[-4.646064256085083, 1.1401932556182146], [-4.646064256085083, 1.1420977655798197], [3.3905155869433656, 3.482468891888857], [4.646064256085083, -1.3111558426171541], [4.646064256085083, -1.3130546491593122], [-3.4319934487866703, -3.4824688900262117], [-4.646064256085083, 1.1401932556182146]]]], "centroids": [[0.013839996390743181, -0.03580291569232941, 3.0]], "h": 3.0}, "mtl": {"face": 0}}, {"geom": {"polygons": [[[[-4.646064256085083, 0.4427150785923004], [-4.646064256085083, 1.1401932556182146], [-3.431993448466528, -3.4824688900262117], [-3.6044059631822165, -3.5287713780999184], [-4.646064256085083, 0.4427150785923004]]]], "centroids": [[-4.080272998166038, -1.3552804812788963, 3.0]], "h": 3.0}, "mtl": {"face": 0}}, {"geom": {"polygons": [[[[-4.646064256085083, 1.1401932556182146], [-4.646064256085083, 1.1420977655798197], [3.390515587059781, 3.482468891888857], [4.646064256085083, -1.3111558426171541], [4.646064256085083, -1.3130546491593122], [-3.4319934487866703, -3.4824688900262117], [-4.646064256085083, 1.1401932556182146]]]], "centroids": [[0.013839996390743181, -0.03580291569232941, 6.0]], "h": 6.0}, "mtl": {"face": 1}}, {"geom": {"polygons": [[[[-4.646064256085083, 0.4427150785923004], [-4.646064256085083, 1.1401932556182146], [-3.4319934486120474, -3.4824688900262117], [-3.6044059633277357, -3.5287713780999184], [-4.646064256085083, 0.4427150785923004]]]], "centroids": [[-4.080272998224245, -1.3552804831415415, 6.0]], "h": 6.0}, "mtl": {"face": 1}}], "featureCount": 4, "startIndex": 0}