{"type": "block", "layer": 0, "block": 0, "features": [{"geom": {"polygons": [[[[-7.714228500146419, -2.7435615602880716], [-7.714228500146419, -2.7395196072757244], [-6.032000000268454, 5.711604556068778], [3.7090000001189765, 3.5996045600622892], [7.714228500146419, 2.7407699897885323], [7.714228500146419, 2.7366397101432085], [6.070326882618247, -5.711604557931423], [-7.714228500146419, -2.7435615602880716]]]], "centroids": [[0.007089813821949065, -0.0037854760885238647, 3.0]], "h": 3.0}, "mtl": {"face": 0}}, {"geom": {"polygons": [[[[-7.714228500146419, -2.7435615602880716], [-7.714228500146419, 1.3578148055821657], [-6.911563232686603, 5.390200816094875], [-6.716075490840012, 5.3479569256305695], [-6.618463200342376, 5.83833622187376], [-6.032000000268454, 5.711604556068778], [3.7090000001189765, 3.5996045600622892], [7.714228500146419, 2.7407699897885323], [7.714228500146419, 2.7366397101432085], [6.070326882618247, -5.711604557931423], [-7.714228500146419, -2.7435615602880716]]]], "centroids": [[-0.28275735169881955, 0.09422146715223789, 6.0]], "h": 6.0}, "mtl": {"face": 1}}, {"geom": {"polygons": [[[[-7.714228500146419, -2.7435615602880716], [-7.714228500146419, 1.3578148055821657], [-6.911563232686603, 5.390200816094875], [-6.716075490840012, 5.3479569256305695], [-6.618463200342376, 5.83833622187376], [-6.032000000268454, 5.711604556068778], [3.7090000001189765, 3.5996045600622892], [7.714228500146419, 2.7407699897885323], [7.714228500146419, 2.7366397101432085], [6.070326882618247, -5.711604557931423], [-7.714228500146419, -2.7435615602880716]]]], "centroids": [[-0.28275735169881955, 0.09422146715223789, 9.0]], "h": 9.0}, "mtl": {"face": 2}}], "featureCount": 3, "startIndex": 0}