{"type": "block", "layer": 1, "block": 0, "features": [{"geom": {"triangles": {"v": [-6.0276249998714775, 5.890604559332132, 3.0, -7.7151249998714775, -3.1093954406678677, 3.0, 3.7067500001285225, 3.8906045593321323, 3.0, 6.0661250001285225, -6.109395440667868, 3.0, 7.7223750001285225, 2.8906045593321323, 3.0], "f": [0, 1, 2, 2, 1, 3, 4, 2, 3]}, "centroids": [[0.007064191828249022, -0.00379033200442791, 3.0]]}, "mtl": 0}], "featureCount": 1, "startIndex": 0}