{"type": "block", "layer": 1, "block": 0, "features": [{"geom": {"triangles": {"v": [2.7699999849428423, 20.43329380080104, 3.0, -5.339375015057158, -1.5667061991989613, 3.0, 5.973124984942842, 7.433293800801039, 3.0, 7.363749984942842, 10.433293800801039, 3.0, 9.613749984942842, 12.433293800801039, 3.0, 13.941874984942842, 16.43329380080104, 3.0, 5.348124984942842, 2.4332938008010387, 3.0, -1.4800000150571577, -2.5667061991989613, 3.0, 2.9731249849428423, -4.566706199198961, 3.0], "f": [0, 1, 2, 0, 2, 3, 0, 3, 4, 0, 4, 5, 1, 6, 2, 6, 1, 7, 7, 8, 6]}, "centroids": [[3.070287576963892, 8.409837510436773, 3.0]]}, "mtl": 0}], "featureCount": 1, "startIndex": 0}