{"type": "block", "layer": 1, "block": 0, "features": [{"geom": {"triangles": {"v": [-21.177015024528373, 8.41875583678484, 3.0, -22.817640024528373, -1.5812441632151604, 3.0, 3.401109975471627, 4.41875583678484, 3.0, 1.901109975471627, -5.58124416321516, 3.0], "f": [0, 1, 2, 1, 3, 2]}, "centroids": [[-9.656353989674244, 1.533834407106042, 3.0]]}, "mtl": 0}], "featureCount": 1, "startIndex": 0}