{"type": "block", "layer": 0, "block": 0, "features": [{"geom": {"polygons": [[[[-5.805395200208295, -1.497045736759901], [-5.643179887556471, -0.6327140033245087], [-5.000288052338874, -0.7500430792570114], [-4.34711753227748, 2.721546659246087], [-4.993179723387584, 2.830681400373578], [-4.787838530231966, 3.924800731241703], [-4.143356578395469, 3.8045325186103582], [-3.7372939214401413, 5.962745955213904], [-3.734337223111652, 5.962745955213904], [-0.5036261281056795, 5.285443412140012], [-0.6167784581484739, 4.901929134503007], [3.654300538590178, 3.974017668515444], [3.758236307039624, 4.371710777282715], [4.162177249148954, 4.285106850787997], [4.079271840950241, 3.8939587604254484], [5.805395200179191, 3.5237638000398874], [3.8440856632660143, -5.962745955213904], [3.841236879117787, -5.962745955213904], [-5.591443562880158, -3.898878499865532], [-5.162083861185238, -1.6099849343299866], [-5.805395200208295, -1.497045736759901]]]], "centroids": [[-0.02212394864181988, -0.07329052314162254, 3.0]], "h": 3.0}, "mtl": {"face": 0}}, {"geom": {"polygons": [[[[-5.805395200208295, -1.497045736759901], [-5.643179887556471, -0.6327140033245087], [-5.000288052338874, -0.7500430792570114], [-4.34711753227748, 2.721546659246087], [-4.993179723387584, 2.830681400373578], [-4.787838530231966, 3.924800731241703], [-4.143356578395469, 3.8045325186103582], [-3.7372939214401413, 5.962745955213904], [-3.734337223111652, 5.962745955213904], [-0.5036261281056795, 5.285443412140012], [-0.6167784581484739, 4.901929134503007], [3.654300538590178, 3.974017668515444], [3.758236307039624, 4.371710777282715], [4.162177249148954, 4.285106850787997], [4.079271840950241, 3.8939587604254484], [5.805395200179191, 3.5237638000398874], [3.8440856632660143, -5.962745955213904], [3.841236879117787, -5.962745955213904], [-5.591443562880158, -3.898878499865532], [-5.162083861185238, -1.6099849343299866], [-5.805395200208295, -1.497045736759901]]]], "centroids": [[-0.02212394864181988, -0.07329052314162254, 6.0]], "h": 6.0}, "mtl": {"face": 1}}], "featureCount": 2, "startIndex": 0}