{"type": "block", "layer": 0, "block": 0, "features": [{"geom": {"polygons": [[[[-5.067061327776173, -3.921730535104871], [-3.6487257393891923, 5.4271877612918615], [-3.644575880083721, 5.4271877612918615], [1.646697319316445, 4.721115337684751], [1.032916458294494, 1.4551975168287754], [5.067061327776173, 1.0094223786145449], [4.1379170230648015, -5.4271877612918615], [4.134521161788143, -5.4271877612918615], [-5.067061327776173, -3.921730535104871]]]], "centroids": [[-0.26404535688925534, -0.41482303850352764, 3.0]], "h": 3.0}, "mtl": {"face": 0}}, {"geom": {"polygons": [[[[-3.644575880083721, 5.4271877612918615], [0.08538286163820885, 5.4271877612918615], [0.008837711793603376, 4.939672848209739], [-3.644575880083721, 5.4271877612918615]]]], "centroids": [[-1.1834517688839696, 5.264682790264487, 3.0]], "h": 3.0}, "mtl": {"face": 0}}, {"geom": {"polygons": [[[[-5.067061327776173, -3.921730535104871], [-3.6487257393891923, 5.4271877612918615], [-3.644575880083721, 5.4271877612918615], [1.646697319316445, 4.721115337684751], [1.032916458294494, 1.4551975168287754], [5.067061327776173, 1.0094223786145449], [4.1379170230648015, -5.4271877612918615], [4.134521161788143, -5.4271877612918615], [-5.067061327776173, -3.921730535104871]]]], "centroids": [[-0.26404535688925534, -0.41482303850352764, 6.0]], "h": 6.0}, "mtl": {"face": 1}}], "featureCount": 3, "startIndex": 0}