{"type": "block", "layer": 0, "block": 0, "features": [{"geom": {"polygons": [[[[-5.112145545921521, -3.42650000192225], [-3.158265767415287, 5.478952050209045], [-3.1559663717343938, 5.478952050209045], [5.112145545892417, 3.399950932711363], [2.3930222610069904, -5.478952050209045], [2.3908513567002956, -5.478952050209045], [-5.112145545921521, -3.42650000192225]]]], "centroids": [[-0.16145776031771675, 0.05809526890516281, 3.0]], "h": 3.0}, "mtl": {"face": 0}}, {"geom": {"polygons": [[[[2.3930222610069904, -5.478952050209045], [5.112145545892417, 3.399950932711363], [5.478952049423242, 3.3097720947116613], [5.478952049423242, -5.478952050209045], [2.3930222610069904, -5.478952050209045]]]], "centroids": [[4.436326318304054, -2.2109182868152857, 3.0]], "h": 3.0}, "mtl": {"face": 0}}], "featureCount": 2, "startIndex": 0}