{"type": "block", "layer": 1, "block": 0, "features": [{"geom": {"triangles": {"v": [5.951125000457978, 5.925055965781212, 3.0, -2.158249999542022, 18.925055965781212, 3.0, -5.955124999542022, -6.074944034218788, 3.0, 7.826125000457978, 16.925055965781212, 3.0, 3.935500000457978, -7.074944034218788, 3.0], "f": [0, 1, 2, 1, 0, 3, 0, 2, 4]}, "centroids": [[0.9087914252886549, 5.866767458617687, 3.0]]}, "mtl": 0}], "featureCount": 1, "startIndex": 0}