{"type": "block", "layer": 0, "block": 0, "features": [{"geom": {"polygons": [[[[-3.867028278153157, -4.844408830627799], [-1.6491505882295314, 5.954995609819889], [-1.6459664691938087, 5.954995609819889], [3.867028278124053, 4.882652249187231], [1.6862916075333487, -5.954995609819889], [1.6831954312510788, -5.954995609819889], [-3.867028278153157, -4.844408830627799]]]], "centroids": [[0.009122786141233519, 0.002275865525007248, 3.0]], "h": 3.0}, "mtl": {"face": 0}}, {"geom": {"polygons": [[[[3.8224776168644894, 0.2648781929165125], [4.658727806585375, 4.72865722887218], [5.954995609150501, 4.476517651230097], [5.954995609150501, -0.16388348303735256], [3.8224776168644894, 0.2648781929165125]]]], "centroids": [[5.0811090182105545, 2.1412313990294933, 3.0]], "h": 3.0}, "mtl": {"face": 0}}, {"geom": {"polygons": [[[[2.5015698779025115, -5.954995609819889], [2.7643766943074297, -4.641602860763669], [5.31383855472086, -5.151744214817882], [5.153109832142945, -5.954995609819889], [2.5015698779025115, -5.954995609819889]]]], "centroids": [[3.828764119942207, -5.415588630363345, 3.0]], "h": 3.0}, "mtl": {"face": 0}}, {"geom": {"polygons": [[[[-3.867028278153157, -4.844408830627799], [-1.6491505882295314, 5.954995609819889], [-1.6459664691938087, 5.954995609819889], [3.867028278124053, 4.882652249187231], [1.6862916075333487, -5.954995609819889], [1.6831954312510788, -5.954995609819889], [-3.867028278153157, -4.844408830627799]]]], "centroids": [[0.009122786141233519, 0.002275865525007248, 6.0]], "h": 6.0}, "mtl": {"face": 1}}], "featureCount": 4, "startIndex": 0}