{"type": "block", "layer": 1, "block": 0, "features": [{"geom": {"triangles": {"v": [-1.6566532781580463, 6.252591168507934, 3.0, -3.8597782781580463, -4.747408831492066, 3.0, 19.765221721841954, -9.747408831492066, 3.0, 21.999596721841954, 1.2525911685079336, 3.0], "f": [0, 1, 2, 0, 2, 3]}, "centroids": [[9.083265570428921, -1.7809303384274244, 3.0]]}, "mtl": 0}], "featureCount": 1, "startIndex": 0}