{"type": "block", "layer": 0, "block": 0, "features": [{"geom": {"polygons": [[[[-2.970246712327935, -1.9091003015637398], [-2.970246712327935, -1.9076385293155909], [-1.9365349807485472, 2.959600992500782], [2.970246712327935, 1.9134623389691114], [2.970246712327935, 1.9119434542953968], [1.9760437667137012, -2.959600994363427], [-2.970246712327935, -1.9091003015637398]]]], "centroids": [[0.008886732161045074, -0.0020285863429307938, 3.0]], "h": 3.0}, "mtl": {"face": 0}}], "featureCount": 1, "startIndex": 0}