{"type": "block", "layer": 1, "block": 0, "features": [{"geom": {"triangles": {"v": [-28.644875026133377, 9.127500027418137, 3.0, -29.582375026133377, 6.127500027418137, 3.0, -25.238625026133377, 5.127500027418137, 3.0, -27.363625026133377, 14.127500027418137, 3.0, -22.238625026133377, 4.127500027418137, 3.0, -7.879250026133377, 7.127500027418137, 3.0, -4.238625026133377, -1.8724999725818634, 3.0, -1.863625026133377, 4.127500027418137, 3.0, 4.245749973866623, 2.1275000274181366, 3.0, 2.870749973866623, -4.872499972581863, 3.0], "f": [0, 1, 2, 3, 0, 2, 3, 2, 4, 3, 4, 5, 5, 4, 6, 5, 6, 7, 7, 6, 8, 6, 9, 8]}, "centroids": [[-12.754316622565966, 4.6178788766264915, 3.0]]}, "mtl": 0}], "featureCount": 1, "startIndex": 0}