{"type": "block", "layer": 1, "block": 0, "features": [{"geom": {"triangles": {"v": [-15.42905513860751, 12.257846660912037, 3.0, -17.46030513860751, 2.257846660912037, 3.0, 4.149069861392491, 7.257846660912037, 3.0, 2.0865698613924906, -1.742153339087963, 3.0], "f": [0, 1, 2, 1, 3, 2]}, "centroids": [[-6.649291342037031, 4.835548209026456, 3.0]]}, "mtl": 0}], "featureCount": 1, "startIndex": 0}