{"type": "block", "layer": 0, "block": 0, "features": [{"geom": {"polygons": [[[[-5.884444830735447, -1.5036695171147585], [-5.884444830735447, -1.4970400482416153], [-5.524559431971284, 2.5248522013425827], [5.884444830735447, 1.5039561185985804], [5.884444830735447, 1.4972672164440155], [5.527762357320171, -2.524852203205228], [-5.884444830735447, -1.5036695171147585]]]], "centroids": [[0.0007923351658973843, -2.257898449897766e-05, 3.0]], "h": 3.0}, "mtl": {"face": 0}}, {"geom": {"polygons": [[[[-5.884444830735447, -5.884444830939174], [-5.884444830735447, -2.493062738329172], [4.126933334133355, -3.3836965411901474], [3.934436079405714, -5.884444830939174], [-5.884444830735447, -5.884444830939174]]]], "centroids": [[-1.1737032500095665, -4.394839866086841, 3.0]], "h": 3.0}, "mtl": {"face": 0}}, {"geom": {"polygons": [[[[-5.884444830735447, -5.884444830939174], [-5.884444830735447, -2.493062738329172], [4.126933334133355, -3.3836965411901474], [3.934436079405714, -5.884444830939174], [-5.884444830735447, -5.884444830939174]]]], "centroids": [[-1.1737032500095665, -4.394839866086841, 6.0]], "h": 6.0}, "mtl": {"face": 1}}, {"geom": {"polygons": [[[[-5.884444830735447, -1.5036695171147585], [-5.884444830735447, -1.4970400482416153], [-5.524559431971284, 2.5248522013425827], [5.884444830735447, 1.5039561185985804], [5.884444830735447, -2.556768726557493], [5.527762357320171, -2.524852203205228], [-5.884444830735447, -1.5036695171147585]]]], "centroids": [[0.0893572946661152, -0.018377909436821938, 6.0]], "h": 6.0}, "mtl": {"face": 1}}], "featureCount": 4, "startIndex": 0}