{"type": "block", "layer": 1, "block": 0, "features": [{"geom": {"triangles": {"v": [-7.102914641669486, -2.3308489732444286, 3.0, -14.556039641669486, 6.669151026755571, 3.0, -16.727914641669486, -2.3308489732444286, 3.0, 7.100210358330514, 2.6691510267555714, 3.0, 5.459585358330514, -5.330848973244429, 3.0, -7.556039641669486, -4.330848973244429, 3.0], "f": [0, 1, 2, 1, 0, 3, 0, 4, 3, 0, 2, 5]}, "centroids": [[-5.293323883146513, 0.614435100927949, 3.0]]}, "mtl": 0}], "featureCount": 1, "startIndex": 0}