{"type": "block", "layer": 0, "block": 0, "features": [{"geom": {"polygons": [[[[-3.3341462021053303, -3.2765667997300625], [-1.5844474092300516, 4.494983656331897], [-1.5825427200470585, 4.494983656331897], [3.3341462021053303, 3.2694256715476513], [1.5589202663395554, -4.494983656331897], [1.55701286328258, -4.494983656331897], [-3.3341462021053303, -3.2765667997300625]]]], "centroids": [[-0.005651657993439585, 0.001615310087800026, 3.0]], "h": 3.0}, "mtl": {"face": 0}}, {"geom": {"polygons": [[[[2.521463580807904, -4.323010103777051], [3.0520523203886114, -2.002343153581023], [4.494983656826662, -2.3106869347393513], [4.494983656826662, -4.494983656331897], [3.2118266491161194, -4.494983656331897], [2.521463580807904, -4.323010103777051]]]], "centroids": [[3.615394840860972, -3.366738051176071, 3.0]], "h": 3.0}, "mtl": {"face": 0}}, {"geom": {"polygons": [[[[-3.3341461978270672, -3.2765667997300625], [-1.5844474092300516, 4.494983656331897], [-1.5825427200470585, 4.494983656331897], [4.207591583923204, 3.0517063941806555], [2.482144181500189, -4.494983656331897], [1.557012859993847, -4.494983656331897], [-3.3341461978270672, -3.2765667997300625]]]], "centroids": [[0.42726897160173394, -0.09821697138249874, 6.0]], "h": 6.0}, "mtl": {"face": 1}}], "featureCount": 3, "startIndex": 0}