{"type": "block", "layer": 1, "block": 0, "features": [{"geom": {"triangles": {"v": [-3.9550008872465696, 16.061863351613283, 3.0, -6.08000088724657, -7.938136648386717, 3.0, 6.02937411275343, 15.061863351613283, 3.0, 3.8731241127534304, -8.938136648386717, 3.0], "f": [0, 1, 2, 1, 3, 2]}, "centroids": [[-0.030284923122962937, 3.2064713910222054, 3.0]]}, "mtl": 0}], "featureCount": 1, "startIndex": 0}