{"type": "block", "layer": 1, "block": 0, "features": [{"geom": {"triangles": {"v": [-2.119553084834479, 17.403477653861046, 3.0, -6.182053084834479, -2.596522346138954, 3.0, 4.630446915165521, -4.596522346138954, 3.0, 8.630446915165521, 14.403477653861046, 3.0, 4.521071915165521, -5.596522346138954, 3.0], "f": [0, 1, 2, 0, 2, 3, 1, 4, 2]}, "centroids": [[1.2148642130487133, 5.961381854489446, 3.0]]}, "mtl": 0}], "featureCount": 1, "startIndex": 0}