{"type": "block", "layer": 0, "block": 0, "features": [{"geom": {"polygons": [[[[-2.9389563408331014, -4.481053365394473], [-0.9417676675948314, 5.2904067020863295], [-0.9391051462735049, 5.2904067020863295], [2.9389563408331014, 4.487133340910077], [0.9137080334476195, -5.2904067020863295], [0.9110815788153559, -5.2904067020863295], [-2.9389563408331014, -4.481053365394473]]]], "centroids": [[-0.005523706611711532, 0.006856905296444893, 3.0]], "h": 3.0}, "mtl": {"face": 0}}, {"geom": {"polygons": [[[[4.35255343557219, 0.758430190384388], [5.0925668296113145, 4.041050175204873], [5.290406702173641, 4.000071067363024], [5.290406702173641, 0.5573800094425678], [4.35255343557219, 0.758430190384388]]]], "centroids": [[4.966319638595451, 1.9739181250333786, 3.0]], "h": 3.0}, "mtl": {"face": 0}}], "featureCount": 2, "startIndex": 0}