{"type": "block", "layer": 0, "block": 0, "features": [{"geom": {"polygons": [[[[4.294095218152506, -4.036617819219828], [4.9382561256643385, -0.09360526502132416], [4.9382561256643385, -4.133179781958461], [4.294095218152506, -4.036617819219828]]]], "centroids": [[4.7235358231991995, -2.754467621445656, 3.0]], "h": 3.0}, "mtl": {"face": 0}}, {"geom": {"polygons": [[[[-4.9382561256643385, -2.6526562105864286], [-4.9382561256643385, -2.6495590955018997], [-3.845949999988079, 4.036617819219828], [1.004311150754802, 3.1888346262276173], [0.5926562511303928, 0.6690287534147501], [4.9382561256643385, -0.09049586206674576], [4.9382561256643385, -0.09360526502132416], [4.294095218152506, -4.036617819219828], [-4.9382561256643385, -2.6526562105864286]]]], "centroids": [[-0.4262878762674518, -0.40548800490796566, 3.0]], "h": 3.0}, "mtl": {"face": 0}}, {"geom": {"polygons": [[[[-4.9382561256643385, -2.6526562105864286], [-4.9382561256643385, -2.6495590955018997], [-3.845949999988079, 4.036617819219828], [1.004311150754802, 3.1888346262276173], [0.5926562511303928, 0.6690287534147501], [4.9382561256643385, -0.09049586206674576], [4.9382561256643385, -0.09360526502132416], [4.294095218152506, -4.036617819219828], [-4.9382561256643385, -2.6526562105864286]]]], "centroids": [[-0.4262878762674518, -0.40548800490796566, 6.0]], "h": 6.0}, "mtl": {"face": 1}}], "featureCount": 3, "startIndex": 0}