{"type": "block", "layer": 0, "block": 0, "features": [{"geom": {"polygons": [[[[-5.619874076364795, -3.848866656422615], [-4.113874076370848, 1.2931333426386118], [-2.66587407636689, 6.35213334299624], [1.311985985172214, 4.778284337371588], [2.2823554864444304, 7.223144495859742], [2.284373554488411, 7.223144495859742], [5.619874076335691, 5.8314465414732695], [5.302010409766808, 4.73413316719234], [4.861125923634972, 3.212133342400193], [1.9364288864599075, -7.223144495859742], [1.9346091134648304, -7.223144495859742], [-5.619874076364795, -3.848866656422615]]]], "centroids": [[0.043475633923662826, 0.20069672353565693, 3.0]], "h": 3.0}, "mtl": {"face": 0}}, {"geom": {"polygons": [[[[-5.698874076362699, -4.2388666570186615], [-5.619874076364795, -3.848866656422615], [-4.113874076370848, 1.2931333426386118], [-2.6658740363200195, 6.352133482694626], [-2.5293390672304668, 6.790308266878128], [1.4996627331129275, 5.251138649880886], [2.2823554864444304, 7.223144495859742], [2.284373554488411, 7.223144495859742], [5.619874075666303, 5.8314465414732695], [5.30201039154781, 4.734133103862405], [4.861125923634972, 3.212133342400193], [1.9364288864599075, -7.223144495859742], [0.6402537952817511, -7.223144495859742], [-2.176142706302926, -5.91346288099885], [-2.086093017132953, -5.584924204275012], [-2.956877591321245, -5.19710155762732], [-3.5528993103362154, -5.187607808038592], [-4.1397814939846285, -5.083198403939605], [-4.7025065444468055, -4.886545058339834], [-5.22667501543765, -4.602679889649153], [-5.698874076362699, -4.2388666570186615]]]], "centroids": [[-0.037889914005063474, 0.12038818001747131, 6.0]], "h": 6.0}, "mtl": {"face": 1}}, {"geom": {"polygons": [[[[-5.698874076333595, -4.2388666570186615], [-5.619874076364795, -3.848866656422615], [-4.113874076370848, 1.2931333426386118], [-2.6658740756101906, 6.352133344858885], [-2.5293390672304668, 6.790308266878128], [1.4996627329965122, 5.251138649880886], [2.2823554864444304, 7.223144495859742], [2.284373554488411, 7.223144495859742], [5.619874076131964, 5.8314465414732695], [5.302010393759701, 4.734133111312985], [4.861125923634972, 3.212133342400193], [1.9364288864599075, -7.223144495859742], [0.6402537965623196, -7.223144495859742], [-2.176142706302926, -5.91346288099885], [-2.086093017132953, -5.584924204275012], [-2.956877591321245, -5.19710155762732], [-3.5528993103071116, -5.187607808038592], [-4.139781493955525, -5.083198403939605], [-4.702506544417702, -4.886545058339834], [-5.226675015408546, -4.602679889649153], [-5.698874076333595, -4.2388666570186615]]]], "centroids": [[-0.037889913975959644, 0.12038817629218102, 9.0]], "h": 9.0}, "mtl": {"face": 2}}, {"geom": {"polygons": [[[[-5.698874076333595, -4.2388666570186615], [-5.619874076364795, -3.848866656422615], [-4.113874076370848, 1.2931333426386118], [-2.6658740783459507, 6.352133335545659], [-2.5293390671140514, 6.790308266878128], [1.4996627330547199, 5.251138649880886], [2.2823554864444304, 7.223144495859742], [2.284373554488411, 7.223144495859742], [5.6198740758991335, 5.8314465414732695], [5.302010401035659, 4.734133135527372], [4.861125923634972, 3.212133342400193], [1.9364288864599075, -7.223144495859742], [0.6402537965623196, -7.223144495859742], [-2.176142706302926, -5.91346288099885], [-2.086093017132953, -5.584924204275012], [-2.956877591321245, -5.19710155762732], [-3.5528993103071116, -5.187607808038592], [-4.139781493955525, -5.083198403939605], [-4.702506544417702, -4.886545058339834], [-5.226675015408546, -4.602679889649153], [-5.698874076333595, -4.2388666570186615]]]], "centroids": [[-0.037889914005063474, 0.12038817815482616, 12.0]], "h": 12.0}, "mtl": {"face": 3}}], "featureCount": 4, "startIndex": 0}