{"type": "block", "layer": 0, "block": 0, "features": [{"geom": {"polygons": [[[[-3.7459947961906437, -0.8437580447643995], [-3.7459947961906437, -0.8396780975162983], [-3.3552739466540515, 3.378955638036132], [3.7459947961906437, 2.7205132003873587], [3.7459947961906437, 2.717141231521964], [3.0616484063793905, -3.378955638036132], [-0.04767414208617993, -3.088695604354143], [0.13163200358394533, -1.2057404592633247], [-3.7459947961906437, -0.8437580447643995]]]], "centroids": [[0.24809534885571338, 0.4101128224283457, 3.0]], "h": 3.0}, "mtl": {"face": 0}}, {"geom": {"polygons": [[[[-3.7459947961906437, -3.745994796976447], [-3.7459947961906437, -2.7484754864126444], [-3.569722624437418, -0.8602133225649595], [0.13163200358394533, -1.2057404592633247], [-0.04767414208617993, -3.088695604354143], [3.7459947961906437, -3.442840425297618], [3.7459947961906437, -3.745994796976447], [-3.7459947961906437, -3.745994796976447]]]], "centroids": [[-1.3404263063857798, -2.554616255685687, 3.0]], "h": 3.0}, "mtl": {"face": 0}}, {"geom": {"polygons": [[[[-3.7459947961906437, -0.8437580447643995], [-3.7459947961906437, -0.8396780975162983], [-3.3552739466540515, 3.378955638036132], [3.7459947961906437, 2.7205132003873587], [3.7459947961906437, 2.717141231521964], [3.0616484063793905, -3.378955638036132], [-0.04767414208617993, -3.088695604354143], [0.13163200358394533, -1.2057404592633247], [-3.7459947961906437, -0.8437580447643995]]]], "centroids": [[0.24809534885571338, 0.4101128224283457, 6.0]], "h": 6.0}, "mtl": {"face": 1}}, {"geom": {"polygons": [[[[-3.7459947961906437, -1.5471134018152952], [-3.7459947961906437, 3.4151839800179005], [3.7459947961906437, 2.7205132003873587], [3.7459947961906437, -2.2828353960067034], [3.5795302823826205, -3.745994796976447], [3.0867695039196406, -3.745994796976447], [3.066765942494385, -3.743887534365058], [-0.6793024644430261, -3.392332123592496], [-0.5321297135669738, -1.8468207456171513], [-3.7459947961906437, -1.5471134018152952]]]], "centroids": [[0.2318243772315327, 0.06962568499147892, 9.0]], "h": 9.0}, "mtl": {"face": 2}}], "featureCount": 4, "startIndex": 0}