{"type": "block", "layer": 0, "block": 0, "features": [{"geom": {"polygons": [[[[-5.2338774428353645, -4.051989320665598], [-3.9068128917424474, 5.705118753015995], [-3.903634884947678, 5.705118753015995], [5.233877442806261, 4.023536758497357], [2.8566619768098462, -5.705118753015995], [2.853731160314055, -5.705118753015995], [-5.2338774428353645, -4.051989320665598]]]], "centroids": [[-0.23188442591344938, 0.08643485233187675, 3.0]], "h": 3.0}, "mtl": {"face": 0}}, {"geom": {"polygons": [[[[-5.312157502543414, -4.627535555511713], [-5.233877442224184, -4.051989318802953], [-3.9068128915096167, 5.705118753015995], [-3.9036348847148474, 5.705118753015995], [5.233877443039091, 4.023536758497357], [2.8566619772464037, -5.705118753015995], [-0.04029495065333322, -5.705118753015995], [-5.312157502543414, -4.627535555511713]]]], "centroids": [[-0.303500801383052, -0.1349975038319826, 6.0]], "h": 6.0}, "mtl": {"face": 1}}, {"geom": {"polygons": [[[[-5.7051187532779295, -4.518149534240365], [-5.7051187532779295, -3.0695655420422554], [-4.511673689092277, 5.705118753015995], [-3.9036348847148474, 5.705118753015995], [5.233877443039091, 4.023536758497357], [2.8566619772464037, -5.705118753015995], [-1.634675408131443, -5.705118753015995], [-5.649533656367566, -4.8844706900417805], [-5.7051187532779295, -4.518149534240365]]]], "centroids": [[-0.6323589051316958, -0.16599070839583874, 9.0]], "h": 9.0}, "mtl": {"face": 2}}, {"geom": {"polygons": [[[[-5.7051187532779295, -4.518149534240365], [-5.7051187532779295, -3.0695655420422554], [-4.511673689092277, 5.705118753015995], [-3.9036348847148474, 5.705118753015995], [5.233877443039091, 4.023536758497357], [2.8566619772464037, -5.705118753015995], [-1.634675408131443, -5.705118753015995], [-5.649533656367566, -4.8844706900417805], [-5.7051187532779295, -4.518149534240365]]]], "centroids": [[-0.6323589051316958, -0.16599070839583874, 12.0]], "h": 12.0}, "mtl": {"face": 3}}], "featureCount": 4, "startIndex": 0}