{"type": "block", "layer": 1, "block": 0, "features": [{"geom": {"triangles": {"v": [-9.261150575766806, 8.132499957457185, 3.0, -11.854900575766806, -3.867500042542815, 3.0, -3.6205255757668056, -5.867500042542815, 3.0, 0.7075994242331944, -6.867500042542815, 3.0, 11.863849424233194, 4.132499957457185, 3.0, 9.285724424233194, -7.867500042542815, 3.0], "f": [0, 1, 2, 0, 2, 3, 0, 3, 4, 3, 5, 4]}, "centroids": [[-0.025703675113618374, -0.07278024032711983, 3.0]]}, "mtl": 0}], "featureCount": 1, "startIndex": 0}