{"type": "block", "layer": 1, "block": 0, "features": [{"geom": {"triangles": {"v": [-5.58907731436193, -7.904679339379072, 3.0, -2.87032731436193, -7.904679339379072, 3.0, -1.71407731436193, 9.095320660620928, 3.0, 5.58279768563807, 8.095320660620928, 3.0, 1.58279768563807, -8.904679339379072, 3.0], "f": [0, 1, 2, 2, 1, 3, 1, 4, 3]}, "centroids": [[-0.023863075824920088, 0.06048155948519707, 3.0]]}, "mtl": 0}], "featureCount": 1, "startIndex": 0}