{"type": "block", "layer": 1, "block": 0, "features": [{"geom": {"triangles": {"v": [-14.316119088412961, 6.733382601290941, 3.0, -15.987994088412961, -0.26661739870905876, 3.0, 2.777630911587039, -4.266617398709059, 3.0, 4.652630911587039, 2.7333826012909412, 3.0], "f": [0, 1, 2, 0, 2, 3]}, "centroids": [[-5.704018649354111, 1.2257177010178566, 3.0]]}, "mtl": 0}], "featureCount": 1, "startIndex": 0}