{"type": "block", "layer": 1, "block": 0, "features": [{"geom": {"triangles": {"v": [-5.564324909588322, 7.232899999246001, 3.0, -10.423699909588322, -4.767100000753999, 3.0, 7.763800090411678, -7.767100000753999, 3.0, 12.263800090411678, 12.232899999246001, 3.0, -2.267449909588322, 15.232899999246001, 3.0, -0.15807490958832204, 21.232899999246, 3.0, 23.373175090411678, 13.232899999246001, 3.0, 32.07630009041168, 47.232899999246, 3.0, 1.638800090411678, 60.232899999246, 3.0, -7.658074909588322, 24.232899999246, 3.0, 27.013800090411678, 8.232899999246001, 3.0, 27.904425090411678, 12.232899999246001, 3.0], "f": [0, 1, 2, 0, 2, 3, 4, 0, 3, 5, 4, 3, 5, 3, 6, 7, 5, 6, 8, 5, 7, 9, 5, 8, 6, 3, 10, 11, 6, 10]}, "centroids": [[9.990585238527274, 27.692511849105358, 3.0]]}, "mtl": 0}], "featureCount": 1, "startIndex": 0}