{"type": "block", "layer": 1, "block": 0, "features": [{"geom": {"triangles": {"v": [7.839500037924154, 4.4490111991763115, 3.0, -0.36362496207584627, 3.4490111991763115, 3.0, -2.3636249620758463, -2.5509888008236885, 3.0, 0.8395000379241537, 6.4490111991763115, 3.0, 10.855125037924154, 1.4490111991763115, 3.0, 12.792625037924154, -1.5509888008236885, 3.0, 12.808250037924154, -6.5509888008236885, 3.0], "f": [0, 1, 2, 3, 1, 0, 4, 0, 2, 4, 2, 5, 5, 2, 6]}, "centroids": [[5.579177779407473, -0.33936062455177307, 3.0]]}, "mtl": 0}], "featureCount": 1, "startIndex": 0}