{"type": "block", "layer": 0, "block": 0, "features": [{"geom": {"polygons": [[[[-5.400255848449888, -3.708934297785163], [-4.511800148844486, 6.321082931011915], [-4.504474923014641, 6.321082931011915], [5.400255848449888, 5.459715100005269], [4.528647442813963, -4.619510147720575], [0.9092278294847347, -4.30651817843318], [0.7094720601453446, -6.321082931011915], [0.70303386732121, -6.321082931011915], [-3.08764145441819, -5.945215506479144], [-2.89377000258537, -3.98999491520226], [-5.400255848449888, -3.708934297785163]]]], "centroids": [[-0.07171764865051955, 0.42891103960573673, 3.0]], "h": 3.0}, "mtl": {"face": 0}}, {"geom": {"polygons": [[[[-5.400255848449888, -3.708934297785163], [-4.6251262913574465, 5.041713388636708], [5.289963281684322, 4.184298735111952], [4.528647442813963, -4.619510147720575], [0.9092278294847347, -4.30651817843318], [0.7094720601453446, -6.321082931011915], [0.70303386732121, -6.321082931011915], [-3.08764145441819, -5.945215506479144], [-2.89377000258537, -3.98999491520226], [-5.400255848449888, -3.708934297785163]]]], "centroids": [[-0.1327130508434493, -0.21492228470742702, 6.0]], "h": 6.0}, "mtl": {"face": 1}}, {"geom": {"polygons": [[[[-5.400255848449888, -3.708934297785163], [-4.600766863033641, 5.3167135659605265], [5.313748418557225, 4.459348576143384], [4.528647442813963, -4.619510147720575], [0.9092278294847347, -4.30651817843318], [0.7094720601453446, -6.321082931011915], [0.70303386732121, -6.321082931011915], [-3.08764145441819, -5.945215506479144], [-2.89377000258537, -3.98999491520226], [-5.400255848449888, -3.708934297785163]]]], "centroids": [[-0.11938421803642996, -0.0762215107679367, 9.0]], "h": 9.0}, "mtl": {"face": 2}}, {"geom": {"polygons": [[[[-5.400255849526729, -3.708934297785163], [-4.600766864110483, 5.3167135659605265], [5.313748418557225, 4.459348576143384], [4.528647442813963, -4.619510147720575], [0.909227828407893, -4.30651817843318], [0.7094720590685029, -6.321082931011915], [0.7030338662443683, -6.321082931011915], [-3.0876414554950316, -5.945215506479144], [-2.893770003662212, -3.98999491520226], [-5.400255849526729, -3.708934297785163]]]], "centroids": [[-0.1193842185602989, -0.07622150890529156, 12.0]], "h": 12.0}, "mtl": {"face": 3}}], "featureCount": 4, "startIndex": 0}