{"type": "block", "layer": 1, "block": 0, "features": [{"geom": {"triangles": {"v": [-4.014764080493478, 9.684502072632313, 3.0, -12.874139080493478, 9.684502072632313, 3.0, -13.499139080493478, -7.315497927367687, 3.0, 5.438360919506522, -8.315497927367687, 3.0, 5.750860919506522, 8.684502072632313, 3.0], "f": [0, 1, 2, 3, 0, 2, 4, 0, 3]}, "centroids": [[-3.8378296326263808, 0.8736753147095442, 3.0]]}, "mtl": 0}], "featureCount": 1, "startIndex": 0}