{"type": "block", "layer": 1, "block": 0, "features": [{"geom": {"triangles": {"v": [-11.405141726485454, 7.510482652112842, 3.0, -10.983266726485454, 1.5104826521128416, 3.0, -0.45201672648545355, 8.510482652112842, 3.0, -3.0926417264854535, -8.489517347887158, 3.0, 3.0948582735145465, -6.489517347887158, 3.0, 2.9386082735145465, 9.510482652112842, 3.0, -0.40514172648545355, -9.489517347887158, 3.0, -10.842641726485454, -6.489517347887158, 3.0], "f": [0, 1, 2, 2, 1, 3, 4, 2, 3, 5, 2, 4, 4, 3, 6, 1, 7, 3]}, "centroids": [[-3.7099956029560417, 0.19439883343875408, 3.0]]}, "mtl": 0}], "featureCount": 1, "startIndex": 0}