{"type": "block", "layer": 1, "block": 0, "features": [{"geom": {"triangles": {"v": [15.045483083464205, 1.4672214072197676, 3.0, -4.517016916535795, 5.467221407219768, 3.0, -6.470141916535795, -3.5327785927802324, 3.0, 12.998608083464205, -7.532778592780232, 3.0], "f": [0, 1, 2, 0, 2, 3]}, "centroids": [[4.26824446048704, -0.9549448601901531, 3.0]]}, "mtl": 0}], "featureCount": 1, "startIndex": 0}