{"type": "block", "layer": 0, "block": 0, "features": [{"geom": {"polygons": [[[[-5.3147285955783445, -2.1085135377943516], [-5.3147285955783445, -2.1057392321527004], [-4.059028324612882, 4.169821744784713], [5.3147285955783445, 2.1773043517023325], [5.3147285955783445, 2.174671396613121], [3.97651526494883, -4.169821742922068], [-5.3147285955783445, -2.1085135377943516]]]], "centroids": [[-0.009642547083785757, 0.018666764721274376, 3.0]], "h": 3.0}, "mtl": {"face": 0}}, {"geom": {"polygons": [[[[-5.3147285955783445, -2.1085135377943516], [-5.3147285955783445, -2.1057392321527004], [-4.059028324612882, 4.169821744784713], [5.3147285955783445, 2.1773043517023325], [5.3147285955783445, 2.174671396613121], [3.97651526494883, -4.169821742922068], [-5.3147285955783445, -2.1085135377943516]]]], "centroids": [[-0.009642547083785757, 0.018666764721274376, 6.0]], "h": 6.0}, "mtl": {"face": 1}}], "featureCount": 2, "startIndex": 0}