{"type": "block", "layer": 1, "block": 0, "features": [{"geom": {"triangles": {"v": [-14.13801146618789, 6.564303256571293, 3.0, -16.24738646618789, -3.435696743428707, 3.0, 5.315113533812109, 2.564303256571293, 3.0, 3.2213635338121094, -7.435696743428707, 3.0], "f": [0, 1, 2, 1, 3, 2]}, "centroids": [[-5.461012753745308, -0.6965254843235016, 3.0]]}, "mtl": 0}], "featureCount": 1, "startIndex": 0}