{"type": "block", "layer": 1, "block": 0, "features": [{"geom": {"triangles": {"v": [-2.35552968387492, 8.376000000163913, 3.0, -5.85552968387492, -7.623999999836087, 3.0, -0.01177968387492001, -8.623999999836087, 3.0, 9.80072031612508, -0.6239999998360872, 3.0, 10.70697031612508, 4.376000000163913, 3.0, 8.30072031612508, -10.623999999836087, 3.0], "f": [0, 1, 2, 0, 2, 3, 0, 3, 4, 2, 5, 3]}, "centroids": [[2.4847713593917433, -1.3695794325321913, 3.0]]}, "mtl": 0}], "featureCount": 1, "startIndex": 0}