{"type": "block", "layer": 1, "block": 0, "features": [{"geom": {"triangles": {"v": [0.20768432665499859, 13.428354535251856, 3.0, -6.276690673345001, 13.428354535251856, 3.0, 1.5045593266549986, 8.428354535251856, 3.0, -4.104815673345001, -2.571645464748144, 3.0, 4.817059326654999, -2.571645464748144, 3.0, 4.223309326654999, 8.428354535251856, 3.0], "f": [0, 1, 2, 2, 1, 3, 2, 3, 4, 5, 2, 4]}, "centroids": [[-0.7841019777115434, 5.090762507170439, 3.0]]}, "mtl": 0}], "featureCount": 1, "startIndex": 0}