{"type": "block", "layer": 1, "block": 0, "features": [{"geom": {"triangles": {"v": [-2.5895800460129976, 5.441320778802037, 3.0, -4.355205046012998, -4.558679221197963, 3.0, 15.379169953987002, 2.4413207788020372, 3.0, 13.629169953987002, -7.558679221197963, 3.0], "f": [0, 1, 2, 1, 3, 2]}, "centroids": [[5.527062502776971, -0.9685057010501623, 3.0]]}, "mtl": 0}], "featureCount": 1, "startIndex": 0}