{"type": "block", "layer": 1, "block": 0, "features": [{"geom": {"triangles": {"v": [3.4364231060026214, 3.6927325408905745, 3.0, -16.06357689399738, 7.6927325408905745, 3.0, -17.76670189399738, -0.30726745910942554, 3.0, 1.5770481060026214, -4.3072674591094255, 3.0], "f": [0, 1, 2, 0, 2, 3]}, "centroids": [[-7.21063061003224, 1.6506400741636753, 3.0]]}, "mtl": 0}], "featureCount": 1, "startIndex": 0}