{"type": "block", "layer": 1, "block": 0, "features": [{"geom": {"triangles": {"v": [-9.451196150301257, 5.1270000003278255, 3.0, -10.857446150301257, -4.8729999996721745, 3.0, 3.470678849698743, -5.8729999996721745, 3.0, 5.189428849698743, 5.1270000003278255, 3.0], "f": [0, 1, 2, 0, 2, 3]}, "centroids": [[-2.731722746946616, 0.023229941725730896, 3.0]]}, "mtl": 0}], "featureCount": 1, "startIndex": 0}