{"type": "block", "layer": 1, "block": 0, "features": [{"geom": {"triangles": {"v": [-5.869382160657551, 18.06749075651169, 3.0, -10.447507160657551, 0.06749075651168823, 3.0, 6.755617839342449, 15.067490756511688, 3.0, 11.036867839342449, 4.067490756511688, 3.0, 13.443117839342449, -5.932509243488312, 3.0, 14.146242839342449, -1.9325092434883118, 3.0], "f": [0, 1, 2, 2, 1, 3, 3, 1, 4, 5, 3, 4]}, "centroids": [[1.5052426364563871, 5.619328856468201, 3.0]]}, "mtl": 0}], "featureCount": 1, "startIndex": 0}