{"type": "block", "layer": 1, "block": 0, "features": [{"geom": {"triangles": {"v": [-5.455683390668128, 5.640229623764753, 3.0, -7.174433390668128, -2.3597703762352467, 3.0, 12.497441609331872, -6.359770376235247, 3.0, 14.419316609331872, 0.6402296237647533, 3.0], "f": [0, 1, 2, 0, 2, 3]}, "centroids": [[3.596498261555098, -0.7230252549052238, 3.0]]}, "mtl": 0}], "featureCount": 1, "startIndex": 0}