{"type": "block", "layer": 1, "block": 0, "features": [{"geom": {"triangles": {"v": [-16.562839681340847, 6.534112434834242, 3.0, -17.703464681340847, -1.4658875651657581, 3.0, 6.171535318659153, 3.534112434834242, 3.0, 5.390285318659153, -4.465887565165758, 3.0], "f": [0, 1, 2, 1, 3, 2]}, "centroids": [[-5.651280837046215, 0.8660230450332165, 3.0]]}, "mtl": 0}], "featureCount": 1, "startIndex": 0}