{"type": "block", "layer": 1, "block": 0, "features": [{"geom": {"triangles": {"v": [-10.766889745020308, -2.2233347557485104, 3.0, -9.548139745020308, -2.2233347557485104, 3.0, -9.438764745020308, 4.77666524425149, 3.0, -8.266889745020308, -3.2233347557485104, 3.0, -1.1887647450203076, 1.7766652442514896, 3.0, 0.3893602549796924, -7.22333475574851, 3.0, 9.092485254979692, -1.2233347557485104, 3.0, 8.154985254979692, -9.22333475574851, 3.0], "f": [0, 1, 2, 2, 1, 3, 2, 3, 4, 4, 3, 5, 4, 5, 6, 5, 7, 6]}, "centroids": [[-0.5433766276401002, -2.4162958431988955, 3.0]]}, "mtl": 0}], "featureCount": 1, "startIndex": 0}