{"type": "block", "layer": 1, "block": 0, "features": [{"geom": {"triangles": {"v": [-3.6011192094301805, 1.6919687613844872, 3.0, 4.5707557905698195, -7.308031238615513, 3.0, 11.16450579056982, 4.691968761384487, 3.0, -1.0229942094301805, -8.308031238615513, 3.0, 13.66450579056982, -4.308031238615513, 3.0], "f": [0, 1, 2, 0, 3, 1, 2, 1, 4]}, "centroids": [[5.0127143742574845, -1.779134003445506, 3.0]]}, "mtl": 0}], "featureCount": 1, "startIndex": 0}