{"type": "block", "layer": 0, "block": 0, "features": [{"geom": {"polygons": [[[[-2.182208196958527, -1.2300980761647224], [-2.182208196958527, -1.2289484068751335], [-1.553964838036336, 1.9573555644601583], [2.182208196958527, 1.2206945568323135], [2.182208196958527, 1.2195940148085356], [1.526570815301966, -1.9573555663228035], [-2.182208196958527, -1.2300980761647224]]]], "centroids": [[-0.00682013516779989, -0.0002696346491575241, 3.0]], "h": 3.0}, "mtl": {"face": 0}}, {"geom": {"polygons": [[[[-2.182208196958527, -1.2300980761647224], [-2.182208196958527, -1.2289484068751335], [-1.553964838036336, 1.9573555644601583], [2.182208196958527, 1.2206945568323135], [2.182208196958527, 1.2195940148085356], [1.526570815301966, -1.9573555663228035], [-2.182208196958527, -1.2300980761647224]]]], "centroids": [[-0.00682013516779989, -0.0002696346491575241, 6.0]], "h": 6.0}, "mtl": {"face": 1}}], "featureCount": 2, "startIndex": 0}