{"type": "block", "layer": 1, "block": 0, "features": [{"geom": {"triangles": {"v": [-3.70762483344879, 7.27440595254302, 3.0, -6.06699983344879, -4.72559404745698, 3.0, 6.05800016655121, 5.27440595254302, 3.0, 3.58925016655121, -6.72559404745698, 3.0], "f": [0, 1, 2, 1, 3, 2]}, "centroids": [[-0.023717460629995912, 0.3418646790087223, 3.0]]}, "mtl": 0}], "featureCount": 1, "startIndex": 0}