{"type": "block", "layer": 1, "block": 0, "features": [{"geom": {"triangles": {"v": [-4.396075516910059, 6.706270897760987, 3.0, -6.661700516910059, -17.293729102239013, 3.0, 3.2914244830899406, -18.293729102239013, 3.0, 5.525799483089941, 5.706270897760987, 3.0], "f": [0, 1, 2, 0, 2, 3]}, "centroids": [[-0.5641274935624097, -5.795540388673544, 3.0]]}, "mtl": 0}], "featureCount": 1, "startIndex": 0}