{"type": "block", "layer": 1, "block": 0, "features": [{"geom": {"triangles": {"v": [-7.39018243845203, 7.061178471893072, 3.0, -8.78080743845203, -2.938821528106928, 3.0, 4.01606756154797, 5.061178471893072, 3.0, 7.76606756154797, -4.938821528106928, 3.0, 9.07856756154797, 4.061178471893072, 3.0], "f": [0, 1, 2, 2, 1, 3, 4, 2, 3]}, "centroids": [[0.10718693264061585, 1.0321542359888554, 3.0]]}, "mtl": 0}], "featureCount": 1, "startIndex": 0}