{"type": "block", "layer": 1, "block": 0, "features": [{"geom": {"triangles": {"v": [-2.9469999999855645, 6.7019999995827675, 3.0, -4.3688749999855645, -5.2980000004172325, 3.0, 3.1311250000144355, -6.2980000004172325, 3.0, 4.3655000000144355, 5.7019999995827675, 3.0], "f": [0, 1, 2, 0, 2, 3]}, "centroids": [[0.03927510432549752, -0.03545335307717323, 3.0]]}, "mtl": 0}], "featureCount": 1, "startIndex": 0}