{"type": "block", "layer": 0, "block": 0, "features": [{"geom": {"polygons": [[[[-2.591935747914249, 4.16481182910502], [2.202940787188709, 4.437457334250212], [2.2107651933911256, 4.437457334250212], [2.5919357478851452, -4.164811825379729], [-2.202940819959622, -4.437457334250212], [-2.2107651932747103, -4.437457334250212], [-2.591935747914249, 4.16481182910502]]]], "centroids": [[-8.731149137020111e-11, 1.862645149230957e-09, 3.0]], "h": 3.0}, "mtl": {"face": 0}}], "featureCount": 1, "startIndex": 0}