{"type": "block", "layer": 1, "block": 0, "features": [{"geom": {"triangles": {"v": [-12.091520024230704, 9.04010584577918, 3.0, -14.075895024230704, 0.04010584577918053, 3.0, 3.4866049757692963, 4.0401058457791805, 3.0, 3.5022299757692963, 3.0401058457791805, 3.0, 1.9241049757692963, -4.9598941542208195, 3.0], "f": [0, 1, 2, 2, 1, 3, 1, 4, 3]}, "centroids": [[-5.179617890913505, 1.8881627470254898, 3.0]]}, "mtl": 0}], "featureCount": 1, "startIndex": 0}