{"type": "block", "layer": 0, "block": 0, "features": [{"geom": {"polygons": [[[[-5.745092572586145, -4.178275514394045], [-5.745092572586145, -4.17184173129499], [-4.854190872400068, 5.67319106310606], [5.745092572586145, 3.8765299040824175], [5.745092572586145, 3.8722768239676952], [4.425332860671915, -5.673191061243415], [-5.745092572586145, -4.178275514394045]]]], "centroids": [[-0.12366475455928594, -0.03677360154688358, 3.0]], "h": 3.0}, "mtl": {"face": 0}}, {"geom": {"polygons": [[[[-5.745092572586145, -4.841436007991433], [-5.745092572586145, -4.17184173129499], [-4.854190872400068, 5.67319106310606], [5.745092572586145, 3.8765299040824175], [5.745092572586145, 3.8722768239676952], [4.425332860671915, -5.673191061243415], [4.414573761081556, -5.745092572644353], [0.03994395991321653, -5.745092572644353], [-5.745092572586145, -4.841436007991433]]]], "centroids": [[-0.19480138513608836, -0.3052574824541807, 6.0]], "h": 6.0}, "mtl": {"face": 1}}], "featureCount": 2, "startIndex": 0}