{"type": "block", "layer": 1, "block": 0, "features": [{"geom": {"triangles": {"v": [-4.639292139327154, 8.546808939427137, 3.0, -5.748667139327154, -4.453191060572863, 3.0, 6.110707860672846, 6.546808939427137, 3.0, 4.423207860672846, -5.453191060572863, 3.0], "f": [0, 1, 2, 1, 3, 2]}, "centroids": [[0.0394188275677152, 1.234728842973709, 3.0]]}, "mtl": 0}], "featureCount": 1, "startIndex": 0}