{"type": "block", "layer": 0, "block": 0, "features": [{"geom": {"polygons": [[[[-1.8511587492539547, -0.3656353894621134], [-1.8511587492539547, -0.3652003686875105], [-0.6946513522707392, 1.7388435918837786], [1.8511587492539547, 0.43371319584548473], [1.8511587492539547, 0.43325715884566307], [0.737613516888814, -1.7388435900211334], [-1.8511587492539547, -0.3656353894621134]]]], "centroids": [[0.012036532018100843, 0.010853849351406097, 3.0]], "h": 3.0}, "mtl": {"face": 0}}], "featureCount": 1, "startIndex": 0}