{"type": "block", "layer": 1, "block": 0, "features": [{"geom": {"triangles": {"v": [-1.5166718345426489, 9.598810892552137, 3.0, -5.938546834542649, 1.5988108925521374, 3.0, 2.030203165457351, -2.4011891074478626, 3.0, 9.030203165457351, 10.598810892552137, 3.0, 0.5770781654573511, 13.598810892552137, 3.0], "f": [0, 1, 2, 0, 2, 3, 4, 0, 3]}, "centroids": [[1.4861257215961814, 5.854573585093021, 3.0]]}, "mtl": 0}], "featureCount": 1, "startIndex": 0}