{"type": "block", "layer": 1, "block": 0, "features": [{"geom": {"triangles": {"v": [-13.648310991673497, 7.5680737644433975, 3.0, -15.507685991673497, -0.4319262355566025, 3.0, 4.2266890083265025, -5.4319262355566025, 3.0, 6.0235640083265025, 2.5680737644433975, 3.0], "f": [0, 1, 2, 0, 2, 3]}, "centroids": [[-4.735399268014589, 1.0643773451447487, 3.0]]}, "mtl": 0}], "featureCount": 1, "startIndex": 0}