{"type": "block", "layer": 0, "block": 0, "features": [{"geom": {"polygons": [[[[-7.121437886060448, -3.2245363295078278], [-7.121437886060448, 0.30980443581938744], [-7.019150101055857, 0.2900000009685755], [-6.816150101076346, 1.2760000005364418], [-7.077150101074949, 1.3410000000149012], [-6.224063521221979, 5.315676763653755], [-5.491150101064704, 5.171000000089407], [0.8579865033098031, 3.8733623642474413], [0.37284065823769197, 1.4099877327680588], [3.110421264602337, 0.8135204967111349], [3.602564498054562, 3.3124250397086143], [7.121437886060448, 2.5932370871305466], [7.121437886060448, 2.58966819755733], [5.506849898927612, -5.171000000089407], [5.355168161564507, -5.928908001631498], [1.7168498989194632, -5.185999998822808], [1.7748498989385553, -4.953999999910593], [-1.973212585260626, -4.1467558946460485], [-2.0391501010744832, -4.395999999716878], [-7.121437886060448, -3.2245363295078278]]]], "centroids": [[-0.4454401678813156, -0.3970002792775631, 9.0]], "h": 9.0}, "mtl": {"face": 0}}, {"geom": {"polygons": [[[[-7.121437886060448, -3.2245363295078278], [-7.121437886060448, 0.30980443581938744], [-7.019150101055857, 0.2900000009685755], [-6.816150101076346, 1.2760000005364418], [-7.077150101074949, 1.3410000000149012], [-6.224063521221979, 5.315676763653755], [-5.491150101064704, 5.171000000089407], [0.8579865033098031, 3.8733623642474413], [0.37284065823769197, 1.4099877327680588], [3.110421264602337, 0.8135204967111349], [3.602564498054562, 3.3124250397086143], [7.121437886060448, 2.5932370871305466], [7.121437886060448, 2.58966819755733], [5.506849898927612, -5.171000000089407], [5.355168161564507, -5.928908001631498], [1.7168498989194632, -5.185999998822808], [1.7748498989385553, -4.953999999910593], [-1.973212585260626, -4.1467558946460485], [-2.0391501010744832, -4.395999999716878], [-7.121437886060448, -3.2245363295078278]]]], "centroids": [[-0.4454401678813156, -0.3970002792775631, 12.0]], "h": 12.0}, "mtl": {"face": 1}}, {"geom": {"polygons": [[[[-1.973212585260626, -4.1467558946460485], [-1.4241532156302128, -1.386333266273141], [-0.028532395255751908, -1.6810310054570436], [-0.32054432126460597, -3.2115493174642324], [2.163225505501032, -3.685434801504016], [2.9051171790633816, -0.11904780566692352], [6.398100133694243, -0.8871223758906126], [5.506849898927612, -5.171000000089407], [5.355168161564507, -5.928908001631498], [1.7168498989194632, -5.185999998822808], [1.7748498989385553, -4.953999999910593], [-1.973212585260626, -4.1467558946460485]]]], "centroids": [[2.8994416191999335, -3.152201598510146, 15.0]], "h": 15.0}, "mtl": {"face": 2}}, {"geom": {"polygons": [[[[-7.121437886060448, -2.4981507435441017], [-7.121437886060448, -2.494651148095727], [-5.491150101064704, 5.171000000089407], [0.8579865033098031, 3.8733623642474413], [0.37284065823769197, 1.4099877327680588], [3.110421264602337, 0.8135204967111349], [3.602564498054562, 3.3124250397086143], [7.121437886060448, 2.5932370871305466], [7.121437886060448, 2.58966819755733], [5.506849898927612, -5.171000000089407], [-7.121437886060448, -2.4981507435441017]]]], "centroids": [[-0.1322898517246358, -0.15515148639678955, 3.0]], "h": 3.0}, "mtl": {"face": 3}}, {"geom": {"polygons": [[[[-7.121437886060448, -3.2245363295078278], [-7.121437886060448, 0.30980443581938744], [-7.019150101055857, 0.2900000009685755], [-6.816150101076346, 1.2760000005364418], [-7.077150101074949, 1.3410000000149012], [-6.224063521251082, 5.315676763653755], [-5.491150101064704, 5.171000000089407], [0.8579865033098031, 3.8733623642474413], [0.37284065823769197, 1.4099877327680588], [3.110421264602337, 0.8135204967111349], [3.602564498054562, 3.3124250397086143], [7.121437886060448, 2.5932370871305466], [7.121437886060448, 2.58966819755733], [5.506849898927612, -5.171000000089407], [5.355168161564507, -5.928908001631498], [1.7168498989194632, -5.185999998822808], [1.7748498989385553, -4.953999999910593], [-1.973212585260626, -4.1467558946460485], [-2.0391501010744832, -4.395999999716878], [-7.121437886060448, -3.2245363295078278]]]], "centroids": [[-0.44544016785221174, -0.3970002755522728, 6.0]], "h": 6.0}, "mtl": {"face": 4}}], "featureCount": 5, "startIndex": 0}