{"type": "block", "layer": 0, "block": 0, "features": [{"geom": {"polygons": [[[[-7.115500000043539, -2.451286468654871], [-2.7218283698603045, 7.248988561332226], [-2.7204386068915483, 7.248988561332226], [4.670499999978347, 2.2007135301828384], [7.1155000000144355, 1.0827135294675827], [3.5876621637435164, -7.248988561332226], [3.5857381509267725, -7.248988561332226], [-7.115500000043539, -2.451286468654871]]]], "centroids": [[0.015157667075982317, -0.3516181819140911, 3.0]], "h": 3.0}, "mtl": {"face": 0}}, {"geom": {"polygons": [[[[-7.115499997365987, -2.451286470517516], [-2.7218283714028075, 7.248988561332226], [-1.6331961739633698, 7.248988561332226], [-0.1294896039471496, 6.316478405147791], [-0.10511847399175167, 6.297636969015002], [-0.07515836029779166, 6.257607085630298], [-0.0600107446371112, 6.209956798702478], [-0.061356892401818186, 6.1599749233573675], [-0.07909063078113832, 6.113225435838103], [-0.08099999715341255, 6.109963528811932], [0.7686521684809122, 5.582620000466704], [0.784246580733452, 5.607754681259394], [0.8188799876952544, 5.643817622214556], [0.8651007341395598, 5.6628870368003845], [0.915070227929391, 5.661140700802207], [0.9494798054511193, 5.646458446979523], [2.844337907823501, 4.470823904499412], [2.8818323761515785, 4.4377432484179735], [2.906380078464281, 4.394187293946743], [2.915261848742375, 4.344979239627719], [2.907489316392457, 4.295587057247758], [2.895021264528623, 4.268122108653188], [2.892782582959626, 4.264261178672314], [3.742434749758104, 3.7369176521897316], [3.758030382276047, 3.762050734832883], [3.7926660081429873, 3.7981114257127047], [3.8389906706288457, 3.816926995292306], [3.8889618932735175, 3.8152308501303196], [3.923266065598, 3.800744002684951], [6.667782271892065, 2.0977111272513866], [6.705276515334845, 2.064632711932063], [6.729822529305238, 2.0210741367191076], [6.738691159669543, 1.971866948530078], [6.730902267358033, 1.9224773421883583], [6.717806382541312, 1.893902389332652], [6.716217328474158, 1.8912153001874685], [7.248988561274018, 1.5605464968830347], [7.248988561274018, 1.3979737404733896], [7.115500002691988, 1.0827135276049376], [3.5876621672068723, -7.248988561332226], [3.585738149471581, -7.248988561332226], [-7.115499997365987, -2.451286470517516]]]], "centroids": [[0.19720266739022918, -0.046668604016304016, 6.0]], "h": 6.0}, "mtl": {"face": 1}}, {"geom": {"polygons": [[[[-7.115499996085418, -2.451286470517516], [-2.7218283776310273, 7.248988561332226], [-1.6331961726828013, 7.248988561332226], [-0.12948960266658105, 6.316478405147791], [-0.10511847271118313, 6.297636969015002], [-0.07515835901722312, 6.257607085630298], [-0.06001074335654266, 6.209956798702478], [-0.061356891121249646, 6.1599749233573675], [-0.07909062950056978, 6.113225435838103], [-0.08099999587284401, 6.109963528811932], [0.7686521697614808, 5.582620000466704], [0.7842465820140205, 5.607754681259394], [0.8188799889758229, 5.643817622214556], [0.8651007354201283, 5.6628870368003845], [0.9150702292099595, 5.661140700802207], [0.9494798067316879, 5.646458446979523], [2.8443379091040697, 4.470823904499412], [2.881832377432147, 4.4377432484179735], [2.9063800797448494, 4.394187293946743], [2.9152618500229437, 4.344979239627719], [2.9074893176730257, 4.295587057247758], [2.8950212658091914, 4.268122108653188], [2.8927825842401944, 4.264261178672314], [3.7424347510386724, 3.7369176521897316], [3.7580303835566156, 3.762050734832883], [3.792666009423556, 3.7981114257127047], [3.8389906719094142, 3.816926995292306], [3.888961894554086, 3.8152308501303196], [3.9232660668785684, 3.800744002684951], [6.667782273172634, 2.0977111272513866], [6.705276516615413, 2.064632711932063], [6.729822530585807, 2.0210741367191076], [6.738691160950111, 1.971866948530078], [6.7309022686386015, 1.9224773421883583], [6.7178063838218804, 1.893902389332652], [6.716217329754727, 1.8912153001874685], [7.248988561274018, 1.5605464987456799], [7.248988561274018, 1.3979737367480993], [7.115500003972556, 1.0827135276049376], [3.587662168487441, -7.248988561332226], [3.5857381507521495, -7.248988561332226], [-7.115499996085418, -2.451286470517516]]]], "centroids": [[0.19720266736112535, -0.04666860215365887, 9.0]], "h": 9.0}, "mtl": {"face": 2}}, {"geom": {"polygons": [[[[-7.115499996667495, -2.4512864723801613], [-2.7218283698603045, 7.248988561332226], [-1.6331961762625724, 7.248988561332226], [-0.12948960324865766, 6.316478403285146], [-0.10511847329325974, 6.297636967152357], [-0.07515835959929973, 6.2576070837676525], [-0.06001074393861927, 6.209956796839833], [-0.061356891703326255, 6.159974921494722], [-0.07909063008264638, 6.113225433975458], [-0.08099999645492062, 6.1099635269492865], [0.7686521691794042, 5.582619998604059], [0.7842465814319439, 5.6077546793967485], [0.8188799883937463, 5.643817620351911], [0.8651007348380517, 5.662887034937739], [0.9150702286278829, 5.661140698939562], [0.9494798061496112, 5.6464584451168776], [2.844337908521993, 4.470823902636766], [2.8818323768500704, 4.437743246555328], [2.9063800791627727, 4.394187292084098], [2.915261849440867, 4.344979237765074], [2.907489317090949, 4.295587055385113], [2.895021265227115, 4.268122106790543], [2.892782583658118, 4.2642611768096685], [3.742434750456596, 3.7369176503270864], [3.758030382974539, 3.7620507329702377], [3.792666008841479, 3.7981114238500595], [3.8389906713273376, 3.816926993429661], [3.8889618939720094, 3.8152308482676744], [3.9232660662964918, 3.8007440008223057], [6.667782272590557, 2.0977111253887415], [6.7052765160333365, 2.064632710069418], [6.72982253000373, 2.0210741348564625], [6.738691160368035, 1.9718669466674328], [6.730902268056525, 1.9224773403257132], [6.717806383239804, 1.893902387470007], [6.71621732917265, 1.8912152983248234], [7.248988561274018, 1.5605464968830347], [7.248988561274018, 1.3979737367480993], [7.11550000339048, 1.0827135257422924], [3.5876621686911676, -7.248988561332226], [3.585738146008225, -7.248988561332226], [-7.115499996667495, -2.4512864723801613]]]], "centroids": [[0.1972026680887211, -0.046668605878949165, 12.0]], "h": 12.0}, "mtl": {"face": 3}}], "featureCount": 4, "startIndex": 0}