{"type": "block", "layer": 1, "block": 0, "features": [{"geom": {"triangles": {"v": [-6.17565419402672, 4.313999999314547, 3.0, -7.36315419402672, -2.6860000006854534, 3.0, 6.16809580597328, -4.686000000685453, 3.0, 7.35559580597328, 2.3139999993145466, 3.0], "f": [0, 1, 2, 0, 2, 3]}, "centroids": [[-0.019524205737980083, -0.026154903694987297, 3.0]]}, "mtl": 0}], "featureCount": 1, "startIndex": 0}