{"type": "block", "layer": 1, "block": 0, "features": [{"geom": {"triangles": {"v": [-6.86882553625037, 6.547097759321332, 3.0, -8.25945053625037, -3.452902240678668, 3.0, 18.02179946374963, 2.547097759321332, 3.0, 16.49054946374963, -7.452902240678668, 3.0], "f": [0, 1, 2, 1, 3, 2]}, "centroids": [[4.852367429237347, -0.7753352485597134, 3.0]]}, "mtl": 0}], "featureCount": 1, "startIndex": 0}