{"type": "block", "layer": 1, "block": 0, "features": [{"geom": {"triangles": {"v": [-9.681364248186583, 4.139600817114115, 3.0, -10.946989248186583, -1.8603991828858852, 3.0, 10.943635751813417, 0.13960081711411476, 3.0, 9.693635751813417, -5.860399182885885, 3.0], "f": [0, 1, 2, 1, 3, 2]}, "centroids": [[0.005451192642794922, -0.9637667667120695, 3.0]]}, "mtl": 0}], "featureCount": 1, "startIndex": 0}