{"type": "block", "layer": 1, "block": 0, "features": [{"geom": {"triangles": {"v": [-4.63289801258361, 4.081206101924181, 3.0, -5.80477301258361, -9.918793898075819, 3.0, 4.25772698741639, -9.918793898075819, 3.0, 5.33585198741639, 5.081206101924181, 3.0], "f": [0, 1, 2, 0, 2, 3]}, "centroids": [[-0.1920732746948488, -2.6015189960598946, 3.0]]}, "mtl": 0}], "featureCount": 1, "startIndex": 0}