{"type": "block", "layer": 0, "block": 0, "features": [{"geom": {"polygons": [[[[-4.472731511224993, -4.521478625014424], [-1.8155609561363235, 6.316797114908695], [-1.813028900854988, 6.316797114908695], [4.472731511254096, 4.646334607154131], [1.955078289640369, -6.316797114908695], [1.952672220999375, -6.316797114908695], [-4.472731511224993, -4.521478625014424]]]], "centroids": [[0.03345610437099822, 0.007431939244270325, 3.0]], "h": 3.0}, "mtl": {"face": 0}}, {"geom": {"polygons": [[[[1.9550782898149919, -6.316797114908695], [4.856348658737261, 6.316797114908695], [6.316797114210203, 6.316797114908695], [6.316797114210203, -6.316797114908695], [1.9550782898149919, -6.316797114908695]]]], "centroids": [[4.740776536840713, -1.0492505300790071, 3.0]], "h": 3.0}, "mtl": {"face": 0}}], "featureCount": 2, "startIndex": 0}