{"type": "block", "layer": 0, "block": 0, "features": [{"geom": {"polygons": [[[[-3.6650461639510468, -4.548616195097566], [-2.0920370258390903, 5.456709541380405], [-2.0884959992254153, 5.456709541380405], [3.665046163921943, 4.547987742349505], [2.1756900036125444, -5.456709541380405], [2.172100888361456, -5.456709541380405], [-3.6650461639510468, -4.548616195097566]]]], "centroids": [[0.018470533017534763, -0.011789089068770409, 3.0]], "h": 3.0}, "mtl": {"face": 0}}, {"geom": {"polygons": [[[[2.1756900035834406, -5.456709541380405], [2.6655903564824257, -2.165821263566613], [5.456709541089367, -2.6000249572098255], [5.456709541089367, -5.456709541380405], [2.1756900035834406, -5.456709541380405]]]], "centroids": [[3.8972268003271893, -3.955265376716852, 3.0]], "h": 3.0}, "mtl": {"face": 0}}, {"geom": {"polygons": [[[[-3.6650461639510468, -4.548616195097566], [-2.0920370258390903, 5.456709541380405], [-2.0884959992254153, 5.456709541380405], [3.665046163921943, 4.547987742349505], [2.1756900036125444, -5.456709541380405], [2.172100888361456, -5.456709541380405], [-3.6650461639510468, -4.548616195097566]]]], "centroids": [[0.018470533017534763, -0.011789089068770409, 6.0]], "h": 6.0}, "mtl": {"face": 1}}], "featureCount": 3, "startIndex": 0}