{"type": "block", "layer": 1, "block": 0, "features": [{"geom": {"triangles": {"v": [-2.0902762287296355, 5.3242552652955055, 3.0, -3.6684012287296355, -4.6757447347044945, 3.0, 22.331598771270365, 1.3242552652955055, 3.0, 20.847223771270365, -8.675744734704494, 3.0], "f": [0, 1, 2, 1, 3, 2]}, "centroids": [[9.345392154238652, -1.4646616652607918, 3.0]]}, "mtl": 0}], "featureCount": 1, "startIndex": 0}