{"type": "block", "layer": 0, "block": 0, "features": [{"geom": {"polygons": [[[[-5.551284467597725, -2.7633026223629713], [0.7723045326420106, 9.02960630133748], [0.7756392667652108, 9.02960630133748], [5.551284467597725, 7.5166603568941355], [-1.6571917326655239, -5.755812495946884], [1.4421840694267303, -6.920996496453881], [0.7664902056567371, -9.02960630133748], [0.7637987156340387, -9.02960630133748], [-1.9980608602636494, -7.991308659315109], [-3.6770718144252896, -4.782953973859549], [-5.551284467597725, -2.7633026223629713]]]], "centroids": [[-0.30260605973307975, 0.8485155291855335, 3.0]], "h": 3.0}, "mtl": {"face": 0}}, {"geom": {"polygons": [[[[-5.551284467190271, -2.7633026223629713], [0.7723045330494642, 9.02960630133748], [0.7761003114574123, 9.02960630133748], [6.411597196420189, 7.492817968130112], [6.296349548327271, 7.280620377510786], [-0.9319992145465221, -6.028442461043596], [1.4421840694267303, -6.920996496453881], [0.7664902056567371, -9.02960630133748], [0.7637987156340387, -9.02960630133748], [-1.9980608602636494, -7.991308659315109], [-3.677071814017836, -4.782953973859549], [-5.551284467190271, -2.7633026223629713]]]], "centroids": [[0.061944073997437954, 0.8892335649579763, 6.0]], "h": 6.0}, "mtl": {"face": 1}}, {"geom": {"polygons": [[[[-5.551284467248479, -2.7633026223629713], [0.7723045329912566, 9.02960630133748], [3.488966374512529, 9.02960630133748], [6.6946720494597685, 8.014024281874299], [6.296349548269063, 7.280620377510786], [-1.9980608618934639, -7.991308659315109], [-3.6770718140760437, -4.782953973859549], [-5.551284467248479, -2.7633026223629713]]]], "centroids": [[0.2206764163565822, 1.7184451334178448, 9.0]], "h": 9.0}, "mtl": {"face": 2}}], "featureCount": 3, "startIndex": 0}