{"type": "block", "layer": 1, "block": 0, "features": [{"geom": {"triangles": {"v": [-5.552086233132286, -2.3054906465113163, 3.0, -3.677086233132286, -4.305490646511316, 3.0, 0.776038766867714, 8.694509353488684, 3.0, 7.260413766867714, -3.3054906465113163, 3.0, 11.244788766867714, 5.694509353488684, 3.0, -1.770836233132286, -8.305490646511316, 3.0, 3.401038766867714, -11.305490646511316, 3.0, -0.661461233132286, -11.305490646511316, 3.0], "f": [0, 1, 2, 2, 1, 3, 2, 3, 4, 1, 5, 3, 3, 5, 6, 5, 7, 6]}, "centroids": [[2.4671705586079042, -0.7665640488266945, 3.0]]}, "mtl": 0}], "featureCount": 1, "startIndex": 0}