{"type": "block", "layer": 1, "block": 0, "features": [{"geom": {"triangles": {"v": [-1.5946538224816322, 9.008174814283848, 3.0, -3.5634038224816322, -2.991825185716152, 3.0, 21.155346177518368, 3.008174814283848, 3.0, 18.967846177518368, -7.991825185716152, 3.0], "f": [0, 1, 2, 1, 3, 2]}, "centroids": [[8.775560983282048, 0.3150602709501982, 3.0]]}, "mtl": 0}], "featureCount": 1, "startIndex": 0}