{"type": "block", "layer": 1, "block": 0, "features": [{"geom": {"triangles": {"v": [-3.1673429051297717, 33.113862965255976, 3.0, -11.229842905129772, -5.886137034744024, 3.0, 9.567032094870228, 9.113862965255976, 3.0, 7.801407094870228, 30.113862965255976, 3.0, 13.801407094870228, 29.113862965255976, 3.0, -9.479842905129772, -5.886137034744024, 3.0, 5.676407094870228, -8.886137034744024, 3.0, 5.629532094870228, -8.886137034744024, 3.0], "f": [0, 1, 2, 3, 0, 2, 3, 2, 4, 1, 5, 2, 2, 5, 6, 5, 7, 6]}, "centroids": [[1.2471404588432051, 11.930924547836185, 3.0]]}, "mtl": 0}], "featureCount": 1, "startIndex": 0}