{"type": "block", "layer": 0, "block": 0, "features": [{"geom": {"polygons": [[[[-5.094714240025496, -2.627039747312665], [-2.3712225526978727, 1.4527088776230812], [-1.6834051689656917, 1.0232374984771013], [1.268328671110794, 5.75056960247457], [1.2695775674656034, 5.75056960247457], [5.094714240025496, 3.278218423947692], [-0.740981745213503, -5.75056960247457], [-0.742154873063555, -5.75056960247457], [-5.094714240025496, -2.627039747312665]]]], "centroids": [[0.03555145984864794, -0.032956404611468315, 3.0]], "h": 3.0}, "mtl": {"face": 0}}, {"geom": {"polygons": [[[[5.020871027576504, 5.75056960247457], [5.750569602038013, 5.75056960247457], [5.750569602038013, 5.293827760964632], [5.020871027576504, 5.75056960247457]]], [[[2.1301044256833848, 5.75056960247457], [3.245577793830307, 5.75056960247457], [2.9285751250572503, 5.2601139806210995], [2.1301044256833848, 5.75056960247457]]]], "centroids": [[5.507336743903579, 5.598322320729494, 3.0], [2.768085781572154, 5.587084393948317, 3.0]], "h": 3.0}, "mtl": {"face": 0}}], "featureCount": 2, "startIndex": 0}