{"type": "block", "layer": 1, "block": 0, "features": [{"geom": {"triangles": {"v": [-9.186385574168526, -1.5027950592339039, 3.0, -9.202010574168526, -1.5027950592339039, 3.0, 3.1261144258314744, -2.502795059233904, 3.0, -7.795760574168526, 9.497204940766096, 3.0, 5.110489425831474, 8.497204940766096, 3.0], "f": [0, 1, 2, 3, 0, 2, 3, 2, 4]}, "centroids": [[-2.2107966723269783, 3.5992922857403755, 3.0]]}, "mtl": 0}], "featureCount": 1, "startIndex": 0}