{"type": "block", "layer": 1, "block": 0, "features": [{"geom": {"triangles": {"v": [-6.306513898132835, 4.416289653629065, 3.0, -7.165888898132835, -1.5837103463709354, 3.0, 25.552861101867165, -1.5837103463709354, 3.0, 24.584111101867165, -8.583710346370935, 3.0], "f": [0, 1, 2, 1, 3, 2]}, "centroids": [[9.403300929290708, -1.8907121606171131, 3.0]]}, "mtl": 0}], "featureCount": 1, "startIndex": 0}