{"type": "block", "layer": 1, "block": 0, "features": [{"geom": {"triangles": {"v": [-59.157868840993615, 22.636487737298012, 3.0, -61.220368840993615, -0.3635122627019882, 3.0, -58.860993840993615, 22.636487737298012, 3.0, 3.764006159006385, 3.636487737298012, 3.0, -54.017243840993615, 36.63648773729801, 3.0, -57.642243840993615, 36.63648773729801, 3.0, 6.342131159006385, 30.636487737298012, 3.0, 2.654631159006385, -7.363512262701988, 3.0], "f": [0, 1, 2, 3, 2, 1, 4, 2, 3, 5, 2, 4, 6, 4, 3, 3, 1, 7]}, "centroids": [[-27.424118480354082, 14.942222466692328, 3.0]]}, "mtl": 0}], "featureCount": 1, "startIndex": 0}