{"type": "block", "layer": 1, "block": 0, "features": [{"geom": {"triangles": {"v": [-1.5052270747255534, 5.053255975246429, 3.0, -3.6927270747255534, -8.94674402475357, 3.0, 8.057272925274447, 3.0532559752464294, 3.0, 6.135397925274447, -10.94674402475357, 3.0], "f": [0, 1, 2, 1, 3, 2]}, "centroids": [[2.2265951563895214, -2.8708061687648296, 3.0]]}, "mtl": 0}], "featureCount": 1, "startIndex": 0}