{"type": "block", "layer": 1, "block": 0, "features": [{"geom": {"triangles": {"v": [-0.45339386782143265, 5.050999999046326, 3.0, -2.0627688678214327, 4.050999999046326, 3.0, -2.2658938678214327, 3.0509999990463257, 3.0, 1.1716061321785673, 5.050999999046326, 3.0, -1.7971438678214327, -1.9490000009536743, 3.0, 4.374731132178567, 6.050999999046326, 3.0, -1.3440188678214327, -4.949000000953674, 3.0, 8.359106132178567, 6.050999999046326, 3.0, 8.890356132178567, -13.949000000953674, 3.0, 11.499731132178567, 7.050999999046326, 3.0, 17.421606132178567, 8.050999999046326, 3.0, 20.749731132178567, 9.050999999046326, 3.0, 31.390356132178567, -19.949000000953674, 3.0, 23.390356132178567, 9.050999999046326, 3.0, 29.437231132178567, 10.050999999046326, 3.0, 17.530981132178567, -25.949000000953674, 3.0, 31.921606132178567, -28.949000000953674, 3.0, 17.437231132178567, -28.949000000953674, 3.0, 9.609106132178567, -26.949000000953674, 3.0, -1.1877688678214327, -7.949000000953674, 3.0, -0.8908938678214327, -9.949000000953674, 3.0, -0.7658938678214327, -10.949000000953674, 3.0, -0.09401886782143265, -15.949000000953674, 3.0, 0.9684811321785673, -16.949000000953674, 3.0, -1.3908938678214327, -6.949000000953674, 3.0, -1.3908938678214327, -7.949000000953674, 3.0], "f": [0, 1, 2, 3, 0, 2, 4, 3, 2, 4, 5, 3, 5, 4, 6, 6, 7, 5, 8, 7, 6, 7, 8, 9, 8, 10, 9, 8, 11, 10, 12, 11, 8, 13, 11, 12, 14, 13, 12, 12, 8, 15, 12, 15, 16, 15, 17, 16, 8, 18, 15, 8, 6, 19, 8, 19, 20, 8, 20, 21, 21, 22, 8, 22, 23, 8, 6, 24, 19, 19, 24, 25]}, "centroids": [[16.64873579784762, -8.810226168483496, 3.0]]}, "mtl": 0}], "featureCount": 1, "startIndex": 0}