{"type": "block", "layer": 0, "block": 0, "features": [{"geom": {"polygons": [[[[-8.937191414268455, -3.734679037705064], [-8.937191414268455, -3.728622628375888], [-8.518914777203463, -0.9484999999403954], [-7.407914777199039, 5.853499999269843], [0.7000852228084113, 4.769500000402331], [8.937191414268455, 3.6686194576323032], [8.937191414268455, 3.662658652290702], [7.481085222796537, -5.853500001132488], [-8.180914777214639, -3.832499999552965], [-8.937191414268455, -3.734679037705064]]]], "centroids": [[0.0008527019526809454, -0.01790229044854641, 3.0]], "h": 3.0}, "mtl": {"face": 0}}, {"geom": {"polygons": [[[[-8.937191414268455, -3.734679037705064], [-8.937191414268455, -3.728622628375888], [-8.518914777203463, -0.9484999999403954], [-7.407914777199039, 5.853499999269843], [0.7000852228084113, 4.769500000402331], [8.937191414268455, 3.6686194576323032], [8.937191414268455, 3.6626598574221134], [8.52055011416087, 0.9403265155851841], [8.937191414268455, 0.873874019831419], [8.937191414268455, -0.2695434484630823], [8.046085222798865, -5.926500000059605], [7.481085222796537, -5.853500001132488], [-8.180914777214639, -3.832499999552965], [-8.937191414268455, -3.734679037705064]]]], "centroids": [[0.19854358359589241, -0.07827328518033028, 6.0]], "h": 6.0}, "mtl": {"face": 1}}], "featureCount": 2, "startIndex": 0}