{"type": "block", "layer": 0, "block": 0, "features": [{"geom": {"polygons": [[[[-3.4027506790298503, -3.8973206393420696], [-0.9438893815677147, 5.042175089940429], [-0.941869781789137, 5.042175089940429], [3.4027506790298503, 3.877378560602665], [0.9493745685613248, -5.042175089940429], [0.9473198126943316, -5.042175089940429], [-3.4027506790298503, -3.8973206393420696]]]], "centroids": [[0.0005619210132863373, -0.004770517349243164, 3.0]], "h": 3.0}, "mtl": {"face": 0}}, {"geom": {"polygons": [[[[3.0417484304925893, -5.042175089940429], [3.3498907183820847, -3.812726706266403], [5.042175090347882, -4.258103230968118], [5.042175090347882, -5.042175089940429], [3.0417484304925893, -5.042175089940429]]]], "centroids": [[4.044948575698072, -4.540768658742309, 3.0]], "h": 3.0}, "mtl": {"face": 0}}], "featureCount": 2, "startIndex": 0}