{"type": "block", "layer": 0, "block": 0, "features": [{"geom": {"polygons": [[[[-4.706871348404093, -4.46716333553195], [-0.2659737975045573, 6.581366194412112], [-0.26424321372178383, 6.581366194412112], [3.7326806952187326, 4.7868597991764545], [4.706871348404093, 4.349475599825382], [0.31263594879419543, -6.581366194412112], [0.31080922263208777, -6.581366194412112], [-4.706871348404093, -4.46716333553195]]]], "centroids": [[0.0072569157055113465, -0.027385463938117027, 3.0]], "h": 3.0}, "mtl": {"face": 0}}, {"geom": {"polygons": [[[[-4.706871348404093, -4.46716333553195], [-0.26597379811573774, 6.581366194412112], [-0.26424321433296427, 6.581366194412112], [3.7326806951896288, 4.7868597991764545], [4.706871348404093, 4.349475599825382], [0.31263594879419543, -6.581366194412112], [0.31080922263208777, -6.581366194412112], [-4.706871348404093, -4.46716333553195]]]], "centroids": [[0.007256915618199855, -0.027385463938117027, 6.0]], "h": 6.0}, "mtl": {"face": 1}}], "featureCount": 2, "startIndex": 0}