{"type": "block", "layer": 1, "block": 0, "features": [{"geom": {"triangles": {"v": [-7.185253651201492, 9.197975602000952, 3.0, -10.857128651201492, 0.19797560200095177, 3.0, 4.705371348798508, 4.197975602000952, 3.0, -9.888378651201492, -1.8020243979990482, 3.0, 0.3147463487985078, -6.802024397999048, 3.0, -9.825878651201492, -2.8020243979990482, 3.0], "f": [0, 1, 2, 1, 3, 2, 2, 3, 4, 3, 5, 4]}, "centroids": [[-3.3840590904292185, 1.533489190042019, 3.0]]}, "mtl": 0}], "featureCount": 1, "startIndex": 0}