{"type": "block", "layer": 1, "block": 0, "features": [{"geom": {"triangles": {"v": [-2.6524000000208616, 7.096284938976169, 3.0, -10.043025000020862, -12.903715061023831, 3.0, -1.5742750000208616, -13.903715061023831, 3.0, 5.019474999979138, 5.096284938976169, 3.0, -7.746150000020862, -13.903715061023831, 3.0], "f": [0, 1, 2, 0, 2, 3, 2, 1, 4]}, "centroids": [[-2.463855564565165, -3.939947849139571, 3.0]]}, "mtl": 0}], "featureCount": 1, "startIndex": 0}