{"type": "block", "layer": 1, "block": 0, "features": [{"geom": {"triangles": {"v": [-3.696732818556484, -3.2600511461496353, 3.0, -6.259232818556484, -15.260051146149635, 3.0, 4.443892181443516, -17.260051146149635, 3.0, 8.568892181443516, 1.7399488538503647, 3.0, -1.0717328185564838, 3.7399488538503647, 3.0, -2.446732818556484, 2.7399488538503647, 3.0], "f": [0, 1, 2, 0, 2, 3, 3, 4, 0, 4, 5, 0]}, "centroids": [[1.159297425620025, -6.613052673637867, 3.0]]}, "mtl": 0}], "featureCount": 1, "startIndex": 0}