{"type": "block", "layer": 0, "block": 0, "features": [{"geom": {"polygons": [[[[-5.756770911219064, -3.702329371124506], [-5.756770911219064, -3.69808834977448], [-4.644523904833477, 4.346495812758803], [0.6711142855056096, 3.6115538273006678], [0.7883829336205963, 4.658797472715378], [0.8471359897521324, 4.8788791708648205], [0.9955433028808329, 5.043010920286179], [1.2442269218736328, 5.137930538505316], [1.4929105408664327, 5.143252484500408], [5.756770911219064, 4.481794897466898], [5.756770911219064, 4.477484170347452], [4.4446533541195095, -5.143252484500408], [2.464653354138136, -4.8002524841576815], [-5.756770911219064, -3.702329371124506]]]], "centroids": [[0.1821466492547188, 0.004385722801089287, 3.0]], "h": 3.0}, "mtl": {"face": 0}}, {"geom": {"polygons": [[[[-5.756770911219064, -4.3019723910838366], [-5.756770911219064, -3.69808834977448], [-4.644523904833477, 4.346495812758803], [0.6711142855056096, 3.6115538273006678], [0.7883829336205963, 4.658797472715378], [0.8471359897521324, 4.8788791708648205], [0.9955433028808329, 5.043010920286179], [1.2442269218736328, 5.137930538505316], [1.4929105408664327, 5.143252484500408], [5.756770911219064, 4.481794897466898], [5.756770911219064, 4.477484170347452], [4.4446533541195095, -5.143252484500408], [3.9260952913027722, -5.756770910695195], [3.5592030229163356, -5.756770910695195], [0.4320337605604436, -5.323741724714637], [0.4673537443159148, -5.0095762107521296], [-1.2153842015541159, -4.778712525963783], [-1.258051607030211, -5.089710168540478], [-5.334346645860933, -4.525252483785152], [-5.598768949828809, -4.488206462934613], [-5.756770911219064, -4.3019723910838366]]]], "centroids": [[0.11032350786263123, -0.3429970107972622, 6.0]], "h": 6.0}, "mtl": {"face": 1}}, {"geom": {"polygons": [[[[-5.756770911219064, -4.396397640928626], [-5.756770911219064, -3.69808834977448], [-4.644523904833477, 4.346495812758803], [-1.0551404455618467, 3.8502264078706503], [-2.273609073687112, -4.949082659557462], [-2.2828161096549593, -5.013652807101607], [-5.64048109628493, -4.534884473308921], [-5.756770911219064, -4.396397640928626]]]], "centroids": [[-3.458200285647763, -0.3231183644384146, 9.0]], "h": 9.0}, "mtl": {"face": 2}}], "featureCount": 3, "startIndex": 0}