{"type": "block", "layer": 1, "block": 0, "features": [{"geom": {"triangles": {"v": [-4.07197164586978, 8.517747515812516, 3.0, -5.75947164586978, -3.482252484187484, 3.0, 2.4592783541302197, -4.482252484187484, 3.0, 6.08427835413022, 6.517747515812516, 3.0, 4.44365335413022, -5.482252484187484, 3.0], "f": [0, 1, 2, 0, 2, 3, 2, 4, 3]}, "centroids": [[0.16440551131381653, 1.6329619120806456, 3.0]]}, "mtl": 0}], "featureCount": 1, "startIndex": 0}