{"type": "block", "layer": 1, "block": 0, "features": [{"geom": {"triangles": {"v": [-3.1465125958784483, 4.354588881134987, 3.0, -4.959012595878448, -2.645411118865013, 3.0, 14.915987404121552, -7.645411118865013, 3.0, 16.63473740412155, 0.3545888811349869, 3.0], "f": [0, 1, 2, 0, 2, 3]}, "centroids": [[5.843298311374383, -1.2249332014471292, 3.0]]}, "mtl": 0}], "featureCount": 1, "startIndex": 0}