{"type": "block", "layer": 0, "block": 0, "features": [{"geom": {"polygons": [[[[-5.977107712795259, -12.237198270857334], [-2.07010771278874, 6.621801730245352], [-0.8151077127840836, 12.209801729768515], [-0.4129652958945371, 13.89841878041625], [-0.4064462805981748, 13.89841878041625], [5.977107712795259, 12.464512508362532], [0.18636221322230995, -13.89841878041625], [0.18090435102931224, -13.89841878041625], [-5.977107712795259, -12.237198270857334]]]], "centroids": [[-0.061409253656165674, 0.13950569741427898, 3.0]], "h": 3.0}, "mtl": {"face": 0}}, {"geom": {"polygons": [[[[0.18636221322230995, -13.89841878041625], [5.977107712795259, 12.464512508362532], [6.325226436572848, 13.89841878041625], [13.898418779863277, 13.89841878041625], [13.898418779863277, 8.812287919223309], [7.980161213403335, -13.89841878041625], [0.18636221322230995, -13.89841878041625]]]], "centroids": [[7.395722813642351, 0.13891729712486267, 3.0]], "h": 3.0}, "mtl": {"face": 0}}, {"geom": {"polygons": [[[[-13.898418779863277, -10.024306846782565], [-13.898418779863277, -3.520577786490321], [-12.082107712776633, 4.936801729723811], [-10.13913379557198, 13.89841878041625], [-0.4129652958945371, 13.89841878041625], [-0.8151077127840836, 12.209801729768515], [-2.07010771278874, 6.621801730245352], [-5.977107712795259, -12.237198270857334], [-13.898418779863277, -10.024306846782565]]]], "centroids": [[-7.774706520984182, 1.6075382214039564, 3.0]], "h": 3.0}, "mtl": {"face": 0}}], "featureCount": 3, "startIndex": 0}