{"type": "block", "layer": 1, "block": 0, "features": [{"geom": {"triangles": {"v": [-12.080232712789439, 4.630801729857922, 3.0, -15.220857712789439, -9.369198270142078, 3.0, -5.970857712789439, -12.369198270142078, 3.0, 7.466642287210561, -15.369198270142078, 3.0, 8.013517287210561, 20.63080172985792, 3.0, 16.60726728721056, 19.63080172985792, 3.0, 8.107267287210561, 21.63080172985792, 3.0, 1.4353922872105613, 21.63080172985792, 3.0, -8.267732712789439, 22.63080172985792, 3.0, -7.892732712789439, 24.63080172985792, 3.0], "f": [0, 1, 2, 0, 2, 3, 3, 4, 0, 5, 4, 3, 6, 4, 5, 7, 0, 4, 8, 0, 7, 9, 8, 7]}, "centroids": [[0.37635278337984346, 4.5376391019672155, 3.0]]}, "mtl": 0}], "featureCount": 1, "startIndex": 0}