{"type": "block", "layer": 0, "block": 0, "features": [{"geom": {"polygons": [[[[-3.1892383693775628, -3.366821464151144], [-1.4423444207932334, 4.396761994808912], [-1.4403521558560897, 4.396761994808912], [3.189238369697705, 3.3215494211763144], [1.4946443396329414, -4.396761994808912], [1.4925489662855398, -4.396761994808912], [-3.1892383693775628, -3.366821464151144]]]], "centroids": [[0.009111602354096249, -0.016272185370326042, 6.0]], "h": 6.0}, "mtl": {"face": 0}}, {"geom": {"polygons": [[[[-3.189238369668601, -3.366821464151144], [-1.4423444210842717, 4.396761994808912], [-1.440352156147128, 4.396761994808912], [3.189238369697705, 3.3215494211763144], [1.4946443373628426, -4.396761994808912], [1.492548964015441, -4.396761994808912], [-3.189238369668601, -3.366821464151144]]]], "centroids": [[0.00911160174291581, -0.016272185370326042, 3.0]], "h": 3.0}, "mtl": {"face": 1}}], "featureCount": 2, "startIndex": 0}