{"type": "block", "layer": 1, "block": 0, "features": [{"geom": {"triangles": {"v": [-6.5658420157269575, 5.642821431159973, 3.0, -7.8002170157269575, -2.357178568840027, 3.0, 7.7935329842730425, 2.642821431159973, 3.0, 6.2310329842730425, -5.357178568840027, 3.0], "f": [0, 1, 2, 1, 3, 2]}, "centroids": [[-0.09525740702520125, -0.02945244312286377, 3.0]]}, "mtl": 0}], "featureCount": 1, "startIndex": 0}