{"type": "block", "layer": 0, "block": 0, "features": [{"geom": {"polygons": [[[[-3.245481581252534, -2.5929802749305964], [-1.8655619593628217, 3.6166580244898796], [-1.863526147644734, 3.6166580244898796], [3.245481581252534, 2.671632008627057], [2.023266591480933, -3.6166580244898796], [2.0213353376020677, -3.6166580244898796], [-3.245481581252534, -2.5929802749305964]]]], "centroids": [[0.03917371583520435, 0.00224204920232296, 3.0]], "h": 3.0}, "mtl": {"face": 0}}], "featureCount": 1, "startIndex": 0}