{"type": "block", "layer": 1, "block": 0, "features": [{"geom": {"triangles": {"v": [-1.8646065812499728, 3.8290197253227234, 3.0, -3.239606581249973, -2.1709802746772766, 3.0, 21.619768418750027, -1.1709802746772766, 3.0, 22.057268418750027, -7.170980274677277, 3.0, 23.416643418750027, -1.1709802746772766, 3.0], "f": [0, 1, 2, 2, 1, 3, 2, 3, 4]}, "centroids": [[10.164268705848372, -1.902686258777976, 3.0]]}, "mtl": 0}], "featureCount": 1, "startIndex": 0}