{"type": "block", "layer": 0, "block": 0, "features": [{"geom": {"polygons": [[[[-4.95131424209103, -4.951314242556691], [-4.95131424209103, -1.3584746196866035], [3.929684246366378, -3.2861526757478714], [3.5682501783012412, -4.951314242556691], [-4.95131424209103, -4.951314242556691]]]], "centroids": [[-1.1169617028790526, -3.5672355834394693, 3.0]], "h": 3.0}, "mtl": {"face": 0}}, {"geom": {"polygons": [[[[-4.95131424209103, -1.3584746196866035], [-4.95131424209103, -1.3560567684471607], [-3.956351877335692, 3.2861526738852262], [4.95131424209103, 1.4229800384491682], [4.95131424209103, 1.420595120638609], [3.929684246366378, -3.2861526757478714], [-4.95131424209103, -1.3584746196866035]]]], "centroids": [[0.004084400774445385, 0.01439494639635086, 3.0]], "h": 3.0}, "mtl": {"face": 0}}], "featureCount": 2, "startIndex": 0}