{"type": "block", "layer": 1, "block": 0, "features": [{"geom": {"triangles": {"v": [-3.963351877348032, 3.408152673393488, 3.0, -8.150851877348032, -16.591847326606512, 3.0, 0.6928981226519682, -18.591847326606512, 3.0, 4.958523122651968, 1.408152673393488, 3.0], "f": [0, 1, 2, 0, 2, 3]}, "centroids": [[-1.6118923545873258, -7.430464688688517, 3.0]]}, "mtl": 0}], "featureCount": 1, "startIndex": 0}