{"type": "block", "layer": 0, "block": 0, "features": [{"geom": {"polygons": [[[[-5.362508715537842, -2.07808406278491], [-5.362508715537842, -2.074258264154196], [-4.554500762489624, 3.567808449268341], [5.362508715537842, 2.0570511762052774], [5.362508715537842, 2.053449036553502], [4.506166322767967, -3.567808447405696], [-5.362508715537842, -2.07808406278491]]]], "centroids": [[-0.013691621570615098, -0.002572733908891678, 3.0]], "h": 3.0}, "mtl": {"face": 0}}, {"geom": {"polygons": [[[[-4.5545007624605205, 3.567808449268341], [-4.297479326400207, 5.362508716061711], [-0.5891819259268232, 5.362508716061711], [-0.9431646912125871, 3.017657494172454], [-4.5545007624605205, 3.567808449268341]]]], "centroids": [[-2.5147350401384756, 4.322249408811331, 3.0]], "h": 3.0}, "mtl": {"face": 0}}, {"geom": {"polygons": [[[[2.1208971768501215, 2.550878293812275], [2.501103607210098, 5.362508716061711], [5.362508715537842, 5.362508716061711], [5.362508715537842, 2.0570512544363737], [2.1208971768501215, 2.550878293812275]]]], "centroids": [[3.8729391591623425, 3.795988230034709, 3.0]], "h": 3.0}, "mtl": {"face": 0}}, {"geom": {"polygons": [[[[-5.362508715537842, -2.07808406278491], [-5.362508715537842, -2.0742582622915506], [-4.554500762693351, 3.567808449268341], [5.362508715537842, 2.0570511762052774], [5.362508715537842, 2.053449036553502], [4.506166323844809, -3.56780843809247], [-5.362508715537842, -2.07808406278491]]]], "centroids": [[-0.013691622734768316, -0.0025727320462465286, 6.0]], "h": 6.0}, "mtl": {"face": 1}}], "featureCount": 4, "startIndex": 0}