{"type": "block", "layer": 1, "block": 0, "features": [{"geom": {"triangles": {"v": [8.265738296351628, 21.26453885808587, 3.0, -1.8123867036483716, 22.26453885808587, 3.0, -5.359261703648372, -1.7354611419141293, 3.0, 4.500113296351628, -3.7354611419141293, 3.0], "f": [0, 1, 2, 0, 2, 3]}, "centroids": [[1.4056974756822456, 9.589120237156749, 3.0]]}, "mtl": 0}], "featureCount": 1, "startIndex": 0}