{"type": "block", "layer": 1, "block": 0, "features": [{"geom": {"triangles": {"v": [-6.40351002200623, -16.906970132142305, 3.0, -6.12226002200623, -16.906970132142305, 3.0, -2.7472600220062304, 3.0930298678576946, 3.0, 0.9714899779937696, -18.906970132142305, 3.0, 12.54961497799377, 0.09302986785769463, 3.0, 5.89336497799377, -19.906970132142305, 3.0, 8.34648997799377, -19.906970132142305, 3.0], "f": [0, 1, 2, 2, 1, 3, 4, 2, 3, 4, 3, 5, 5, 6, 4]}, "centroids": [[2.928340822138125, -8.348277973011136, 3.0]]}, "mtl": 0}], "featureCount": 1, "startIndex": 0}