{"type": "block", "layer": 0, "block": 0, "features": [{"geom": {"polygons": [[[[-5.486918328533648, -2.8146215826272964], [-5.486918328533648, -2.8119161520153284], [-3.9312827030953486, 4.568820985034108], [5.486918328533648, 2.677196905016899], [5.486918328533648, 2.6744831539690495], [3.9602494125720114, -4.568820985034108], [-5.486918328533648, -2.8146215826272964]]]], "centroids": [[-0.007528249174356461, -0.031503889709711075, 3.0]], "h": 3.0}, "mtl": {"face": 0}}], "featureCount": 1, "startIndex": 0}