{"type": "block", "layer": 1, "block": 0, "features": [{"geom": {"triangles": {"v": [-10.448880159587134, 6.033772943541408, 3.0, -12.105130159587134, -1.9662270564585924, 3.0, 9.660494840412866, 2.0337729435414076, 3.0, 11.879244840412866, -5.966227056458592, 3.0], "f": [0, 1, 2, 2, 1, 3]}, "centroids": [[-0.3225429935264401, -0.08172222599387169, 3.0]]}, "mtl": 0}], "featureCount": 1, "startIndex": 0}