{"type": "block", "layer": 0, "block": 0, "features": [{"geom": {"polygons": [[[[-7.241464251594152, -3.5672279484570026], [-7.241464251594152, -3.563684679567814], [-5.148188469960587, 6.227927679196], [7.241464251594152, 3.5539338439702988], [7.241464251594152, 3.5504073668271303], [5.140192159393337, -6.227927679196], [-7.241464251594152, -3.5672279484570026]]]], "centroids": [[-0.003019260009750724, -0.0023897457867860794, 3.0]], "h": 3.0}, "mtl": {"face": 0}}, {"geom": {"polygons": [[[[5.140192159393337, -6.227927679196], [5.560381154646166, -4.272565118968487], [7.241464251594152, -4.633814040571451], [7.241464251594152, -6.679470986127853], [5.140192159393337, -6.227927679196]]]], "centroids": [[6.291985470073996, -5.490484518930316, 3.0]], "h": 3.0}, "mtl": {"face": 0}}], "featureCount": 2, "startIndex": 0}