{"type": "block", "layer": 1, "block": 0, "features": [{"geom": {"triangles": {"v": [-4.871246003021952, 3.657192587852478, 3.0, -10.480621003021952, 12.657192587852478, 3.0, -13.168121003021952, -1.342807412147522, 3.0, -5.871246003021952, 11.657192587852478, 3.0, -3.5431210030219518, 10.657192587852478, 3.0, 8.410003996978048, -6.342807412147522, 3.0, 9.847503996978048, 0.657192587852478, 3.0], "f": [0, 1, 2, 3, 1, 0, 3, 0, 4, 0, 2, 5, 0, 5, 6]}, "centroids": [[-3.15998207393568, 1.8401617240160704, 3.0]]}, "mtl": 0}], "featureCount": 1, "startIndex": 0}