{"type": "block", "layer": 0, "block": 0, "features": [{"geom": {"polygons": [[[[-7.797542040760163, -1.7222670167684555], [-7.797542040760163, -1.7166547700762749], [-7.129424494924024, 3.033198831602931], [7.797542040760163, 1.8891942240297794], [7.797542040760163, 1.8827648721635342], [7.195678127784049, -3.033198833465576], [-7.797542040760163, -1.7222670167684555]]]], "centroids": [[0.05742117096087895, 0.03600463829934597, 3.0]], "h": 3.0}, "mtl": {"face": 0}}, {"geom": {"polygons": [[[[-6.874372329417383, 4.8464433047920465], [-6.459268831444206, 7.797542041167617], [-1.8288895008445252, 7.797542041167617], [-2.598619264928857, 3.83384707570076], [-6.874372329417383, 4.8464433047920465]]]], "centroids": [[-4.3274660340102855, 6.067734818905592, 3.0]], "h": 3.0}, "mtl": {"face": 0}}, {"geom": {"polygons": [[[[-7.797542040760163, -1.7222670167684555], [-7.797542040760163, -1.7166547700762749], [-7.129424494924024, 3.033198831602931], [7.797542040760163, 1.8891942240297794], [7.797542040760163, 1.8827648721635342], [7.195678127784049, -3.033198833465576], [-7.797542040760163, -1.7222670167684555]]]], "centroids": [[0.05742117096087895, 0.03600463829934597, 6.0]], "h": 6.0}, "mtl": {"face": 1}}], "featureCount": 3, "startIndex": 0}