{"type": "block", "layer": 1, "block": 0, "features": [{"geom": {"triangles": {"v": [-5.455946872214554, 14.556801166385412, 3.0, -7.799696872214554, -1.4431988336145878, 3.0, -5.096571872214554, 14.556801166385412, 3.0, 3.669053127785446, 14.556801166385412, 3.0, -2.971571872214554, 15.556801166385412, 3.0, 7.200303127785446, -3.443198833614588, 3.0, 9.497178127785446, 15.556801166385412, 3.0, 4.137803127785446, 16.556801166385412, 3.0], "f": [0, 1, 2, 2, 1, 3, 4, 2, 3, 3, 1, 5, 3, 5, 6, 7, 3, 6, 7, 6, 6]}, "centroids": [[1.0141967303061392, 6.4259350802749395, 3.0]]}, "mtl": 0}], "featureCount": 1, "startIndex": 0}