{"type": "block", "layer": 1, "block": 0, "features": [{"geom": {"triangles": {"v": [-14.842983655631542, 8.067819558084011, 3.0, -16.717983655631542, -0.9321804419159889, 3.0, 3.282016344368458, 4.067819558084011, 3.0, 1.3601413443684578, -4.932180441915989, 3.0], "f": [0, 1, 2, 1, 3, 2]}, "centroids": [[-6.7354735614790116, 1.5576922800391912, 3.0]]}, "mtl": 0}], "featureCount": 1, "startIndex": 0}