{"type": "block", "layer": 0, "block": 0, "features": [{"geom": {"polygons": [[[[-1.0373697289614938, -0.9022800624370575], [-1.0373697289614938, -0.9011865463107824], [-0.8533558107737917, 1.0263143349438906], [1.0373697289614938, 0.8398718703538179], [1.0373697289614938, 0.8387800175696611], [0.8584732041344978, -1.0263143368065357], [-1.0373697289614938, -0.9022800624370575]]]], "centroids": [[-0.0038981142279226333, -0.015107011422514915, 3.0]], "h": 3.0}, "mtl": {"face": 0}}], "featureCount": 1, "startIndex": 0}