{"type": "block", "layer": 1, "block": 0, "features": [{"geom": {"triangles": {"v": [-0.3825080670067109, 6.235240608453751, 3.0, -1.788758067006711, -8.76475939154625, 3.0, 12.289366932993289, 4.235240608453751, 3.0, 11.711241932993289, -14.76475939154625, 3.0, 2.945616932993289, -14.76475939154625, 3.0, 2.476866932993289, -13.76475939154625, 3.0], "f": [0, 1, 2, 3, 2, 1, 1, 4, 3, 1, 5, 4]}, "centroids": [[5.526515387464315, -4.549393376335502, 3.0]]}, "mtl": 0}], "featureCount": 1, "startIndex": 0}