{"type": "block", "layer": 1, "block": 0, "features": [{"geom": {"triangles": {"v": [-14.698165479843738, 7.400398885831237, 3.0, -16.229415479843738, 0.40039888583123684, 3.0, 2.2393345201562624, 3.400398885831237, 3.0, 5.614334520156262, -4.599601114168763, 3.0, 6.551834520156262, 2.400398885831237, 3.0], "f": [0, 1, 2, 2, 1, 3, 4, 2, 3]}, "centroids": [[-4.731503400398651, 1.2793074771761894, 3.0]]}, "mtl": 0}], "featureCount": 1, "startIndex": 0}