{"type": "block", "layer": 1, "block": 0, "features": [{"geom": {"triangles": {"v": [-7.15761808573734, -29.67820298857987, 3.0, -7.84511808573734, -37.67820298857987, 3.0, 29.95175691426266, -41.67820298857987, 3.0, -5.03261808573734, -6.678202988579869, 3.0, 36.70175691426266, 30.32179701142013, 3.0, -4.06386808573734, 4.321797011420131, 3.0, -3.59511808573734, 10.32179701142013, 3.0, -3.18886808573734, 14.32179701142013, 3.0, 9.23300691426266, 32.32179701142013, 3.0, -1.5326180857373402, 32.32179701142013, 3.0, 0.32675691426265985, 33.32179701142013, 3.0, -0.12636808573734015, 33.32179701142013, 3.0, -1.2669930857373402, 32.32179701142013, 3.0, -0.7982430857373402, 33.32179701142013, 3.0], "f": [0, 1, 2, 3, 0, 2, 3, 2, 4, 4, 5, 3, 4, 6, 5, 4, 7, 6, 7, 4, 8, 8, 9, 7, 8, 10, 9, 9, 10, 11, 12, 9, 11, 12, 11, 13, 1, 1, 2]}, "centroids": [[14.365063737030141, -3.7864553183317184, 3.0]]}, "mtl": 0}], "featureCount": 1, "startIndex": 0}