{"type": "block", "layer": 0, "block": 0, "features": [{"geom": {"polygons": [[[[-4.439839303697227, -1.5663143787533045], [-4.439839303697227, -1.5639850720763206], [-3.501819280325435, 3.168577780947089], [3.3408722475287504, 1.7639750950038433], [4.439839303697227, 1.5301467385143042], [4.439839303697227, 1.5277142636477947], [3.5479287203925196, -3.168577780947089], [-4.439839303697227, -1.5663143787533045]]]], "centroids": [[0.006026306567946449, -0.008082197979092598, 3.0]], "h": 3.0}, "mtl": {"face": 0}}], "featureCount": 1, "startIndex": 0}