{"type": "block", "layer": 1, "block": 0, "features": [{"geom": {"triangles": {"v": [-1.7599593825289048, 17.787185795605183, 3.0, -11.494334382528905, -2.2128142043948174, 3.0, -1.7599593825289048, -6.212814204394817, 3.0, 7.083790617471095, 14.787185795605183, 3.0], "f": [0, 1, 2, 0, 2, 3]}, "centroids": [[-2.054104085895233, 5.5388586688786745, 3.0]]}, "mtl": 0}], "featureCount": 1, "startIndex": 0}