{"type": "block", "layer": 1, "block": 0, "features": [{"geom": {"triangles": {"v": [8.208410026622005, 12.556099530309439, 3.0, -5.588464973377995, 15.556099530309439, 3.0, -6.479089973377995, -1.4439004696905613, 3.0, 5.708410026622005, -2.4439004696905613, 3.0], "f": [0, 1, 2, 0, 2, 3]}, "centroids": [[0.30200413713464513, 6.090080356225371, 3.0]]}, "mtl": 0}], "featureCount": 1, "startIndex": 0}