{"type": "block", "layer": 0, "block": 0, "features": [{"geom": {"polygons": [[[[-4.206742354959715, -3.217603860422969], [-4.206742354959715, -3.2128677051514387], [-3.5662275483773556, 3.938423926010728], [4.206742354959715, 3.255348216742277], [4.206742354959715, 3.2504115365445614], [3.5894691579742357, -3.938423926010728], [-4.206742354959715, -3.217603860422969]]]], "centroids": [[0.008831163664581254, 0.007124902680516243, 3.0]], "h": 3.0}, "mtl": {"face": 0}}, {"geom": {"polygons": [[[[-4.206742354959715, -4.178106335923076], [-4.206742354959715, 3.9947113059461117], [4.206742354959715, 3.255348214879632], [4.206742354959715, -4.206742355599999], [0.22543792088981718, -4.206742355599999], [0.2825432275130879, -3.6325624864548445], [-1.66526965398225, -3.45258267223835], [-1.7349975508404896, -4.206742355599999], [-3.8941788561060093, -4.206742355599999], [-4.206742354959715, -4.178106335923076]]]], "centroids": [[-0.05176236046827398, -0.2153262384235859, 9.0]], "h": 9.0}, "mtl": {"face": 1}}, {"geom": {"polygons": [[[[-4.206742354959715, -3.752121292054653], [-4.206742354959715, 1.1476283203810453], [-3.953864271286875, 3.972488798201084], [4.206742354959715, 3.255348214879632], [4.206742354959715, 0.7091903053224087], [3.9902432277449407, 0.7290375139564276], [3.9056844945589546, -0.2557433284819126], [4.206742354959715, -0.2833423223346472], [4.206742354959715, -3.209229437634349], [4.115296967938775, -4.206742355599999], [0.5034016548015643, -4.206742355599999], [0.22759515754296444, -4.185051869601011], [0.2825432275130879, -3.6325624864548445], [-1.66526965398225, -3.45258267223835], [-1.7172567724483088, -4.014862485229969], [-4.206742354959715, -3.752121292054653]]]], "centroids": [[-0.009496471349848434, -0.18440446630120277, 6.0]], "h": 6.0}, "mtl": {"face": 2}}], "featureCount": 3, "startIndex": 0}