{"type": "block", "layer": 0, "block": 0, "features": [{"geom": {"polygons": [[[[-3.9243141450861003, -3.924314144998789], [-3.9243141450861003, -2.9017210695892572], [0.3965978304040618, -3.819326650351286], [0.37437054549809545, -3.924314144998789], [-3.9243141450861003, -3.924314144998789]]]], "centroids": [[-2.351217956194887, -3.5800432432442904, 3.0]], "h": 3.0}, "mtl": {"face": 0}}, {"geom": {"polygons": [[[[-3.9243141450861003, -1.7963175512850285], [-3.9243141450861003, -1.7943932618945837], [-2.877824660099577, 3.1334199961274862], [3.9243141450861003, 1.8051997181028128], [3.9243141450861003, 1.8031058590859175], [2.9638643247890286, -3.1334199961274862], [-3.9243141450861003, -1.7963175512850285]]]], "centroids": [[0.019602167274570093, -0.002684636041522026, 6.0]], "h": 6.0}, "mtl": {"face": 1}}, {"geom": {"polygons": [[[[-3.9243141450861003, -1.7963175512850285], [-3.9243141450861003, -1.7943932618945837], [-2.877824660099577, 3.1334199961274862], [3.9243141450861003, 1.8051997181028128], [3.9243141450861003, 1.8031058590859175], [2.9638643247890286, -3.1334199961274862], [-3.9243141450861003, -1.7963175512850285]]]], "centroids": [[0.019602167274570093, -0.002684636041522026, 3.0]], "h": 3.0}, "mtl": {"face": 0}}], "featureCount": 3, "startIndex": 0}