{"type": "block", "layer": 1, "block": 0, "features": [{"geom": {"triangles": {"v": [-2.8820746600977145, 2.8494199961423874, 3.0, -6.9758246600977145, -16.150580003857613, 3.0, 2.7585503399022855, -18.150580003857613, 3.0, 6.9929253399022855, 0.8494199961423874, 3.0], "f": [0, 1, 2, 0, 2, 3]}, "centroids": [[-0.014871654741000384, -7.476500656455755, 3.0]]}, "mtl": 0}], "featureCount": 1, "startIndex": 0}