{"type": "block", "layer": 1, "block": 0, "features": [{"geom": {"triangles": {"v": [-4.3936250492115505, 13.804500000551343, 3.0, -6.9092500492115505, -3.195499999448657, 3.0, 6.9188749507884495, 4.804500000551343, 3.0, 7.8407499507884495, 11.804500000551343, 3.0, 5.8563749507884495, -2.195499999448657, 3.0, 3.9032499507884495, -6.195499999448657, 3.0, 5.5282499507884495, -5.195499999448657, 3.0], "f": [0, 1, 2, 0, 2, 3, 2, 1, 4, 5, 4, 1, 6, 4, 5]}, "centroids": [[0.46579860185738653, 3.7559676989912987, 3.0]]}, "mtl": 0}], "featureCount": 1, "startIndex": 0}