{"type": "block", "layer": 0, "block": 0, "features": [{"geom": {"polygons": [[[[-5.122800696030026, -3.401303958147764], [-3.2695617585850414, 5.241867607459426], [-3.267116344126407, 5.241867607459426], [5.122800696030026, 3.3566081523895264], [5.082990055117989, 3.157203873619437], [3.4129049367038533, -5.241867607459426], [3.410355871950742, -5.241867607459426], [-0.5931993039848749, -4.383391845971346], [-5.122800696030026, -3.401303958147764]]]], "centroids": [[0.027354779944289476, -0.02197933942079544, 3.0]], "h": 3.0}, "mtl": {"face": 0}}], "featureCount": 1, "startIndex": 0}