{"type": "block", "layer": 1, "block": 0, "features": [{"geom": {"triangles": {"v": [-8.798574303975329, 6.907608153298497, 3.0, -10.329824303975329, -2.092391846701503, 3.0, -0.5954493039753288, -4.092391846701503, 3.0, 5.076425696024671, 2.907608153298497, 3.0, 5.123300696024671, 2.907608153298497, 3.0, 3.420175696024671, -5.092391846701503, 3.0], "f": [0, 1, 2, 0, 2, 3, 0, 3, 4, 2, 5, 3]}, "centroids": [[-2.661202572111506, 0.5931971911340952, 3.0]]}, "mtl": 0}], "featureCount": 1, "startIndex": 0}