{"type": "block", "layer": 1, "block": 0, "features": [{"geom": {"triangles": {"v": [-11.850108026817907, 3.5339407324790955, 3.0, -12.381358026817907, -1.4660592675209045, 3.0, 7.478016973182093, -3.4660592675209045, 3.0, 7.931141973182093, 1.5339407324790955, 3.0], "f": [0, 1, 2, 3, 0, 2]}, "centroids": [[-2.2388082843099255, 0.18643206544220448, 3.0]]}, "mtl": 0}], "featureCount": 1, "startIndex": 0}