{"type": "block", "layer": 0, "block": 0, "features": [{"geom": {"polygons": [[[[-3.0647347298508976, -3.412774622440338], [-1.3825828477856703, 4.383862571790814], [-1.3804489042959176, 4.383862571790814], [3.0647347298508976, 3.4282156731933355], [1.4173911985126324, -4.383862571790814], [1.4152760988799855, -4.383862571790814], [-3.0647347298508976, -3.412774622440338]]]], "centroids": [[0.007931883272249252, -0.0015243124216794968, 3.0]], "h": 3.0}, "mtl": {"face": 0}}, {"geom": {"polygons": [[[[-3.0647347298508976, -3.412774622440338], [-1.3825828477856703, 4.383862571790814], [-1.3804489042959176, 4.383862571790814], [3.0647347298508976, 3.4282156731933355], [1.4173911985126324, -4.383862571790814], [1.4152760988799855, -4.383862571790814], [-3.0647347298508976, -3.412774622440338]]]], "centroids": [[0.007931883272249252, -0.0015243124216794968, 6.0]], "h": 6.0}, "mtl": {"face": 1}}], "featureCount": 2, "startIndex": 0}