{"type": "block", "layer": 1, "block": 0, "features": [{"geom": {"triangles": {"v": [5.805387587286532, 3.3496628645807505, 3.0, -4.085237412713468, 5.3496628645807505, 3.0, -8.147737412713468, -14.65033713541925, 3.0, 1.711637587286532, -16.65033713541925, 3.0], "f": [0, 1, 2, 0, 2, 3]}, "centroids": [[-1.178823548136279, -5.458448797464371, 3.0]]}, "mtl": 0}], "featureCount": 1, "startIndex": 0}