{"type": "block", "layer": 1, "block": 0, "features": [{"geom": {"triangles": {"v": [-0.7818316175835207, 4.832784712314606, 3.0, -2.1568316175835207, 4.832784712314606, 3.0, -3.2037066175835207, -4.167215287685394, 3.0, 11.48379338241648, -7.167215287685394, 3.0, 12.95254338241648, 2.8327847123146057, 3.0], "f": [0, 1, 2, 0, 2, 3, 3, 4, 0]}, "centroids": [[4.841432513727341, -0.6483289655297995, 3.0]]}, "mtl": 0}], "featureCount": 1, "startIndex": 0}