{"type": "block", "layer": 0, "block": 0, "features": [{"geom": {"polygons": [[[[-5.027175546973012, -6.5678098276257515], [-3.2111889331426937, 5.8718167170882225], [0.48209462326485664, 5.351040543988347], [0.940100479463581, 8.615747259929776], [0.9463321325893048, 8.615747259929776], [5.027175546943909, 8.04031972028315], [2.8225184979091864, -7.6746729630976915], [0.3725885150488466, -7.329215655103326], [0.19210093677975237, -8.615747259929776], [0.18586928365402855, -8.615747259929776], [-1.2933268327324186, -8.407170234248042], [-1.2238620401185472, -7.912018978968263], [-3.9793725815834478, -7.523472668603063], [-3.868228913634084, -6.731230661273003], [-5.027175546973012, -6.5678098276257515]]]], "centroids": [[0.0836778926604893, -0.2617080006748438, 3.0]], "h": 3.0}, "mtl": {"face": 0}}, {"geom": {"polygons": [[[[-5.027175547060324, -6.5678098276257515], [-3.211188933230005, 5.8718167170882225], [0.48209462326485664, 5.351040543988347], [0.9401004793762695, 8.615747259929776], [0.9463321325019933, 8.615747259929776], [5.027175546856597, 8.04031972028315], [2.822518497821875, -7.6746729630976915], [0.3725885149615351, -7.329215655103326], [0.19210093669244088, -8.615747259929776], [0.18586928356671706, -8.615747259929776], [-1.29332683281973, -8.407170234248042], [-1.2238620402058586, -7.912018978968263], [-3.9793725816707592, -7.523472668603063], [-3.8682289137213957, -6.731230661273003], [-5.027175547060324, -6.5678098276257515]]]], "centroids": [[0.08367789254407398, -0.26170800253748894, 6.0]], "h": 6.0}, "mtl": {"face": 1}}], "featureCount": 2, "startIndex": 0}