{"type": "block", "layer": 1, "block": 0, "features": [{"geom": {"triangles": {"v": [-2.129122852580622, 13.5559902805835, 3.0, -6.722872852580622, -18.4440097194165, 3.0, 5.449002147419378, 10.5559902805835, 3.0, 1.1833771474193782, -19.4440097194165, 3.0], "f": [0, 1, 2, 1, 3, 2]}, "centroids": [[-0.5857550989603624, -3.3354134056717157, 3.0]]}, "mtl": 0}], "featureCount": 1, "startIndex": 0}