{"type": "block", "layer": 1, "block": 0, "features": [{"geom": {"triangles": {"v": [13.335481855086982, 14.055181127041578, 3.0, 0.00735685508698225, 67.05518112704158, 3.0, -11.273893144913018, -2.9448188729584217, 3.0, 55.25735685508698, 58.05518112704158, 3.0, 48.25735685508698, 9.055181127041578, 3.0, 10.085481855086982, -5.944818872958422, 3.0], "f": [0, 1, 2, 1, 0, 3, 0, 4, 3, 0, 2, 5]}, "centroids": [[20.75465298941708, 33.58610654249787, 3.0]]}, "mtl": 0}], "featureCount": 1, "startIndex": 0}