{"type": "block", "layer": 1, "block": 0, "features": [{"geom": {"triangles": {"v": [-12.016167148773093, 9.39586353674531, 3.0, -14.125542148773093, 0.39586353674530983, 3.0, 5.530707851226907, -4.60413646325469, 3.0, 7.733832851226907, 5.39586353674531, 3.0], "f": [0, 1, 2, 0, 2, 3]}, "centroids": [[-3.2275981512793805, 2.8271218948066235, 3.0]]}, "mtl": 0}], "featureCount": 1, "startIndex": 0}