{"type": "block", "layer": 1, "block": 0, "features": [{"geom": {"triangles": {"v": [-1.1187452542653773, 4.301717150956392, 3.0, -12.118745254265377, -12.698282849043608, 3.0, 5.100004745734623, 0.3017171509563923, 3.0, -5.962495254265377, -16.698282849043608, 3.0], "f": [0, 1, 2, 1, 3, 2]}, "centroids": [[-3.524018723401241, -6.555289577692747, 3.0]]}, "mtl": 0}], "featureCount": 1, "startIndex": 0}