{"type": "block", "layer": 0, "block": 0, "features": [{"geom": {"polygons": [[[[-4.304656477033859, -4.125774472951889], [-2.531195098796161, 4.74652530439198], [-2.5287725531088654, 4.74652530439198], [4.304656477004755, 3.3529218416661024], [2.6559964055777527, -4.74652530439198], [2.6505809686204884, -4.74652530439198], [-4.304656477033859, -4.125774472951889]]]], "centroids": [[-0.020229953341186047, -0.1825187113136053, 3.0]], "h": 3.0}, "mtl": {"face": 0}}, {"geom": {"polygons": [[[[2.655996333080111, -4.74652530439198], [4.304656477004755, 3.3529218416661024], [4.746525305090472, 3.2628075052052736], [4.746525305090472, -4.74652530439198], [2.655996333080111, -4.74652530439198]]]], "centroids": [[4.0228633588703815, -1.585156761109829, 3.0]], "h": 3.0}, "mtl": {"face": 0}}, {"geom": {"polygons": [[[[2.6559964052867144, -4.74652530439198], [4.304656477004755, 3.3529218416661024], [4.746525305090472, 3.2628075052052736], [4.746525305090472, -4.74652530439198], [2.6559964052867144, -4.74652530439198]]]], "centroids": [[4.0228633822116535, -1.5851567462086678, 6.0]], "h": 6.0}, "mtl": {"face": 1}}, {"geom": {"polygons": [[[[-4.746525305090472, -4.48046213760972], [-4.746525305090472, -3.8325657080858946], [-2.9374169082148, 4.74652530439198], [-2.5287725538073573, 4.74652530439198], [4.304656466876622, 3.352921849116683], [2.6559964056359604, -4.74652530439198], [-0.5131851709156763, -4.74652530439198], [-0.4939486100920476, -4.465877898037434], [-1.5583017434400972, -4.370885005220771], [-1.59831241593929, -4.74652530439198], [-2.2891186753404327, -4.74652530439198], [-4.746525305090472, -4.48046213760972]]]], "centroids": [[-0.3011553419055417, -0.27589388005435467, 6.0]], "h": 6.0}, "mtl": {"face": 1}}], "featureCount": 4, "startIndex": 0}