{"type": "block", "layer": 1, "block": 0, "features": [{"geom": {"triangles": {"v": [-5.139155794866383, 6.540942655876279, 3.0, -5.014155794866383, -4.459057344123721, 3.0, -0.061030794866383076, 6.540942655876279, 3.0, 5.110844205133617, -3.459057344123721, 3.0, 5.110844205133617, 4.540942655876279, 3.0, 5.126469205133617, 5.540942655876279, 3.0, 5.126469205133617, -4.459057344123721, 3.0], "f": [0, 1, 2, 2, 1, 3, 2, 3, 4, 2, 4, 5, 3, 1, 6]}, "centroids": [[0.01993810650310479, 0.7663340829312801, 3.0]]}, "mtl": 0}], "featureCount": 1, "startIndex": 0}