{"type": "block", "layer": 1, "block": 0, "features": [{"geom": {"triangles": {"v": [-9.233754319080617, 5.355117375031114, 3.0, -10.483754319080617, -0.6448826249688864, 3.0, -8.811879319080617, -1.6448826249688864, 3.0, 11.406870680919383, 1.3551173750311136, 3.0, 10.156870680919383, -5.644882624968886, 3.0], "f": [0, 1, 2, 0, 2, 3, 2, 4, 3]}, "centroids": [[0.5138957601448055, 0.03591421991586685, 3.0]]}, "mtl": 0}], "featureCount": 1, "startIndex": 0}