{"type": "block", "layer": 1, "block": 0, "features": [{"geom": {"triangles": {"v": [-14.464999999996508, -8.755932971835136, 3.0, -14.246249999996508, -8.755932971835136, 3.0, -13.214999999996508, 6.244067028164864, 3.0, -6.7618749999965075, -5.755932971835136, 3.0, -1.9493749999965075, -2.7559329718351364, 3.0, 1.5818750000034925, -1.7559329718351364, 3.0, 6.4881250000034925, 4.244067028164864, 3.0, 6.7537500000034925, 0.2440670281648636, 3.0, 1.7225000000034925, -1.7559329718351364, 3.0], "f": [0, 1, 2, 2, 1, 3, 2, 3, 4, 2, 4, 5, 2, 5, 6, 6, 5, 7, 7, 5, 8]}, "centroids": [[-5.600285907567013, 0.1434138249605894, 3.0]]}, "mtl": 0}], "featureCount": 1, "startIndex": 0}