{"type": "block", "layer": 1, "block": 0, "features": [{"geom": {"triangles": {"v": [-1.2608081302023493, 18.68326674774289, 3.0, -5.417058130202349, -1.3167332522571087, 3.0, 4.442316869797651, -3.3167332522571087, 3.0, 8.58294186979765, 16.68326674774289, 3.0], "f": [0, 1, 2, 3, 0, 2]}, "centroids": [[1.589482479117578, 7.487234735861421, 3.0]]}, "mtl": 0}], "featureCount": 1, "startIndex": 0}