{"type": "block", "layer": 1, "block": 0, "features": [{"geom": {"triangles": {"v": [-2.4229549723677337, 16.384144693613052, 3.0, -5.454204972367734, -2.6158553063869476, 3.0, 6.733295027632266, 11.384144693613052, 3.0, 4.514545027632266, -3.6158553063869476, 3.0], "f": [0, 1, 2, 1, 3, 2]}, "centroids": [[0.6762605622352567, 5.178134964779019, 3.0]]}, "mtl": 0}], "featureCount": 1, "startIndex": 0}