{"type": "block", "layer": 1, "block": 0, "features": [{"geom": {"triangles": {"v": [-2.8674729373888113, 9.974554754793644, 3.0, -5.429972937388811, -2.025445245206356, 3.0, 4.366902062611189, -6.025445245206356, 3.0, 8.538777062611189, 11.974554754793644, 3.0, -1.5237229373888113, 15.974554754793644, 3.0], "f": [0, 1, 2, 0, 2, 3, 4, 0, 3]}, "centroids": [[1.488119753135834, 4.973610907793045, 3.0]]}, "mtl": 0}], "featureCount": 1, "startIndex": 0}