{"type": "block", "layer": 0, "block": 0, "features": [{"geom": {"polygons": [[[[-3.1498395307571627, -2.4196627996861935], [-1.946065274416469, 3.4500683080404997], [-1.9443074014270678, 3.4500683080404997], [3.1498395307571627, 2.408231522887945], [1.8880758891173173, -3.4500683080404997], [1.8863151556288358, -3.4500683080404997], [-3.1498395307571627, -2.4196627996861935]]]], "centroids": [[-0.013294315314851701, 0.002721114084124565, 3.0]], "h": 3.0}, "mtl": {"face": 0}}], "featureCount": 1, "startIndex": 0}