{"type": "block", "layer": 1, "block": 0, "features": [{"geom": {"triangles": {"v": [-1.3414645307639148, 6.40033720061183, 3.0, -3.153964530763915, -2.5996627993881702, 3.0, 18.611660469236085, -6.59966279938817, 3.0, 20.471035469236085, 1.4003372006118298, 3.0], "f": [0, 1, 2, 0, 2, 3]}, "centroids": [[8.629885739501333, -0.255851062014699, 3.0]]}, "mtl": 0}], "featureCount": 1, "startIndex": 0}