{"type": "block", "layer": 0, "block": 0, "features": [{"geom": {"polygons": [[[[-7.180106454383349, -4.822674263268709], [-7.180106454383349, -4.819073423743248], [-4.917162732919678, 6.025628346949816], [2.2876085531606805, 4.539027770981193], [2.6329885038430803, 6.109500763937831], [7.180106454383349, 5.175880128517747], [7.180106454383349, 5.1724212765693665], [7.074277247738792, 4.6843932420015335], [5.088837322167819, -4.471398986876011], [-0.8100993560219649, -3.2500803750008345], [-1.385289157362422, -6.109500763937831], [-1.7780703782918863, -6.023126723244786], [-7.180106454383349, -4.822674263268709]]]], "centroids": [[-0.17933420691406354, 0.3578086085617542, 3.0]], "h": 3.0}, "mtl": {"face": 0}}, {"geom": {"polygons": [[[[-7.180106454383349, -4.822674263268709], [-7.180106454383349, -4.819073423743248], [-4.917166472034296, 6.025611344724894], [2.2876048140460625, 4.53901076875627], [2.6329847647284623, 6.109483761712909], [7.180106454383349, 5.175862358883023], [7.180106454383349, 5.172421516850591], [7.074277247535065, 4.6843932420015335], [5.088837322167819, -4.471398986876011], [-0.8100993560219649, -3.2500803750008345], [-1.385289157362422, -6.109500763937831], [-1.7780703782918863, -6.023126723244786], [-7.180106454383349, -4.822674263268709]]]], "centroids": [[-0.17933640704723075, 0.35780005156993866, 6.0]], "h": 6.0}, "mtl": {"face": 1}}], "featureCount": 2, "startIndex": 0}