{"type": "block", "layer": 1, "block": 0, "features": [{"geom": {"triangles": {"v": [-4.5837241832050495, 7.544817475602031, 3.0, -7.1774741832050495, -4.455182524397969, 3.0, -1.7712241832050495, -6.455182524397969, 3.0, 4.4475258167949505, -7.455182524397969, 3.0, 9.66627581679495, 16.54481747560203, 3.0, -2.1149741832050495, 19.54481747560203, 3.0], "f": [0, 1, 2, 0, 2, 3, 4, 0, 3, 5, 0, 4]}, "centroids": [[1.2054168609902263, 5.944199308753014, 3.0]]}, "mtl": 0}], "featureCount": 1, "startIndex": 0}