{"type": "block", "layer": 1, "block": 0, "features": [{"geom": {"triangles": {"v": [-3.1269873163837474, 2.428030990064144, 3.0, -4.267612316383747, -3.571969009935856, 3.0, 12.404262683616253, -6.571969009935856, 3.0, 14.044887683616253, 1.4280309900641441, 3.0, -2.6426123163837474, 4.428030990064144, 3.0], "f": [0, 1, 2, 3, 0, 2, 4, 0, 3]}, "centroids": [[4.87043269383139, -0.9947918318212032, 3.0]]}, "mtl": 0}], "featureCount": 1, "startIndex": 0}