{"type": "block", "layer": 0, "block": 0, "features": [{"geom": {"polygons": [[[[-2.563861194968922, -1.652076879516244], [-2.563861194968922, -1.6508282274007797], [-1.6630653810861986, 2.544299528002739], [2.563861194968922, 1.6483738627284765], [2.563861194968922, 1.6471647806465626], [1.6331368971441407, -2.544299528002739], [-2.563861194968922, -1.652076879516244]]]], "centroids": [[-0.006737825198797509, 0.0014669299125671387, 3.0]], "h": 3.0}, "mtl": {"face": 0}}, {"geom": {"polygons": [[[[-2.563861194968922, -1.652076879516244], [-2.563861194968922, -1.6508282274007797], [-1.6630653810861986, 2.544299528002739], [2.563861194968922, 1.6483738627284765], [2.563861194968922, 1.6471647806465626], [1.6331368971441407, -2.544299528002739], [-2.563861194968922, -1.652076879516244]]]], "centroids": [[-0.006737825198797509, 0.0014669299125671387, 6.0]], "h": 6.0}, "mtl": {"face": 1}}], "featureCount": 2, "startIndex": 0}