{"type": "block", "layer": 1, "block": 0, "features": [{"geom": {"triangles": {"v": [-6.378249996283557, -2.247963272035122, 3.0, -2.6751249962835573, -5.247963272035122, 3.0, -2.4719999962835573, 6.752036727964878, 3.0, 5.137375003716443, 3.752036727964878, 3.0, 6.387375003716443, -0.24796327203512192, 3.0, 1.9967500037164427, -9.247963272035122, 3.0], "f": [0, 1, 2, 2, 1, 3, 3, 1, 4, 1, 5, 4]}, "centroids": [[0.2827345195400994, -0.6365213077515364, 3.0]]}, "mtl": 0}], "featureCount": 1, "startIndex": 0}