{"type": "block", "layer": 0, "block": 0, "features": [{"geom": {"polygons": [[[[-5.400281402777182, -3.363195290789008], [-5.400281402777182, -3.3591956589370966], [-4.239505990728503, 5.033543078228831], [5.400281402777182, 3.4855436515063047], [5.400281402777182, 3.4818435087800026], [4.127521484915633, -5.033543076366186], [-5.400281402777182, -3.363195290789008]]]], "centroids": [[-0.014005318778799847, 0.03518008813261986, 3.0]], "h": 3.0}, "mtl": {"face": 0}}, {"geom": {"polygons": [[[[-5.400281402777182, -3.363195290789008], [-5.400281402777182, -3.3591956589370966], [-4.239505990728503, 5.033543078228831], [0.5806577471084893, 4.259500000625849], [-0.12704755770391785, 0.05743466876447201], [5.353670701762894, -0.8656193725764751], [4.714957921532914, -5.12170004285872], [4.127521484915633, -5.033543076366186], [-5.400281402777182, -3.363195290789008]]]], "centroids": [[-0.6971567400323693, -0.6440214365720749, 6.0]], "h": 6.0}, "mtl": {"face": 1}}], "featureCount": 2, "startIndex": 0}