{"type": "block", "layer": 0, "block": 0, "features": [{"geom": {"polygons": [[[[-3.153563195053721, -1.8944593630731106], [-3.153563195053721, -1.8926927130669355], [-2.3019151209446136, 2.7482649348676205], [3.153563195053721, 1.779418097808957], [3.153563195053721, 1.7773078046739101], [2.4587660765391774, -2.7482649348676205], [-3.153563195053721, -1.8944593630731106]]]], "centroids": [[0.023868161399150267, -0.03572467528283596, 3.0]], "h": 3.0}, "mtl": {"face": 0}}], "featureCount": 1, "startIndex": 0}