{"type": "block", "layer": 1, "block": 0, "features": [{"geom": {"triangles": {"v": [-6.443787478783634, 3.4232744593173265, 3.0, -10.631287478783634, -25.576725540682673, 3.0, 6.259337521216366, -26.576725540682673, 3.0, 10.181212521216366, 0.42327445931732655, 3.0], "f": [0, 1, 2, 0, 2, 3]}, "centroids": [[-0.239536610461073, -12.10059436224401, 3.0]]}, "mtl": 0}], "featureCount": 1, "startIndex": 0}