{"type": "block", "layer": 1, "block": 0, "features": [{"geom": {"triangles": {"v": [-14.712884448294062, 7.844003397971392, 3.0, -16.712884448294062, -2.1559966020286083, 3.0, 4.880865551705938, 3.8440033979713917, 3.0, 2.958990551705938, -6.155996602028608, 3.0], "f": [0, 1, 2, 1, 3, 2]}, "centroids": [[-5.904325259529287, 1.2225794028490782, 3.0]]}, "mtl": 0}], "featureCount": 1, "startIndex": 0}