{"type": "block", "layer": 0, "block": 0, "features": [{"geom": {"polygons": [[[[-8.862663644889835, -3.117687713354826], [-8.862663644889835, -3.114293195307255], [-6.223949999635806, 6.432499999180436], [-1.9679300251591485, 5.550407242029905], [-3.0009447142656427, 1.063631935045123], [3.3671323781309184, -0.26219118013978004], [4.163441267621238, 4.279633553698659], [8.862663644889835, 3.3056837022304535], [8.862663644889835, 3.3013383205980062], [6.789550000365125, -6.432500001043081], [-8.862663644889835, -3.117687713354826]]]], "centroids": [[0.027526603895239532, -0.5965818800032139, 3.0]], "h": 3.0}, "mtl": {"face": 0}}, {"geom": {"polygons": [[[[-8.862663644889835, -3.117687713354826], [-8.862663644889835, -3.114293195307255], [-6.223949999635806, 6.432499999180436], [-1.9679300251591485, 5.550407242029905], [-3.0009447142656427, 1.063631935045123], [3.3671323781309184, -0.26219118013978004], [4.163441267621238, 4.279633553698659], [8.862663644889835, 3.3056837022304535], [8.862663644889835, 3.3013383205980062], [6.789550000365125, -6.432500001043081], [-8.862663644889835, -3.117687713354826]]]], "centroids": [[0.027526603895239532, -0.5965818800032139, 6.0]], "h": 6.0}, "mtl": {"face": 1}}], "featureCount": 2, "startIndex": 0}