{"type": "block", "layer": 1, "block": 0, "features": [{"geom": {"triangles": {"v": [-7.613377468485851, 4.319786604493856, 3.0, -8.84775246848585, -1.6802133955061436, 3.0, 0.43349753151414916, 3.3197866044938564, 3.0, 7.370997531514149, -4.680213395506144, 3.0, 8.54287253151415, 1.3197866044938564, 3.0], "f": [0, 1, 2, 2, 1, 3, 4, 2, 3]}, "centroids": [[-0.13419231682200916, 0.0053732916712760925, 3.0]]}, "mtl": 0}], "featureCount": 1, "startIndex": 0}