{"type": "block", "layer": 1, "block": 0, "features": [{"geom": {"triangles": {"v": [-9.147375000000466, 6.438500000163913, 3.0, -10.709875000000466, -1.5614999998360872, 3.0, 8.649499999999534, -5.561499999836087, 3.0, 10.711999999999534, 2.4385000001639128, 3.0], "f": [0, 1, 2, 0, 2, 3]}, "centroids": [[0.09897952721803449, 0.2376921195536852, 3.0]]}, "mtl": 0}], "featureCount": 1, "startIndex": 0}