{"type": "block", "layer": 0, "block": 0, "features": [{"geom": {"polygons": [[[[-3.7815255778841674, -4.240143481642008], [-1.6393462750129402, 5.461584277451038], [-1.6367519208288286, 5.461584277451038], [3.7815255778550636, 4.2652074880898], [1.7438686989771668, -5.461584277451038], [1.7412845495855436, -5.461584277451038], [-3.7815255778841674, -4.240143481642008]]]], "centroids": [[0.022880913282278925, -0.009274987503886223, 3.0]], "h": 3.0}, "mtl": {"face": 0}}], "featureCount": 1, "startIndex": 0}