{"type": "block", "layer": 1, "block": 0, "features": [{"geom": {"triangles": {"v": [-0.24172557785641402, 11.54465651884675, 3.0, -3.788600577856414, -4.45534348115325, 3.0, 10.086399422143586, 6.54465651884675, 3.0, 0.16452442214358598, 12.54465651884675, 3.0, 14.133274422143586, -8.45534348115325, 3.0, 16.320774422143586, 1.5446565188467503, 3.0], "f": [0, 1, 2, 3, 0, 2, 2, 1, 4, 2, 4, 5]}, "centroids": [[5.919115043565398, 0.8264394402503967, 3.0]]}, "mtl": 0}], "featureCount": 1, "startIndex": 0}