{"type": "block", "layer": 1, "block": 0, "features": [{"geom": {"triangles": {"v": [-14.330604051006958, 6.94810076802969, 3.0, -15.814979051006958, -0.05189923197031021, 3.0, 4.997520948993042, 2.94810076802969, 3.0, 3.356895948993042, -5.05189923197031, 3.0], "f": [0, 1, 2, 1, 3, 2]}, "centroids": [[-5.408324670861475, 1.268293960019946, 3.0]]}, "mtl": 0}], "featureCount": 1, "startIndex": 0}