{"type": "block", "layer": 0, "block": 0, "features": [{"geom": {"polygons": [[[[-4.9401860593643505, -3.193638626486063], [-3.2699361365812365, 1.5189477410167456], [-1.4428883846267127, 6.351134350523353], [-1.4408273756271228, 6.351134350523353], [3.369186059338972, 4.673230471089482], [4.9401860593643505, 1.9552304726094007], [4.5431860593671445, -0.42276952788233757], [3.5552919043111615, -6.351134350523353], [3.5534774335101247, -6.351134350523353], [-4.9401860593643505, -3.193638626486063]]]], "centroids": [[0.45780298655154184, -0.08342358842492104, 3.0]], "h": 3.0}, "mtl": {"face": 0}}, {"geom": {"polygons": [[[[-4.940186059393454, -3.193638626486063], [-3.2699361330014654, 1.5189477503299713], [-1.4428883846267127, 6.351134350523353], [0.6693242822075263, 6.351134350523353], [3.71876891006832, 5.2796889040619135], [5.603993329918012, 2.1774013694375753], [5.2967140418768395, -0.5272650979459286], [4.841581924527418, -0.4537519048899412], [3.869311552756699, -6.351134350523353], [3.5534774335101247, -6.351134350523353], [-4.940186059393454, -3.193638626486063]]]], "centroids": [[0.7570261725049932, 0.13712848536670208, 6.0]], "h": 6.0}, "mtl": {"face": 1}}, {"geom": {"polygons": [[[[-4.940186059393454, -3.193638626486063], [-3.2699361330014654, 1.5189477503299713], [-1.4428883846267127, 6.351134350523353], [1.1072351914190222, 6.351134350523353], [3.817069260723656, 5.392989570274949], [5.75092586746905, 2.2075813207775354], [5.445658099895809, -0.5450321342796087], [5.2967140418768395, -0.5272650979459286], [4.841581924527418, -0.4537519048899412], [3.869311552756699, -6.351134350523353], [3.5534774335101247, -6.351134350523353], [-4.940186059393454, -3.193638626486063]]]], "centroids": [[0.8081999221467413, 0.18819661252200603, 9.0]], "h": 9.0}, "mtl": {"face": 2}}], "featureCount": 3, "startIndex": 0}