{"type": "block", "layer": 0, "block": 0, "features": [{"geom": {"polygons": [[[[-7.581414093467174, -0.3455458786338568], [-7.581414093467174, -0.3420381750911474], [-6.689597964112181, 3.5826476998627186], [7.581414093467174, 0.33534788712859154], [7.581414093467174, 0.33149270713329315], [6.775535780761857, -3.5826476998627186], [-7.581414093467174, -0.3455458786338568]]]], "centroids": [[0.01249087625183165, -0.0024249367415905, 3.0]], "h": 3.0}, "mtl": {"face": 0}}, {"geom": {"polygons": [[[[-7.581414093467174, -0.3455458786338568], [-7.581414093467174, -0.3420381750911474], [-6.689597964112181, 3.5826476998627186], [7.581414093467174, 0.33534788712859154], [7.581414093467174, 0.33149270713329315], [6.775535780761857, -3.5826476998627186], [-7.581414093467174, -0.3455458786338568]]]], "centroids": [[0.01249087625183165, -0.0024249367415905, 6.0]], "h": 6.0}, "mtl": {"face": 1}}], "featureCount": 2, "startIndex": 0}