{"type": "block", "layer": 1, "block": 0, "features": [{"geom": {"triangles": {"v": [-18.189339219243266, 1.9123522993177176, 3.0, -16.267464219243266, 1.9123522993177176, 3.0, -15.970589219243266, 12.912352299317718, 3.0, 9.420035780756734, 8.912352299317718, 3.0, -15.689339219243266, 14.912352299317718, 3.0, 6.779410780756734, -3.0876477006822824, 3.0], "f": [0, 1, 2, 2, 1, 3, 4, 2, 3, 1, 5, 3]}, "centroids": [[-4.378281808807515, 5.565982246771455, 3.0]]}, "mtl": 0}], "featureCount": 1, "startIndex": 0}