{"type": "block", "layer": 1, "block": 0, "features": [{"geom": {"triangles": {"v": [-4.525124015461188, 2.421740051358938, 3.0, -1.4782490154611878, -4.578259948641062, 3.0, 17.974875984538812, 11.421740051358938, 3.0, 20.928000984538812, 4.421740051358938, 3.0], "f": [0, 1, 2, 2, 1, 3]}, "centroids": [[8.193531640310539, 3.323283748701215, 3.0]]}, "mtl": 0}], "featureCount": 1, "startIndex": 0}