{"type": "block", "layer": 0, "block": 0, "features": [{"geom": {"polygons": [[[[-4.520447546703508, -0.7835017405450344], [-4.520447546703508, -0.764104476198554], [-4.437513996963389, 2.7743936460465193], [4.520447546703508, 2.730484038591385], [4.520447546703508, 2.7270001471042633], [3.8061003633774817, -2.7743936460465193], [-4.520447546703508, -0.7835017405450344]]]], "centroids": [[0.16189323880826123, 0.4692250117659569, 3.0]], "h": 3.0}, "mtl": {"face": 0}}, {"geom": {"polygons": [[[[-4.415185649617342, 3.7270697988569736], [-4.396590858668787, 4.520447546616197], [4.520447546703508, 4.520447546616197], [4.520447546703508, 3.8235223796218634], [-4.415185649617342, 3.7270697988569736]]]], "centroids": [[-0.03891364423907362, 4.1472311317920685, 3.0]], "h": 3.0}, "mtl": {"face": 0}}, {"geom": {"polygons": [[[[-4.415185649617342, 3.7270697988569736], [-4.396590858668787, 4.520447546616197], [4.520447546703508, 4.520447546616197], [4.520447546703508, 3.8235223796218634], [-4.415185649617342, 3.7270697988569736]]]], "centroids": [[-0.03891364423907362, 4.1472311317920685, 6.0]], "h": 6.0}, "mtl": {"face": 1}}, {"geom": {"polygons": [[[[-4.520447546703508, -0.7835017405450344], [-4.520447546703508, -0.764104476198554], [-4.437513996963389, 2.7743936460465193], [4.520447546703508, 2.730484038591385], [4.520447546703508, 2.7270001471042633], [3.8061003633774817, -2.7743936460465193], [-4.520447546703508, -0.7835017405450344]]]], "centroids": [[0.16189323880826123, 0.4692250117659569, 6.0]], "h": 6.0}, "mtl": {"face": 1}}], "featureCount": 4, "startIndex": 0}