{"type": "block", "layer": 1, "block": 0, "features": [{"geom": {"triangles": {"v": [-4.329149636614602, 7.518606353551149, 3.0, -4.516649636614602, -0.48139364644885063, 3.0, 3.811475363385398, -2.4813936464488506, 3.0, 10.748975363385398, 7.518606353551149, 3.0, 10.811475363385398, 7.518606353551149, 3.0, 10.436475363385398, -0.48139364644885063, 3.0, 10.842725363385398, -4.481393646448851, 3.0], "f": [0, 1, 2, 3, 0, 2, 0, 3, 4, 3, 2, 5, 5, 2, 6]}, "centroids": [[3.5631002149311826, 2.539434874430299, 3.0]]}, "mtl": 0}], "featureCount": 1, "startIndex": 0}