{"type": "block", "layer": 0, "block": 0, "features": [{"geom": {"polygons": [[[[-2.9233001718239393, -2.096507402136922], [-2.9233001718239393, 2.096507439389825], [2.9233001718239393, 2.096507439389825], [2.9233001718239393, -2.095789283514023], [-2.9233001718239393, -2.096507402136922]]]], "centroids": [[-8.345054811798036e-05, 0.0001795440912246704, 3.0]], "h": 3.0}, "mtl": {"face": 0}}, {"geom": {"polygons": [[[[-2.9233001718239393, -2.096507402136922], [-2.9233001718239393, 2.096507439389825], [2.9233001718239393, 2.096507439389825], [2.9233001718239393, -2.095789283514023], [-2.9233001718239393, -2.096507402136922]]]], "centroids": [[-8.345054811798036e-05, 0.0001795440912246704, 6.0]], "h": 6.0}, "mtl": {"face": 1}}, {"geom": {"polygons": [[[[-2.9233001718239393, -2.096507402136922], [-2.9233001718239393, 2.096507439389825], [2.9233001718239393, 2.096507439389825], [2.9233001718239393, -2.095789283514023], [-2.9233001718239393, -2.096507402136922]]]], "centroids": [[-8.345054811798036e-05, 0.0001795440912246704, 9.0]], "h": 9.0}, "mtl": {"face": 2}}], "featureCount": 3, "startIndex": 0}