{"type": "block", "layer": 1, "block": 0, "features": [{"geom": {"triangles": {"v": [-1.5442791802925058, 16.59172574803233, 3.0, -5.700529180292506, -3.4082742519676685, 3.0, 8.143220819707494, 14.591725748032331, 3.0, 3.9713458197074942, -5.4082742519676685, 3.0], "f": [0, 1, 2, 1, 3, 2]}, "centroids": [[1.2228000030154362, 5.466769393533468, 3.0]]}, "mtl": 0}], "featureCount": 1, "startIndex": 0}