{"type": "block", "layer": 1, "block": 0, "features": [{"geom": {"triangles": {"v": [-1.7498963044490665, 6.546772575005889, 3.0, -3.5780213044490665, -1.453227424994111, 3.0, 16.203228695550933, -5.453227424994111, 3.0, 17.906353695550933, 2.546772575005889, 3.0], "f": [0, 1, 2, 0, 2, 3]}, "centroids": [[7.197459080605768, 0.6993129178881645, 3.0]]}, "mtl": 0}], "featureCount": 1, "startIndex": 0}