{"type": "block", "layer": 1, "block": 0, "features": [{"geom": {"triangles": {"v": [-15.168518792081159, 19.25129257515073, 3.0, -19.98101879208116, 11.251292575150728, 3.0, 9.237731207918841, 1.2512925751507282, 3.0, 4.472106207918841, -5.748707424849272, 3.0], "f": [0, 1, 2, 1, 3, 2]}, "centroids": [[-5.362225676712114, 6.34799419157207, 3.0]]}, "mtl": 0}], "featureCount": 1, "startIndex": 0}