{"type": "block", "layer": 0, "block": 0, "features": [{"geom": {"polygons": [[[[-5.754993837734219, 0.8256628904491663], [-5.754993837734219, 0.8318662997335196], [-5.502839492779458, 3.526173824444413], [4.6717943602998275, 2.5802061296999454], [4.327611356333364, -1.1217540297657251], [5.754993837734219, -1.2870360277593136], [5.754993837734219, -1.293293233960867], [5.547395865956787, -3.5261738263070583], [0.4786853434925433, -3.0549197774380445], [0.8028657016402576, 0.2160291001200676], [-5.754993837734219, 0.8256628904491663]]]], "centroids": [[0.708993924636161, 0.47902308963239193, 3.0]], "h": 3.0}, "mtl": {"face": 0}}, {"geom": {"polygons": [[[[-5.754993837734219, -2.475354889407754], [-5.754993837734219, 0.8256628904491663], [0.8028657016402576, 0.2160291001200676], [0.478685377020156, -3.0549194384366274], [-5.754993837734219, -2.475354889407754]]]], "centroids": [[-2.5564133619191125, -1.1082671321928501, 3.0]], "h": 3.0}, "mtl": {"face": 0}}, {"geom": {"polygons": [[[[-5.754993837734219, -2.475354904308915], [-5.754993837734219, 3.540971614420414], [-5.502839492779458, 3.526173824444413], [4.6717943602998275, 2.5802061296999454], [4.327611356333364, -1.1217540297657251], [5.754993837734219, -1.2870360277593136], [5.754993837734219, -1.293293233960867], [5.547395865956787, -3.5261738263070583], [-5.754993837734219, -2.475354904308915]]]], "centroids": [[-0.3953328979550861, -0.029910942539572716, 6.0]], "h": 6.0}, "mtl": {"face": 1}}, {"geom": {"polygons": [[[[-5.754993837734219, -2.475354904308915], [-5.754993837734219, 3.540971614420414], [-5.502839492779458, 3.526173824444413], [4.6717943602998275, 2.5802061296999454], [4.327611356333364, -1.1217540297657251], [5.754993837734219, -1.2870360277593136], [5.754993837734219, -1.293293233960867], [5.547395865956787, -3.5261738263070583], [-5.754993837734219, -2.475354904308915]]]], "centroids": [[-0.3953328979550861, -0.029910942539572716, 9.0]], "h": 9.0}, "mtl": {"face": 2}}], "featureCount": 4, "startIndex": 0}