{"type": "block", "layer": 0, "block": 0, "features": [{"geom": {"polygons": [[[[-3.1506394379248377, -2.354899998754263], [-3.1506394379248377, -2.351119952276349], [-2.71237161688623, 2.8697874322533607], [3.1506394379248377, 2.30863562785089], [3.1506394379248377, 2.3048518747091293], [2.7162555796967354, -2.8697874303907156], [1.870454532559961, -2.7763945292681456], [-3.1506394379248377, -2.354899998754263]]]], "centroids": [[-0.004259669309249148, -0.006302511319518089, 3.0]], "h": 3.0}, "mtl": {"face": 0}}, {"geom": {"polygons": [[[[-3.1506394379248377, -3.1506394371390343], [-3.1506394379248377, -2.354899998754263], [1.870454532559961, -2.7763945292681456], [1.832305360265309, -3.1506394371390343], [-3.1506394379248377, -3.1506394371390343]]]], "centroids": [[-0.948392571444856, -2.845050001516938, 3.0]], "h": 3.0}, "mtl": {"face": 0}}], "featureCount": 2, "startIndex": 0}