{"type": "block", "layer": 1, "block": 0, "features": [{"geom": {"triangles": {"v": [-3.5265492824837565, 5.672832354903221, 3.0, -14.495299282483757, -11.327167645096779, 3.0, 8.801575717516243, -2.327167645096779, 3.0, -2.0734242824837565, -19.32716764509678, 3.0], "f": [0, 1, 2, 1, 3, 2]}, "centroids": [[-2.8321463952888735, -6.512772535905242, 3.0]]}, "mtl": 0}], "featureCount": 1, "startIndex": 0}