{"type": "block", "layer": 1, "block": 0, "features": [{"geom": {"triangles": {"v": [2.377775027183816, 8.86340918019414, 3.0, -3.340974972816184, -0.13659081980586052, 3.0, 7.346525027183816, -6.1365908198058605, 3.0, 7.549650027183816, -6.1365908198058605, 3.0, 21.909025027183816, -2.1365908198058605, 3.0, 16.252775027183816, -11.13659081980586, 3.0], "f": [0, 1, 2, 0, 2, 3, 4, 0, 3, 4, 3, 5]}, "centroids": [[9.267112552479375, -1.1595469824969769, 3.0]]}, "mtl": 0}], "featureCount": 1, "startIndex": 0}