{"type": "block", "layer": 0, "block": 0, "features": [{"geom": {"polygons": [[[[-3.8491023655515164, -4.266951525583863], [-1.8565125181339681, 5.508917052298784], [-1.8538141416211147, 5.508917052298784], [3.8491023655515164, 4.293949985876679], [1.8510094952071086, -5.508917052298784], [1.848369751329301, -5.508917052298784], [-3.8491023655515164, -4.266951525583863]]]], "centroids": [[-6.51766313239932e-05, 0.0064671654254198074, 3.0]], "h": 3.0}, "mtl": {"face": 0}}, {"geom": {"polygons": [[[[4.3401020175952, 1.69605603069067], [4.827153083664598, 4.08558302000165], [5.508917051716708, 3.9403379037976265], [5.508917051716708, 1.4470480419695377], [4.3401020175952, 1.69605603069067]]]], "centroids": [[5.035590115527157, 2.685164488852024, 3.0]], "h": 3.0}, "mtl": {"face": 0}}, {"geom": {"polygons": [[[[-3.8491023655515164, -4.266951525583863], [-1.8565125181339681, 5.508917052298784], [-1.8538141416211147, 5.508917052298784], [3.8491023655515164, 4.293949985876679], [1.8510094952071086, -5.508917052298784], [1.848369751329301, -5.508917052298784], [-3.8491023655515164, -4.266951525583863]]]], "centroids": [[-6.51766313239932e-05, 0.0064671654254198074, 6.0]], "h": 6.0}, "mtl": {"face": 1}}], "featureCount": 3, "startIndex": 0}