{"type": "block", "layer": 1, "block": 0, "features": [{"geom": {"triangles": {"v": [-1.854810933349654, 5.796128690242767, 3.0, -3.854810933349654, -4.203871309757233, 3.0, 17.707689066650346, 1.7961286902427673, 3.0, 15.660814066650346, -8.203871309757233, 3.0], "f": [0, 1, 2, 1, 3, 2]}, "centroids": [[6.930651583214058, -1.4857695251703262, 3.0]]}, "mtl": 0}], "featureCount": 1, "startIndex": 0}