{"type": "block", "layer": 1, "block": 0, "features": [{"geom": {"triangles": {"v": [-3.183624697616324, -31.47744315676391, 3.0, -14.636749697616324, -15.477443156763911, 3.0, -23.152374697616324, -41.47744315676391, 3.0, 3.691375302383676, -15.477443156763911, 3.0, -6.121124697616324, 4.522556843236089, 3.0, -8.683624697616324, 5.522556843236089, 3.0, 10.066375302383676, -0.47744315676391125, 3.0, 5.285125302383676, -16.47744315676391, 3.0, -9.433624697616324, -47.47744315676391, 3.0, -6.121124697616324, -45.47744315676391, 3.0], "f": [0, 1, 2, 1, 0, 3, 4, 1, 3, 5, 1, 4, 4, 3, 6, 3, 7, 6, 0, 2, 8, 8, 9, 0]}, "centroids": [[-7.051985957165016, -20.347644010558724, 3.0]]}, "mtl": 0}], "featureCount": 1, "startIndex": 0}