{"type": "block", "layer": 0, "block": 0, "features": [{"geom": {"polygons": [[[[-4.870582155097509, -1.4198243003338575], [-4.870582155097509, -1.4169077910482883], [-3.421069262025412, 4.809000000357628], [4.870582155097509, 3.0148191414773464], [4.870582155097509, 3.0126268304884434], [3.044930737960385, -4.809000000357628], [-3.7760692620358896, -3.2719999998807907], [-4.870582155097509, -1.4198243003338575]]]], "centroids": [[-0.09882068005390465, 0.06110585667192936, 3.0]], "h": 3.0}, "mtl": {"face": 0}}, {"geom": {"polygons": [[[[4.416467123432085, 1.0670646708458662], [4.870582155097509, 3.0126268304884434], [4.870582155097509, 0.9688014350831509], [4.416467123432085, 1.0670646708458662]]]], "centroids": [[4.719210477866, 1.6828309781849384, 3.0]], "h": 3.0}, "mtl": {"face": 0}}, {"geom": {"polygons": [[[[-4.870582155097509, -1.4198243003338575], [-4.870582155097509, -1.4169077910482883], [-3.421069262025412, 4.809000000357628], [4.870582155097509, 3.0148191414773464], [4.870582155097509, 3.0126268304884434], [3.044930737960385, -4.809000000357628], [-3.7760692620358896, -3.2719999998807907], [-4.870582155097509, -1.4198243003338575]]]], "centroids": [[-0.09882068005390465, 0.06110585667192936, 6.0]], "h": 6.0}, "mtl": {"face": 1}}], "featureCount": 3, "startIndex": 0}