{"type": "block", "layer": 1, "block": 0, "features": [{"geom": {"triangles": {"v": [-4.868944262037985, -1.4189999997615814, 3.0, -3.775194262037985, -3.4189999997615814, 3.0, -3.415819262037985, 4.581000000238419, 3.0, 3.037305737962015, -4.418999999761581, 3.0, 16.131055737962015, 0.5810000002384186, 3.0, 14.427930737962015, -7.418999999761581, 3.0], "f": [0, 1, 2, 2, 1, 3, 2, 3, 4, 3, 5, 4]}, "centroids": [[5.567425418907078, -1.220675127580762, 3.0]]}, "mtl": 0}], "featureCount": 1, "startIndex": 0}