{"type": "block", "layer": 0, "block": 0, "features": [{"geom": {"polygons": [[[[-8.0560266947723, -4.2770311906933784], [-0.33616850327234715, 9.18514116294682], [-0.33403983074822463, 9.18514116294682], [8.056026694801403, 4.373872810974717], [0.29772595877875574, -9.18514116294682], [0.29563723859610036, -9.18514116294682], [-8.0560266947723, -4.2770311906933784]]]], "centroids": [[-0.005977370747132227, 0.019810890778899193, 3.0]], "h": 3.0}, "mtl": {"face": 0}}, {"geom": {"polygons": [[[[-0.33403983074822463, 9.18514116294682], [9.185141163266962, 9.18514116294682], [9.185141163266962, 6.470017606392503], [8.056026694801403, 4.373872810974717], [-0.33403983074822463, 9.18514116294682]]]], "centroids": [[5.834780262230197, 7.52460472472012, 3.0]], "h": 3.0}, "mtl": {"face": 0}}], "featureCount": 2, "startIndex": 0}