{"type": "block", "layer": 1, "block": 0, "features": [{"geom": {"triangles": {"v": [-9.124116856663022, 5.944138154387474, 3.0, -9.967866856663022, -4.055861845612526, 3.0, -8.014741856663022, -4.055861845612526, 3.0, 2.954008143336978, -5.055861845612526, 3.0, 14.907133143336978, 3.944138154387474, 3.0, 13.922758143336978, -6.055861845612526, 3.0], "f": [0, 1, 2, 0, 2, 3, 4, 0, 3, 4, 3, 5]}, "centroids": [[2.4511542425025254, -0.2197515293955803, 3.0]]}, "mtl": 0}], "featureCount": 1, "startIndex": 0}