{"type": "block", "layer": 0, "block": 0, "features": [{"geom": {"polygons": [[[[-4.022888642793987, 6.051055768504739], [3.4551976693910547, 6.395325029268861], [3.469119626824977, 6.395325029268861], [4.022888642793987, -5.870964623987675], [1.2528886428335682, -6.065964626148343], [-3.4300174778327346, -6.395325029268861], [-3.4391413548146375, -6.395325029268861], [-4.022888642793987, 6.051055768504739]]]], "centroids": [[-0.0017838434141594917, 0.04744201712310314, 3.0]], "h": 3.0}, "mtl": {"face": 0}}], "featureCount": 1, "startIndex": 0}