{"type": "block", "layer": 1, "block": 0, "features": [{"geom": {"triangles": {"v": [-4.2029863571806345, 10.150035373866558, 3.0, 1.2501386428193655, -5.849964626133442, 3.0, 3.2970136428193655, 10.150035373866558, 3.0, -3.4373613571806345, -6.849964626133442, 3.0, 4.0157636428193655, -5.849964626133442, 3.0], "f": [0, 1, 2, 0, 3, 1, 2, 1, 4]}, "centroids": [[-0.08802274824120104, 1.9421048387885094, 3.0]]}, "mtl": 0}], "featureCount": 1, "startIndex": 0}