{"type": "block", "layer": 1, "block": 0, "features": [{"geom": {"triangles": {"v": [-3.867590362613555, 4.726551977917552, 3.0, -6.836340362613555, -1.273448022082448, 3.0, 17.085534637386445, -6.273448022082448, 3.0, 14.507409637386445, -13.273448022082448, 3.0], "f": [0, 1, 2, 1, 3, 2]}, "centroids": [[5.267638824443566, -3.91909814812243, 3.0]]}, "mtl": 0}], "featureCount": 1, "startIndex": 0}