{"type": "block", "layer": 0, "block": 0, "features": [{"geom": {"polygons": [[[[-5.4031189740635455, -0.08253690972924232], [-5.4031189740635455, 5.403118973597884], [-2.310937054164242, 5.403118973597884], [-3.185834259580588, -0.40029989928007126], [-5.4031189740635455, -0.08253690972924232]]]], "centroids": [[-4.049691144435201, 2.7299455292522907, 6.0]], "h": 6.0}, "mtl": {"face": 0}}, {"geom": {"polygons": [[[[-3.8019898868515156, -4.487419132143259], [-3.185834259580588, -0.40029989928007126], [-2.310937054164242, 5.403118973597884], [-2.3072712012799457, 5.403118973597884], [3.8019898868806195, 4.482114369049668], [2.27875716163544, -5.403118973597884], [2.2750877330254298, -5.403118973597884], [-3.8019898868515156, -4.487419132143259]]]], "centroids": [[-0.007403860770864412, 0.003036070615053177, 6.0]], "h": 6.0}, "mtl": {"face": 0}}, {"geom": {"polygons": [[[[-3.8019898868515156, -4.487419132143259], [-2.310937054135138, 5.403118973597884], [-2.307271201250842, 5.403118973597884], [3.8019898868806195, 4.482114369049668], [2.27875716163544, -5.403118973597884], [2.2750877330254298, -5.403118973597884], [-3.8019898868515156, -4.487419132143259]]]], "centroids": [[-0.007403860799968243, 0.0030360687524080276, 3.0]], "h": 3.0}, "mtl": {"face": 1}}, {"geom": {"polygons": [[[[-5.4031189740635455, -0.08253690972924232], [-5.4031189740635455, 5.403118973597884], [-2.310937054164242, 5.403118973597884], [-3.185834259580588, -0.40029989928007126], [-5.4031189740635455, -0.08253690972924232]]]], "centroids": [[-4.049691144435201, 2.7299455292522907, 3.0]], "h": 3.0}, "mtl": {"face": 1}}], "featureCount": 4, "startIndex": 0}