{"type": "block", "layer": 0, "block": 0, "features": [{"geom": {"polygons": [[[[-3.7979612874041777, -2.4375167042016983], [-3.7979612874041777, -2.4356349166482687], [-2.572977306059329, 3.4413263611495495], [3.7979612874041777, 2.566611995920539], [3.7979612874041777, 2.5646396800875664], [2.6099019383545965, -3.4413263611495495], [-3.7979612874041777, -2.4375167042016983]]]], "centroids": [[0.019025331392185763, 0.025941746309399605, 3.0]], "h": 3.0}, "mtl": {"face": 0}}], "featureCount": 1, "startIndex": 0}