{"type": "block", "layer": 0, "block": 0, "features": [{"geom": {"polygons": [[[[-6.077192974393256, -3.6786089837551117], [-6.077192974393256, -3.6755891274660826], [-4.039800749742426, 6.029515720903873], [1.627084453473799, 4.897184444591403], [0.29347811586922035, -0.8434908855706453], [6.077192974393256, -2.1469948552548885], [6.077192974393256, -2.1505161952227354], [5.380584184284089, -6.029515720903873], [-6.077192974393256, -3.6786089837551117]]]], "centroids": [[-0.7613269601715729, -0.5877516362816095, 3.0]], "h": 3.0}, "mtl": {"face": 0}}, {"geom": {"polygons": [[[[5.380584184254985, -6.029515720903873], [6.077192974393256, -2.1505162082612514], [6.077192974393256, -6.077192975208163], [5.612952114868676, -6.077192975208163], [5.380584184254985, -6.029515720903873]]]], "centroids": [[5.843747927225195, -4.762914469465613, 3.0]], "h": 3.0}, "mtl": {"face": 0}}, {"geom": {"polygons": [[[[-6.077192974393256, -3.6786089837551117], [-6.077192974393256, -3.6755891274660826], [-4.039800749742426, 6.029515720903873], [1.627084453473799, 4.897184444591403], [0.29347811586922035, -0.8434908855706453], [6.077192974393256, -2.1469948552548885], [6.077192974393256, -2.1505161952227354], [5.380584177619312, -6.029515758156776], [-6.077192974393256, -3.6786089837551117]]]], "centroids": [[-0.761326953797834, -0.5877516493201256, 6.0]], "h": 6.0}, "mtl": {"face": 1}}], "featureCount": 3, "startIndex": 0}