{"type": "block", "layer": 1, "block": 0, "features": [{"geom": {"triangles": {"v": [-4.0386757536034565, 5.845515720546246, 3.0, -6.0855507536034565, -4.154484279453754, 3.0, 13.226949246396543, -7.154484279453754, 3.0, 15.461324246396543, 1.8455157205462456, 3.0], "f": [0, 1, 2, 0, 2, 3]}, "centroids": [[4.662690113822464, -0.7850096095353365, 3.0]]}, "mtl": 0}], "featureCount": 1, "startIndex": 0}