{"type": "block", "layer": 1, "block": 0, "features": [{"geom": {"triangles": {"v": [-19.299870489165187, 7.948519131168723, 3.0, -20.549870489165187, 0.9485191311687231, 3.0, 4.434504510834813, 2.948519131168723, 3.0, 3.356379510834813, -4.051480868831277, 3.0], "f": [0, 1, 2, 1, 3, 2]}, "centroids": [[-8.085487766453298, 1.6417957190424204, 3.0]]}, "mtl": 0}], "featureCount": 1, "startIndex": 0}