{"type": "block", "layer": 0, "block": 0, "features": [{"geom": {"polygons": [[[[-3.33311642537592, -2.8973110876977444], [0.3667122332553845, 3.68098290450871], [0.3679033505904954, 3.68098290450871], [3.333116425346816, 2.571717033162713], [0.9940242698066868, -3.68098290450871], [0.9918548689747695, -3.68098290450871], [-3.33311642537592, -2.8973110876977444]]]], "centroids": [[0.2372917280299589, -0.23172819428145885, 3.0]], "h": 3.0}, "mtl": {"face": 0}}, {"geom": {"polygons": [[[[0.3679033505904954, 3.68098290450871], [3.6809829044505022, 3.68098290450871], [3.6809829044505022, -3.68098290450871], [0.9940242698066868, -3.68098290450871], [3.333116425346816, 2.571717033162713], [0.3679033505904954, 3.68098290450871]]]], "centroids": [[2.7356481972383335, -0.5409674011170864, 3.0]], "h": 3.0}, "mtl": {"face": 0}}], "featureCount": 2, "startIndex": 0}