{"type": "block", "layer": 0, "block": 0, "features": [{"geom": {"polygons": [[[[-4.006045715039363, -2.5799565743654966], [-2.8357029971666634, 1.5283273868262768], [-1.7707659431616776, 5.266603151336312], [-1.7692375546321273, 5.266603151336312], [0.5034607377892826, 4.398121194913983], [-0.552636047359556, 0.7185618542134762], [4.006045715068467, -0.8983260653913021], [2.761637751420494, -5.266603151336312], [2.760161199432332, -5.266603151336312], [-4.006045715039363, -2.5799565743654966]]]], "centroids": [[-0.25143056630622596, -0.7314437422901392, 3.0]], "h": 3.0}, "mtl": {"face": 0}}, {"geom": {"polygons": [[[[-4.0060457149811555, -2.5799565743654966], [-2.6254149806918576, 2.266506787389517], [-1.7707659431616776, 5.266603151336312], [-1.7692375546321273, 5.266603151336312], [0.5034607377892826, 4.398121194913983], [-0.340479020611383, 1.457740668207407], [4.217621801159112, -0.15562512166798115], [4.006045715126675, -0.8983260653913021], [2.761637751478702, -5.266603151336312], [2.7601611994905397, -5.266603151336312], [-4.0060457149811555, -2.5799565743654966]]]], "centroids": [[-0.07899928122060373, -0.6478190552443266, 6.0]], "h": 6.0}, "mtl": {"face": 1}}], "featureCount": 2, "startIndex": 0}