{"type": "block", "layer": 1, "block": 0, "features": [{"geom": {"triangles": {"v": [-15.12310270499438, 7.111083477735519, 3.0, -16.91997770499438, 0.11108347773551941, 3.0, 4.4393972950056195, 3.1110834777355194, 3.0, 2.6425222950056195, -4.888916522264481, 3.0], "f": [0, 1, 2, 1, 3, 2]}, "centroids": [[-6.230281564727193, 1.4420247375965118, 3.0]]}, "mtl": 0}], "featureCount": 1, "startIndex": 0}