{"type": "block", "layer": 0, "block": 0, "features": [{"geom": {"polygons": [[[[-2.3681590272462927, -1.411963164806366], [-2.3681590272462927, -1.4107764828950167], [-1.6035351258178707, 2.256832640618086], [2.3681590272462927, 1.4216665923595428], [2.3681590272462927, 1.420508923009038], [1.5820195941778366, -2.2568326387554407], [-2.3681590272462927, -1.411963164806366]]]], "centroids": [[-0.0038477946945931762, 0.0036058127880096436, 3.0]], "h": 3.0}, "mtl": {"face": 0}}], "featureCount": 1, "startIndex": 0}