{"type": "block", "layer": 0, "block": 0, "features": [{"geom": {"polygons": [[[[-13.298475972173037, -7.882157487794757], [3.1723736817366444, 15.21663567237556], [3.1755970638769213, 15.21663567237556], [13.298475972173037, 8.0120158046484], [-3.1295996929111425, -15.21663567237556], [-3.132785231398884, -15.21663567237556], [-13.298475972173037, -7.882157487794757]]]], "centroids": [[0.0010071328724734485, 0.013722650706768036, 3.0]], "h": 3.0}, "mtl": {"face": 0}}, {"geom": {"polygons": [[[[3.1755970635276753, 15.21663567237556], [12.876018231589114, 15.21663567237556], [15.216635673103156, 13.530998650938272], [15.216635673103156, 10.72421801649034], [13.298475972318556, 8.0120158046484], [3.1755970635276753, 15.21663567237556]]]], "centroids": [[10.774747328076046, 12.59455743059516, 3.0]], "h": 3.0}, "mtl": {"face": 0}}], "featureCount": 2, "startIndex": 0}