{"type": "block", "layer": 1, "block": 0, "features": [{"geom": {"triangles": {"v": [-3.4540775670611765, 3.458500001579523, 3.0, -4.5009525670611765, -1.541499998420477, 3.0, 3.1552974329388235, -3.541499998420477, 3.0, 4.8271724329388235, 2.458500001579523, 3.0, 5.0771724329388235, 5.458500001579523, 3.0, -2.0165775670611765, 10.458500001579523, 3.0, 5.9521724329388235, 9.458500001579523, 3.0, -0.9228275670611765, 15.458500001579523, 3.0, 7.0146724329388235, 13.458500001579523, 3.0, -0.7822025670611765, 15.458500001579523, 3.0], "f": [0, 1, 2, 0, 2, 3, 0, 3, 4, 5, 0, 4, 5, 4, 6, 7, 5, 6, 7, 6, 8, 9, 7, 8]}, "centroids": [[1.2625935816613492, 6.234958831220865, 3.0]]}, "mtl": 0}], "featureCount": 1, "startIndex": 0}