{"type": "block", "layer": 0, "block": 0, "features": [{"geom": {"polygons": [[[[-3.4595402716950048, -0.633849361911416], [-3.4595402716950048, -0.6321953814476728], [-2.8833473256672733, 1.9982948750257492], [-1.1107183238782454, 1.6360881067812443], [3.4595402716950048, 0.6476811617612839], [3.4595402716950048, 0.6460214909166098], [2.882257740740897, -1.9982948750257492], [-3.4595402716950048, -0.633849361911416]]]], "centroids": [[0.0019079626654274762, 0.006738102063536644, 3.0]], "h": 3.0}, "mtl": {"face": 0}}], "featureCount": 1, "startIndex": 0}