{"type": "block", "layer": 0, "block": 0, "features": [{"geom": {"polygons": [[[[-5.274584465805674, -1.9204333070665598], [-5.274584465805674, -1.9147462751716375], [-4.828954867523862, 2.8486621119081974], [5.274584465805674, 1.9034489784389734], [5.274584465805674, 1.8975590858608484], [4.845911419310141, -2.8486621119081974], [-5.274584465805674, -1.9204333070665598]]]], "centroids": [[0.0009270265290979296, -0.0045434534549713135, 3.0]], "h": 3.0}, "mtl": {"face": 0}}], "featureCount": 1, "startIndex": 0}