{"type": "block", "layer": 1, "block": 0, "features": [{"geom": {"triangles": {"v": [-3.0470991016482003, 21.815178982913494, 3.0, -5.2814741016482, -2.184821017086506, 3.0, 6.9997758983518, 20.815178982913494, 3.0, 4.8435258983518, -3.184821017086506, 3.0], "f": [0, 1, 2, 1, 3, 2]}, "centroids": [[0.8771091167291161, 9.497370416298509, 3.0]]}, "mtl": 0}], "featureCount": 1, "startIndex": 0}