{"type": "block", "layer": 1, "block": 0, "features": [{"geom": {"triangles": {"v": [-4.85294393679942, 7.088713934645057, 3.0, -7.13419393679942, -8.911286065354943, 3.0, 4.58455606320058, -9.911286065354943, 3.0, 6.58455606320058, 6.088713934645057, 3.0], "f": [0, 1, 2, 0, 2, 3]}, "centroids": [[-0.2133466571685858, -1.6578632965683937, 3.0]]}, "mtl": 0}], "featureCount": 1, "startIndex": 0}