{"type": "block", "layer": 0, "block": 0, "features": [{"geom": {"polygons": [[[[-4.560339084273437, -3.333108803257346], [-4.560339032119373, -3.333108814433217], [-2.870088765514083, 5.0476050563156605], [-2.867752948193811, 5.0476050563156605], [1.4094361886091065, 4.0811036713421345], [0.8617486827715766, 1.6676349695771933], [4.560339084244333, 0.736666752025485], [3.2687780988344457, -5.0476050563156605], [3.266360913956305, -5.0476050563156605], [-4.560339084273437, -3.333108803257346]]]], "centroids": [[-0.20722193879191764, -0.39995454251766205, 3.0]], "h": 3.0}, "mtl": {"face": 0}}, {"geom": {"polygons": [[[[-4.560339152580127, -3.3331088721752167], [-4.560339100426063, -3.3331088833510876], [-2.8700887656013947, 5.0476050563156605], [-2.8677529482811224, 5.0476050563156605], [1.4094361886382103, 4.0811036713421345], [0.8617486827715766, 1.6676349695771933], [4.5603390843607485, 0.736666752025485], [3.2687780995911453, -5.0476050563156605], [3.266360754118068, -5.0476050563156605], [-4.560339152580127, -3.3331088721752167]]]], "centroids": [[-0.2072219608235173, -0.3999545741826296, 6.0]], "h": 6.0}, "mtl": {"face": 1}}], "featureCount": 2, "startIndex": 0}