{"type": "block", "layer": 1, "block": 0, "features": [{"geom": {"triangles": {"v": [-2.8765891522634774, 5.112891128286719, 3.0, -4.5640891522634774, -2.8871088717132807, 3.0, 3.2640358477365226, -4.887108871713281, 3.0, 13.701535847736523, 1.1128911282867193, 3.0, 10.014035847736523, -6.887108871713281, 3.0, 12.982785847736523, -4.887108871713281, 3.0], "f": [0, 1, 2, 2, 3, 0, 4, 3, 2, 5, 3, 4]}, "centroids": [[4.536899227183312, -0.9249642733484507, 3.0]]}, "mtl": 0}], "featureCount": 1, "startIndex": 0}