{"type": "block", "layer": 1, "block": 0, "features": [{"geom": {"triangles": {"v": [0.3457452980801463, 4.409067951142788, 3.0, -4.904254701919854, -3.590932048857212, 3.0, 20.158245298080146, -7.590932048857212, 3.0, 21.439495298080146, 1.409067951142788, 3.0], "f": [0, 1, 2, 3, 0, 2]}, "centroids": [[9.129059806786245, -1.365176223218441, 3.0]]}, "mtl": 0}], "featureCount": 1, "startIndex": 0}