{"type": "block", "layer": 1, "block": 0, "features": [{"geom": {"triangles": {"v": [-6.734042016294552, 3.704564532265067, 3.0, -7.343417016294552, -4.295435467734933, 3.0, 8.047207983705448, -4.295435467734933, 3.0, 7.625332983705448, 4.704564532265067, 3.0], "f": [0, 1, 2, 3, 0, 2]}, "centroids": [[0.4220176746021025, -0.24680749885737896, 3.0]]}, "mtl": 0}], "featureCount": 1, "startIndex": 0}