{"type": "block", "layer": 1, "block": 0, "features": [{"geom": {"triangles": {"v": [-0.1262399354018271, -2.879538655281067, 3.0, -2.610614935401827, 5.120461344718933, 3.0, -3.626239935401827, -3.879538655281067, 3.0, 3.717510064598173, 0.1204613447189331, 3.0, 8.592510064598173, 4.120461344718933, 3.0, -2.251239935401827, 10.120461344718933, 3.0, 10.858135064598173, 6.120461344718933, 3.0, 13.123760064598173, 15.120461344718933, 3.0, -1.313739935401827, 17.120461344718933, 3.0, 15.092510064598173, 9.120461344718933, 3.0, 16.061260064598173, 10.120461344718933, 3.0, 18.092510064598173, 14.120461344718933, 3.0, 15.795635064598173, 9.120461344718933, 3.0, -0.9856149354018271, -4.879538655281067, 3.0], "f": [0, 1, 2, 1, 0, 3, 4, 1, 3, 4, 5, 1, 5, 4, 6, 7, 5, 6, 8, 5, 7, 7, 6, 9, 10, 7, 9, 7, 10, 11, 10, 9, 12, 0, 2, 13]}, "centroids": [[4.812630490487209, 8.171496871858835, 3.0]]}, "mtl": 0}], "featureCount": 1, "startIndex": 0}