{"type": "block", "layer": 1, "block": 0, "features": [{"geom": {"triangles": {"v": [-18.004757805145346, -0.7751565165817738, 3.0, -18.270382805145346, -2.7751565165817738, 3.0, -16.176632805145346, -3.7751565165817738, 3.0, -12.770382805145346, -3.7751565165817738, 3.0, -16.973507805145346, 7.224843483418226, 3.0, -7.020382805145346, -4.775156516581774, 3.0, 3.1202421948546544, 2.2248434834182262, 3.0, 2.7608671948546544, 4.224843483418226, 3.0, 3.2296171948546544, 4.224843483418226, 3.0, 1.9483671948546544, -3.7751565165817738, 3.0, 2.3077421948546544, -4.775156516581774, 3.0], "f": [0, 1, 2, 3, 0, 2, 3, 4, 0, 4, 3, 5, 6, 4, 5, 7, 4, 6, 7, 6, 8, 9, 6, 5, 9, 5, 10]}, "centroids": [[-7.6444477259065025, 0.5128341000527143, 3.0]]}, "mtl": 0}], "featureCount": 1, "startIndex": 0}