{"type": "block", "layer": 0, "block": 0, "features": [{"geom": {"polygons": [[[[-3.8235579124011565, -4.561197347939014], [-1.5526589871151373, 5.73576551862061], [-1.5497529787826352, 5.73576551862061], [3.8235579484608024, 4.6266291085630655], [3.4933417135616764, 2.315811323001981], [1.791765317437239, -5.73576551862061], [1.7889035509724636, -5.73576551862061], [-3.8235579124011565, -4.561197347939014]]]], "centroids": [[0.08427430191659369, -0.01722106523811817, 3.0]], "h": 3.0}, "mtl": {"face": 0}}, {"geom": {"polygons": [[[[-5.735765517951222, -4.161013184115291], [-5.735765517951222, 0.3143092840909958], [-3.441278010577662, -0.17703850381076336], [-4.39083128751372, -4.442479159682989], [-5.735765517951222, -4.161013184115291]]]], "centroids": [[-4.805525315692648, -1.9262762907892466, 3.0]], "h": 3.0}, "mtl": {"face": 0}}, {"geom": {"polygons": [[[[-3.8235579304455314, -4.561197441071272], [-1.5526589846413117, 5.73576551862061], [-1.5497534480236936, 5.73576551862061], [3.8235579304164276, 4.626629015430808], [3.4933416955173016, 2.3158112298697233], [1.7917653190670535, -5.73576551862061], [1.788903087930521, -5.73576551862061], [-3.8235579304455314, -4.561197441071272]]]], "centroids": [[0.08427428381401114, -0.017221158370375633, 6.0]], "h": 6.0}, "mtl": {"face": 1}}], "featureCount": 3, "startIndex": 0}