{"type": "block", "layer": 0, "block": 0, "features": [{"geom": {"polygons": [[[[-1.8732611300074495, -1.3278763256967068], [-1.8732611300074495, -1.3265087269246578], [-1.4396991832181811, 1.7793114557862282], [1.8732611300074495, 1.2700235173106194], [1.8732611300074495, 1.2686872314661741], [1.4365247035748325, -1.7793114576488733], [-1.8732611300074495, -1.3278763256967068]]]], "centroids": [[-0.00571377229061909, -0.012870565056800842, 3.0]], "h": 3.0}, "mtl": {"face": 0}}], "featureCount": 1, "startIndex": 0}