{"type": "block", "layer": 1, "block": 0, "features": [{"geom": {"triangles": {"v": [-0.3270813296549022, 10.202788777649403, 3.0, -2.436456329654902, -5.797211222350597, 3.0, 6.516668670345098, -1.7972112223505974, 3.0, 8.235418670345098, 8.202788777649403, 3.0, -0.3114563296549022, 10.202788777649403, 3.0, 6.157293670345098, -6.797211222350597, 3.0], "f": [0, 1, 2, 0, 2, 3, 4, 0, 3, 1, 5, 2]}, "centroids": [[2.843137119576568, 1.6842832397669554, 3.0]]}, "mtl": 0}], "featureCount": 1, "startIndex": 0}