{"type": "block", "layer": 1, "block": 0, "features": [{"geom": {"triangles": {"v": [-1.3428862011060119, 18.015375819057226, 3.0, -5.436636201106012, -1.9846241809427738, 3.0, 4.344613798893988, -3.984624180942774, 3.0, 8.422738798893988, 16.015375819057226, 3.0], "f": [0, 1, 2, 3, 0, 2]}, "centroids": [[1.4917823133582715, 7.1534017994999886, 3.0]]}, "mtl": 0}], "featureCount": 1, "startIndex": 0}