{"type": "block", "layer": 1, "block": 0, "features": [{"geom": {"triangles": {"v": [-11.628220560756745, 3.9479733295738697, 3.0, -12.300095560756745, -8.05202667042613, 3.0, -1.6282205607567448, 1.9479733295738697, 3.0, 2.059279439243255, -8.05202667042613, 3.0, 2.043654439243255, 1.9479733295738697, 3.0], "f": [0, 1, 2, 3, 2, 1, 4, 2, 3]}, "centroids": [[-5.213993680285057, -2.4270745422691107, 3.0]]}, "mtl": 0}], "featureCount": 1, "startIndex": 0}