{"type": "block", "layer": 0, "block": 0, "features": [{"geom": {"polygons": [[[[-6.171403853222728, -5.36990425363183], [-6.059429533226648, -4.6966487392783165], [-4.168629177816911, 4.956222388893366], [1.1661962854850572, 3.9183285739272833], [1.656991223222576, 6.630985574796796], [1.660206139960792, 6.630985574796796], [6.059429533226648, 5.688344115391374], [3.4657100899494253, -6.630985574796796], [0.840565033024177, -6.630985574796796], [-2.498429533210583, -5.924648739397526], [-2.5230391004879493, -6.055387064814568], [-3.1960813926707488, -5.9286967515945435], [-3.156429533235496, -5.769648738205433], [-5.414429533237126, -5.366648739203811], [-5.451429533219198, -5.489648738875985], [-6.171403853222728, -5.36990425363183]]]], "centroids": [[0.04314737385720946, -0.40684414468705654, 9.0]], "h": 9.0}, "mtl": {"face": 0}}, {"geom": {"polygons": [[[[-6.059429533226648, -4.6966487392783165], [-4.168629177176626, 4.956222388893366], [1.1661962854850572, 3.9183285739272833], [1.656991223222576, 6.630985574796796], [1.660206139960792, 6.630985574796796], [6.059429533226648, 5.688344115391374], [3.4657100899494253, -6.630985574796796], [3.4623060498852283, -6.630985574796796], [-6.059429533226648, -4.6966487392783165]]]], "centroids": [[0.12882678862661123, -0.18555186316370964, 3.0]], "h": 3.0}, "mtl": {"face": 1}}, {"geom": {"polygons": [[[[-6.171403853222728, -5.36990425363183], [-6.059429533226648, -4.6966487392783165], [-4.168629177234834, 4.956222388893366], [1.1661962854850572, 3.9183285739272833], [1.656991223222576, 6.630985574796796], [1.660206139960792, 6.630985574796796], [6.059429533226648, 5.688344115391374], [3.4657100899494253, -6.630985574796796], [0.840565033024177, -6.630985574796796], [-2.498429533210583, -5.924648739397526], [-2.5230391004879493, -6.055387064814568], [-3.1960813926707488, -5.9286967515945435], [-3.156429533235496, -5.769648738205433], [-5.414429533237126, -5.366648739203811], [-5.451429533219198, -5.489648738875985], [-6.171403853222728, -5.36990425363183]]]], "centroids": [[0.04314737403183244, -0.4068441428244114, 6.0]], "h": 6.0}, "mtl": {"face": 2}}], "featureCount": 3, "startIndex": 0}