{"type": "block", "layer": 1, "block": 0, "features": [{"geom": {"triangles": {"v": [7.555820466775913, 12.919351261109114, 3.0, -2.225429533224087, 14.919351261109114, 3.0, -6.053554533224087, -5.080648738890886, 3.0, 3.462070466775913, -7.080648738890886, 3.0], "f": [0, 1, 2, 0, 2, 3]}, "centroids": [[0.6923487107269466, 4.135347839444876, 3.0]]}, "mtl": 0}], "featureCount": 1, "startIndex": 0}