{"type": "block", "layer": 0, "block": 0, "features": [{"geom": {"polygons": [[[[-6.594961284339661, -2.7632190752774477], [-6.594961284339661, -2.761141961440444], [-3.2523786265810486, 6.492433279752731], [6.594961284339661, 2.839678131043911], [6.594961284339661, 2.837622418999672], [3.197079157369444, -6.492433277890086], [-6.594961284339661, -2.7632190752774477]]]], "centroids": [[-0.005594835587544367, 0.01819678023457527, 3.0]], "h": 3.0}, "mtl": {"face": 0}}, {"geom": {"polygons": [[[[-6.594961284339661, -2.7632190752774477], [-6.594961284339661, -2.761141961440444], [-3.2523786265810486, 6.492433279752731], [6.594961284339661, 2.839678131043911], [6.594961284339661, 2.837622418999672], [3.197079157369444, -6.492433277890086], [-6.594961284339661, -2.7632190752774477]]]], "centroids": [[-0.005594835587544367, 0.01819678023457527, 6.0]], "h": 6.0}, "mtl": {"face": 1}}], "featureCount": 2, "startIndex": 0}