{"type": "block", "layer": 1, "block": 0, "features": [{"geom": {"triangles": {"v": [-3.255128807562869, 6.528433345258236, 3.0, -7.161378807562869, -4.471566654741764, 3.0, 6.588621192437131, 2.528433345258236, 3.0, 2.572996192437131, -8.471566654741764, 3.0], "f": [0, 1, 2, 1, 3, 2]}, "centroids": [[-0.29250291507923976, -0.8087356742471457, 3.0]]}, "mtl": 0}], "featureCount": 1, "startIndex": 0}