{"type": "block", "layer": 1, "block": 0, "features": [{"geom": {"triangles": {"v": [-29.30296674411511, 29.369440387934446, 3.0, -34.53734174411511, -1.6305596120655537, 3.0, -15.42796674411511, 1.3694403879344463, 3.0, -4.9279667441151105, 3.3694403879344463, 3.0, 1.5564082558848895, 49.369440387934446, 3.0, -3.6623417441151105, 2.3694403879344463, 3.0, 61.08765825588489, 29.369440387934446, 3.0, 60.21265825588489, 34.369440387934446, 3.0, 58.00953325588489, 43.369440387934446, 3.0, 3.1657832558848895, -35.630559612065554, 3.0, 61.80640825588489, 24.369440387934446, 3.0, 62.88453325588489, 15.369440387934446, 3.0, 62.65015825588489, 6.369440387934446, 3.0, 61.47828325588489, -0.6305596120655537, 3.0, 60.13453325588489, -6.630559612065554, 3.0, 10.18140825588489, -36.630559612065554, 3.0, 22.02515825588489, -37.630559612065554, 3.0, 48.79078325588489, -41.630559612065554, 3.0, 49.72828325588489, -41.630559612065554, 3.0, -6.3967167441151105, -20.630559612065554, 3.0, -4.0529667441151105, -32.630559612065554, 3.0, -6.5217167441151105, -31.630559612065554, 3.0, -6.8185917441151105, -30.630559612065554, 3.0, -27.27171674411511, 42.369440387934446, 3.0, -20.38109174411511, 50.369440387934446, 3.0, -25.80296674411511, 50.369440387934446, 3.0], "f": [0, 1, 2, 3, 0, 2, 3, 4, 0, 4, 3, 5, 6, 4, 5, 6, 7, 4, 8, 4, 7, 6, 5, 9, 10, 6, 9, 10, 9, 11, 9, 12, 11, 12, 9, 13, 13, 9, 14, 9, 15, 14, 15, 16, 14, 16, 17, 14, 17, 18, 14, 5, 19, 9, 9, 19, 20, 19, 21, 20, 22, 21, 19, 4, 23, 0, 4, 24, 23, 25, 23, 24]}, "centroids": [[18.744832818134455, 8.697394205257297, 3.0]]}, "mtl": 0}], "featureCount": 1, "startIndex": 0}