{"type": "block", "layer": 1, "block": 0, "features": [{"geom": {"triangles": {"v": [-4.354019063524902, 5.94629592821002, 3.0, -6.447769063524902, -4.05370407178998, 3.0, 14.036605936475098, -8.05370407178998, 3.0, 16.036605936475098, 1.94629592821002, 3.0], "f": [0, 1, 2, 3, 0, 2]}, "centroids": [[4.808267966232961, -1.1913693342357874, 3.0]]}, "mtl": 0}], "featureCount": 1, "startIndex": 0}