{"type": "block", "layer": 1, "block": 0, "features": [{"geom": {"triangles": {"v": [-2.2311024122172967, 5.109606152400374, 3.0, -3.0748524122172967, -4.890393847599626, 3.0, 21.722022587782703, -6.890393847599626, 3.0, 22.706397587782703, 3.1096061524003744, 3.0], "f": [0, 1, 2, 0, 2, 3]}, "centroids": [[9.782185294432566, -0.8946391493082047, 3.0]]}, "mtl": 0}], "featureCount": 1, "startIndex": 0}