{"type": "block", "layer": 0, "block": 0, "features": [{"geom": {"polygons": [[[[-6.7389096125843935, -3.892404057085514], [-6.7389096125843935, -3.8887242395430803], [-4.867916393239284, 5.924852015450597], [6.7389096125843935, 3.419811572879553], [6.7389096125843935, 3.416675079613924], [5.546755749790464, -1.8741189911961555], [5.143583573313663, -2.1873338855803013], [4.4465835732989945, -2.26833388581872], [3.5438989724207204, -2.0868820901960135], [2.7656963916961104, -5.708274180069566], [2.719155882950872, -5.924852015450597], [-6.7389096125843935, -3.892404057085514]]]], "centroids": [[-0.36791880230885, 0.08290045149624348, 3.0]], "h": 3.0}, "mtl": {"face": 0}}, {"geom": {"polygons": [[[[-6.7389096125843935, -3.892404057085514], [-6.7389096125843935, -3.8887242395430803], [-4.867916393064661, 5.924852015450597], [6.7389096125843935, 3.4198115710169077], [6.7389096125843935, -0.05970620736479759], [6.239583573304117, -2.901333885267377], [3.4752087704546284, -2.40653427131474], [3.7389930419740267, -2.812299432232976], [3.1318187859724276, -5.793057925999165], [2.764691199408844, -5.712951863184571], [2.719155882950872, -5.924852015450597], [-6.7389096125843935, -3.892404057085514]]]], "centroids": [[-0.08438720434787683, 0.0031503867357969284, 6.0]], "h": 6.0}, "mtl": {"face": 1}}, {"geom": {"polygons": [[[[-6.7389096125843935, -3.892404057085514], [-6.7389096125843935, -3.8887242395430803], [-4.867916393239284, 5.924852015450597], [6.7389096125843935, 3.4198115710169077], [6.7389096125843935, -1.0013413671404123], [6.36222180139157, -3.1990208122879267], [-2.0171318559441715, -1.495055990293622], [-2.717977300140774, -4.756464017555118], [-6.7389096125843935, -3.892404057085514]]]], "centroids": [[-0.14665035708458163, 0.7460413072258234, 9.0]], "h": 9.0}, "mtl": {"face": 2}}], "featureCount": 3, "startIndex": 0}