{"type": "block", "layer": 1, "block": 0, "features": [{"geom": {"triangles": {"v": [-5.0368345670285635, -4.816867720335722, 3.0, -8.505584567028563, -23.816867720335722, 3.0, -0.17745956702856347, -18.816867720335722, 3.0, 5.0725404329714365, 5.183132279664278, 3.0, -2.6930845670285635, 6.183132279664278, 3.0, -3.1930845670285635, -30.816867720335722, 3.0], "f": [0, 1, 2, 0, 2, 3, 4, 0, 3, 1, 5, 2]}, "centroids": [[-2.0872173291863874, -10.290769137442112, 3.0]]}, "mtl": 0}], "featureCount": 1, "startIndex": 0}