{"type": "block", "layer": 1, "block": 0, "features": [{"geom": {"triangles": {"v": [-8.570870112802368, 8.958924435079098, 3.0, -10.336495112802368, 0.9589244350790977, 3.0, 9.882254887197632, 0.9589244350790977, 3.0, 10.444754887197632, 3.9589244350790977, 3.0, 8.976004887197632, -4.041075564920902, 3.0], "f": [0, 1, 2, 0, 2, 3, 1, 4, 2]}, "centroids": [[0.11580827919533476, 2.3749896120280027, 3.0]]}, "mtl": 0}], "featureCount": 1, "startIndex": 0}