{"type": "block", "layer": 0, "block": 0, "features": [{"geom": {"polygons": [[[[-5.763197454478359, -5.280837530270219], [-4.752326006273506, 4.475661458447576], [-1.297398589696968, 4.120328491553664], [-1.066902373218909, 6.2952079474925995], [-1.0609567503852304, 6.2952079474925995], [2.350170428486308, 5.929903320968151], [2.23221124522388, 3.7420322857797146], [5.763197454478359, 3.4329245258122683], [4.654274312604684, -6.2952079474925995], [4.647740849148249, -6.2952079474925995], [-5.763197454478359, -5.280837530270219]]]], "centroids": [[0.012320999085204676, -0.5075048841536045, 3.0]], "h": 3.0}, "mtl": {"face": 0}}, {"geom": {"polygons": [[[[-5.8064974544686265, -5.843837531283498], [-5.763197454478359, -5.280837530270219], [-4.752326006273506, 4.475661458447576], [-1.297398589696968, 4.120328491553664], [-1.066902373218909, 6.2952079474925995], [-1.0609567503852304, 6.2952079474925995], [2.350170428486308, 5.929903320968151], [2.23221124522388, 3.7420322857797146], [5.763197454478359, 3.4329245258122683], [4.654274312604684, -6.2952079474925995], [0.5602765750663821, -6.2952079474925995], [0.5873573749267962, -5.899592032656074], [-0.10909406261635013, -5.831734582781792], [-0.1542517282650806, -6.2952079474925995], [-1.0536343432904687, -6.2952079474925995], [-5.8064974544686265, -5.843837531283498]]]], "centroids": [[-0.05648188627674244, -0.6927761491388083, 6.0]], "h": 6.0}, "mtl": {"face": 1}}], "featureCount": 2, "startIndex": 0}