{"type": "block", "layer": 1, "block": 0, "features": [{"geom": {"triangles": {"v": [-4.069622454466298, 10.601162469014525, 3.0, -5.757122454466298, -5.398837530985475, 3.0, 4.649127545533702, -6.398837530985475, 3.0, 6.524127545533702, 10.601162469014525, 3.0], "f": [0, 1, 2, 0, 2, 3]}, "centroids": [[0.34801322349812835, 2.420545857399702, 3.0]]}, "mtl": 0}], "featureCount": 1, "startIndex": 0}