{"type": "block", "layer": 1, "block": 0, "features": [{"geom": {"triangles": {"v": [6.524169995391276, 0.19808046706020832, 3.0, -17.460205004608724, 5.198080467060208, 3.0, -18.647705004608724, -0.8019195329397917, 3.0, 5.289794995391276, -5.801919532939792, 3.0], "f": [0, 1, 2, 0, 2, 3]}, "centroids": [[-6.112491389299976, -0.23727880977094173, 3.0]]}, "mtl": 0}], "featureCount": 1, "startIndex": 0}