{"type": "block", "layer": 0, "block": 0, "features": [{"geom": {"polygons": [[[[-3.1526891987014096, -0.6090516485273838], [-3.1526891987014096, 1.9447094034403563], [-2.6415642433275934, 1.8365663662552834], [-3.1526891987014096, -0.6090516485273838]]]], "centroids": [[-2.9823142135865055, 1.0574080385267735, 3.0]], "h": 3.0}, "mtl": {"face": 0}}, {"geom": {"polygons": [[[[-3.1526891987014096, -0.6106269992887974], [-3.1526891987014096, -0.6090516485273838], [-2.6415642433275934, 1.8365663662552834], [3.1526891987014096, 0.6106270011514425], [3.1526891987014096, 0.6090516485273838], [2.641564243385801, -1.8365663643926382], [-3.1526891987014096, -0.6106269992887974]]]], "centroids": [[8.731149137020111e-11, 1.862645149230957e-09, 3.0]], "h": 3.0}, "mtl": {"face": 0}}], "featureCount": 2, "startIndex": 0}