{"type": "block", "layer": 1, "block": 0, "features": [{"geom": {"triangles": {"v": [-9.335224265785655, 3.7129550483077765, 3.0, -9.928974265785655, -2.2870449516922235, 3.0, 9.367900734214345, -4.2870449516922235, 3.0, 9.930400734214345, 2.7129550483077765, 3.0], "f": [0, 1, 2, 3, 0, 2]}, "centroids": [[0.06068640883313492, 0.048646265640854836, 3.0]]}, "mtl": 0}], "featureCount": 1, "startIndex": 0}