{"type": "block", "layer": 0, "block": 0, "features": [{"geom": {"polygons": [[[[-9.404610067082103, -1.9858245700597763], [-9.404610067082103, -1.9804343469440937], [-7.849279119283892, 6.42616362683475], [3.6667493778804783, 2.993481932207942], [4.526349377876613, 3.8614819310605526], [6.9632032270601485, 1.4382069539278746], [6.073251897352748, -0.32743579521775246], [6.31513896243996, -0.12616433762013912], [6.589398003241513, 0.0281131099909544], [6.887009667989332, 0.13032293878495693], [7.198186624562368, 0.17710385099053383], [7.5126954293227755, 0.16691739857196808], [7.784947779378854, 0.08278032019734383], [8.044093532778788, -0.03572650998830795], [8.285814478353132, -0.18662838079035282], [8.50608275886043, -0.36741077713668346], [8.701227988291066, -0.5750612765550613], [8.87777342685149, -0.8388910908252001], [9.0306293569447, -1.117116767913103], [9.158630208781688, -1.4076167587190866], [9.260799939773278, -1.7081759199500084], [9.336359476903453, -2.0165024008601904], [9.38473265740322, -2.330245127901435], [9.404610067082103, -2.632700216025114], [9.404610067082103, -2.6902989838272333], [9.398654628254008, -2.964386750012636], [8.96009132830659, -3.9867020584642887], [4.94451970141381, -2.337468521669507], [4.221381213574205, -6.426163624972105], [-9.404610067082103, -1.9858245700597763]]]], "centroids": [[-0.7448869724757969, -0.04207357205450535, 3.0]], "h": 3.0}, "mtl": {"face": 0}}, {"geom": {"polygons": [[[[-9.404610067082103, -1.9858245700597763], [-9.404610067082103, -1.9804343469440937], [-9.343418903590646, -1.649694763123989], [-9.404610067082103, -1.630814054980874], [-9.404610067082103, 0.9384565725922585], [-9.378850622131722, 1.0654819309711456], [-9.254487522965064, 1.2778953667730093], [-9.117250622133724, 1.4744819309562445], [-8.93383528519189, 1.6437698174268007], [-8.700650622136891, 1.8244819324463606], [-8.53375693349517, 2.726545989513397], [-8.699250622128602, 2.8664819318801165], [-8.790476186550222, 3.1175238136202097], [-8.84365062211873, 3.3904819320887327], [-8.847550622129347, 3.7284819316118956], [-8.369450622121803, 6.114481931552291], [-7.931117705622455, 5.983824267983437], [-7.849279119283892, 6.42616362683475], [3.6667493778804783, 2.993481932207942], [4.526349377876613, 3.8614819310605526], [6.9632032270601485, 1.4382069539278746], [6.073251897352748, -0.32743579521775246], [6.31513896243996, -0.12616433762013912], [6.589398003241513, 0.0281131099909544], [6.887009667989332, 0.13032293878495693], [7.198186624562368, 0.17710385099053383], [7.5126954293227755, 0.16691739857196808], [7.784947779378854, 0.08278032019734383], [8.044093532778788, -0.03572650998830795], [8.285814478353132, -0.18662838079035282], [8.50608275886043, -0.36741077713668346], [8.701227988291066, -0.5750612765550613], [8.87777342685149, -0.8388910908252001], [9.0306293569447, -1.117116767913103], [9.158630208781688, -1.4076167587190866], [9.260799939773278, -1.7081759199500084], [9.336359476903453, -2.0165024008601904], [9.38473265740322, -2.330245127901435], [9.404610067082103, -2.632700216025114], [9.404610067082103, -2.6902989838272333], [9.398654628254008, -2.964386750012636], [8.96009132830659, -3.9867020584642887], [4.94451970141381, -2.337468521669507], [4.221381213574205, -6.426163624972105], [-9.404610067082103, -1.9858245700597763]]]], "centroids": [[-0.8878027222235687, 0.0074827950447797775, 6.0]], "h": 6.0}, "mtl": {"face": 1}}], "featureCount": 2, "startIndex": 0}