{"type": "block", "layer": 1, "block": 0, "features": [{"geom": {"triangles": {"v": [3.6599493778776377, 2.8194819316267967, 3.0, -8.699425622122362, 1.8194819316267967, 3.0, -9.402550622122362, -2.1805180683732033, 3.0, -8.246300622122362, 6.819481931626797, 3.0, -9.058800622122362, 1.8194819316267967, 3.0, 9.050574377877638, -0.18051806837320328, 3.0, 4.519324377877638, 3.8194819316267967, 3.0, 12.831824377877638, -6.180518068373203, 3.0, 10.925574377877638, -2.1805180683732033, 3.0, 13.941199377877638, -9.180518068373203, 3.0], "f": [0, 1, 2, 3, 1, 0, 4, 1, 3, 5, 0, 2, 6, 0, 5, 7, 5, 2, 8, 5, 7, 9, 7, 2]}, "centroids": [[1.4031449103786144, -1.2182234339416027, 3.0]]}, "mtl": 0}], "featureCount": 1, "startIndex": 0}