{"type": "block", "layer": 1, "block": 0, "features": [{"geom": {"triangles": {"v": [-9.216279308951925, -16.020220762118697, 3.0, -5.0444043089519255, -17.020220762118697, 3.0, -4.8881543089519255, 2.979779237881303, 3.0, 5.8462206910480745, 0.9797792378813028, 3.0, 1.7212206910480745, -18.020220762118697, 3.0], "f": [0, 1, 2, 3, 2, 1, 3, 1, 4]}, "centroids": [[-1.6358833343838342, -7.592492053285241, 3.0]]}, "mtl": 0}], "featureCount": 1, "startIndex": 0}