{"type": "block", "layer": 0, "block": 0, "features": [{"geom": {"polygons": [[[[-4.5318333985924255, -2.9954408649355173], [-2.8661362760467455, 4.837075378745794], [-2.8637349363416433, 4.837075378745794], [1.6213671035075095, 3.8931004963815212], [0.5455203451856505, -0.6994521412998438], [4.531833398621529, -1.4413571581244469], [3.7818369814485777, -4.837075378745794], [3.7795469283300918, -4.837075378745794], [-4.5318333985924255, -2.9954408649355173]]]], "centroids": [[-0.47411487574572675, -0.4204934649169445, 3.0]], "h": 3.0}, "mtl": {"face": 0}}, {"geom": {"polygons": [[[[-4.5318333985924255, -2.9954408649355173], [-2.8661362760467455, 4.837075378745794], [-2.8637349363416433, 4.837075378745794], [1.6213671035075095, 3.8931004963815212], [0.5455203451856505, -0.6994521412998438], [4.531833398621529, -1.4413571581244469], [3.7818369814485777, -4.837075378745794], [3.7795469283300918, -4.837075378745794], [-4.5318333985924255, -2.9954408649355173]]]], "centroids": [[-0.47411487574572675, -0.4204934649169445, 6.0]], "h": 6.0}, "mtl": {"face": 1}}], "featureCount": 2, "startIndex": 0}