{"type": "block", "layer": 0, "block": 0, "features": [{"geom": {"polygons": [[[[-4.504252768296283, -1.2822309248149395], [-4.504252768296283, -1.2800141144543886], [-3.7752967635169625, 2.22550000064075], [4.504252768296283, 1.3365483656525612], [4.504252768296283, 1.3338212482631207], [3.9057032368145883, -2.22550000064075], [-4.504252768296283, -1.2822309248149395]]]], "centroids": [[0.039398865861585364, 0.00787028856575489, 3.0]], "h": 3.0}, "mtl": {"face": 0}}, {"geom": {"polygons": [[[[-4.504252768296283, -1.2800141144543886], [-4.504252768296283, 2.3457859978079796], [-3.7752967635169625, 2.22550000064075], [-4.504252768296283, -1.2800141144543886]]]], "centroids": [[-4.261267433379544, 1.0970906279981136, 3.0]], "h": 3.0}, "mtl": {"face": 0}}, {"geom": {"polygons": [[[[-4.504252768296283, -4.504252769052982], [-4.504252768296283, -3.7462744247168303], [-2.419401443505194, -4.030254436656833], [-2.483965191495372, -4.504252769052982], [-4.504252768296283, -4.504252769052982]]]], "centroids": [[-3.555199211114086, -4.188929146155715, 3.0]], "h": 3.0}, "mtl": {"face": 0}}, {"geom": {"polygons": [[[[-4.504252768296283, -1.2822309248149395], [-4.504252768296283, -1.2800141144543886], [-3.7752967635169625, 2.22550000064075], [4.504252768296283, 1.3365483656525612], [4.504252768296283, 1.3338212482631207], [3.905703237862326, -2.2254999950528145], [-4.504252768296283, -1.2822309248149395]]]], "centroids": [[0.03939886504667811, 0.00787028856575489, 6.0]], "h": 6.0}, "mtl": {"face": 1}}], "featureCount": 4, "startIndex": 0}