{"type": "block", "layer": 0, "block": 0, "features": [{"geom": {"polygons": [[[[-4.676091094355797, -5.673605751246214], [-4.656091094366275, -5.441605752333999], [-2.18595678685233, 4.115710290148854], [-1.5604336503020022, 6.535952093079686], [-1.5577356015273836, 6.535952093079686], [0.8361844896862749, 5.9172319285571575], [0.3862318441970274, 3.827567944303155], [4.676091094355797, 3.347035452723503], [2.2540690975729376, -6.535952093079686], [2.2486599481489975, -6.535952093079686], [-4.676091094355797, -5.673605751246214]]]], "centroids": [[-0.04316163336625323, -0.7156905848532915, 3.0]], "h": 3.0}, "mtl": {"face": 0}}, {"geom": {"polygons": [[[[-4.676091094414005, -5.673605751246214], [-4.656091094424482, -5.441605752333999], [-2.1859567869105376, 4.115710290148854], [-1.5604336501273792, 6.535952093079686], [-1.5577356013527606, 6.535952093079686], [0.8361844896862749, 5.9172319285571575], [0.3862318441970274, 3.827567944303155], [4.67609109429759, 3.347035452723503], [2.25406909751473, -6.535952093079686], [-2.2336698666913435, -6.535952093079686], [-2.165219529386377, -5.986287159845233], [-4.676091094414005, -5.673605751246214]]]], "centroids": [[-0.053923143655993044, -0.8057510461658239, 6.0]], "h": 6.0}, "mtl": {"face": 1}}, {"geom": {"polygons": [[[[-4.676091094414005, -5.673605751246214], [-4.656091094424482, -5.441605752333999], [-2.1859567869105376, 4.115710290148854], [-1.5604336503020022, 6.535952093079686], [-1.5577356015273836, 6.535952093079686], [0.8361844896862749, 5.9172319285571575], [0.3862318441970274, 3.827567944303155], [4.67609109429759, 3.347035452723503], [2.25406909751473, -6.535952093079686], [-2.2336698666913435, -6.535952093079686], [-2.165219529386377, -5.986287159845233], [-4.676091094414005, -5.673605751246214]]]], "centroids": [[-0.053923143655993044, -0.8057510443031788, 9.0]], "h": 9.0}, "mtl": {"face": 2}}], "featureCount": 3, "startIndex": 0}