{"type": "block", "layer": 0, "block": 0, "features": [{"geom": {"polygons": [[[[-5.715171157207806, 0.6253577172756195], [-5.715171157207806, 0.6278852969408035], [-4.600812276126817, 5.291104169562459], [4.8048202359932475, 2.9271840285509825], [3.911292003816925, -0.7792303934693336], [5.715171157207806, -1.267478996887803], [5.715171157207806, -1.26995899528265], [4.726744319457794, -5.291104171425104], [-4.8764994203229435, -2.858236037194729], [-4.129676424374338, 0.2488435860723257], [-5.715171157207806, 0.6253577172756195]]]], "centroids": [[-0.03842427805648185, 0.0015544332563877106, 3.0]], "h": 3.0}, "mtl": {"face": 0}}, {"geom": {"polygons": [[[[-5.715171157207806, 0.6253577172756195], [-5.715171157207806, 0.6278852969408035], [-4.600812276126817, 5.291104169562459], [4.8048202359932475, 2.9271840285509825], [3.911292003816925, -0.7792303934693336], [5.715171157207806, -1.267478996887803], [5.715171157207806, -1.26995899528265], [4.726744319457794, -5.291104171425104], [-4.8764994203229435, -2.858236037194729], [-4.129676424374338, 0.2488435860723257], [-5.715171157207806, 0.6253577172756195]]]], "centroids": [[-0.03842427805648185, 0.0015544332563877106, 6.0]], "h": 6.0}, "mtl": {"face": 1}}], "featureCount": 2, "startIndex": 0}