{"type": "block", "layer": 0, "block": 0, "features": [{"geom": {"polygons": [[[[-3.795877446857048, -3.6149429958313704], [-1.862236190965632, 4.908314587548375], [-1.8599610885721631, 4.908314587548375], [3.795877446857048, 3.6251945327967405], [1.9009864481631666, -4.908314587548375], [1.8987161499680951, -4.908314587548375], [-3.795877446857048, -3.6149429958313704]]]], "centroids": [[0.008667288115248084, -0.0023448094725608826, 3.0]], "h": 3.0}, "mtl": {"face": 0}}, {"geom": {"polygons": [[[[-3.795877446857048, -3.6149429976940155], [-1.8622361905581784, 4.908314587548375], [-1.8599610967794433, 4.908314587548375], [3.795877446857048, 3.6251945309340954], [1.900986448599724, -4.908314587548375], [1.898716141760815, -4.908314587548375], [-3.795877446857048, -3.6149429976940155]]]], "centroids": [[0.008667288144351915, -0.0023448094725608826, 6.0]], "h": 6.0}, "mtl": {"face": 1}}], "featureCount": 2, "startIndex": 0}