{"type": "block", "layer": 1, "block": 0, "features": [{"geom": {"triangles": {"v": [-14.05124755311408, 7.553194532170892, 3.0, -15.91062255311408, -0.44680546782910824, 3.0, 3.792502446885919, 3.5531945321708918, 3.0, 1.9018774468859192, -4.446805467829108, 3.0], "f": [0, 1, 2, 1, 3, 2]}, "centroids": [[-6.066120638890425, 1.3828605636954308, 3.0]]}, "mtl": 0}], "featureCount": 1, "startIndex": 0}