{"type": "block", "layer": 1, "block": 0, "features": [{"geom": {"triangles": {"v": [-13.931466831068974, 2.0727460738271475, 3.0, -14.775216831068974, -1.9272539261728525, 3.0, -13.228341831068974, -1.9272539261728525, 3.0, 6.537283168931026, 4.0727460738271475, 3.0, -12.947091831068974, 8.072746073827147, 3.0, 4.412283168931026, -5.9272539261728525, 3.0], "f": [0, 1, 2, 0, 2, 3, 4, 0, 3, 2, 5, 3]}, "centroids": [[-4.165718496282352, 0.7719707060605288, 3.0]]}, "mtl": 0}], "featureCount": 1, "startIndex": 0}