{"type": "block", "layer": 0, "block": 0, "features": [{"geom": {"polygons": [[[[-4.477695563313318, -4.388831967487931], [-2.9869271850038785, 5.504710370674729], [-2.983190649014432, 5.504710370674729], [4.477695563284215, 4.380496934056282], [2.917835418746108, -5.504710370674729], [2.914101722126361, -5.504710370674729], [-4.477695563313318, -4.388831967487931]]]], "centroids": [[-0.015969542670063674, 0.005526447668671608, 6.0]], "h": 6.0}, "mtl": {"face": 0}}, {"geom": {"polygons": [[[[-4.477695563313318, -4.388831967487931], [-2.9869271850038785, 5.504710370674729], [-2.983190649014432, 5.504710370674729], [4.477695563284215, 4.380496934056282], [2.9178353793686256, -5.504710370674729], [2.9141017206420656, -5.504710370674729], [-4.477695563313318, -4.388831967487931]]]], "centroids": [[-0.015969551634043455, 0.005526451393961906, 3.0]], "h": 3.0}, "mtl": {"face": 1}}, {"geom": {"polygons": [[[[-5.504710369859822, 2.4584369249641895], [-5.504710369859822, 5.504710370674729], [-4.97247842582874, 5.504710370674729], [-5.433156448038062, 2.4474027547985315], [-5.504710369859822, 2.4584369249641895]]]], "centroids": [[-5.32440621603746, 4.3656541258096695, 3.0]], "h": 3.0}, "mtl": {"face": 1}}], "featureCount": 3, "startIndex": 0}