{"type": "block", "layer": 1, "block": 0, "features": [{"geom": {"triangles": {"v": [-20.3375625826302, 8.611335940659046, 3.0, -21.8844375826302, -1.3886640593409538, 3.0, 2.9124374173698016, -5.388664059340954, 3.0, 4.4749374173698016, 4.611335940659046, 3.0], "f": [0, 1, 2, 0, 2, 3]}, "centroids": [[-8.702378951915307, 1.308275630697608, 3.0]]}, "mtl": 0}], "featureCount": 1, "startIndex": 0}