{"type": "block", "layer": 0, "block": 0, "features": [{"geom": {"polygons": [[[[-5.007500000006985, -4.3574917037039995], [-3.372926887939684, 5.848906755447388], [-3.3691495054517873, 5.848906755447388], [3.5794999999925494, 4.74550829641521], [5.007421160262311, -5.848906755447388], [5.003573550697183, -5.848906755447388], [-5.007500000006985, -4.3574917037039995]]]], "centroids": [[0.04309078125515953, -0.21498055197298527, 3.0]], "h": 3.0}, "mtl": {"face": 0}}, {"geom": {"polygons": [[[[-5.007500000006985, -4.3574917037039995], [-3.372926887939684, 5.848906755447388], [-0.9070832689176314, 5.848906755447388], [-0.06237500088172965, 5.732096100226045], [-0.1058037111943122, 5.433343928307295], [0.5858531697595026, 5.326512169092894], [0.630509417707799, 5.636280436068773], [3.3985000000102445, 5.253508294001222], [3.4448632849089336, 5.234788099303842], [3.4905504658818245, 5.214472107589245], [3.5355055909021758, 5.192585200071335], [3.5796751833404414, 5.16915344633162], [3.623007867427077, 5.14420398324728], [3.6654503692116123, 5.1177673283964396], [3.7069489666318987, 5.089877070859075], [3.7474585073650815, 5.0605635065585375], [3.786925348074874, 5.029865486547351], [3.8253045798337553, 4.997818106785417], [3.8625525521929376, 4.964457618072629], [3.8986221067316364, 4.929825995117426], [3.933467061346164, 4.893967837095261], [3.967050866689533, 4.8569207563996315], [3.9993282288487535, 4.818734738975763], [4.030264650966274, 4.77945052087307], [4.059820741444128, 4.739118009805679], [4.087959705706453, 4.6977876499295235], [4.114650532690575, 4.655505038797855], [4.139858780108625, 4.612324748188257], [4.163556261861231, 4.568295096978545], [4.185713330603903, 4.52347101084888], [4.206303063285304, 4.477907178923488], [4.214499999972759, 4.458508297801018], [5.545159133995185, -5.848906755447388], [5.003573550697183, -5.848906755447388], [-5.007500000006985, -4.3574917037039995]]]], "centroids": [[0.34649128920864314, -0.09631901979446411, 6.0]], "h": 6.0}, "mtl": {"face": 1}}, {"geom": {"polygons": [[[[-5.007500000006985, -4.3574917037039995], [-3.372926887939684, 5.848906755447388], [-0.9070832701399922, 5.848906755447388], [3.3985000000102445, 5.253508294001222], [3.4448632849089336, 5.234788099303842], [3.4905504658818245, 5.214472107589245], [3.5355055909021758, 5.192585200071335], [3.5796751833404414, 5.16915344633162], [3.623007867427077, 5.14420398324728], [3.6654503692116123, 5.1177673283964396], [3.7069489666318987, 5.089877070859075], [3.7474585073650815, 5.0605635065585375], [3.786925348074874, 5.029865486547351], [3.8253045798337553, 4.997818106785417], [3.8625525521929376, 4.964457618072629], [3.8986221067316364, 4.929825995117426], [3.933467061346164, 4.893967837095261], [3.967050866689533, 4.8569207563996315], [3.9993282288487535, 4.818734738975763], [4.030264650966274, 4.77945052087307], [4.059820741444128, 4.739118009805679], [4.087959705706453, 4.6977876499295235], [4.114650532690575, 4.655505038797855], [4.139858780108625, 4.612324748188257], [4.163556261861231, 4.568295096978545], [4.185713330603903, 4.52347101084888], [4.206303063285304, 4.477907178923488], [4.214499999972759, 4.458508297801018], [5.545159133995185, -5.848906755447388], [5.003573550697183, -5.848906755447388], [-5.007500000006985, -4.3574917037039995]]]], "centroids": [[0.3463085011462681, -0.08382951095700264, 9.0]], "h": 9.0}, "mtl": {"face": 2}}], "featureCount": 3, "startIndex": 0}