{"type": "block", "layer": 1, "block": 0, "features": [{"geom": {"triangles": {"v": [-3.3693750000093132, 6.266508296132088, 3.0, -5.010000000009313, -4.733491703867912, 3.0, 3.5837499999906868, 4.266508296132088, 3.0, 5.005624999990687, -5.733491703867912, 3.0], "f": [0, 1, 2, 2, 1, 3]}, "centroids": [[0.04312767670489848, -0.21497301384806633, 3.0]]}, "mtl": 0}], "featureCount": 1, "startIndex": 0}