{"type": "block", "layer": 0, "block": 0, "features": [{"geom": {"polygons": [[[[-5.672742093942361, -3.5100385043770075], [-5.672742093942361, -3.507344139739871], [-4.161408228363143, 3.3536281641572714], [-0.7855340374226216, 2.6463297605514526], [-0.1697790932666976, 5.5852749310433865], [2.8314945997844916, 4.953643769025803], [2.2163051263196394, 2.017397541552782], [5.672742093942361, 1.2932199779897928], [5.672742093942361, 1.2903932929039001], [4.232182144798571, -5.5852749310433865], [-5.672742093942361, -3.5100385043770075]]]], "centroids": [[0.13246737871668302, -0.5509854592382908, 3.0]], "h": 3.0}, "mtl": {"face": 0}}, {"geom": {"polygons": [[[[-4.161408228363143, 3.3536281641572714], [-3.650554187624948, 5.67274209484458], [-0.5853901545342524, 5.67274209484458], [-0.1697790932666976, 5.5852749310433865], [-0.7855340374226216, 2.6463297605514526], [-4.161408228363143, 3.3536281641572714]]]], "centroids": [[-2.1157858007063624, 4.324134312570095, 3.0]], "h": 3.0}, "mtl": {"face": 0}}, {"geom": {"polygons": [[[[2.2163051263196394, 2.017397541552782], [2.8314945997844916, 4.953643769025803], [5.672742093942361, 4.355690820142627], [5.672742093942361, 1.2932199779897928], [2.2163051263196394, 2.017397541552782]]]], "centroids": [[4.0930647317145485, 3.106231927871704, 3.0]], "h": 3.0}, "mtl": {"face": 0}}, {"geom": {"polygons": [[[[-5.672742093942361, -3.5100385043770075], [-5.672742093942361, -3.507344139739871], [-3.6505541875376366, 5.67274209484458], [0.7854990782216191, 5.67274209484458], [1.0592438129533548, 5.326621690765023], [1.5147195100435056, 5.605901716277003], [2.0484574555885047, 5.62996931374073], [2.5272204194043297, 5.392816476523876], [2.8314945997844916, 4.953643769025803], [3.380967115663225, 5.3391616884619], [5.672742093942361, 4.8611282631754875], [5.672742093942361, 1.290393291041255], [4.232182144798571, -5.5852749310433865], [-5.672742093942361, -3.5100385043770075]]]], "centroids": [[0.3676058524288237, 0.3668200969696045, 6.0]], "h": 6.0}, "mtl": {"face": 1}}], "featureCount": 4, "startIndex": 0}