{"type": "block", "layer": 1, "block": 0, "features": [{"geom": {"triangles": {"v": [-3.514527313876897, 6.026239160448313, 3.0, -7.795777313876897, -12.973760839551687, 3.0, 2.204222686123103, -14.973760839551687, 3.0, 6.282347686123103, 4.026239160448313, 3.0], "f": [0, 1, 2, 3, 0, 2]}, "centroids": [[-0.7124845909129363, -4.508362118154764, 3.0]]}, "mtl": 0}], "featureCount": 1, "startIndex": 0}