{"type": "block", "layer": 1, "block": 0, "features": [{"geom": {"triangles": {"v": [-8.914605257392395, 7.763686360791326, 3.0, -10.648980257392395, -0.23631363920867443, 3.0, 8.866644742607605, -5.236313639208674, 3.0, 10.647894742607605, 2.7636863607913256, 3.0], "f": [0, 1, 2, 0, 2, 3]}, "centroids": [[0.0016476107412017882, 1.2485282365232706, 3.0]]}, "mtl": 0}], "featureCount": 1, "startIndex": 0}