{"type": "block", "layer": 0, "block": 0, "features": [{"geom": {"polygons": [[[[-10.2586180785147, -1.7266111001372337], [-10.2586180785147, -1.7212830036878586], [-8.729743146745022, 5.882933588698506], [10.2586180785147, 1.9997990243136883], [10.2586180785147, 1.9944863393902779], [8.674813919875305, -5.8829335905611515], [-10.2586180785147, -1.7266111001372337]]]], "centroids": [[0.042000904912129045, 0.056485338136553764, 3.0]], "h": 3.0}, "mtl": {"face": 0}}, {"geom": {"polygons": [[[[-10.2586180785147, -1.7266111001372337], [-10.2586180785147, -1.7212830036878586], [-8.729743146745022, 5.882933588698506], [10.2586180785147, 1.9997990243136883], [10.2586180785147, -0.5421465542167425], [9.957419500919059, -2.040228033438325], [9.467228981433436, -1.9416721872985363], [9.271955905773211, -2.9129084423184395], [9.76040335415746, -3.0201338585466146], [9.163261368084932, -5.990159006789327], [8.674813919875305, -5.8829335905611515], [-10.2586180785147, -1.7266111001372337]]]], "centroids": [[0.21921547333477065, 0.007481355220079422, 6.0]], "h": 6.0}, "mtl": {"face": 1}}, {"geom": {"polygons": [[[[-10.2586180785147, -1.7266111001372337], [-10.2586180785147, -1.7212830036878586], [-8.729743146745022, 5.882933588698506], [10.2586180785147, 1.9997990243136883], [10.2586180785147, -0.5421465542167425], [9.957419500919059, -2.040228033438325], [9.467228981433436, -1.9416721872985363], [9.271955905773211, -2.9129084423184395], [9.76040335415746, -3.0201338585466146], [9.163261368084932, -5.990159006789327], [8.674813919875305, -5.8829335905611515], [-10.2586180785147, -1.7266111001372337]]]], "centroids": [[0.21921547333477065, 0.007481355220079422, 9.0]], "h": 9.0}, "mtl": {"face": 2}}], "featureCount": 3, "startIndex": 0}