{"type": "block", "layer": 0, "block": 0, "features": [{"geom": {"polygons": [[[[-2.51964591696742, -1.8919565100222826], [-0.7002591850468889, 3.1554504819214344], [-0.69944493600633, 3.1554504819214344], [2.51964591696742, 1.7052353918552399], [0.9287996644852683, -3.1554504819214344], [0.9276918155665044, -3.1554504819214344], [-0.3818393541732803, -2.7440704945474863], [-2.51964591696742, -1.8919565100222826]]]], "centroids": [[0.032898062985623255, -0.0747680626809597, 3.0]], "h": 3.0}, "mtl": {"face": 0}}, {"geom": {"polygons": [[[[-0.5277652902295813, -3.1554504819214344], [-0.3818393541732803, -2.7440704945474863], [0.9276918157702312, -3.1554504819214344], [-0.5277652902295813, -3.1554504819214344]]]], "centroids": [[0.006029057112755254, -3.0183238200843334, 3.0]], "h": 3.0}, "mtl": {"face": 0}}], "featureCount": 2, "startIndex": 0}