{"type": "block", "layer": 1, "block": 0, "features": [{"geom": {"triangles": {"v": [-22.565854083019076, 12.54023539274931, 3.0, -28.534604083019076, -3.4597646072506905, 3.0, -21.956479083019076, 12.54023539274931, 3.0, -7.175229083019076, -12.45976460725069, 3.0, 2.512270916980924, 1.5402353927493095, 3.0, -2.862729083019076, -14.45976460725069, 3.0], "f": [0, 1, 2, 2, 1, 3, 2, 3, 4, 3, 5, 4]}, "centroids": [[-12.88967926602345, -0.7820372991263866, 3.0]]}, "mtl": 0}], "featureCount": 1, "startIndex": 0}