{"type": "block", "layer": 1, "block": 0, "features": [{"geom": {"triangles": {"v": [-14.76851041885675, 5.556065920740366, 3.0, -16.65913541885675, -1.443934079259634, 3.0, 4.512739581143251, 1.556065920740366, 3.0, 2.7939895811432507, -6.443934079259634, 3.0], "f": [0, 1, 2, 1, 3, 2]}, "centroids": [[-6.055745902325725, -0.3582758251577616, 3.0]]}, "mtl": 0}], "featureCount": 1, "startIndex": 0}