{"type": "block", "layer": 0, "block": 0, "features": [{"geom": {"polygons": [[[[-6.831901002151426, -7.106285331770778], [-3.648082480794983, 7.7817730233073235], [3.2190357185318135, 6.416972441598773], [3.803139481198741, 9.153138933703303], [3.8072173594264314, 9.153138933703303], [6.831901002151426, 8.439979445189238], [3.044720872770995, -9.153138933703303], [3.040108797926223, -9.153138933703303], [-6.831901002151426, -7.106285331770778]]]], "centroids": [[-0.009018734184792265, -0.23922679759562016, 3.0]], "h": 3.0}, "mtl": {"face": 0}}, {"geom": {"polygons": [[[[-6.831901002151426, -7.106285331770778], [-3.648082480794983, 7.7817730233073235], [3.2190357185318135, 6.416972441598773], [3.803139481198741, 9.153138933703303], [3.8072173594264314, 9.153138933703303], [6.831901004334213, 8.439979445189238], [3.044720872770995, -9.153138933703303], [3.040108797926223, -9.153138933703303], [-6.831901002151426, -7.106285331770778]]]], "centroids": [[-0.009018733515404165, -0.23922679759562016, 6.0]], "h": 6.0}, "mtl": {"face": 1}}, {"geom": {"polygons": [[[[-6.831901002151426, -7.106285331770778], [-3.648082480794983, 7.7817730233073235], [3.2190357185318135, 6.416972441598773], [3.803139481198741, 9.153138933703303], [3.8072173594264314, 9.153138933703303], [6.831901002151426, 8.439979445189238], [3.044720872770995, -9.153138933703303], [3.040108797926223, -9.153138933703303], [-6.831901002151426, -7.106285331770778]]]], "centroids": [[-0.009018734184792265, -0.23922679759562016, 9.0]], "h": 9.0}, "mtl": {"face": 2}}, {"geom": {"polygons": [[[[-6.831901002151426, -7.106285331770778], [-3.5416599836898968, 8.279422100633383], [3.3046258847462013, 6.817909672856331], [3.803139481198741, 9.153138933703303], [3.8072173594264314, 9.153138933703303], [6.831901002151426, 8.439979445189238], [3.044720872770995, -9.153138933703303], [3.040108797926223, -9.153138933703303], [-6.831901002151426, -7.106285331770778]]]], "centroids": [[-0.014458085526712239, -0.09209111705422401, 12.0]], "h": 12.0}, "mtl": {"face": 3}}], "featureCount": 4, "startIndex": 0}