{"type": "block", "layer": 0, "block": 0, "features": [{"geom": {"polygons": [[[[-3.9070910332084168, -4.9109888058155775], [-3.9070910323935095, -4.910988800227642], [-2.0211937276180834, 5.865424362942576], [-2.017737571382895, 5.865424362942576], [3.907091033179313, 4.829037921503186], [2.247612238454167, -5.865424362942576], [2.243740881793201, -5.865424362942576], [-3.9070910332084168, -4.9109888058155775]]]], "centroids": [[0.04609418785548769, -0.05028246529400349, 6.0]], "h": 6.0}, "mtl": {"face": 0}}, {"geom": {"polygons": [[[[-3.9070910332084168, -4.9109888058155775], [-3.9070910323935095, -4.910988800227642], [-2.0211937276180834, 5.865424362942576], [-2.017737571382895, 5.865424362942576], [3.907091033179313, 4.829037921503186], [2.247612238454167, -5.865424362942576], [2.243740881793201, -5.865424362942576], [-3.9070910332084168, -4.9109888058155775]]]], "centroids": [[0.04609418785548769, -0.05028246529400349, 3.0]], "h": 3.0}, "mtl": {"face": 1}}, {"geom": {"polygons": [[[[4.570433265471365, -0.26205167174339294], [5.362920718616806, 4.574380345642567], [5.865424362826161, 4.486481079831719], [5.865424362826161, -0.4747401736676693], [4.570433265471365, -0.26205167174339294]]]], "centroids": [[5.386840394319734, 1.7213479075580835, 3.0]], "h": 3.0}, "mtl": {"face": 1}}, {"geom": {"polygons": [[[[4.570433265471365, -0.26205167174339294], [5.362920718616806, 4.574380345642567], [5.865424362826161, 4.486481079831719], [5.865424362826161, -0.4747401736676693], [4.570433265471365, -0.26205167174339294]]]], "centroids": [[5.386840394319734, 1.7213479075580835, 6.0]], "h": 6.0}, "mtl": {"face": 0}}], "featureCount": 4, "startIndex": 0}