{"type": "block", "layer": 1, "block": 0, "features": [{"geom": {"triangles": {"v": [-2.193874999997206, 6.174499999731779, 3.0, -3.506374999997206, -5.825500000268221, 3.0, 2.056125000002794, -6.825500000268221, 3.0, 3.509250000002794, 6.174499999731779, 3.0, 3.478000000002794, 6.174499999731779, 3.0, -2.178249999997206, 6.174499999731779, 3.0], "f": [0, 1, 2, 3, 0, 2, 4, 0, 3, 5, 0, 4]}, "centroids": [[-0.028415272827260196, -0.01006927341222763, 3.0]]}, "mtl": 0}], "featureCount": 1, "startIndex": 0}