{"type": "block", "layer": 0, "block": 0, "features": [{"geom": {"polygons": [[[[-3.8215386647498235, -2.1906754076480865], [-3.8215386647498235, -2.1880285125225782], [-2.9312001347425394, 3.7514310739934444], [3.8215386647498235, 2.023462673649192], [3.8215386647498235, 2.021905479952693], [2.3095965144457296, -3.7514310758560896], [-3.8215386647498235, -2.1906754076480865]]]], "centroids": [[-0.1464579721505288, 0.005618024617433548, 3.0]], "h": 3.0}, "mtl": {"face": 0}}, {"geom": {"polygons": [[[[2.3095965144166257, -3.7514310758560896], [3.8215386647498235, 2.021905479952693], [3.8215386647498235, -3.8215386644005775], [2.5850009941204917, -3.8215386644005775], [2.3095965144166257, -3.7514310758560896]]]], "centroids": [[3.3135528441926, -1.8692814726382494, 3.0]], "h": 3.0}, "mtl": {"face": 0}}, {"geom": {"polygons": [[[[-3.8215386647498235, -2.1906754076480865], [-3.8215386647498235, 2.6015695314854383], [-3.666685863834573, 3.8215386644005775], [-3.205174035654636, 3.8215386644005775], [-2.9312001347425394, 3.7514310739934444], [3.8215386647498235, 2.023462673649192], [3.8215386647498235, 2.021905479952693], [2.3095965144457296, -3.7514310758560896], [-3.8215386647498235, -2.1906754076480865]]]], "centroids": [[-0.35355097986757755, 0.11306008882820606, 6.0]], "h": 6.0}, "mtl": {"face": 1}}, {"geom": {"polygons": [[[[2.3095965144166257, -3.7514310758560896], [3.8215386647498235, 2.021905479952693], [3.8215386647498235, -3.8215386644005775], [2.5850009941204917, -3.8215386644005775], [2.3095965144166257, -3.7514310758560896]]]], "centroids": [[3.3135528441926, -1.8692814726382494, 6.0]], "h": 6.0}, "mtl": {"face": 1}}], "featureCount": 4, "startIndex": 0}