{"type": "block", "layer": 0, "block": 0, "features": [{"geom": {"polygons": [[[[-5.116437944758218, -4.338346501812339], [-4.266522853664355, 5.191485024988651], [-4.26056537788827, 5.191485024988651], [0.7516477744793519, 4.751242831349373], [0.4992310983070638, 1.8774469904601574], [5.116437944758218, 1.5013772267848253], [4.555299547937466, -5.191485024988651], [4.549373619171092, -5.191485024988651], [-5.116437944758218, -4.338346501812339]]]], "centroids": [[-0.33561676676617935, -0.5240646041929722, 3.0]], "h": 3.0}, "mtl": {"face": 0}}, {"geom": {"polygons": [[[[-5.116437943652272, -4.338346499949694], [-4.26652285354794, 5.191485024988651], [0.7903163265145849, 5.191485024988651], [0.5616978834441397, 2.588635079562664], [5.1760841422656085, 2.212795050814748], [4.555299548053881, -5.191485024988651], [4.549373619287508, -5.191485024988651], [-5.116437943652272, -4.338346499949694]]]], "centroids": [[-0.2179851054388564, -0.3488548155874014, 6.0]], "h": 6.0}, "mtl": {"face": 1}}], "featureCount": 2, "startIndex": 0}