{"type": "block", "layer": 1, "block": 0, "features": [{"geom": {"triangles": {"v": [-4.087802116438979, 6.776235081255436, 3.0, -6.306552116438979, -17.223764918744564, 3.0, -1.5253021164389793, -18.223764918744564, 3.0, 5.521572883561021, 6.776235081255436, 3.0, 3.4278228835610207, -18.223764918744564, 3.0], "f": [0, 1, 2, 0, 2, 3, 2, 4, 3]}, "centroids": [[-0.3626184315653518, -5.709443639963865, 3.0]]}, "mtl": 0}], "featureCount": 1, "startIndex": 0}