{"type": "block", "layer": 0, "block": 0, "features": [{"geom": {"polygons": [[[[-4.452449999982491, -7.871987126767635], [-4.446816892188508, -3.0574802439659834], [-1.446824851562269, -3.0505696535110474], [-1.4428120563388802, 0.39911690168082714], [-4.442749999958323, 0.4184128735214472], [-4.413134267466376, 7.8881982285529375], [-4.335816326638451, 7.8881982285529375], [4.306650000042282, 7.800012873485684], [4.452442668669391, -7.8881982285529375], [4.039210731949424, -7.8881982285529375], [-4.452449999982491, -7.871987126767635]]]], "centroids": [[0.20330456134979613, 0.05802840180695057, 3.0]], "h": 3.0}, "mtl": {"face": 0}}, {"geom": {"polygons": [[[[-4.452449999982491, -7.871987126767635], [-4.446816892188508, -3.0574802439659834], [-4.4457638676976785, -2.1574808601289988], [-2.345798851834843, -2.1526434123516083], [-2.34285635658307, 0.40490609779953957], [-4.442749999958323, 0.4184128735214472], [-4.413134267466376, 7.8881982285529375], [-4.335816326638451, 7.8881982285529375], [4.306650000042282, 7.800012873485684], [4.452442668669391, -7.8881982285529375], [-4.4522146996168885, -7.8881982285529375], [-4.452449999982491, -7.871987126767635]]]], "centroids": [[0.10242391892825253, -0.016054779291152954, 6.0]], "h": 6.0}, "mtl": {"face": 1}}, {"geom": {"polygons": [[[[-4.452449999982491, -7.871987126767635], [-4.446816892188508, -3.0574802439659834], [-4.4457638676976785, -2.1574808601289988], [-2.345798851834843, -2.1526434123516083], [-2.34285635658307, 0.40490609779953957], [-4.442749999958323, 0.4184128735214472], [-4.413134267466376, 7.8881982285529375], [-4.335816326638451, 7.8881982285529375], [4.306650000042282, 7.800012873485684], [4.452442668669391, -7.8881982285529375], [-4.4522146996168885, -7.8881982285529375], [-4.452449999982491, -7.871987126767635]]]], "centroids": [[0.10242391892825253, -0.016054779291152954, 9.0]], "h": 9.0}, "mtl": {"face": 2}}, {"geom": {"polygons": [[[[-4.452449999982491, -7.871987126767635], [-4.446816892188508, -3.0574802439659834], [-4.4457638676976785, -2.1574808601289988], [-2.345798851834843, -2.1526434123516083], [-2.34285635658307, 0.40490609779953957], [-4.442749999958323, 0.4184128735214472], [-4.413134267466376, 7.8881982285529375], [-4.335816326638451, 7.8881982285529375], [4.306650000042282, 7.800012873485684], [4.452442668669391, -7.8881982285529375], [-4.4522146996168885, -7.8881982285529375], [-4.452449999982491, -7.871987126767635]]]], "centroids": [[0.10242391892825253, -0.016054779291152954, 12.0]], "h": 12.0}, "mtl": {"face": 3}}], "featureCount": 4, "startIndex": 0}