{"type": "block", "layer": 1, "block": 0, "features": [{"geom": {"triangles": {"v": [-2.0368575499160215, 19.019005686044693, 3.0, -5.1306075499160215, -2.980994313955307, 3.0, 5.0881424500839785, 2.019005686044693, 3.0, 7.3068924500839785, 19.019005686044693, 3.0, 2.2912674500839785, 25.019005686044693, 3.0, -1.1149825499160215, 25.019005686044693, 3.0, 8.041267450083978, 24.019005686044693, 3.0, 4.2600174500839785, -3.980994313955307, 3.0], "f": [0, 1, 2, 0, 2, 3, 4, 0, 3, 5, 0, 4, 4, 3, 6, 1, 7, 2]}, "centroids": [[1.5052725005662069, 10.66990002244711, 3.0]]}, "mtl": 0}], "featureCount": 1, "startIndex": 0}