{"type": "block", "layer": 1, "block": 0, "features": [{"geom": {"triangles": {"v": [-2.1990514945355244, 5.778642944991589, 3.0, -3.4490514945355244, -6.221357055008411, 3.0, 2.1446985054644756, -6.221357055008411, 3.0, 3.4571985054644756, 5.778642944991589, 3.0, -2.1990514945355244, 6.778642944991589, 3.0], "f": [0, 1, 2, 0, 2, 3, 4, 0, 3]}, "centroids": [[-0.005207337409956381, -0.01444997824728489, 3.0]]}, "mtl": 0}], "featureCount": 1, "startIndex": 0}