{"type": "block", "layer": 0, "block": 0, "features": [{"geom": {"polygons": [[[[4.617433196661295, 1.0551263187080622], [5.210374856804265, 4.123800028115511], [5.925358032720396, 3.9749456867575645], [5.925358032720396, 0.05180752091109753], [5.382526923815021, 0.168855307623744], [5.512382172135403, 0.8507858086377382], [4.617433196661295, 1.0551263187080622]]]], "centroids": [[5.431922240008134, 2.145878301933408, 3.0]], "h": 3.0}, "mtl": {"face": 0}}, {"geom": {"polygons": [[[[-5.512382171873469, -3.8968731574714184], [-4.50222204439342, 0.90456448122859], [-2.055778902285965, 0.3898646142333746], [-1.644019008090254, 2.3470191303640604], [-4.0904621502850205, 2.8617189954966307], [-3.445912281429628, 5.925358032807708], [-3.4429412311001215, 5.925358032807708], [5.210374856949784, 4.123800029978156], [4.617433196952334, 1.0551263205707073], [5.512382172426442, 0.8507858105003834], [5.382526923756814, 0.16885530948638916], [4.0954772830882575, -5.925358032807708], [4.092546188418055, -5.925358032807708], [-5.512382171873469, -3.8968731574714184]]]], "centroids": [[0.35042331388103776, -0.1651846133172512, 6.0]], "h": 6.0}, "mtl": {"face": 1}}, {"geom": {"polygons": [[[[-5.512382172164507, -3.8968731593340635], [-4.50222204340389, 0.90456448122859], [-2.0557789022568613, 0.3898646142333746], [-1.644019008090254, 2.3470191303640604], [-4.0904621502850205, 2.8617189954966307], [-3.4459122813132126, 5.925358032807708], [-3.4429412403260358, 5.925358032807708], [5.210374856658746, 4.123800028115511], [4.617433196661295, 1.0551263187080622], [5.512382172135403, 0.8507858086377382], [5.382526923465775, 0.168855307623744], [4.095477283175569, -5.925358032807708], [4.092546179308556, -5.925358032807708], [-5.512382172164507, -3.8968731593340635]]]], "centroids": [[0.3504233137355186, -0.16518461517989635, 3.0]], "h": 3.0}, "mtl": {"face": 0}}], "featureCount": 3, "startIndex": 0}