{"type": "block", "layer": 1, "block": 0, "features": [{"geom": {"triangles": {"v": [-3.4387577047455125, 5.714502327144146, 3.0, -5.5168827047455125, -4.285497672855854, 3.0, 14.139367295254488, -8.285497672855854, 3.0, 16.279992295254488, 1.714502327144146, 3.0], "f": [0, 1, 2, 0, 2, 3]}, "centroids": [[5.375138688628795, -1.0496139470487833, 3.0]]}, "mtl": 0}], "featureCount": 1, "startIndex": 0}