{"type": "block", "layer": 1, "block": 0, "features": [{"geom": {"triangles": {"v": [-4.449491864361335, 3.698803124949336, 3.0, -5.418241864361335, -3.301196875050664, 3.0, 7.816133135638665, -4.301196875050664, 3.0, 8.519258135638665, 2.698803124949336, 3.0], "f": [0, 1, 2, 0, 2, 3]}, "centroids": [[1.62981794658117, -0.13754784688353539, 3.0]]}, "mtl": 0}], "featureCount": 1, "startIndex": 0}