{"type": "block", "layer": 1, "block": 0, "features": [{"geom": {"triangles": {"v": [-2.743914862832753, 3.640882182866335, 3.0, -4.822039862832753, -6.359117817133665, 3.0, 16.787335137167247, -0.3591178171336651, 3.0, 14.693585137167247, -10.359117817133665, 3.0], "f": [0, 1, 2, 1, 3, 2]}, "centroids": [[6.000862542772666, -3.13623134419322, 3.0]]}, "mtl": 0}], "featureCount": 1, "startIndex": 0}