{"type": "block", "layer": 0, "block": 0, "features": [{"geom": {"polygons": [[[[-10.061993699142477, -1.8367227893322706], [-10.061993699142477, -1.831887798383832], [-8.370999998645857, 5.918500000610948], [1.8630000013508834, 3.587499998509884], [10.061993699142477, 1.7577245756983757], [10.061993699142477, 1.752923958003521], [8.375000001338776, -5.918500000610948], [-10.061993699142477, -1.8367227893322706]]]], "centroids": [[-0.015622153965523466, -0.020800255239009857, 3.0]], "h": 3.0}, "mtl": {"face": 0}}, {"geom": {"polygons": [[[[-10.061993699142477, -1.8367227893322706], [-10.061993699142477, 1.7329407893121243], [-9.972888023039559, 1.7190935164690018], [-9.772632819251157, 2.6869090870022774], [-9.858534878439968, 2.7114652395248413], [-9.220999998651678, 5.633499998599291], [-8.744999998656567, 5.991499999538064], [-8.370999998645857, 5.918500000610948], [1.8630000013508834, 3.587499998509884], [10.061993699142477, 1.7577246632426977], [10.061993699142477, -1.0398790072649717], [8.960815219616052, -6.0481939893215895], [8.375000001338776, -5.918500002473593], [3.088498487486504, -4.748118227347732], [3.5927311755367555, -2.6623449344187975], [2.226735657226527, -2.355659030377865], [1.7215237570635509, -4.445482863113284], [-10.061993699142477, -1.8367227893322706]]]], "centroids": [[-0.1080753524438478, 0.06362730823457241, 6.0]], "h": 6.0}, "mtl": {"face": 1}}, {"geom": {"polygons": [[[[-10.061993699142477, -1.8367227893322706], [-10.061993699142477, 1.7329407893121243], [-9.972888023039559, 1.7190935164690018], [-9.772632819251157, 2.6869090870022774], [-9.858534878439968, 2.7114652395248413], [-9.220999998651678, 5.633499998599291], [-8.744999998656567, 5.991499999538064], [-8.370999998645857, 5.918500000610948], [1.8630000013508834, 3.587499998509884], [10.061993699142477, 1.7577246632426977], [10.061993699142477, -1.0398790072649717], [8.96081521891756, -6.0481939893215895], [8.375000000931323, -5.918500002473593], [3.088498487632023, -4.748118227347732], [3.5927311755367555, -2.6623449344187975], [2.226735657226527, -2.355659030377865], [1.721523757383693, -4.445482861250639], [-10.061993699142477, -1.8367227893322706]]]], "centroids": [[-0.10807535235653631, 0.06362731195986271, 9.0]], "h": 9.0}, "mtl": {"face": 2}}, {"geom": {"polygons": [[[[-10.061993699142477, -1.8367227893322706], [-10.061993699142477, 1.7329407893121243], [-9.972888023039559, 1.7190935164690018], [-9.772632819251157, 2.6869090870022774], [-9.858534878439968, 2.7114652395248413], [-9.220999998651678, 5.633499998599291], [-8.744999998656567, 5.991499999538064], [-8.370999998645857, 5.918500000610948], [1.8630000013508834, 3.587499998509884], [10.061993699142477, 1.7577246632426977], [10.061993699142477, -1.0398790054023266], [8.960815219325013, -6.048193987458944], [8.375000000931323, -5.918500002473593], [3.088498487486504, -4.748118227347732], [3.5927311755367555, -2.6623449344187975], [2.226735657226527, -2.355659030377865], [1.7215237575001083, -4.445482861250639], [-10.061993699142477, -1.8367227893322706]]]], "centroids": [[-0.1080753524438478, 0.06362731009721756, 12.0]], "h": 12.0}, "mtl": {"face": 3}}, {"geom": {"polygons": [[[[-10.061993699142477, -1.8367227893322706], [-10.061993699142477, 1.7329407893121243], [-9.972888023039559, 1.7190935164690018], [-9.772632819251157, 2.6869090870022774], [-9.858534878439968, 2.7114652395248413], [-9.220999998651678, 5.633499998599291], [-8.744999998656567, 5.991499999538064], [-8.370999998645857, 5.918500000610948], [1.8630000013508834, 3.587499998509884], [10.061993699142477, 1.7577246632426977], [10.061993699142477, -1.0398790072649717], [8.960815218946664, -6.0481939893215895], [8.375000001338776, -5.918500000610948], [3.0884984877484385, -4.748118227347732], [3.5927311755367555, -2.6623449344187975], [2.226735657226527, -2.355659030377865], [1.72152375720907, -4.445482863113284], [-10.061993699142477, -1.8367227893322706]]]], "centroids": [[-0.10807535273488611, 0.06362731009721756, 15.0]], "h": 15.0}, "mtl": {"face": 4}}], "featureCount": 5, "startIndex": 0}