{"type": "block", "layer": 1, "block": 0, "features": [{"geom": {"triangles": {"v": [-8.363249998656102, 5.781499998643994, 3.0, -10.066374998656102, -2.2185000013560057, 3.0, 1.8555000013438985, 3.7814999986439943, 3.0, 9.449250001343898, -6.218500001356006, 3.0, 10.058625001343898, 1.7814999986439943, 3.0, 11.136750001343898, 1.7814999986439943, 3.0], "f": [0, 1, 2, 3, 2, 1, 4, 2, 3, 5, 4, 3]}, "centroids": [[0.5205125930078793, -0.13984557427465916, 3.0]]}, "mtl": 0}], "featureCount": 1, "startIndex": 0}