{"type": "block", "layer": 0, "block": 0, "features": [{"geom": {"polygons": [[[[-1.7595141379570123, -1.7525193318724632], [-1.2390060289762914, 2.135973207652569], [-1.2375309601193294, 2.135973207652569], [1.7595141379570123, 1.6933612432330847], [1.0992494835809339, -2.135973207652569], [1.0976209618675057, -2.135973207652569], [-1.7595141379570123, -1.7525193318724632]]]], "centroids": [[-0.03493512695422396, 0.0015512295067310333, 3.0]], "h": 3.0}, "mtl": {"face": 0}}, {"geom": {"polygons": [[[[-2.135973208292853, -2.135973207652569], [-2.135973208292853, -1.7019950542598963], [1.0976209624204785, -2.135973207652569], [-2.135973208292853, -2.135973207652569]]]], "centroids": [[-1.0581084846926387, -1.991313822567463, 3.0]], "h": 3.0}, "mtl": {"face": 0}}, {"geom": {"polygons": [[[[-2.135973208292853, -2.135973207652569], [-2.135973208292853, -1.7019950542598963], [1.0976209624204785, -2.135973207652569], [-2.135973208292853, -2.135973207652569]]]], "centroids": [[-1.0581084846926387, -1.991313822567463, 6.0]], "h": 6.0}, "mtl": {"face": 1}}], "featureCount": 3, "startIndex": 0}