{"type": "block", "layer": 0, "block": 0, "features": [{"geom": {"polygons": [[[[-2.244888781744521, -1.9046035930514336], [-2.244888781744521, -1.9027507659047842], [-1.7373680862947367, 2.2426270581781864], [2.244888781744521, 1.8686935119330883], [2.244888781744521, 1.8668429609388113], [1.7405770191398915, -2.2426270563155413], [-2.244888781744521, -1.9046035930514336]]]], "centroids": [[-0.002064261119812727, -0.008618855848908424, 3.0]], "h": 3.0}, "mtl": {"face": 0}}, {"geom": {"polygons": [[[[-2.244888781744521, -2.2448887825012207], [-2.244888781744521, -1.9046035930514336], [1.7405770191689953, -2.2426270563155413], [1.7402994614385534, -2.2448887825012207], [-2.244888781744521, -2.2448887825012207]]]], "centroids": [[-0.9076298197323922, -2.1314553543925285, 3.0]], "h": 3.0}, "mtl": {"face": 0}}, {"geom": {"polygons": [[[[-2.244888781744521, -2.2448887825012207], [-2.244888781744521, -1.9046035930514336], [1.7405770191398915, -2.2426270563155413], [1.7402994614094496, -2.2448887825012207], [-2.244888781744521, -2.2448887825012207]]]], "centroids": [[-0.9076298198197037, -2.1314553562551737, 6.0]], "h": 6.0}, "mtl": {"face": 1}}], "featureCount": 3, "startIndex": 0}