{"type": "block", "layer": 0, "block": 0, "features": [{"geom": {"polygons": [[[[-1.110061427752953, 2.7715212870389223], [2.5330784175312147, 2.7715212870389223], [2.2976199060794897, 1.8643283490091562], [-1.110061427752953, 2.7715212870389223]]]], "centroids": [[1.2402122986095492, 2.4691236410290003, 3.0]], "h": 3.0}, "mtl": {"face": 0}}, {"geom": {"polygons": [[[[-1.110061427752953, 2.7715212870389223], [2.5330784175312147, 2.7715212870389223], [2.2976199060794897, 1.8643283490091562], [-1.110061427752953, 2.7715212870389223]]]], "centroids": [[1.2402122986095492, 2.4691236410290003, 6.0]], "h": 6.0}, "mtl": {"face": 1}}, {"geom": {"polygons": [[[[-2.2976199061376974, -1.8431752976030111], [-1.111173861019779, 2.7715212870389223], [-1.110061427752953, 2.7715212870389223], [2.2976199061376974, 1.8643283490091562], [1.1022318552131765, -2.7715212870389223], [1.101145598338917, -2.7715212870389223], [-2.2976199061376974, -1.8431752976030111]]]], "centroids": [[-0.0007888631371315569, 0.005293942987918854, 3.0]], "h": 3.0}, "mtl": {"face": 0}}], "featureCount": 3, "startIndex": 0}