{"type": "block", "layer": 1, "block": 0, "features": [{"geom": {"triangles": {"v": [15.56148883944843, 16.482449151575565, 3.0, -11.67288616055157, 5.482449151575565, 3.0, 18.38961383944843, 9.482449151575565, 3.0, -9.01663616055157, -5.517550848424435, 3.0, 19.56148883944843, 6.482449151575565, 3.0], "f": [0, 1, 2, 2, 1, 3, 4, 2, 3]}, "centroids": [[3.692615344276419, 5.4959345906972885, 3.0]]}, "mtl": 0}], "featureCount": 1, "startIndex": 0}