{"type": "block", "layer": 1, "block": 0, "features": [{"geom": {"triangles": {"v": [-3.504728507483378, 3.2784370090812445, 3.0, -8.817228507483378, -17.721562990918756, 3.0, -0.11410350748337805, -19.721562990918756, 3.0, 4.729646492516622, 1.2784370090812445, 3.0], "f": [0, 1, 2, 3, 0, 2]}, "centroids": [[-1.9430689027940389, -8.431659292429686, 3.0]]}, "mtl": 0}], "featureCount": 1, "startIndex": 0}