{"type": "block", "layer": 0, "block": 0, "features": [{"geom": {"polygons": [[[[-2.4049484116840176, -3.481416368857026], [-1.4692379456246272, 3.9595821760594845], [-1.466045691195177, 3.9595821760594845], [2.4049484116840176, 3.4717792198061943], [1.398109333444154, -3.9595821760594845], [1.3949087873334065, -3.9595821760594845], [-2.4049484116840176, -3.481416368857026]]]], "centroids": [[-0.016310066304868087, 0.009092355147004128, 3.0]], "h": 3.0}, "mtl": {"face": 0}}], "featureCount": 1, "startIndex": 0}