{"type": "block", "layer": 1, "block": 0, "features": [{"geom": {"triangles": {"v": [-17.92706683560391, 7.962953560054302, 3.0, -19.38019183560391, 0.9629535600543022, 3.0, -10.59894183560391, -1.0370464399456978, 3.0, 4.65105816439609, 2.962953560054302, 3.0, -1.7083168356039096, -3.037046439945698, 3.0, 6.69793316439609, -5.037046439945698, 3.0, 8.58855816439609, -5.037046439945698, 3.0], "f": [0, 1, 2, 3, 0, 2, 3, 2, 4, 3, 4, 5, 3, 5, 6]}, "centroids": [[-5.908184950414579, 1.3775964602828026, 3.0]]}, "mtl": 0}], "featureCount": 1, "startIndex": 0}