{"type": "block", "layer": 0, "block": 0, "features": [{"geom": {"polygons": [[[[-3.162951161211822, -3.314890021458268], [-1.5583849732938688, 4.3247168604284525], [-1.5565034775645472, 4.3247168604284525], [3.162951161240926, 3.1847768910229206], [1.5008621071465313, -4.3247168604284525], [1.4987697408359963, -4.3247168604284525], [-3.162951161211822, -3.314890021458268]]]], "centroids": [[-0.01776823346153833, -0.02023916505277157, 3.0]], "h": 3.0}, "mtl": {"face": 0}}, {"geom": {"polygons": [[[[-3.162951161211822, -3.314890021458268], [-1.5583849732938688, 4.3247168604284525], [-1.5565034775645472, 4.3247168604284525], [3.162951161240926, 3.1847768910229206], [1.5008621071465313, -4.3247168604284525], [1.4987697408359963, -4.3247168604284525], [-3.162951161211822, -3.314890021458268]]]], "centroids": [[-0.01776823346153833, -0.02023916505277157, 6.0]], "h": 6.0}, "mtl": {"face": 1}}], "featureCount": 2, "startIndex": 0}