{"type": "block", "layer": 0, "block": 0, "features": [{"geom": {"polygons": [[[[-5.947266152012162, -2.002030361443758], [-5.947266152012162, -1.9974644463509321], [-5.12486093811458, 4.1500894743949175], [5.947266152012162, 1.8225542474538088], [5.947266152012162, 1.8195491638034582], [4.714419866068056, -4.150089476257563], [-5.947266152012162, -2.002030361443758]]]], "centroids": [[-0.11295848776353523, -0.022244371473789215, 3.0]], "h": 3.0}, "mtl": {"face": 0}}, {"geom": {"polygons": [[[[-5.947266152012162, -2.002030361443758], [-5.947266152012162, 4.035882215946913], [-5.916440764762228, 4.266304794698954], [-5.12486093811458, 4.1500894743949175], [5.947266152012162, 1.8225542474538088], [5.947266152012162, 1.8195491638034582], [4.714419866068056, -4.150089476257563], [-5.947266152012162, -2.002030361443758]]]], "centroids": [[-0.31520778161939234, 0.056348737329244614, 6.0]], "h": 6.0}, "mtl": {"face": 1}}], "featureCount": 2, "startIndex": 0}