{"type": "block", "layer": 1, "block": 0, "features": [{"geom": {"triangles": {"v": [-5.1177359381108545, 4.287089474499226, 3.0, -5.9458609381108545, -1.7129105255007744, 3.0, 26.632264061889146, -2.7129105255007744, 3.0, 25.757264061889146, -8.712910525500774, 3.0], "f": [0, 1, 2, 1, 3, 2]}, "centroids": [[10.211671093798941, -2.166297009214759, 3.0]]}, "mtl": 0}], "featureCount": 1, "startIndex": 0}