{"type": "block", "layer": 0, "block": 0, "features": [{"geom": {"polygons": [[[[-10.515948300919263, -1.6052318718284369], [-10.515948300919263, -1.6002572532743216], [-8.85099999999511, 5.908000001683831], [10.515948300919263, 1.483240282163024], [10.515948300919263, 1.4778760001063347], [9.0, -5.907999999821186], [-10.515948300919263, -1.6052318718284369]]]], "centroids": [[0.0041991415491793305, -0.0270084161311388, 3.0]], "h": 3.0}, "mtl": {"face": 0}}, {"geom": {"polygons": [[[[-10.515948300919263, -1.6052318718284369], [-10.515948300919263, 0.4028718564659357], [-10.406647545547457, 0.7476847153156996], [-10.129164704005234, 1.2799797113984823], [-9.787271358189173, 1.7306358683854342], [-10.226397079240996, 1.8289649169892073], [-9.902378921222407, 3.310539623722434], [-9.462223512702622, 3.216927571222186], [-9.631564609677298, 3.7821032609790564], [-9.653627558698645, 4.371690608561039], [-9.526999769208487, 4.947941834107041], [-9.259788514435058, 5.473962850868702], [-8.85099999999511, 5.908000001683831], [10.515948300919263, 1.483240282163024], [10.515948300919263, 1.4778760001063347], [9.0, -5.907999999821186], [-10.515948300919263, -1.6052318718284369]]]], "centroids": [[-0.14757336606271565, 0.011912684887647629, 6.0]], "h": 6.0}, "mtl": {"face": 1}}, {"geom": {"polygons": [[[[-10.515948300919263, -1.6052318718284369], [-10.515948300919263, 0.4028718564659357], [-10.406647545547457, 0.7476847153156996], [-10.129164704005234, 1.2799797113984823], [-9.787271358189173, 1.7306358683854342], [-10.226397079240996, 1.8289649169892073], [-9.902378921222407, 3.310539623722434], [-9.462223512702622, 3.216927571222186], [-9.631564609677298, 3.7821032609790564], [-9.653627558698645, 4.371690608561039], [-9.526999769208487, 4.947941834107041], [-9.259788514435058, 5.473962850868702], [-8.85099999999511, 5.908000001683831], [10.515948300919263, 1.483240282163024], [10.515948300919263, 1.4778760001063347], [9.0, -5.907999999821186], [-10.515948300919263, -1.6052318718284369]]]], "centroids": [[-0.14757336606271565, 0.011912684887647629, 9.0]], "h": 9.0}, "mtl": {"face": 2}}, {"geom": {"polygons": [[[[-10.515948300919263, -1.6052318718284369], [-10.515948300919263, 0.4028718564659357], [-10.406647545547457, 0.7476847153156996], [-10.129164704005234, 1.2799797113984823], [-9.787271358189173, 1.7306358683854342], [-10.226397079240996, 1.8289649169892073], [-9.31131801236188, 6.013168692588806], [-8.85099999999511, 5.908000001683831], [10.515948300919263, 1.483240282163024], [10.515948300919263, 1.4778760001063347], [9.0, -5.907999999821186], [-10.515948300919263, -1.6052318718284369]]]], "centroids": [[-0.17387115347082727, 0.02499188669025898, 12.0]], "h": 12.0}, "mtl": {"face": 3}}, {"geom": {"polygons": [[[[-10.515948300919263, -1.6052318718284369], [-10.515948300919263, 0.4028718564659357], [-10.406647545547457, 0.7476847153156996], [-10.129164704005234, 1.2799797113984823], [-9.787271358189173, 1.7306358683854342], [-10.226397079240996, 1.8289649169892073], [-9.31131801236188, 6.013168692588806], [-8.85099999999511, 5.908000001683831], [10.515948300919263, 1.483240282163024], [10.515948300919263, 1.4778760001063347], [9.0, -5.907999999821186], [-10.515948300919263, -1.6052318718284369]]]], "centroids": [[-0.17387115347082727, 0.02499188669025898, 15.0]], "h": 15.0}, "mtl": {"face": 4}}], "featureCount": 5, "startIndex": 0}