{"type": "block", "layer": 1, "block": 0, "features": [{"geom": {"triangles": {"v": [-8.857625000004191, 5.664000000804663, 3.0, -10.513875000004191, -1.3359999991953373, 3.0, 10.517374999995809, 1.6640000008046627, 3.0, 9.001749999995809, -6.335999999195337, 3.0], "f": [0, 1, 2, 1, 3, 2]}, "centroids": [[0.004170885338680819, -0.027015667408704758, 3.0]]}, "mtl": 0}], "featureCount": 1, "startIndex": 0}