{"type": "block", "layer": 1, "block": 0, "features": [{"geom": {"triangles": {"v": [-4.712217677209992, -1.1760043874382973, 3.0, -5.962217677209992, -10.176004387438297, 3.0, 2.240907322790008, -11.176004387438297, 3.0, 4.584657322790008, 3.8239956125617027, 3.0, -3.774717677209992, 4.823995612561703, 3.0], "f": [0, 1, 2, 0, 2, 3, 4, 0, 3]}, "centroids": [[-0.6981086701853201, -3.113056268543005, 3.0]]}, "mtl": 0}], "featureCount": 1, "startIndex": 0}