{"type": "block", "layer": 0, "block": 0, "features": [{"geom": {"polygons": [[[[-6.374137684440939, -4.145918618887663], [-6.374137684440939, -4.142306122928858], [-4.585801446519326, 5.732004640623927], [6.374137684440939, 4.231085913255811], [6.374137684440939, 4.2275587394833565], [4.528431536251446, -5.732004642486572], [4.342597088718321, -5.703655229881406], [-6.374137684440939, -4.145918618887663]]]], "centroids": [[-0.005483064451254904, 0.023528996855020523, 9.0]], "h": 9.0}, "mtl": {"face": 0}}, {"geom": {"polygons": [[[[-6.374137684440939, -4.145918618887663], [-6.374137684440939, -4.142306122928858], [-4.585801446519326, 5.732004640623927], [6.374137684440939, 4.231085913255811], [6.374137684440939, 4.2275587394833565], [4.528431536251446, -5.732004642486572], [4.342597088718321, -5.703655229881406], [-6.374137684440939, -4.145918618887663]]]], "centroids": [[-0.005483064451254904, 0.023528996855020523, 3.0]], "h": 3.0}, "mtl": {"face": 1}}, {"geom": {"polygons": [[[[-6.374137684440939, -4.145918618887663], [-6.374137684440939, -4.142306122928858], [-4.585801446519326, 5.732004640623927], [6.374137684440939, 4.231085913255811], [6.374137684440939, 4.2275587394833565], [4.528431536251446, -5.732004642486572], [4.342597088543698, -5.703655229881406], [-6.374137684440939, -4.145918618887663]]]], "centroids": [[-0.005483064451254904, 0.023528996855020523, 6.0]], "h": 6.0}, "mtl": {"face": 2}}], "featureCount": 3, "startIndex": 0}