{"type": "block", "layer": 1, "block": 0, "features": [{"geom": {"triangles": {"v": [-21.48462651571026, 8.03380148857832, 3.0, -22.59400151571026, 3.0338014885783195, 3.0, -5.500251515710261, 1.0338014885783195, 3.0, 6.374748484289739, 4.0338014885783195, 3.0, 4.343498484289739, -5.9661985114216805, 3.0, -6.375251515710261, -3.9661985114216805, 3.0, 4.530998484289739, -5.9661985114216805, 3.0], "f": [0, 1, 2, 0, 2, 3, 2, 4, 3, 2, 5, 4, 4, 6, 3]}, "centroids": [[-5.966317238722695, 1.9404922910034657, 3.0]]}, "mtl": 0}], "featureCount": 1, "startIndex": 0}