{"type": "block", "layer": 1, "block": 0, "features": [{"geom": {"triangles": {"v": [6.608095788746141, 3.2651993334293365, 3.0, -5.720029211253859, 7.2651993334293365, 3.0, -7.548154211253859, -2.7348006665706635, 3.0, 3.233095788746141, -6.7348006665706635, 3.0], "f": [0, 1, 2, 0, 2, 3]}, "centroids": [[-0.8441670892061666, 0.37490983307361603, 3.0]]}, "mtl": 0}], "featureCount": 1, "startIndex": 0}