{"type": "block", "layer": 0, "block": 0, "features": [{"geom": {"polygons": [[[[-1.497734304430196, -0.23302146419882774], [-1.497734304430196, -0.2318714689463377], [-1.2781242517230567, 1.3518844526261091], [1.497734304430196, 0.23106635175645351], [1.497734304430196, 0.230606434866786], [0.9043002215912566, -1.3518844526261091], [-1.497734304430196, -0.23302146419882774]]]], "centroids": [[-0.06945976128918119, 0.008216559886932373, 3.0]], "h": 3.0}, "mtl": {"face": 0}}], "featureCount": 1, "startIndex": 0}