{"type": "block", "layer": 1, "block": 0, "features": [{"geom": {"triangles": {"v": [-0.20850909285945818, 9.368048306554556, 3.0, -1.5053840928594582, -0.6319516934454441, 3.0, 13.400865907140542, 4.368048306554556, 3.0, 11.541490907140542, -6.631951693445444, 3.0], "f": [0, 1, 2, 1, 3, 2]}, "centroids": [[5.952524898661068, 1.5908811278641224, 3.0]]}, "mtl": 0}], "featureCount": 1, "startIndex": 0}