{"type": "block", "layer": 0, "block": 0, "features": [{"geom": {"polygons": [[[[-8.970694802119397, -1.2263776361942291], [-8.970694802119397, -1.2219791393727064], [-7.615464200003771, 5.106168357655406], [-3.703095379838487, 4.209781751036644], [4.947544874274172, 2.027492266148329], [8.970694802119397, 1.0985535942018032], [8.970694802119397, 1.094097200781107], [7.66160803870298, -5.106168357655406], [-8.970694802119397, -1.2263776361942291]]]], "centroids": [[-0.03222994247335009, -0.021025266498327255, 3.0]], "h": 3.0}, "mtl": {"face": 0}}, {"geom": {"polygons": [[[[-7.61546420014929, 5.106168357655406], [-6.787840644450625, 8.970694802701473], [-2.6583818010403775, 8.970694802701473], [-3.703095379838487, 4.209781751036644], [-7.61546420014929, 5.106168357655406]]]], "centroids": [[-5.120934113714611, 6.808515176177025, 3.0]], "h": 3.0}, "mtl": {"face": 0}}, {"geom": {"polygons": [[[[4.947544874274172, 2.027492266148329], [6.580764058337081, 8.970694802701473], [8.970694802119397, 8.970694802701473], [8.970694802119397, 1.0985535942018032], [4.947544874274172, 2.027492266148329]]]], "centroids": [[7.355751971743302, 4.934416640549898, 3.0]], "h": 3.0}, "mtl": {"face": 0}}, {"geom": {"polygons": [[[[-8.970694802119397, -1.2263776361942291], [-8.970694802119397, -1.2219791393727064], [-7.615464291971875, 5.106168378144503], [-3.703095379838487, 4.209781751036644], [4.947544874274172, 2.027492266148329], [8.970694802119397, 1.0985535942018032], [8.970694802119397, 1.094097202643752], [7.66160803870298, -5.106168357655406], [-8.970694802119397, -1.2263776361942291]]]], "centroids": [[-0.032229964912403375, -0.02102525718510151, 6.0]], "h": 6.0}, "mtl": {"face": 1}}], "featureCount": 4, "startIndex": 0}