{"type": "block", "layer": 1, "block": 0, "features": [{"geom": {"triangles": {"v": [-2.2061200016760267, 5.3933569341897964, 3.0, -3.7373700016760267, -4.6066430658102036, 3.0, 21.059504998323973, -8.606643065810204, 3.0, 22.543879998323973, 1.3933569341897964, 3.0], "f": [0, 1, 2, 3, 0, 2]}, "centroids": [[9.412743350461824, -1.4149342104792595, 3.0]]}, "mtl": 0}], "featureCount": 1, "startIndex": 0}