{"type": "block", "layer": 1, "block": 0, "features": [{"geom": {"triangles": {"v": [-2.5678750000079162, 3.290645483881235, 3.0, -4.021000000007916, -2.709354516118765, 3.0, -1.1928750000079162, -2.709354516118765, 3.0, 1.2758749999920838, -3.709354516118765, 3.0, 10.603999999992084, 1.2906454838812351, 3.0, 4.228999999992084, -4.709354516118765, 3.0, 5.853999999992084, -6.709354516118765, 3.0, 9.963374999992084, -9.709354516118765, 3.0, 16.447749999992084, -0.7093545161187649, 3.0, 13.666499999992084, -12.709354516118765, 3.0], "f": [0, 1, 2, 0, 2, 3, 4, 0, 3, 4, 3, 5, 5, 6, 4, 4, 6, 7, 8, 4, 7, 7, 9, 8]}, "centroids": [[7.280450151214609, -2.9666675832122564, 3.0]]}, "mtl": 0}], "featureCount": 1, "startIndex": 0}