{"type": "block", "layer": 1, "block": 0, "features": [{"geom": {"triangles": {"v": [7.909928795095766, 15.53702175244689, 3.0, -1.965071204904234, 17.53702175244689, 3.0, -5.386946204904234, -1.4629782475531101, 3.0, 4.269303795095766, -3.46297824755311, 3.0, 4.472428795095766, -3.46297824755311, 3.0, 4.238053795095766, -3.46297824755311, 3.0], "f": [0, 1, 2, 0, 2, 3, 3, 4, 0, 3, 5, 4]}, "centroids": [[1.2547922939411364, 6.962990341708064, 3.0]]}, "mtl": 0}], "featureCount": 1, "startIndex": 0}