{"type": "block", "layer": 1, "block": 0, "features": [{"geom": {"triangles": {"v": [-10.537228791072266, 8.721286175772548, 3.0, -11.912228791072266, 0.7212861757725477, 3.0, 7.087771208927734, 4.721286175772548, 3.0, 5.400271208927734, -3.2787138242274523, 3.0], "f": [0, 1, 2, 1, 3, 2]}, "centroids": [[-2.489997740922263, 2.695994520559907, 3.0]]}, "mtl": 0}], "featureCount": 1, "startIndex": 0}