{"type": "block", "layer": 1, "block": 0, "features": [{"geom": {"triangles": {"v": [8.895142433408182, 3.894313182681799, 3.0, -3.714232566591818, 2.894313182681799, 3.0, 9.051392433408182, -1.105686817318201, 3.0, -3.667357566591818, -3.105686817318201, 3.0, 9.035767433408182, -3.105686817318201, 3.0], "f": [0, 1, 2, 2, 1, 3, 2, 3, 4]}, "centroids": [[2.6588150493917055, 0.04264221899211407, 3.0]]}, "mtl": 0}], "featureCount": 1, "startIndex": 0}