{"type": "block", "layer": 1, "block": 0, "features": [{"geom": {"triangles": {"v": [-1.4781454012554605, 4.893446214497089, 3.0, -4.7125204012554605, -8.10655378550291, 3.0, 0.7249795987445395, -9.10655378550291, 3.0, 3.7874795987445395, 3.8934462144970894, 3.0], "f": [0, 1, 2, 3, 0, 2]}, "centroids": [[-0.42382425189134665, -1.9636215511709452, 3.0]]}, "mtl": 0}], "featureCount": 1, "startIndex": 0}