{"type": "block", "layer": 1, "block": 0, "features": [{"geom": {"triangles": {"v": [-9.047358126321342, 8.123840667307377, 3.0, -10.922358126321342, 0.12384066730737686, 3.0, 8.640141873678658, -4.876159332692623, 3.0, 10.390141873678658, 3.123840667307377, 3.0], "f": [0, 1, 2, 0, 2, 3]}, "centroids": [[-0.27542565000476316, 1.6083339005708694, 3.0]]}, "mtl": 0}], "featureCount": 1, "startIndex": 0}