{"type": "block", "layer": 0, "block": 0, "features": [{"geom": {"polygons": [[[[-4.779213069792604, -0.729213260114193], [-4.779213069792604, -0.7282264586538076], [-1.1535957585729193, 4.259884046390653], [4.779213069792604, -1.8732354696840048], [4.779213069792604, -1.8739430606365204], [-0.5626910388818942, -4.259884046390653], [-1.4926910389040131, -2.992884047329426], [-4.779213069792604, -0.729213260114193]]]], "centroids": [[-0.2625982500030659, -0.4072332847863436, 3.0]], "h": 3.0}, "mtl": {"face": 0}}], "featureCount": 1, "startIndex": 0}