{"type": "block", "layer": 1, "block": 0, "features": [{"geom": {"triangles": {"v": [-25.176654480950674, -2.985568154603243, 3.0, -25.786029480950674, -7.985568154603243, 3.0, -14.832904480950674, -6.985568154603243, 3.0, -24.567279480950674, 2.014431845396757, 3.0, -24.332904480950674, 3.014431845396757, 3.0, -23.301654480950674, 8.014431845396757, 3.0, -5.676654480950674, -4.985568154603243, 3.0, -22.067279480950674, 12.014431845396757, 3.0, -1.739154480950674, 15.014431845396757, 3.0, 5.667095519049326, 5.014431845396757, 3.0, 4.213970519049326, -0.9855681546032429, 3.0, 3.542095519049326, -3.985568154603243, 3.0, 5.807720519049326, 6.014431845396757, 3.0, -1.317279480950674, 15.014431845396757, 3.0, 6.557720519049326, 9.014431845396757, 3.0, 8.448345519049326, 15.014431845396757, 3.0], "f": [0, 1, 2, 3, 0, 2, 4, 3, 2, 5, 4, 2, 6, 5, 2, 6, 7, 5, 8, 7, 6, 6, 9, 8, 9, 6, 10, 10, 6, 11, 8, 9, 12, 13, 8, 12, 14, 13, 12, 13, 14, 15]}, "centroids": [[-9.374026272416813, 3.9770757742226124, 3.0]]}, "mtl": 0}], "featureCount": 1, "startIndex": 0}