{"type": "block", "layer": 0, "block": 0, "features": [{"geom": {"polygons": [[[[-4.182708025386091, -3.9879697617143393], [-3.104067466541892, 1.1320166178047657], [-0.9931942434050143, 0.6678650639951229], [0.029018241068115458, 5.316693551838398], [0.031690598552813753, 5.316693551838398], [4.1827080253569875, 4.452972501516342], [2.1498892357049044, -5.316693551838398], [2.147245509637287, -5.316693551838398], [-4.182708025386091, -3.9879697617143393]]]], "centroids": [[0.3029273361025844, -0.3504166081547737, 3.0]], "h": 3.0}, "mtl": {"face": 0}}, {"geom": {"polygons": [[[[2.1498892357049044, -5.316693551838398], [2.868856125656748, -1.8613602705299854], [5.31669355116901, -2.3706929218024015], [5.31669355116901, -5.316693551838398], [2.1498892357049044, -5.316693551838398]]]], "centroids": [[3.8644709086511284, -3.774828363209963, 3.0]], "h": 3.0}, "mtl": {"face": 0}}, {"geom": {"polygons": [[[[-4.705008626595372, -3.8746652994304895], [-3.575301027012756, 1.236178696155548], [-3.104067466541892, 1.1320166178047657], [-1.7018230865651276, 0.8236826546490192], [-0.7795565021515358, 5.316693551838398], [0.031690594129031524, 5.316693551838398], [4.1827080253569875, 4.452972501516342], [2.1498892357049044, -5.316693551838398], [2.147245509637287, -5.316693551838398], [-4.182708025386091, -3.9879697617143393], [-4.705008626595372, -3.8746652994304895]]]], "centroids": [[0.0493239896313753, -0.19675370678305626, 6.0]], "h": 6.0}, "mtl": {"face": 1}}, {"geom": {"polygons": [[[[2.1498892357049044, -5.316693551838398], [2.868856125656748, -1.8613602705299854], [5.31669355116901, -2.3706929218024015], [5.31669355116901, -5.316693551838398], [2.1498892357049044, -5.316693551838398]]]], "centroids": [[3.8644709086511284, -3.774828363209963, 6.0]], "h": 6.0}, "mtl": {"face": 1}}], "featureCount": 4, "startIndex": 0}