{"type": "block", "layer": 1, "block": 0, "features": [{"geom": {"triangles": {"v": [-2.1218580253771506, 5.330030238255858, 3.0, -4.184358025377151, -3.6699697617441416, 3.0, 15.53439197462285, -7.669969761744142, 3.0, 17.56564197462285, 1.3300302382558584, 3.0], "f": [0, 1, 2, 3, 0, 2]}, "centroids": [[6.702714179904433, -1.1719498969614506, 3.0]]}, "mtl": 0}], "featureCount": 1, "startIndex": 0}