{"type": "block", "layer": 0, "block": 0, "features": [{"geom": {"polygons": [[[[-3.371072061068844, -1.0342025142163038], [-3.371072061068844, -1.0326037760823965], [-2.6846697549917735, 2.1017348282039165], [3.371072061068844, 0.9459204412996769], [3.371072061068844, 0.9443165995180607], [2.7040041440341156, -2.1017348282039165], [-3.371072061068844, -1.0342025142163038]]]], "centroids": [[-0.009600792749552056, -0.019426247105002403, 3.0]], "h": 3.0}, "mtl": {"face": 0}}], "featureCount": 1, "startIndex": 0}