{"type": "block", "layer": 1, "block": 0, "features": [{"geom": {"triangles": {"v": [-10.009236464626156, 3.1470762230455875, 3.0, -12.274861464626156, -6.8529237769544125, 3.0, 16.709513535373844, -1.8529237769544125, 3.0, 17.600138535373844, -7.8529237769544125, 3.0, 17.865763535373844, -11.852923776954412, 3.0], "f": [0, 1, 2, 2, 1, 3, 3, 1, 4]}, "centroids": [[3.0134665163059253, -4.3760037664324045, 3.0]]}, "mtl": 0}], "featureCount": 1, "startIndex": 0}