{"type": "block", "layer": 0, "block": 0, "features": [{"geom": {"polygons": [[[[-3.8466349410882685, -2.309140896424651], [-3.8466349410882685, -2.3063241224735975], [-3.0474803241959307, 3.416969805955887], [3.8466349410882685, 2.1640397273004055], [3.8466349410882685, 2.161222979426384], [3.0653925504593644, -3.416969807818532], [-3.8466349410882685, -2.309140896424651]]]], "centroids": [[-0.010225358448224142, -0.033600758761167526, 3.0]], "h": 3.0}, "mtl": {"face": 0}}, {"geom": {"polygons": [[[[-3.8466349410882685, -3.84663494117558], [-3.8466349410882685, -3.0323242489248514], [0.4342420177126769, -3.6300713922828436], [0.40569899926777, -3.84663494117558], [-3.8466349410882685, -3.84663494117558]]]], "centroids": [[-2.1234731665754225, -3.5597322434186935, 3.0]], "h": 3.0}, "mtl": {"face": 0}}, {"geom": {"polygons": [[[[-3.8466349410882685, -3.84663494117558], [-3.8466349410882685, -3.0323242489248514], [0.43424201774178073, -3.6300713922828436], [0.4056989992968738, -3.84663494117558], [-3.8466349410882685, -3.84663494117558]]]], "centroids": [[-2.123473166517215, -3.5597322452813387, 6.0]], "h": 6.0}, "mtl": {"face": 1}}, {"geom": {"polygons": [[[[-3.8466349410882685, -2.309140894562006], [-3.8466349410882685, -2.3063236344605684], [-3.047480390931014, 3.4169698171317577], [3.8466349410882685, 2.1640397254377604], [3.8466349410882685, 2.161223467439413], [3.065392483724281, -3.416969796642661], [-3.8466349410882685, -2.309140894562006]]]], "centroids": [[-0.010225425066892058, -0.03360074572265148, 6.0]], "h": 6.0}, "mtl": {"face": 1}}], "featureCount": 4, "startIndex": 0}