{"type": "block", "layer": 1, "block": 0, "features": [{"geom": {"triangles": {"v": [-0.9979345797619317, 5.1625209879130125, 3.0, -2.8729345797619317, -4.8374790120869875, 3.0, 1.6426904202380683, 5.1625209879130125, 3.0, 10.611440420238068, -6.8374790120869875, 3.0, 11.502065420238068, 3.1625209879130125, 3.0], "f": [0, 1, 2, 2, 1, 3, 4, 2, 3]}, "centroids": [[4.550067344447598, -0.9459189679473639, 3.0]]}, "mtl": 0}], "featureCount": 1, "startIndex": 0}