{"type": "block", "layer": 0, "block": 0, "features": [{"geom": {"polygons": [[[[-13.017772666644305, -2.246334381401539], [-13.017772666644305, -2.241548852995038], [-12.129175150301307, 0.7490697335451841], [-12.528475149127189, 0.8550697360187769], [-11.033975150290644, 9.403069734573364], [-4.92199885591981, 7.208368735387921], [-5.527755924325902, 5.727468639612198], [-2.8172147565637715, 4.62266512401402], [-2.1665780359471682, 6.218946807086468], [-1.8030381372955162, 6.088406728580594], [13.017772666644305, -0.0006456747651100159], [13.017772666644305, -0.005304643884301186], [11.67605030327104, -4.2555168606340885], [10.147942258394323, -3.781445724889636], [9.549396964721382, -5.677278036251664], [11.075170916505158, -6.1589398588985205], [10.051052322349278, -9.40306973643601], [1.121879097976489, -6.632935702800751], [1.617153706814861, -4.9105328898876905], [-0.5536981974437367, -4.286307280883193], [-1.0706792517739814, -5.952729994431138], [-5.685135981708299, -4.521167904138565], [-5.189861592953093, -2.7987645640969276], [-7.386065961938584, -2.167249346151948], [-7.877318796643522, -3.8410781640559435], [-13.017772666644305, -2.246334381401539]]]], "centroids": [[-0.5279315061925445, -0.2526360861957073, 3.0]], "h": 3.0}, "mtl": {"face": 0}}, {"geom": {"polygons": [[[[-13.017772666644305, -2.246334381401539], [-13.017772666644305, 1.5918887257575989], [-12.612172560329782, 2.964449105784297], [-13.017772666644305, 3.084306452423334], [-13.017772666644305, 3.801818424835801], [-11.384629304055125, 9.52898333221674], [-11.033975115598878, 9.403069721534848], [-4.921998902282212, 7.208368755877018], [-5.5277558779635, 5.727468619123101], [-2.8172147565637715, 4.62266512401402], [-2.1665780359471682, 6.218946807086468], [-1.8030381372955162, 6.088406728580594], [13.017772666644305, -0.0006456747651100159], [13.017772666644305, -0.005304643884301186], [11.676050332112936, -4.255516858771443], [10.147942258481635, -3.781445724889636], [9.549396964721382, -5.677278036251664], [11.075170925963903, -6.158939862623811], [10.051052322349278, -9.40306973643601], [1.121879097976489, -6.632935702800751], [1.617153706814861, -4.9105328898876905], [-0.5536981974437367, -4.286307280883193], [-1.0706792517739814, -5.952729994431138], [-5.685135981708299, -4.521167904138565], [-5.189861592953093, -2.7987645640969276], [-7.386065961938584, -2.167249346151948], [-7.877318796643522, -3.8410781640559435], [-13.017772666644305, -2.246334381401539]]]], "centroids": [[-0.8507498298131395, -0.13609912246465683, 6.0]], "h": 6.0}, "mtl": {"face": 1}}, {"geom": {"polygons": [[[[-13.017772666644305, -2.246334381401539], [-13.017772666644305, 1.591888764873147], [-12.612172570836265, 2.9644491095095873], [-13.017772666644305, 3.084306452423334], [-13.017772666644305, 3.801818462088704], [-11.384629304055125, 9.52898333221674], [-11.033975115598878, 9.403069721534848], [-4.921998912788695, 7.208368759602308], [-5.527755934832385, 5.727468643337488], [-2.8172147670702543, 4.62266512773931], [-2.1665780359471682, 6.218946807086468], [-1.8030381372955162, 6.088406728580594], [13.017772666644305, -0.0006456747651100159], [13.017772666644305, -0.005304643884301186], [11.676050321606454, -4.255516855046153], [10.147942258307012, -3.781445724889636], [9.549396954214899, -5.677278032526374], [11.07517091545742, -6.1589398588985205], [10.051052322349278, -9.40306973643601], [1.121879097976489, -6.632935702800751], [1.617153706814861, -4.9105328898876905], [-0.5536981974437367, -4.286307280883193], [-1.0706792517739814, -5.952729994431138], [-5.685135981708299, -4.521167904138565], [-5.189861592953093, -2.7987645640969276], [-7.386065972445067, -2.1672493424266577], [-7.877318796643522, -3.8410781640559435], [-13.017772666644305, -2.246334381401539]]]], "centroids": [[-0.8507498333055992, -0.13609912805259228, 9.0]], "h": 9.0}, "mtl": {"face": 2}}, {"geom": {"polygons": [[[[-13.017772666644305, -2.246334381401539], [-13.017772666644305, 1.591888563707471], [-12.612172581866616, 2.964448871091008], [-13.017772666644305, 3.08430621214211], [-13.017772666644305, 3.8018182814121246], [-11.384629304055125, 9.52898333221674], [-11.033975115598878, 9.403069721534848], [-4.9219989238190465, 7.208368521183729], [-5.5277558779635, 5.727468619123101], [-2.817214778100606, 4.622664889320731], [-2.1665780359471682, 6.218946807086468], [-1.8030381372955162, 6.088406728580594], [13.017772666644305, -0.0006456747651100159], [13.017772666644305, -0.005304643884301186], [11.676050376961939, -4.2555168848484755], [10.147942258307012, -3.781445724889636], [9.549396943184547, -5.677278270944953], [11.075170904427068, -6.1589400973171], [10.051052322349278, -9.40306973643601], [1.121879097976489, -6.632935702800751], [1.617153706814861, -4.9105328898876905], [-0.5536981978220865, -4.286307280883193], [-1.0706792153359856, -5.9527300130575895], [-5.685135981708299, -4.521167904138565], [-5.189861592953093, -2.7987645640969276], [-7.386065961938584, -2.167249346151948], [-7.877318796643522, -3.8410781640559435], [-13.017772666644305, -2.246334381401539]]]], "centroids": [[-0.850749809818808, -0.13609915412962437, 12.0]], "h": 12.0}, "mtl": {"face": 3}}, {"geom": {"polygons": [[[[-13.017772666644305, -2.246334381401539], [-13.017772666644305, 1.591888563707471], [-12.612172581866616, 2.964448871091008], [-13.017772666644305, 3.08430621214211], [-13.017772666644305, 3.8018182814121246], [-11.384629304055125, 9.52898333221674], [-11.033975115598878, 9.403069721534848], [-4.9219989238190465, 7.208368521183729], [-5.5277558779635, 5.727468619123101], [-2.817214778100606, 4.622664889320731], [-2.1665780359471682, 6.218946807086468], [-1.8030381372955162, 6.088406728580594], [13.017772666644305, -0.0006456747651100159], [13.017772666644305, -0.005304643884301186], [11.676050376961939, -4.2555168848484755], [10.147942258307012, -3.781445724889636], [9.549396943184547, -5.677278270944953], [11.075170904427068, -6.1589400973171], [10.051052322349278, -9.40306973643601], [1.121879097976489, -6.632935702800751], [1.617153706814861, -4.9105328898876905], [-0.5536981978220865, -4.286307280883193], [-1.0706792153359856, -5.9527300130575895], [-5.685135981708299, -4.521167904138565], [-5.189861592953093, -2.7987645640969276], [-7.386065961938584, -2.167249346151948], [-7.877318796643522, -3.8410781640559435], [-13.017772666644305, -2.246334381401539]]]], "centroids": [[-0.850749809818808, -0.13609915412962437, 15.0]], "h": 15.0}, "mtl": {"face": 4}}, {"geom": {"polygons": [[[[-13.017772666644305, -2.246334381401539], [-13.017772666644305, 1.591888563707471], [-12.612172581866616, 2.964448871091008], [-13.017772666644305, 3.08430621214211], [-13.017772666644305, 3.8018182814121246], [-11.384629304055125, 9.52898333221674], [-11.033975115598878, 9.403069721534848], [-4.9219989238190465, 7.208368521183729], [-5.5277558779635, 5.727468619123101], [-2.817214778100606, 4.622664889320731], [-2.1665780359471682, 6.218946807086468], [-1.8030381372955162, 6.088406728580594], [13.017772666644305, -0.0006456747651100159], [13.017772666644305, -0.005304643884301186], [11.676050376961939, -4.2555168848484755], [10.147942258307012, -3.781445724889636], [9.549396943184547, -5.677278270944953], [11.075170904427068, -6.1589400973171], [10.051052322349278, -9.40306973643601], [1.121879097976489, -6.632935702800751], [1.617153706814861, -4.9105328898876905], [-0.5536981978220865, -4.286307280883193], [-1.0706792153359856, -5.9527300130575895], [-5.685135981708299, -4.521167904138565], [-5.189861592953093, -2.7987645640969276], [-7.386065961938584, -2.167249346151948], [-7.877318796643522, -3.8410781640559435], [-13.017772666644305, -2.246334381401539]]]], "centroids": [[-0.850749809818808, -0.13609915412962437, 18.0]], "h": 18.0},