{"type": "block", "layer": 1, "block": 0, "features": [{"geom": {"triangles": {"v": [-1.796600157074863, 6.242069698870182, 3.0, -12.124725157074863, 1.242069698870182, 3.0, -13.015350157074863, -1.757930301129818, 3.0, -11.030975157074863, 9.242069698870182, 3.0, -12.530975157074863, 1.242069698870182, 3.0, 10.047149842925137, -9.757930301129818, 3.0, 13.015899842925137, 0.24206969887018204, 3.0], "f": [0, 1, 2, 3, 1, 0, 4, 1, 3, 5, 0, 2, 6, 0, 5]}, "centroids": [[-0.5339824276743457, -0.32013900950551033, 3.0]]}, "mtl": 0}], "featureCount": 1, "startIndex": 0}