{"type": "block", "layer": 0, "block": 0, "features": [{"geom": {"polygons": [[[[-7.6959246957849246, -2.069919852539897], [-7.6959246957849246, -2.0666611660271883], [-5.745694365235977, 5.662288561463356], [7.6959246957849246, 2.189335238188505], [7.6959246957849246, 2.1862939819693565], [5.5706694312393665, -5.662288561463356], [-7.6959246957849246, -2.069919852539897]]]], "centroids": [[-0.01990699491580017, 0.030537767335772514, 3.0]], "h": 3.0}, "mtl": {"face": 0}}, {"geom": {"polygons": [[[[-7.6959246957849246, -2.069919852539897], [-7.6959246957849246, 0.31200116500258446], [-7.560026942112017, 0.6440716926008463], [-7.359596517839236, 1.043936600908637], [-7.295486710529076, 1.1575218439102173], [-6.761506314360304, 3.273737335577607], [-6.913063712825533, 3.5931292604655027], [-6.416694365267176, 5.5602885615080595], [-6.133523553755367, 5.762493206188083], [-5.745694365235977, 5.662288561463356], [7.6959246957849246, 2.189335238188505], [7.6959246957849246, 2.1862939819693565], [5.5706694312393665, -5.662288561463356], [-7.6959246957849246, -2.069919852539897]]]], "centroids": [[-0.22993282493553124, 0.10609410516917706, 12.0]], "h": 12.0}, "mtl": {"face": 1}}, {"geom": {"polygons": [[[[-7.6959246957849246, -2.069919852539897], [-7.6959246957849246, 0.31200116500258446], [-7.560026942112017, 0.6440716926008463], [-7.359596517839236, 1.043936600908637], [-7.295486710529076, 1.1575218439102173], [-6.761506314360304, 3.273737335577607], [-6.913063712825533, 3.5931292604655027], [-6.416694365267176, 5.5602885615080595], [-6.133523553755367, 5.762493206188083], [-5.745694365235977, 5.662288561463356], [7.6959246957849246, 2.189335238188505], [7.6959246957849246, 2.1862939819693565], [5.5706694312393665, -5.662288561463356], [-7.6959246957849246, -2.069919852539897]]]], "centroids": [[-0.22993282493553124, 0.10609410516917706, 6.0]], "h": 6.0}, "mtl": {"face": 2}}, {"geom": {"polygons": [[[[-7.6959246957849246, -2.069919852539897], [-7.6959246957849246, 0.31200116500258446], [-7.560026942112017, 0.6440716926008463], [-7.359596517839236, 1.043936600908637], [-7.295486710529076, 1.1575218439102173], [-6.761506314360304, 3.273737335577607], [-6.913063712825533, 3.5931292604655027], [-6.416694365267176, 5.5602885615080595], [-6.133523553755367, 5.762493206188083], [-5.745694365235977, 5.662288561463356], [7.6959246957849246, 2.189335238188505], [7.6959246957849246, 2.1862939819693565], [5.5706694312393665, -5.662288561463356], [-7.6959246957849246, -2.069919852539897]]]], "centroids": [[-0.22993282493553124, 0.10609410516917706, 9.0]], "h": 9.0}, "mtl": {"face": 3}}], "featureCount": 4, "startIndex": 0}