{"type": "block", "layer": 1, "block": 0, "features": [{"geom": {"triangles": {"v": [-5.744569365226198, 5.894288562238216, 3.0, -7.697694365226198, -2.1057114377617836, 3.0, 18.911680634773802, -1.1057114377617836, 3.0, 18.817930634773802, -9.105711437761784, 3.0], "f": [0, 1, 2, 1, 3, 2]}, "centroids": [[6.145315202826168, -1.6626643277704716, 3.0]]}, "mtl": 0}], "featureCount": 1, "startIndex": 0}