{"type": "block", "layer": 1, "block": 0, "features": [{"geom": {"triangles": {"v": [-4.770501358638285, 4.625265944749117, 3.0, -5.739251358638285, -4.374734055250883, 3.0, 5.229498641361715, -4.374734055250883, 3.0, 6.073248641361715, 2.625265944749117, 3.0], "f": [0, 1, 2, 0, 2, 3]}, "centroids": [[0.06531335078761913, -0.27470781840384007, 3.0]]}, "mtl": 0}], "featureCount": 1, "startIndex": 0}