{"type": "block", "layer": 1, "block": 0, "features": [{"geom": {"triangles": {"v": [-2.6221960409893654, 19.4247252009809, 3.0, -4.919071040989365, -4.575274799019098, 3.0, 5.049678959010635, -4.575274799019098, 3.0, 7.330928959010635, 18.4247252009809, 3.0], "f": [0, 1, 2, 0, 2, 3]}, "centroids": [[1.2084913299768232, 7.406321067363024, 3.0]]}, "mtl": 0}], "featureCount": 1, "startIndex": 0}