{"type": "block", "layer": 1, "block": 0, "features": [{"geom": {"triangles": {"v": [11.30749653163366, 31.142992271110415, 3.0, 2.83874653163366, 47.142992271110415, 3.0, -1.8800034683663398, -2.8570077288895845, 3.0, 12.77624653163366, 47.142992271110415, 3.0, 9.52624653163366, 12.142992271110415, 3.0, 8.02624653163366, -3.8570077288895845, 3.0], "f": [0, 1, 2, 1, 0, 3, 0, 2, 4, 2, 5, 4]}, "centroids": [[5.454890868335497, 22.009387250989676, 3.0]]}, "mtl": 0}], "featureCount": 1, "startIndex": 0}