{"type": "block", "layer": 1, "block": 0, "features": [{"geom": {"triangles": {"v": [13.026325207058107, 2.995329387485981, 3.0, -4.6611747929418925, 6.995329387485981, 3.0, -6.9892997929418925, -4.004670612514019, 3.0, 10.495075207058107, -8.004670612514019, 3.0], "f": [0, 1, 2, 0, 2, 3]}, "centroids": [[2.9247503682854585, -0.639871533960104, 3.0]]}, "mtl": 0}], "featureCount": 1, "startIndex": 0}