{"type": "block", "layer": 0, "block": 0, "features": [{"geom": {"polygons": [[[[-8.551594755030237, -0.9260319788008928], [-8.551594755030237, -0.9241910353302956], [-5.058810329705011, 2.7917350623756647], [-1.4993196341965813, -1.10976642370224], [6.383396293502301, 7.198100917041302], [8.551594755030237, 4.9227965753525496], [8.551594755030237, 4.920985229313374], [-2.7902499999909196, -7.198100918903947], [-8.551594755030237, -0.9260319788008928]]]], "centroids": [[-0.5216830638819374, -0.34133780375123024, 3.0]], "h": 3.0}, "mtl": {"face": 0}}, {"geom": {"polygons": [[[[-8.551594755030237, -0.9260319788008928], [-8.551594755030237, -0.9241910353302956], [-4.373919695528457, 3.5203809421509504], [-1.604625352891162, 0.4848801214247942], [5.553691295848694, 7.779535364359617], [6.245897199201863, 7.053185859695077], [6.38339629265829, 7.198100917041302], [8.551594755030237, 4.9227965753525496], [8.551594755030237, 4.920985229313374], [-2.7902499999909196, -7.198100918903947], [-8.551594755030237, -0.9260319788008928]]]], "centroids": [[-0.3323973187361844, 0.20446989499032497, 6.0]], "h": 6.0}, "mtl": {"face": 1}}], "featureCount": 2, "startIndex": 0}