{"type": "block", "layer": 1, "block": 0, "features": [{"geom": {"triangles": {"v": [2.702099999994971, 10.679899081587791, 3.0, -8.54790000000503, -1.3201009184122086, 3.0, 8.54584999999497, 4.679899081587791, 3.0, -2.797900000005029, -7.320100918412209, 3.0], "f": [0, 1, 2, 1, 3, 2]}, "centroids": [[-0.019934595329687, 1.9542861338704824, 3.0]]}, "mtl": 0}], "featureCount": 1, "startIndex": 0}