{"type": "block", "layer": 0, "block": 0, "features": [{"geom": {"polygons": [[[[-8.160057150671491, -0.1437736228108406], [-8.160057150671491, -0.13964665308594704], [-7.461310037964722, 3.254750207066536], [8.160057150671491, 0.15803241729736328], [8.160057150671491, 0.15390673466026783], [7.45828413637355, -3.254750208929181], [-8.160057150671491, -0.1437736228108406]]]], "centroids": [[0.004701052384916693, 0.0024820584803819656, 3.0]], "h": 3.0}, "mtl": {"face": 0}}, {"geom": {"polygons": [[[[3.6200070126506034, -3.4591016080230474], [7.287061054259539, -4.086416197940707], [6.73352032204275, -6.775078231468797], [3.168870959430933, -6.049937102943659], [3.6200070126506034, -3.4591016080230474]]]], "centroids": [[5.216195417626295, -5.090122371912003, 3.0]], "h": 3.0}, "mtl": {"face": 0}}], "featureCount": 2, "startIndex": 0}