{"type": "block", "layer": 0, "block": 0, "features": [{"geom": {"polygons": [[[[-4.47558288264554, -1.475730363279581], [-4.47558288264554, -1.4738691933453083], [-3.3148239400761668, 3.117997068911791], [4.47558288264554, 1.5262425001710653], [4.47558288264554, 1.5236422829329967], [3.64744194742525, -3.1179970670491457], [-4.47558288264554, -1.475730363279581]]]], "centroids": [[0.07737562467809767, -0.00281364843249321, 3.0]], "h": 3.0}, "mtl": {"face": 0}}, {"geom": {"polygons": [[[[-4.47558288264554, -1.475730363279581], [-4.47558288264554, -1.4738691933453083], [-3.3148239400761668, 3.117997068911791], [4.47558288264554, 1.5262425001710653], [4.47558288264554, 1.5236422829329967], [3.64744194742525, -3.1179970670491457], [-4.47558288264554, -1.475730363279581]]]], "centroids": [[0.07737562467809767, -0.00281364843249321, 6.0]], "h": 6.0}, "mtl": {"face": 1}}], "featureCount": 2, "startIndex": 0}