{"type": "block", "layer": 1, "block": 0, "features": [{"geom": {"triangles": {"v": [-0.19620798362302594, 15.098610300570726, 3.0, -4.477457983623026, -1.9013896994292736, 3.0, 6.616292016376974, 13.098610300570726, 3.0, 3.647542016376974, -2.9013896994292736, 3.0], "f": [0, 1, 2, 1, 3, 2]}, "centroids": [[1.3309285179129802, 5.882885517552495, 3.0]]}, "mtl": 0}], "featureCount": 1, "startIndex": 0}