{"type": "block", "layer": 0, "block": 0, "features": [{"geom": {"polygons": [[[[-6.885026956209913, 1.738863181322813], [-6.885026956209913, 6.387537328526378], [-6.187189063843107, 6.264929858967662], [-6.799550966155948, 1.7231133710592985], [-6.885026956209913, 1.738863181322813]]]], "centroids": [[-6.649301690136781, 4.627253644168377, 3.0]], "h": 3.0}, "mtl": {"face": 0}}, {"geom": {"polygons": [[[[-6.885026956209913, -3.905852874740958], [-6.885026956209913, -1.0669971331954002], [-2.429469461349072, -1.9968344531953335], [-2.6751072028419003, -3.3028683103621006], [-0.6460782106150873, -3.6930616423487663], [-0.9024804285145365, -5.056329259648919], [-6.885026956209913, -3.905852874740958]]]], "centroids": [[-4.202194678364322, -3.133710131049156, 3.0]], "h": 3.0}, "mtl": {"face": 0}}, {"geom": {"polygons": [[[[-6.885026956209913, 1.0839133635163307], [-6.885026956209913, 1.0891479663550854], [-6.187189063668484, 6.264929860830307], [6.885026956209913, 3.968191120773554], [6.885026956209913, 3.9633833300322294], [5.382315527764149, -6.264929858967662], [0.07234962278744206, -5.2437944039702415], [0.6985889672359917, -0.3208561148494482], [-6.885026956209913, 1.0839133635163307]]]], "centroids": [[0.8615644198143855, 0.8822965659201145, 3.0]], "h": 3.0}, "mtl": {"face": 0}}, {"geom": {"polygons": [[[[-6.885026956209913, 1.0839133635163307], [-6.885026956209913, 1.0891479663550854], [-6.187189063668484, 6.264929860830307], [6.885026956209913, 3.968191120773554], [6.885026956209913, 3.9633833300322294], [5.382315527764149, -6.264929858967662], [0.07234962278744206, -5.2437944039702415], [0.6985889672359917, -0.3208561148494482], [-6.885026956209913, 1.0839133635163307]]]], "centroids": [[0.8615644198143855, 0.8822965659201145, 6.0]], "h": 6.0}, "mtl": {"face": 1}}], "featureCount": 4, "startIndex": 0}