{"type": "block", "layer": 1, "block": 0, "features": [{"geom": {"triangles": {"v": [8.596596163726645, 1.3015621155500412, 3.0, -1.4190288362733554, 4.301562115550041, 3.0, -5.403403836273355, -15.698437884449959, 3.0, 4.377846163726645, -17.69843788444996, 3.0], "f": [0, 1, 2, 0, 2, 3]}, "centroids": [[1.5425604691263288, -6.942891916260123, 3.0]]}, "mtl": 0}], "featureCount": 1, "startIndex": 0}