{"type": "block", "layer": 1, "block": 0, "features": [{"geom": {"triangles": {"v": [-24.3108809676487, 8.563841577619314, 3.0, -26.2952559676487, -1.4361584223806858, 3.0, -2.2796309676487, 5.563841577619314, 3.0, 1.5641190323513001, -5.436158422380686, 3.0, 3.1578690323513, 2.563841577619314, 3.0, 3.5172440323513, 4.563841577619314, 3.0], "f": [0, 1, 2, 2, 1, 3, 2, 3, 4, 2, 4, 5]}, "centroids": [[-11.413294491008855, 1.5799645856022835, 3.0]]}, "mtl": 0}], "featureCount": 1, "startIndex": 0}