{"type": "block", "layer": 0, "block": 0, "features": [{"geom": {"polygons": [[[[-1.9711229479289614, -3.3807247281074524], [-0.4924277729296591, 3.68244125880301], [-0.4905949524254538, 3.68244125880301], [1.9711229478998575, 3.166070569306612], [0.7853620254027192, -2.444798095151782], [-0.1918627485865727, -2.232591263949871], [-0.49826038102037273, -3.68244125880301], [-0.5001337243884336, -3.68244125880301], [-1.9711229479289614, -3.3807247281074524]]]], "centroids": [[-0.015370976296253502, 0.16226661019027233, 3.0]], "h": 3.0}, "mtl": {"face": 0}}], "featureCount": 1, "startIndex": 0}