{"type": "block", "layer": 0, "block": 0, "features": [{"geom": {"polygons": [[[[-4.547259628539905, -1.9268274568021297], [-4.547259628539905, -1.9209315832704306], [-4.192285600001924, 2.65194527246058], [4.547259628539905, 1.8669861182570457], [4.547259628539905, 1.8594032619148493], [4.275232393265469, -2.65194527246058], [-4.547259628539905, -1.9268274568021297]]]], "centroids": [[0.009791874123038724, -0.017422372475266457, 3.0]], "h": 3.0}, "mtl": {"face": 0}}, {"geom": {"polygons": [[[[-4.547259628539905, -1.9268274568021297], [-4.547259628539905, -1.9209315832704306], [-4.192285600031028, 2.65194527246058], [4.547259628539905, 1.8669861182570457], [4.547259628539905, 1.8594032619148493], [4.275232393236365, -2.65194527246058], [-4.547259628539905, -1.9268274568021297]]]], "centroids": [[0.009791874035727233, -0.017422376200556755, 6.0]], "h": 6.0}, "mtl": {"face": 1}}], "featureCount": 2, "startIndex": 0}