{"type": "block", "layer": 0, "block": 0, "features": [{"geom": {"polygons": [[[[-6.34593845254858, -6.453946106135845], [-2.0750077594420873, 8.086497448384762], [-2.069415006233612, 8.086497448384762], [6.34593845254858, 6.815630542114377], [4.5850121320982, -3.2039883248507977], [3.4509862630511634, -3.037329886108637], [2.708951710286783, -8.086497448384762], [2.7043495403486304, -8.086497448384762], [-6.34593845254858, -6.453946106135845]]]], "centroids": [[0.23502635772456415, 0.03688177280128002, 3.0]], "h": 3.0}, "mtl": {"face": 0}}, {"geom": {"polygons": [[[[-6.34593845254858, -6.453946106135845], [-2.0750077594420873, 8.086497448384762], [-2.069415006233612, 8.086497448384762], [6.34593845254858, 6.815630542114377], [4.5850121320982, -3.2039883248507977], [3.4509862630511634, -3.037329886108637], [2.708951710286783, -8.086497448384762], [2.7043495403486304, -8.086497448384762], [-1.5540769414801616, -7.318334061652422], [-2.189338452531956, -7.634946106001735], [-5.861698348191567, -6.982629660516977], [-6.34593845254858, -6.453946106135845]]]], "centroids": [[0.17860276569263078, -0.058127108961343765, 6.0]], "h": 6.0}, "mtl": {"face": 1}}, {"geom": {"polygons": [[[[-6.34593845254858, -6.453946106135845], [-2.0750077594420873, 8.086497448384762], [-2.069415006233612, 8.086497448384762], [6.34593845254858, 6.815630542114377], [4.5850121320982, -3.2039883248507977], [3.4509862630511634, -3.037329886108637], [2.708951710286783, -8.086497448384762], [-0.5410093289392535, -8.086497448384762], [-1.6261384525278118, -7.924946105107665], [-1.5540769414801616, -7.318334061652422], [-2.189338452531956, -7.634946106001735], [-2.6394471986568533, -7.694316301494837], [-3.2569428255956154, -7.770367769524455], [-3.8744384525343776, -7.7609461061656475], [-4.308113452541875, -7.6724673844873905], [-4.741788452520268, -7.525872204452753], [-5.222811917134095, -7.328992087393999], [-5.609138452535262, -7.0729461051523685], [-5.9963615029118955, -6.799745466560125], [-6.34593845254858, -6.453946106135845]]]], "centroids": [[0.1481403128709644, -0.19403092749416828, 9.0]], "h": 9.0}, "mtl": {"face": 2}}], "featureCount": 3, "startIndex": 0}