{"type": "block", "layer": 1, "block": 0, "features": [{"geom": {"triangles": {"v": [0.7170365474594291, 18.03905389457941, 3.0, -6.345463452540571, -5.9609461054205894, 3.0, 4.201411547459429, 15.03905389457941, 3.0, 4.826411547459429, 16.03905389457941, 3.0, 11.31078654745943, 12.03905389457941, 3.0, 10.10766154745943, -8.96094610542059, 3.0, 21.88891154745943, 10.03905389457941, 3.0, 12.12328654745943, 14.03905389457941, 3.0], "f": [0, 1, 2, 0, 2, 3, 2, 1, 4, 1, 5, 4, 4, 5, 6, 7, 4, 6]}, "centroids": [[6.599711763614323, 3.278212508186698, 3.0]]}, "mtl": 0}], "featureCount": 1, "startIndex": 0}