{"type": "block", "layer": 0, "block": 0, "features": [{"geom": {"polygons": [[[[-8.165991764166392, -2.2902664709836245], [-8.165991764166392, -2.2865346614271402], [-6.36566022032639, 5.5406583826988935], [8.165991764166392, 2.268231000751257], [8.165991764166392, 2.264254117384553], [6.485484422388254, -5.5406583826988935], [-8.165991764166392, -2.2902664709836245]]]], "centroids": [[0.0216354634903837, -0.008781570941209793, 3.0]], "h": 3.0}, "mtl": {"face": 0}}, {"geom": {"polygons": [[[[-8.165991764166392, -2.2902664709836245], [-8.165991764166392, -2.2865346614271402], [-6.36566022032639, 5.5406583826988935], [8.165991764166392, 2.268231000751257], [8.165991764166392, 2.264254117384553], [7.52094170730561, -0.7316026259213686], [7.824785162665648, -1.4609977193176746], [6.913810907310108, -5.635681500658393], [6.485484422388254, -5.5406583826988935], [-8.165991764166392, -2.2902664709836245]]]], "centroids": [[0.1418969223741442, -0.06449131108820438, 6.0]], "h": 6.0}, "mtl": {"face": 1}}, {"geom": {"polygons": [[[[-8.165991764166392, -2.2902664709836245], [-8.165991764166392, -2.2865346614271402], [-6.36566022032639, 5.5406583826988935], [8.165991764166392, 2.268231000751257], [8.165991764166392, 2.264254117384553], [7.52094170730561, -0.7316026259213686], [7.824785162665648, -1.4609977193176746], [6.913810907310108, -5.635681500658393], [6.485484422388254, -5.5406583826988935], [-8.165991764166392, -2.2902664709836245]]]], "centroids": [[0.1418969223741442, -0.06449131108820438, 9.0]], "h": 9.0}, "mtl": {"face": 2}}, {"geom": {"polygons": [[[[-8.165991764166392, -2.2902664709836245], [-8.165991764166392, -2.2865346614271402], [-6.36566022032639, 5.5406583826988935], [-0.19507048043305986, 4.151084309443831], [-1.8033778024546336, -3.701795842498541], [-8.165991764166392, -2.2902664709836245]]]], "centroids": [[-4.138333299080841, 0.9056079611182213, 12.0]], "h": 12.0}, "mtl": {"face": 3}}], "featureCount": 4, "startIndex": 0}