{"type": "block", "layer": 0, "block": 0, "features": [{"geom": {"polygons": [[[[-3.206297150143655, -2.1003579199314117], [-2.216843398025958, 3.2274157404899597], [-2.2152761708712205, 3.2274157404899597], [3.206297150172759, 2.0664168000221252], [2.2762268344522454, -3.2274157404899597], [2.2746004718355834, -3.2274157404899597], [-3.206297150143655, -2.1003579199314117]]]], "centroids": [[0.010268970800098032, -0.011847035959362984, 3.0]], "h": 3.0}, "mtl": {"face": 0}}], "featureCount": 1, "startIndex": 0}