{"type": "block", "layer": 1, "block": 0, "features": [{"geom": {"triangles": {"v": [-4.939249999995809, 6.129712164402008, 3.0, -4.986124999995809, -4.870287835597992, 3.0, 4.982625000004191, 5.129712164402008, 3.0, 4.873250000004191, -7.870287835597992, 3.0], "f": [0, 1, 2, 1, 3, 2]}, "centroids": [[0.08309082532650791, -0.22369335778057575, 3.0]]}, "mtl": 0}], "featureCount": 1, "startIndex": 0}