{"type": "block", "layer": 0, "block": 0, "features": [{"geom": {"polygons": [[[[-5.396995176502969, -5.0305649526417255], [-2.8544407604495063, 6.73776120506227], [-2.850926387589425, 6.73776120506227], [5.396995176532073, 5.087971469387412], [4.623710189887788, 0.9652046877890825], [0.3493655219208449, 1.7087666336447], [-0.17814413175801747, -1.374019319191575], [4.018414675927488, -2.261926680803299], [3.1789066894270945, -6.73776120506227], [3.1753967109543737, -6.73776120506227], [-5.396995176502969, -5.0305649526417255]]]], "centroids": [[-0.25896415329771116, 0.010289056226611137, 3.0]], "h": 3.0}, "mtl": {"face": 0}}], "featureCount": 1, "startIndex": 0}