{"type": "block", "layer": 0, "block": 0, "features": [{"geom": {"polygons": [[[[-3.6239535305066966, -3.4874955285340548], [-1.8816274252312724, 4.600684747099876], [-1.8792349857103545, 4.600684747099876], [3.6239535304775927, 3.4965730365365744], [1.976135521021206, -4.600684747099876], [1.973728197364835, -4.600684747099876], [-3.6239535305066966, -3.4874955285340548]]]], "centroids": [[0.020736199337989092, -0.00886341743171215, 3.0]], "h": 3.0}, "mtl": {"face": 0}}, {"geom": {"polygons": [[[[1.9761355210503098, -4.600684747099876], [2.733822102949489, -0.8774680215865374], [4.600684746954357, -1.2488108817487955], [4.600684746954357, -4.600684747099876], [1.9761355210503098, -4.600684747099876]]]], "centroids": [[3.44507064728532, -2.923445165157318, 3.0]], "h": 3.0}, "mtl": {"face": 0}}, {"geom": {"polygons": [[[[-3.9272490903094877, -2.5465841498225927], [-3.8667952714604326, -2.079525491222739], [-3.737223055679351, -1.6267457492649555], [-3.541442428744631, -1.1984136365354061], [-3.2838503118837252, -0.8041488081216812], [-2.9702318140189163, -0.4528058245778084], [-3.4869535305188037, -0.3414955288171768], [-2.422885800275253, 4.600684747099876], [-1.8792349857103545, 4.600684747099876], [3.6239535304775927, 3.4965730365365744], [1.976135521021206, -4.600684747099876], [1.973728197364835, -4.600684747099876], [-3.6239535305066966, -3.4874955285340548], [-3.8369535305246245, -3.481495527550578], [-3.917226815741742, -3.017432328313589], [-3.9272490903094877, -2.5465841498225927]]]], "centroids": [[-0.2084726987814065, 0.0545917060226202, 6.0]], "h": 6.0}, "mtl": {"face": 1}}, {"geom": {"polygons": [[[[-3.9272490903094877, -2.5465841498225927], [-3.8667952714604326, -2.079525491222739], [-3.737223055679351, -1.6267457492649555], [-3.541442428744631, -1.1984136365354061], [-3.2838503118837252, -0.8041488081216812], [-2.9702318140189163, -0.4528058245778084], [-3.4869535305188037, -0.3414955288171768], [-2.422885800275253, 4.600684747099876], [-1.8792349857103545, 4.600684747099876], [0.7775468842010014, 4.067651221528649], [-0.00014706223737448454, 0.7240498457103968], [2.9574357062519994, 0.22135295160114765], [1.976135521021206, -4.600684747099876], [1.973728197364835, -4.600684747099876], [-3.6239535305066966, -3.4874955285340548], [-3.8369535305246245, -3.481495527550578], [-3.917226815741742, -3.017432328313589], [-3.9272490903094877, -2.5465841498225927]]]], "centroids": [[-0.7088021038507577, -0.4519120268523693, 9.0]], "h": 9.0}, "mtl": {"face": 2}}], "featureCount": 4, "startIndex": 0}