{"type": "block", "layer": 1, "block": 0, "features": [{"geom": {"triangles": {"v": [-0.6968285305192694, 10.184504471719265, 3.0, -3.6187035305192694, -3.815495528280735, 3.0, 5.146921469480731, 9.184504471719265, 3.0, 10.94379646948073, -6.815495528280735, 3.0, 13.45942146948073, 7.184504471719265, 3.0], "f": [0, 1, 2, 2, 1, 3, 4, 2, 3]}, "centroids": [[5.019164754310623, 1.8865339998155832, 3.0]]}, "mtl": 0}], "featureCount": 1, "startIndex": 0}