{"type": "block", "layer": 0, "block": 0, "features": [{"geom": {"polygons": [[[[-5.432308003975777, -1.8183755408972502], [-3.395856265706243, 7.5818251091986895], [-3.3921085350739304, 7.5818251091986895], [5.432308003975777, 5.714583372697234], [2.728869552433025, -7.5818251091986895], [2.725080910808174, -7.5818251091986895], [-4.261642330966424, -6.1241873819381], [-3.423130580689758, -2.2536420859396458], [-5.432308003975777, -1.8183755408972502]]]], "centroids": [[-0.06785570198553614, 0.26108800433576107, 3.0]], "h": 3.0}, "mtl": {"face": 0}}, {"geom": {"polygons": [[[[-5.432308003975777, -1.8183755408972502], [-3.395856265386101, 7.5818251091986895], [0.23080495983595029, 7.5818251091986895], [5.581745962874265, 6.4495689030736685], [2.7288695523748174, -7.5818251091986895], [2.7250809107499663, -7.5818251091986895], [-4.261642330966424, -6.1241873819381], [-3.423130580689758, -2.2536420859396458], [-5.432308003975777, -1.8183755408972502]]]], "centroids": [[0.019882805296219885, 0.5554570071399212, 6.0]], "h": 6.0}, "mtl": {"face": 1}}, {"geom": {"polygons": [[[[-5.432308003975777, -1.8183755408972502], [-3.395856265386101, 7.5818251091986895], [0.23080495983595029, 7.5818251091986895], [5.581745962874265, 6.4495689030736685], [2.7288695523748174, -7.5818251091986895], [2.7250809107499663, -7.5818251091986895], [-4.261642330966424, -6.1241873819381], [-3.423130580689758, -2.2536420859396458], [-5.432308003975777, -1.8183755408972502]]]], "centroids": [[0.019882805296219885, 0.5554570071399212, 9.0]], "h": 9.0}, "mtl": {"face": 2}}, {"geom": {"polygons": [[[[-5.432308003975777, -1.8183755408972502], [-3.395856265386101, 7.5818251091986895], [0.23080495983595029, 7.5818251091986895], [5.581745962874265, 6.4495689030736685], [2.7288695523748174, -7.5818251091986895], [2.7250809107499663, -7.5818251091986895], [-4.261642330966424, -6.1241873819381], [-3.423130580689758, -2.2536420859396458], [-5.432308003975777, -1.8183755408972502]]]], "centroids": [[0.019882805296219885, 0.5554570071399212, 12.0]], "h": 12.0}, "mtl": {"face": 3}}], "featureCount": 4, "startIndex": 0}