{"type": "block", "layer": 0, "block": 0, "features": [{"geom": {"polygons": [[[[-6.499978287902195, -1.5336444303393364], [-0.15285593547741883, 6.578588793054223], [-0.15143159963190556, 6.578588793054223], [6.499978287902195, 1.7673586960881948], [0.4643021388910711, -6.578588793054223], [0.46291828135144897, -6.578588793054223], [-6.499978287902195, -1.5336444303393364]]]], "centroids": [[0.05432679527439177, 0.026382727548480034, 3.0]], "h": 3.0}, "mtl": {"face": 0}}, {"geom": {"polygons": [[[[2.6101038996421266, 4.581060009077191], [4.052888381615048, 6.578588793054223], [6.578588793752715, 6.578588793054223], [6.578588793752715, 1.8760588876903057], [6.499978287669364, 1.7673586960881948], [2.6101038996421266, 4.581060009077191]]]], "centroids": [[5.080639179010177, 4.627584606409073, 3.0]], "h": 3.0}, "mtl": {"face": 0}}, {"geom": {"polygons": [[[[-6.499978287902195, -1.5336444303393364], [-0.15285593547741883, 6.578588793054223], [-0.15143159963190556, 6.578588793054223], [6.499978287902195, 1.7673586960881948], [0.4643021388910711, -6.578588793054223], [0.46291828135144897, -6.578588793054223], [-6.499978287902195, -1.5336444303393364]]]], "centroids": [[0.05432679527439177, 0.026382727548480034, 6.0]], "h": 6.0}, "mtl": {"face": 1}}, {"geom": {"polygons": [[[[-0.15143159963190556, 6.578588793054223], [4.052888381615048, 6.578588793054223], [2.6101038996421266, 4.581060009077191], [-0.15143159963190556, 6.578588793054223]]], [[[-6.578588793752715, -1.476687440648675], [-6.578588793752715, 5.1509036384522915], [-5.5373021462291945, 6.578588793054223], [-0.15285593547741883, 6.578588793054223], [-6.499978287902195, -1.5336444303393364], [-6.578588793752715, -1.476687440648675]]]], "centroids": [[2.1705202272278257, 5.912745865061879, 3.0], [-4.384128258418059, 3.776746179908514, 3.0]], "h": 3.0}, "mtl": {"face": 0}}], "featureCount": 4, "startIndex": 0}