{"type": "block", "layer": 0, "block": 0, "features": [{"geom": {"polygons": [[[[-5.193961420474807, -2.931081961840391], [-5.193961420474807, -2.9285997692495584], [-3.4717626611236483, 4.886612551286817], [5.193961420474807, 2.895483585074544], [5.193961420474807, 2.893055710941553], [3.443430638173595, -4.886612551286817], [-4.423762661084766, -3.1163874492049217], [-5.193961420474807, -2.931081961840391]]]], "centroids": [[-0.010432529903482646, -0.00814385898411274, 3.0]], "h": 3.0}, "mtl": {"face": 0}}, {"geom": {"polygons": [[[[-5.193961420474807, -2.931081961840391], [-5.193961420474807, -0.14587105810642242], [-5.1138019543432165, 0.3310718685388565], [-4.954004925122717, 1.118972048163414], [-4.555517544795293, 2.676459100097418], [-4.317276668240083, 3.444289203733206], [-4.053386221494293, 4.2036860808730125], [-3.7641438598220702, 4.953793166205287], [-3.471762661036337, 4.886612551286817], [5.193961420474807, 2.895483585074544], [5.193961420474807, 2.893055710941553], [3.4434306382609066, -4.886612551286817], [-4.423762661084766, -3.1163874492049217], [-5.193961420474807, -2.931081961840391]]]], "centroids": [[-0.23291126627009362, 0.06234314292669296, 6.0]], "h": 6.0}, "mtl": {"face": 1}}], "featureCount": 2, "startIndex": 0}