{"type": "block", "layer": 1, "block": 0, "features": [{"geom": {"triangles": {"v": [-5.18763766111806, -2.957387449219823, 3.0, -4.42201266111806, -2.957387449219823, 3.0, -3.4688876611180604, 5.042612550780177, 3.0, 16.01548733888194, 0.042612550780177116, 3.0, 14.28111233888194, -6.957387449219823, 3.0], "f": [0, 1, 2, 2, 1, 3, 1, 4, 3]}, "centroids": [[5.388644010905409, -1.237549688667059, 3.0]]}, "mtl": 0}], "featureCount": 1, "startIndex": 0}