{"type": "block", "layer": 0, "block": 0, "features": [{"geom": {"polygons": [[[[-5.439946302998578, -3.048470498993993], [-5.439946302998578, -0.2845452819019556], [-4.247493008326273, 5.072953462600708], [-3.662490357150091, 4.939642179757357], [5.439946302998578, 2.8653655722737312], [5.439946302998578, 2.862816706299782], [3.6893812430207618, -4.939642205834389], [-5.439946302998578, -3.048470498993993]]]], "centroids": [[-0.2514021039241925, 0.04469960182905197, 6.0]], "h": 6.0}, "mtl": {"face": 0}}, {"geom": {"polygons": [[[[-5.439946302998578, -3.048470500856638], [-5.439946302998578, 0.6185921765863895], [-4.438817064277828, 5.116552673280239], [-3.6624903515039477, 4.939642203971744], [5.439946302998578, 2.8653655722737312], [5.439946302998578, 2.862816706299782], [3.6893812442722265, -4.939642200246453], [-5.439946302998578, -3.048470500856638]]]], "centroids": [[-0.3084288680111058, 0.07640877366065979, 12.0]], "h": 12.0}, "mtl": {"face": 1}}, {"geom": {"polygons": [[[[-5.439946302998578, -3.048470498993993], [-5.439946302998578, -3.045913554728031], [-3.6624903520860244, 4.939642202109098], [5.439946302998578, 2.8653655722737312], [5.439946302998578, 2.862816706299782], [3.689381243486423, -4.939642203971744], [-5.439946302998578, -3.048470498993993]]]], "centroids": [[-0.010398810816695914, -0.041042473167181015, 3.0]], "h": 3.0}, "mtl": {"face": 2}}, {"geom": {"polygons": [[[[-5.439946302998578, -3.048470498993993], [-5.439946302998578, 0.6185921765863895], [-4.438817069778452, 5.116552649065852], [-3.6624903570045717, 4.939642179757357], [5.439946302998578, 2.8653655722737312], [5.439946302998578, 2.862816706299782], [3.689381242962554, -4.939642205834389], [-5.439946302998578, -3.048470498993993]]]], "centroids": [[-0.30842886606114917, 0.0764087662100792, 9.0]], "h": 9.0}, "mtl": {"face": 3}}], "featureCount": 4, "startIndex": 0}