{"type": "block", "layer": 0, "block": 0, "features": [{"geom": {"polygons": [[[[-3.5040469637606293, -4.6448710039258], [-2.581602915888652, 5.26270567253232], [-2.5759008926688693, 5.26270567253232], [3.504046963789733, 4.696632666513324], [2.443672564753797, -5.26270567253232], [2.4385541157680564, -5.26270567253232], [-3.5040469637606293, -4.6448710039258]]]], "centroids": [[-0.029412861593300477, 0.030709078535437584, 3.0]], "h": 3.0}, "mtl": {"face": 0}}, {"geom": {"polygons": [[[[-4.460060814657481, -5.26270567253232], [-3.6524235054966994, 2.294635670259595], [-2.863866389845498, 2.231034519150853], [-2.581602915888652, 5.26270567253232], [-2.5759008926688693, 5.26270567253232], [3.504046963789733, 4.696632666513324], [2.443672564753797, -5.26270567253232], [-4.460060814657481, -5.26270567253232]]]], "centroids": [[-0.40601846540812403, -0.2561245337128639, 6.0]], "h": 6.0}, "mtl": {"face": 1}}, {"geom": {"polygons": [[[[-4.009659366478445, -1.048143707215786], [-3.6524235054966994, 2.294635670259595], [-2.863866389845498, 2.231034519150853], [-2.581602915888652, 5.26270567253232], [-2.5759008926688693, 5.26270567253232], [3.504046963789733, 4.696632666513324], [2.8147263650025707, -1.7776627093553543], [-4.009659366478445, -1.048143707215786]]]], "centroids": [[-0.08639580314047635, 1.6898580119013786, 9.0]], "h": 9.0}, "mtl": {"face": 2}}], "featureCount": 3, "startIndex": 0}