{"type": "block", "layer": 1, "block": 0, "features": [{"geom": {"triangles": {"v": [-2.9720656160789076, 2.4120843298733234, 3.0, -3.9095656160789076, -7.587915670126677, 3.0, 13.074809383921092, 0.41208432987332344, 3.0, 12.246684383921092, -8.587915670126677, 3.0], "f": [0, 1, 2, 1, 3, 2]}, "centroids": [[4.600249810464447, -3.29704712331295, 3.0]]}, "mtl": 0}], "featureCount": 1, "startIndex": 0}