{"type": "block", "layer": 1, "block": 0, "features": [{"geom": {"triangles": {"v": [-8.308499999926426, 5.58713031001389, 3.0, -9.730374999926426, -0.41286968998610973, 3.0, 9.722750000073574, 0.5871303100138903, 3.0, 9.550875000073574, -5.41286968998611, 3.0], "f": [0, 1, 2, 1, 3, 2]}, "centroids": [[0.2485363429004792, -0.005451194941997528, 3.0]]}, "mtl": 0}], "featureCount": 1, "startIndex": 0}