{"type": "block", "layer": 1, "block": 0, "features": [{"geom": {"triangles": {"v": [-8.759516683407128, 8.369980562478304, 3.0, -10.806391683407128, 0.3699805624783039, 3.0, 8.943608316592872, -3.630019437521696, 3.0, 10.693608316592872, 4.369980562478304, 3.0], "f": [0, 1, 2, 0, 2, 3]}, "centroids": [[0.019984184065833688, 2.36419621296227, 3.0]]}, "mtl": 0}], "featureCount": 1, "startIndex": 0}