{"type": "block", "layer": 1, "block": 0, "features": [{"geom": {"triangles": {"v": [-17.647422238369472, -2.1470236852765083, 3.0, -18.022422238369472, -4.147023685276508, 3.0, -8.616172238369472, -6.147023685276508, 3.0, -16.069297238369472, 5.852976314723492, 3.0, 3.5713277616305277, 1.8529763147234917, 3.0, 1.5400777616305277, -8.147023685276508, 3.0], "f": [0, 1, 2, 3, 0, 2, 3, 2, 4, 2, 5, 4]}, "centroids": [[-7.246175452892203, -1.330636253580451, 3.0]]}, "mtl": 0}], "featureCount": 1, "startIndex": 0}