{"type": "block", "layer": 1, "block": 0, "features": [{"geom": {"triangles": {"v": [-4.6075703590177, 6.653109434992075, 3.0, -6.7638203590177, -3.346890565007925, 3.0, 9.9080546409823, 2.653109434992075, 3.0, 7.4549296409823, -7.346890565007925, 3.0], "f": [0, 1, 2, 1, 3, 2]}, "centroids": [[1.52815052648657, -0.4007552843540907, 3.0]]}, "mtl": 0}], "featureCount": 1, "startIndex": 0}