{"type": "block", "layer": 1, "block": 0, "features": [{"geom": {"triangles": {"v": [2.3215018896444235, 4.868539672344923, 3.0, -7.9284981103555765, 4.868539672344923, 3.0, 2.3371268896444235, -4.131460327655077, 3.0, -7.7253731103555765, -5.131460327655077, 3.0, -7.5691231103555765, -10.131460327655077, 3.0, 2.3527518896444235, -11.131460327655077, 3.0], "f": [0, 1, 2, 2, 1, 3, 3, 4, 2, 2, 4, 5]}, "centroids": [[-2.7151499580941163, -2.7898877020925283, 3.0]]}, "mtl": 0}], "featureCount": 1, "startIndex": 0}