{"type": "block", "layer": 0, "block": 0, "features": [{"geom": {"polygons": [[[[-12.42318854003679, -1.1735863760113716], [-12.42318854003679, -1.1673725750297308], [-10.88943098243908, 6.18267341516912], [-5.250958498916589, 4.983623459935188], [-5.912522908154642, 1.893580673262477], [12.42318854003679, -1.9493802078068256], [12.42318854003679, -1.9555376563221216], [11.532577912934357, -6.18267341516912], [-12.42318854003679, -1.1735863760113716]]]], "centroids": [[-1.2385713917610701, -0.7364004831761122, 3.0]], "h": 3.0}, "mtl": {"face": 0}}], "featureCount": 1, "startIndex": 0}