{"type": "block", "layer": 1, "block": 0, "features": [{"geom": {"triangles": {"v": [-1.4991032187244855, 17.627105114981532, 3.0, -5.4991032187244855, -1.372894885018468, 3.0, 8.391521781275515, 15.627105114981532, 3.0, 4.3133967812755145, -4.372894885018468, 3.0], "f": [0, 1, 2, 1, 3, 2]}, "centroids": [[1.430437105911551, 6.940016616135836, 3.0]]}, "mtl": 0}], "featureCount": 1, "startIndex": 0}