{"type": "block", "layer": 0, "block": 0, "features": [{"geom": {"polygons": [[[[-4.478473206516355, -2.4390742741525173], [-4.478473206516355, -2.4368646256625652], [-3.1574679801706225, 3.816578261554241], [4.015817840117961, 2.279340287670493], [3.8167564092727844, 1.2811961527913809], [4.478473206516355, 1.1393899824470282], [4.478473206516355, 1.1370481587946415], [4.002449290710501, -1.2498556096106768], [2.464514640858397, -0.9202756080776453], [1.8526867229084019, -3.816578261554241], [-4.145299354364397, -2.5055743772536516], [-4.478473206516355, -2.4390742741525173]]]], "centroids": [[-0.23056068565347232, 0.04948523826897144, 3.0]], "h": 3.0}, "mtl": {"face": 0}}, {"geom": {"polygons": [[[[-4.478473206516355, -2.4390742741525173], [-4.478473206516355, 0.603424271568656], [-3.771897128026467, 3.9482506699860096], [4.015817840147065, 2.279340287670493], [3.816756409301888, 1.2811961527913809], [4.478473206516355, 1.1393899824470282], [4.478473206516355, 1.1370481587946415], [4.002449290943332, -1.2498556096106768], [2.464514640858397, -0.9202756080776453], [1.8526867229375057, -3.816578261554241], [-4.145299354335293, -2.5055743772536516], [-4.478473206516355, -2.4390742741525173]]]], "centroids": [[-0.46379745536250994, 0.1342067550867796, 6.0]], "h": 6.0}, "mtl": {"face": 1}}, {"geom": {"polygons": [[[[-4.478473206516355, -2.4390742741525173], [-4.478473206516355, 0.603424271568656], [-3.771897128026467, 3.9482506699860096], [4.015817840147065, 2.279340287670493], [3.816756409301888, 1.2811961527913809], [4.478473206516355, 1.1393899824470282], [4.478473206516355, -4.390506949275732], [3.4221500408893917, -4.159622156992555], [4.002449290710501, -1.2498556096106768], [2.464514640858397, -0.9202756080776453], [1.8526867229375057, -3.816578261554241], [-4.145299354335293, -2.5055743772536516], [-4.478473206516355, -2.4390742741525173]]]], "centroids": [[-0.20684159541269764, -0.011633399873971939, 9.0]], "h": 9.0}, "mtl": {"face": 2}}, {"geom": {"polygons": [[[[-4.478473206516355, -2.4390742741525173], [-4.478473206516355, 0.603424271568656], [-3.771897128026467, 3.9482506699860096], [4.015817840147065, 2.279340287670493], [3.816756409301888, 1.2811961527913809], [4.478473206516355, 1.1393899824470282], [4.478473206516355, -4.390506949275732], [3.4221500408893917, -4.159622156992555], [4.002449290710501, -1.2498556096106768], [2.464514640858397, -0.9202756080776453], [1.8526867229375057, -3.816578261554241], [-4.145299354335293, -2.5055743772536516], [-4.478473206516355, -2.4390742741525173]]]], "centroids": [[-0.20684159541269764, -0.011633399873971939, 12.0]], "h": 12.0}, "mtl": {"face": 3}}, {"geom": {"polygons": [[[[3.4221500408893917, -4.159622156992555], [4.478473206516355, 1.1370481587946415], [4.478473206516355, -4.390506951138377], [3.4221500408893917, -4.159622156992555]]]], "centroids": [[4.126365484640701, -2.471026983112097, 3.0]], "h": 3.0}, "mtl": {"face": 0}}, {"geom": {"polygons": [[[[3.4221500408893917, -4.159622156992555], [4.478473206516355, 1.1370481587946415], [4.478473206516355, -4.390506951138377], [3.4221500408893917, -4.159622156992555]]]], "centroids": [[4.126365484640701, -2.471026983112097, 6.0]], "h": 6.0}, "mtl": {"face": 1}}, {"geom": {"polygons": [[[[-4.478473206516355, -2.4390742741525173], [-4.478473206516355, 0.603424271568656], [-3.771897128026467, 3.9482506699860096], [4.015817840147065, 2.279340287670493], [3.816756409301888, 1.2811961527913809], [4.478473206516355, 1.1393899824470282], [4.478473206516355, -4.390506949275732], [3.4221500408893917, -4.159622156992555], [4.002449290710501, -1.2498556096106768], [2.464514640858397, -0.9202756080776453], [1.8526867229375057, -3.816578261554241], [-4.145299354335293, -2.5055743772536516], [-4.478473206516355, -2.4390742741525173]]]], "centroids": [[-0.20684159541269764, -0.011633399873971939, 15.0]], "h": 15.0}, "mtl": {"face": 4}}], "featureCount": 7, "startIndex": 0}