{"type": "block", "layer": 1, "block": 0, "features": [{"geom": {"triangles": {"v": [-7.080786701873876, 14.128684170544147, 3.0, -9.987036701873876, -0.8713158294558525, 3.0, 3.559838298126124, -2.8713158294558525, 3.0, 6.825463298126124, 13.128684170544147, 3.0], "f": [0, 1, 2, 3, 0, 2]}, "centroids": [[-1.553485773736611, 5.735041843727231, 3.0]]}, "mtl": 0}], "featureCount": 1, "startIndex": 0}