{"type": "block", "layer": 0, "block": 0, "features": [{"geom": {"polygons": [[[[-4.581132039747899, -4.6144401691854], [-2.3056370179110672, 6.320182848721743], [-2.3025099566730205, 6.320182848721743], [2.0338080881920177, 5.4051858223974705], [0.2506133172137197, -2.9335618559271097], [4.581132039718796, -3.8860630486160517], [3.9924965253449045, -6.320182848721743], [3.9891678549174685, -6.320182848721743], [-4.581132039747899, -4.6144401691854]]]], "centroids": [[-0.6515575240482576, -0.5190306399017572, 3.0]], "h": 3.0}, "mtl": {"face": 0}}], "featureCount": 1, "startIndex": 0}