{"type": "block", "layer": 0, "block": 0, "features": [{"geom": {"polygons": [[[[-4.097702414699597, -3.1928650364279747], [-2.4546528239443433, 4.758165877312422], [-2.45251962414477, 4.758165877312422], [4.097702414728701, 3.2263582572340965], [2.473799196537584, -4.758165877312422], [2.471705258329166, -4.758165877312422], [-4.097702414699597, -3.1928650364279747]]]], "centroids": [[0.006168687192257494, 0.00541461817920208, 3.0]], "h": 3.0}, "mtl": {"face": 0}}, {"geom": {"polygons": [[[[-4.097702414699597, -3.1928650364279747], [-2.4546528239443433, 4.758165877312422], [-2.45251962414477, 4.758165877312422], [4.097702414728701, 3.2263582572340965], [2.473799196537584, -4.758165877312422], [2.471705258329166, -4.758165877312422], [-4.097702414699597, -3.1928650364279747]]]], "centroids": [[0.006168687192257494, 0.00541461817920208, 6.0]], "h": 6.0}, "mtl": {"face": 1}}], "featureCount": 2, "startIndex": 0}