{"type": "block", "layer": 1, "block": 0, "features": [{"geom": {"triangles": {"v": [-15.315297585329972, 7.890358258038759, 3.0, -16.955922585329972, -0.10964174196124077, 3.0, 4.090952414670028, 2.8903582580387592, 3.0, 2.465952414670028, -5.109641741961241, 3.0], "f": [0, 1, 2, 1, 3, 2]}, "centroids": [[-6.410702338005649, 1.5216526873409748, 3.0]]}, "mtl": 0}], "featureCount": 1, "startIndex": 0}