{"type": "block", "layer": 1, "block": 0, "features": [{"geom": {"triangles": {"v": [10.389864124706946, 0.12042004242539406, 3.0, -8.375760875293054, 9.120420042425394, 3.0, -10.391385875293054, 0.12042004242539406, 3.0, 11.358614124706946, 5.120420042425394, 3.0, 9.202364124706946, -4.879579957574606, 3.0], "f": [0, 1, 2, 1, 0, 3, 0, 2, 4]}, "centroids": [[0.47786150095635094, 2.469739383086562, 3.0]]}, "mtl": 0}], "featureCount": 1, "startIndex": 0}