{"type": "block", "layer": 0, "block": 0, "features": [{"geom": {"polygons": [[[[-5.365992404898861, -3.785436261445284], [-4.158243699930608, 4.543767921626568], [-4.031572712003253, 5.417417200282216], [-4.02837544187787, 5.417417200282216], [-1.4340075951186009, 4.966713722795248], [5.365992404869758, 3.7847137227654457], [5.327992404869292, 3.521713722497225], [4.213992404867895, -4.142286276444793], [4.030240765860071, -5.417417200282216], [4.0270443329936825, -5.417417200282216], [-5.365992404898861, -3.785436261445284]]]], "centroids": [[-0.0006224643439054489, 0.0001313481479883194, 3.0]], "h": 3.0}, "mtl": {"face": 0}}, {"geom": {"polygons": [[[[-2.1787486623506993, -5.417417200282216], [-2.0233373645169195, -4.366201508790255], [4.0270443329936825, -5.417417200282216], [-2.1787486623506993, -5.417417200282216]]]], "centroids": [[-0.05834723130101338, -5.067011971026659, 3.0]], "h": 3.0}, "mtl": {"face": 0}}, {"geom": {"polygons": [[[[-5.365992404898861, -3.785436261445284], [-4.158243699930608, 4.543767921626568], [-4.031572712003253, 5.417417200282216], [-4.02837544187787, 5.417417200282216], [-1.4340075951186009, 4.966713722795248], [5.365992404869758, 3.7847137227654457], [5.327992404869292, 3.521713722497225], [4.213992404867895, -4.142286276444793], [4.030240765860071, -5.417417200282216], [4.0270443329936825, -5.417417200282216], [-5.365992404898861, -3.785436261445284]]]], "centroids": [[-0.0006224643439054489, 0.0001313481479883194, 6.0]], "h": 6.0}, "mtl": {"face": 1}}, {"geom": {"polygons": [[[[-2.178748662408907, -5.417417200282216], [-2.023337364575127, -4.366201508790255], [4.0270443329936825, -5.417417200282216], [-2.178748662408907, -5.417417200282216]]]], "centroids": [[-0.05834723133011721, -5.067011971026659, 6.0]], "h": 6.0}, "mtl": {"face": 1}}], "featureCount": 4, "startIndex": 0}