{"type": "block", "layer": 0, "block": 0, "features": [{"geom": {"polygons": [[[[-2.0039928622718435, -1.7280281074345112], [-1.66004213647102, 2.089824251830578], [-1.657816227292642, 2.089824251830578], [2.0039928622718435, 1.7430621962994337], [1.6212509916222189, -2.089824251830578], [1.619137098430656, -2.089824251830578], [-2.0039928622718435, -1.7280281074345112]]]], "centroids": [[-0.00791122906957753, 0.006853071972727776, 3.0]], "h": 3.0}, "mtl": {"face": 0}}, {"geom": {"polygons": [[[[-2.089824252179824, -1.7194572146981955], [-2.089824252179824, 2.089824251830578], [-1.66004208807135, 2.089824251830578], [-2.003992862388259, -1.7280281092971563], [-2.089824252179824, -1.7194572146981955]]]], "centroids": [[-1.9417562604066916, 0.6062323357909918, 3.0]], "h": 3.0}, "mtl": {"face": 0}}], "featureCount": 2, "startIndex": 0}