{"type": "block", "layer": 0, "block": 0, "features": [{"geom": {"polygons": [[[[-4.551489091507392, 4.605147063732147], [3.439456317399163, 4.83324589766562], [3.456445314688608, 4.83324589766562], [4.551489091478288, -4.766729271039367], [-3.8021057300211396, -4.83324589766562], [-3.862846176343737, -4.83324589766562], [-4.551489091507392, 4.605147063732147]]]], "centroids": [[-0.08594925297074951, -0.07791645266115665, 3.0]], "h": 3.0}, "mtl": {"face": 0}}, {"geom": {"polygons": [[[[-4.56813161179889, 4.83324589766562], [-1.72169908991782, 4.83324589766562], [-1.7174972159555182, 4.686042403802276], [-4.5514890915656, 4.605147063732147], [-4.56813161179889, 4.83324589766562]]]], "centroids": [[-3.2418825917411596, 4.738008946180344, 3.0]], "h": 3.0}, "mtl": {"face": 0}}, {"geom": {"polygons": [[[[-4.551489091507392, 4.605147063732147], [3.439456317399163, 4.83324589766562], [3.456445314688608, 4.83324589766562], [4.551489091478288, -4.766729271039367], [-3.8021057300211396, -4.83324589766562], [-3.862846176343737, -4.83324589766562], [-4.551489091507392, 4.605147063732147]]]], "centroids": [[-0.08594925297074951, -0.07791645266115665, 6.0]], "h": 6.0}, "mtl": {"face": 1}}], "featureCount": 3, "startIndex": 0}