{"type": "block", "layer": 1, "block": 0, "features": [{"geom": {"triangles": {"v": [3.01646409148816, 8.624270729720592, 3.0, -4.65541090851184, 6.6242707297205925, 3.0, 4.54771409148816, -4.3757292702794075, 3.0, -3.85853590851184, -4.3757292702794075, 3.0], "f": [0, 1, 2, 2, 1, 3]}, "centroids": [[-0.09255818583187647, 1.2641107328236103, 3.0]]}, "mtl": 0}], "featureCount": 1, "startIndex": 0}