{"type": "block", "layer": 0, "block": 0, "features": [{"geom": {"polygons": [[[[-2.5496738725923933, -4.077557887881994], [-2.1398887919494882, 4.302572866901755], [-2.1290512841951568, 4.302572866901755], [2.5496738725632895, 4.116443747654557], [2.06072132018744, -4.302572866901755], [2.051896650373237, -4.302572866901755], [-2.5496738725923933, -4.077557887881994]]]], "centroids": [[-0.017222429538378492, 0.02121276967227459, 3.0]], "h": 3.0}, "mtl": {"face": 0}}, {"geom": {"polygons": [[[[-2.5496738725923933, -4.077557887881994], [-2.1398887919494882, 4.302572866901755], [-2.1290512841951568, 4.302572866901755], [2.5496738725632895, 4.116443747654557], [2.06072132018744, -4.302572866901755], [2.051896650373237, -4.302572866901755], [-2.5496738725923933, -4.077557887881994]]]], "centroids": [[-0.017222429538378492, 0.02121276967227459, 6.0]], "h": 6.0}, "mtl": {"face": 1}}], "featureCount": 2, "startIndex": 0}