{"type": "block", "layer": 1, "block": 0, "features": [{"geom": {"triangles": {"v": [-7.041539825353539, 5.654968101531267, 3.0, -7.229039825353539, 0.6549681015312672, 3.0, 0.5053351746464614, 3.654968101531267, 3.0, 1.5053351746464614, -4.345031898468733, 3.0, 8.286585174646461, 1.6549681015312672, 3.0, 0.6615851746464614, 4.654968101531267, 3.0, 14.177210174646461, -7.345031898468733, 3.0, 15.286585174646461, -0.34503189846873283, 3.0, -6.947789825353539, -3.345031898468733, 3.0], "f": [0, 1, 2, 2, 1, 3, 2, 3, 4, 5, 2, 4, 4, 3, 6, 7, 4, 6, 1, 8, 3]}, "centroids": [[3.323597859882284, -0.88649389334023, 3.0]]}, "mtl": 0}], "featureCount": 1, "startIndex": 0}