{"type": "block", "layer": 0, "block": 0, "features": [{"geom": {"polygons": [[[[-3.0863519198610447, -3.0788370091468096], [-1.6584306582226418, 3.7837845738977194], [-1.6558520665566903, 3.7837845738977194], [3.0863519198610447, 3.0659305825829506], [1.660916254390031, -3.7837845738977194], [1.6582905615505297, -3.7837845738977194], [-3.0863519198610447, -3.0788370091468096]]]], "centroids": [[-0.00011652661487460136, -0.003091849386692047, 3.0]], "h": 3.0}, "mtl": {"face": 0}}, {"geom": {"polygons": [[[[-3.0863519198610447, -3.0788370091468096], [-1.6584306582226418, 3.7837845738977194], [-1.6558520665566903, 3.7837845738977194], [3.0863519198610447, 3.0659305825829506], [1.660916254390031, -3.7837845738977194], [1.6582905615505297, -3.7837845738977194], [-3.0863519198610447, -3.0788370091468096]]]], "centroids": [[-0.00011652661487460136, -0.003091849386692047, 6.0]], "h": 6.0}, "mtl": {"face": 1}}], "featureCount": 2, "startIndex": 0}