{"type": "block", "layer": 1, "block": 0, "features": [{"geom": {"triangles": {"v": [-1.6551019198668655, 4.0871629901230335, 3.0, -3.0926019198668655, -2.9128370098769665, 3.0, 6.8136480801331345, 2.0871629901230335, 3.0, 11.751148080133134, -4.9128370098769665, 3.0, 12.766773080133134, 1.0871629901230335, 3.0, 12.829273080133134, 2.0871629901230335, 3.0], "f": [0, 1, 2, 2, 1, 3, 2, 3, 4, 2, 4, 5]}, "centroids": [[4.9500992997782305, -0.7587832566350698, 3.0]]}, "mtl": 0}], "featureCount": 1, "startIndex": 0}