{"type": "block", "layer": 1, "block": 0, "features": [{"geom": {"triangles": {"v": [2.7988911978900433, 2.019044429063797, 3.0, -18.013608802109957, 8.019044429063797, 3.0, -19.826108802109957, -0.980955570936203, 3.0, 3.2832661978900433, 4.019044429063797, 3.0, 1.3301411978900433, -4.980955570936203, 3.0], "f": [0, 1, 2, 1, 0, 3, 0, 2, 4]}, "centroids": [[-8.29416325353668, 1.7424843572080135, 3.0]]}, "mtl": 0}], "featureCount": 1, "startIndex": 0}