{"type": "block", "layer": 0, "block": 0, "features": [{"geom": {"polygons": [[[[-6.294156740157632, -3.984291974455118], [-6.294156740157632, -3.980103837326169], [-5.730201676895376, -0.31509072333574295], [-3.2485629163275007, -0.6888272017240524], [-3.0492456913925707, 0.6346543971449137], [-4.273774794652127, 0.8190693091601133], [-3.5413499173591845, 5.6846237145364285], [6.294156740157632, 4.17414690554142], [6.294156740157632, -0.8110405672341585], [6.130786218738649, -1.8459497615695], [5.960680265969131, -1.9448703285306692], [6.040927954076324, -2.9260097220540047], [5.981870380201144, -3.9086522832512856], [5.784690324799158, -4.873118055984378], [5.453336828039028, -5.800091119483113], [4.70599988187314, -5.684623949229717], [-6.294156740157632, -3.984291974455118]]]], "centroids": [[0.7084000906907022, -0.2102212905883789, 15.0]], "h": 15.0}, "mtl": {"face": 0}}, {"geom": {"polygons": [[[[-6.294156740157632, -3.984291974455118], [-6.294156740157632, -3.980103837326169], [-5.730201676895376, -0.31509072333574295], [-3.2485629163275007, -0.6888272017240524], [-3.0492456913925707, 0.6346543971449137], [-4.273774794652127, 0.8190693091601133], [-3.5413498871203046, 5.684623951092362], [6.294156740157632, 4.174146907404065], [6.294156740157632, 4.170144220814109], [4.705999882076867, -5.684623949229717], [-6.294156740157632, -3.984291974455118]]]], "centroids": [[0.40246117758215405, -0.09908603131771088, 3.0]], "h": 3.0}, "mtl": {"face": 1}}, {"geom": {"polygons": [[[[-6.294156740157632, -3.984291974455118], [-6.294156740157632, -3.980103837326169], [-5.730201676895376, -0.31509072333574295], [-3.2485629163275007, -0.6888272017240524], [-3.0492456913925707, 0.6346543971449137], [-4.273774794652127, 0.8190693091601133], [-3.54134991436149, 5.684623735025525], [6.294156740157632, 4.17414690554142], [6.294156740157632, -0.8110405672341585], [6.130786218738649, -1.8459497615695], [5.960680265969131, -1.9448703285306692], [6.040927954076324, -2.9260097220540047], [5.981870380201144, -3.9086522832512856], [5.784690324799158, -4.873118055984378], [5.453336828039028, -5.800091119483113], [4.70599988187314, -5.684623949229717], [-6.294156740157632, -3.984291974455118]]]], "centroids": [[0.7084000897593796, -0.2102212831377983, 6.0]], "h": 6.0}, "mtl": {"face": 2}}, {"geom": {"polygons": [[[[-6.294156740157632, -3.984291974455118], [-6.294156740157632, -3.980103835463524], [-5.730201676895376, -0.31509072333574295], [-3.2485629163275007, -0.6888272017240524], [-3.0492456913925707, 0.6346543971449137], [-4.273774794652127, 0.8190693091601133], [-3.5413499171554577, 5.684623716399074], [6.294156740157632, 4.17414690554142], [6.294156740157632, -0.8110405672341585], [6.130786218738649, -1.8459497615695], [5.960680265969131, -1.9448703285306692], [6.040927954076324, -2.9260097220540047], [5.981870380201144, -3.9086522832512856], [5.784690324799158, -4.873118055984378], [5.453336828039028, -5.800091119483113], [4.70599988187314, -5.684623949229717], [-6.294156740157632, -3.984291974455118]]]], "centroids": [[0.7084000906033907, -0.21022128872573376, 9.0]], "h": 9.0}, "mtl": {"face": 3}}, {"geom": {"polygons": [[[[-6.294156740157632, -3.984291974455118], [-6.294156740157632, -3.980103835463524], [-5.730201676895376, -0.31509072333574295], [-3.2485629163275007, -0.6888272017240524], [-3.0492456913925707, 0.6346543971449137], [-4.273774794652127, 0.8190693091601133], [-3.5413499147980474, 5.684623735025525], [6.294156740157632, 4.17414690554142], [6.294156740157632, -0.8110405672341585], [6.130786218738649, -1.8459497615695], [5.960680265969131, -1.9448703285306692], [6.040927954076324, -2.9260097220540047], [5.981870380201144, -3.9086522832512856], [5.784690324799158, -4.873118055984378], [5.453336828039028, -5.800091119483113], [4.705979827296687, -5.684620849788189], [-6.294156740157632, -3.984291974455118]]]], "centroids": [[0.7084000896429643, -0.2102212868630886, 12.0]], "h": 12.0}, "mtl": {"face": 4}}], "featureCount": 5, "startIndex": 0}