{"type": "block", "layer": 1, "block": 0, "features": [{"geom": {"triangles": {"v": [-18.566088781197323, 7.978050235658884, 3.0, -20.034838781197323, -2.021949764341116, 3.0, 4.6995362188026775, -6.021949764341116, 3.0, 6.2932862188026775, 3.978050235658884, 3.0], "f": [0, 1, 2, 0, 2, 3]}, "centroids": [[-6.894693690701388, 1.1584057435393333, 3.0]]}, "mtl": 0}], "featureCount": 1, "startIndex": 0}