{"type": "block", "layer": 0, "block": 0, "features": [{"geom": {"polygons": [[[[-3.1825499740662053, -3.4603433944284916], [-1.665549974073656, 3.9306566063314676], [-1.5582491784298327, 4.47194598428905], [-1.5561288394965231, 4.47194598428905], [3.1825499740662053, 3.428807508200407], [1.5516275346744806, -4.47194598428905], [1.549443150695879, -4.47194598428905], [-3.1825499740662053, -3.4603433944284916]]]], "centroids": [[-0.0019687468593474478, -0.0064177196472883224, 3.0]], "h": 3.0}, "mtl": {"face": 0}}], "featureCount": 1, "startIndex": 0}