{"type": "block", "layer": 1, "block": 0, "features": [{"geom": {"triangles": {"v": [-14.230250000022352, -3.2504720613360405, 3.0, -14.433375000022352, -4.2504720613360405, 3.0, 12.879124999977648, -8.25047206133604, 3.0, 13.504124999977648, -4.2504720613360405, 3.0, -12.933375000022352, 5.7495279386639595, 3.0, 14.441624999977648, 0.7495279386639595, 3.0], "f": [0, 1, 2, 0, 2, 3, 4, 0, 3, 4, 3, 5]}, "centroids": [[-0.07876358862267807, -1.5193182900547981, 3.0]]}, "mtl": 0}], "featureCount": 1, "startIndex": 0}