{"type": "block", "layer": 1, "block": 0, "features": [{"geom": {"triangles": {"v": [-4.4067966609145515, 3.42973393201828, 3.0, -1.9536716609145515, -11.57026606798172, 3.0, 3.5775783390854485, 4.42973393201828, 3.0, 5.2963283390854485, -10.57026606798172, 3.0], "f": [0, 1, 2, 2, 1, 3]}, "centroids": [[0.6095959196973126, -3.748483968898654, 3.0]]}, "mtl": 0}], "featureCount": 1, "startIndex": 0}