{"type": "block", "layer": 1, "block": 0, "features": [{"geom": {"triangles": {"v": [15.544706878979923, 1.1311084777116776, 3.0, -4.095918121020077, 5.1311084777116776, 3.0, -8.111543121020077, -14.868891522288322, 3.0, 11.466581878979923, -18.868891522288322, 3.0], "f": [0, 1, 2, 0, 2, 3]}, "centroids": [[3.706372376793297, -6.825408011674881, 3.0]]}, "mtl": 0}], "featureCount": 1, "startIndex": 0}