{"type": "block", "layer": 1, "block": 0, "features": [{"geom": {"triangles": {"v": [7.4223282061866485, 5.889411058276892, 3.0, -6.1089217938133515, 1.8894110582768917, 3.0, -7.3276717938133515, -4.110588941723108, 3.0, 12.344203206186648, -8.110588941723108, 3.0, 15.625453206186648, 7.889411058276892, 3.0], "f": [0, 1, 2, 3, 0, 2, 0, 3, 4]}, "centroids": [[5.138482255133567, -0.38449836149811745, 3.0]]}, "mtl": 0}], "featureCount": 1, "startIndex": 0}