{"type": "block", "layer": 1, "block": 0, "features": [{"geom": {"triangles": {"v": [-15.601599744404666, -6.976450618356466, 3.0, -2.304724744404666, 3.0235493816435337, 3.0, -13.351599744404666, 2.0235493816435337, 3.0, 1.0546502555953339, -6.976450618356466, 3.0, 3.414025255595334, 1.0235493816435337, 3.0, -0.19534974440466613, -10.976450618356466, 3.0, -9.789099744404666, 5.023549381643534, 3.0], "f": [0, 1, 2, 3, 1, 0, 4, 1, 3, 3, 0, 5, 6, 2, 1]}, "centroids": [[-6.087948783591855, -2.8609309811145067, 3.0]]}, "mtl": 0}], "featureCount": 1, "startIndex": 0}