{"type": "block", "layer": 1, "block": 0, "features": [{"geom": {"triangles": {"v": [-4.397775127436034, -0.3863763101398945, 3.0, -4.944650127436034, -2.3863763101398945, 3.0, 1.5397248725639656, -4.3863763101398945, 3.0, -2.7415251274360344, 4.6136236898601055, 3.0, 7.289724872563966, 9.613623689860106, 3.0, -0.9915251274360344, 8.613623689860106, 3.0, 6.008474872563966, 11.613623689860106, 3.0, -0.3196501274360344, 10.613623689860106, 3.0, -1.3352751274360344, 13.613623689860106, 3.0, -1.4759001274360344, 11.613623689860106, 3.0, 5.977224872563966, 16.613623689860106, 3.0, 6.867849872563966, 13.613623689860106, 3.0, 7.539724872563966, 15.613623689860106, 3.0], "f": [0, 1, 2, 3, 0, 2, 4, 3, 2, 4, 5, 3, 4, 6, 5, 6, 7, 5, 8, 7, 6, 8, 9, 7, 10, 8, 6, 10, 6, 11, 10, 11, 12]}, "centroids": [[1.570190666243434, 5.929112948477268, 3.0]]}, "mtl": 0}], "featureCount": 1, "startIndex": 0}