{"type": "block", "layer": 1, "block": 0, "features": [{"geom": {"triangles": {"v": [-4.571768137917388, 2.4340301007032394, 3.0, -4.899893137917388, -13.56596989929676, 3.0, 4.600106862082612, -13.56596989929676, 3.0, 4.678231862082612, 2.4340301007032394, 3.0], "f": [0, 1, 2, 0, 2, 3]}, "centroids": [[-0.06290965757216327, -5.5894593726843596, 3.0]]}, "mtl": 0}], "featureCount": 1, "startIndex": 0}