{"type": "block", "layer": 1, "block": 0, "features": [{"geom": {"triangles": {"v": [-7.983425006910693, 1.8770000375807285, 3.0, -8.905300006910693, -1.1229999624192715, 3.0, -5.077175006910693, -2.1229999624192715, 3.0, -7.077175006910693, 5.8770000375807285, 3.0, 8.891574993089307, 1.8770000375807285, 3.0, 7.157199993089307, -6.1229999624192715, 3.0], "f": [0, 1, 2, 3, 0, 2, 3, 2, 4, 2, 5, 4]}, "centroids": [[0.0024390209291595966, -0.014445137232542038, 3.0]]}, "mtl": 0}], "featureCount": 1, "startIndex": 0}