{"type": "block", "layer": 0, "block": 0, "features": [{"geom": {"polygons": [[[[-5.027577670902247, 1.4104155879467726], [-4.640883498010226, 5.386876439675689], [-4.633095962082734, 5.386876439675689], [5.02757767093135, 4.714023903012276], [4.112743245204911, -5.386876439675689], [4.10677645530086, -5.386876439675689], [-3.964322012703633, -4.6521275620907545], [-3.3914776011079084, 1.2854852192103863], [-5.027577670902247, 1.4104155879467726]]]], "centroids": [[0.2120119699393399, 0.23078987188637257, 3.0]], "h": 3.0}, "mtl": {"face": 0}}, {"geom": {"polygons": [[[[-5.386876440315973, 1.4460136108100414], [-5.386876440315973, 5.386876439675689], [-4.633095962082734, 5.386876439675689], [5.02757767093135, 4.714023903012276], [4.112743245204911, -5.386876439675689], [4.10677645530086, -5.386876439675689], [-3.964322012703633, -4.6521275620907545], [-4.916576229647035, -4.565439520403743], [-4.400816780660534, 1.3625569809228182], [-5.027577670902247, 1.4104155879467726], [-5.386876440315973, 1.4460136108100414]]]], "centroids": [[-0.1770421318942681, 0.19580043479800224, 9.0]], "h": 9.0}, "mtl": {"face": 1}}, {"geom": {"polygons": [[[[-1.5615331120498013, 5.1729463413357735], [4.509584324987372, 4.750101421028376], [3.528758443077095, -5.334256825968623], [-2.5298416475998238, -4.78271484747529], [-1.5615331120498013, 5.1729463413357735]]]], "centroids": [[0.9932334253389854, -0.04900243692100048, 12.0]], "h": 12.0}, "mtl": {"face": 2}}, {"geom": {"polygons": [[[[-5.386876440315973, 1.4460136108100414], [-5.386876440315973, 3.342083791270852], [-5.184029600175563, 5.386876439675689], [-4.633095962082734, 5.386876439675689], [5.02757767093135, 4.714023903012276], [4.112743245204911, -5.386876439675689], [4.10677645530086, -5.386876439675689], [-3.964322012703633, -4.6521275620907545], [-4.447583741333801, -4.608134044334292], [-3.907473887084052, 1.3248859904706478], [-5.0275776867056265, 1.4104155879467726], [-5.386876440315973, 1.4460136108100414]]]], "centroids": [[-0.03424185255425982, 0.24126439541578293, 6.0]], "h": 6.0}, "mtl": {"face": 3}}], "featureCount": 4, "startIndex": 0}