{"type": "block", "layer": 1, "block": 0, "features": [{"geom": {"triangles": {"v": [-6.0269061820581555, 10.169982014223933, 3.0, -9.870656182058156, 4.169982014223933, 3.0, 7.8168438179418445, 2.169982014223933, 3.0, 6.3480938179418445, -7.830017985776067, 3.0, 10.051218817941844, -1.8300179857760668, 3.0, 11.410593817941844, 0.16998201422393322, 3.0], "f": [0, 1, 2, 1, 3, 2, 2, 3, 4, 2, 4, 5]}, "centroids": [[0.8899816793564241, 1.3566097505390644, 3.0]]}, "mtl": 0}], "featureCount": 1, "startIndex": 0}