{"type": "block", "layer": 0, "block": 0, "features": [{"geom": {"polygons": [[[[-3.336584099655738, -3.3607007544487715], [-1.5766455148695968, 4.346483156085014], [-1.5742448322998825, 4.346483156085014], [3.336584099655738, 3.4189284592866898], [1.5651475109916646, -4.346483156085014], [1.5628878762072418, -4.346483156085014], [-3.336584099655738, -3.3607007544487715]]]], "centroids": [[0.00013421080075204372, 0.013734742999076843, 6.0]], "h": 6.0}, "mtl": {"face": 0}}, {"geom": {"polygons": [[[[-3.336584099655738, -3.3607007544487715], [-1.5766455148695968, 4.346483156085014], [-1.5742448322998825, 4.346483156085014], [3.336584099655738, 3.4189284592866898], [1.5651475109916646, -4.346483156085014], [1.5628878762072418, -4.346483156085014], [-3.336584099655738, -3.3607007544487715]]]], "centroids": [[0.00013421080075204372, 0.013734742999076843, 3.0]], "h": 3.0}, "mtl": {"face": 1}}, {"geom": {"polygons": [[[[-4.346483155386522, 3.649190852418542], [-4.346483155386522, 4.346483156085014], [-3.489281229529297, 4.346483156085014], [-3.6408251959073823, 3.5156763792037964], [-4.346483155386522, 3.649190852418542]]]], "centroids": [[-3.9422821784683038, 3.974575199186802, 3.0]], "h": 3.0}, "mtl": {"face": 1}}], "featureCount": 3, "startIndex": 0}