{"type": "block", "layer": 1, "block": 0, "features": [{"geom": {"triangles": {"v": [-28.380149903474376, 7.465037651360035, 3.0, -29.395774903474376, 1.465037651360035, 3.0, -27.989524903474376, 7.465037651360035, 3.0, -15.239524903474376, -0.5349623486399651, 3.0, -27.755149903474376, 9.465037651360035, 3.0, 3.3386000965256244, 3.465037651360035, 3.0, 1.5573500965256244, -4.534962348639965, 3.0], "f": [0, 1, 2, 2, 1, 3, 4, 2, 3, 5, 4, 3, 5, 3, 6]}, "centroids": [[-13.123339369310997, 2.5265850871801376, 3.0]]}, "mtl": 0}], "featureCount": 1, "startIndex": 0}