{"type": "block", "layer": 0, "block": 0, "features": [{"geom": {"polygons": [[[[-2.736869664367987, -1.2107742168009281], [-2.736869664367987, -1.2094138413667679], [-2.0147728876618203, 2.2243647761642933], [2.736869664367987, 1.1783422399312258], [2.736869664367987, 1.1770481448620558], [1.9823044450604357, -2.2243647780269384], [-2.736869664367987, -1.2107742168009281]]]], "centroids": [[-0.01042440120363608, -0.0052317045629024506, 3.0]], "h": 3.0}, "mtl": {"face": 0}}, {"geom": {"polygons": [[[[-2.736869664367987, -1.2107742168009281], [-2.736869664367987, -1.2094138413667679], [-2.0147728876618203, 2.2243647761642933], [2.736869664367987, 1.1783422399312258], [2.736869664367987, 1.1770481448620558], [1.9823044450604357, -2.2243647780269384], [-2.736869664367987, -1.2107742168009281]]]], "centroids": [[-0.01042440120363608, -0.0052317045629024506, 6.0]], "h": 6.0}, "mtl": {"face": 1}}, {"geom": {"polygons": [[[[1.9823044450604357, -2.2243647780269384], [2.2951799711736385, -0.8139911871403456], [2.736869664367987, -0.9100882634520531], [2.736869664367987, -2.386431308463216], [1.9823044450604357, -2.2243647780269384]]]], "centroids": [[2.4309378676407505, -1.6465919241309166, 3.0]], "h": 3.0}, "mtl": {"face": 0}}], "featureCount": 3, "startIndex": 0}