{"type": "block", "layer": 1, "block": 0, "features": [{"geom": {"triangles": {"v": [-0.23749236133880913, 10.326601851731539, 3.0, -2.737492361338809, -1.6733981482684612, 3.0, 12.62188263866119, 8.326601851731539, 3.0, 10.21563263866119, -3.6733981482684612, 3.0], "f": [0, 1, 2, 1, 3, 2]}, "centroids": [[4.962974870606558, 3.3289198335260153, 3.0]]}, "mtl": 0}], "featureCount": 1, "startIndex": 0}