{"type": "block", "layer": 1, "block": 0, "features": [{"geom": {"triangles": {"v": [-14.773675640492002, 10.861633952707052, 3.0, -13.695550640492002, -0.13836604729294777, 3.0, -11.601800640492002, 9.861633952707052, 3.0, -9.273675640492002, -2.1383660472929478, 3.0, -1.4299256404920015, 5.861633952707052, 3.0, -3.6330506404920015, -4.138366047292948, 3.0, 3.6325743595079985, 3.8616339527070522, 3.0, 0.44507435950799845, -5.138366047292948, 3.0], "f": [0, 1, 2, 2, 1, 3, 2, 3, 4, 3, 5, 4, 4, 5, 6, 5, 7, 6]}, "centroids": [[-6.12323293092777, 2.3987495079636574, 3.0]]}, "mtl": 0}], "featureCount": 1, "startIndex": 0}