{"type": "block", "layer": 1, "block": 0, "features": [{"geom": {"triangles": {"v": [-1.3212201001588255, 5.002103039994836, 3.0, -12.664970100158826, -6.997896960005164, 3.0, 4.1319048998411745, -0.9978969600051641, 3.0, -7.2118451001588255, -12.997896960005164, 3.0], "f": [0, 1, 2, 1, 3, 2]}, "centroids": [[-4.266294136381475, -4.412458214908838, 3.0]]}, "mtl": 0}], "featureCount": 1, "startIndex": 0}