{"type": "block", "layer": 1, "block": 0, "features": [{"geom": {"triangles": {"v": [-4.713942028756719, 3.057292241603136, 3.0, -5.760817028756719, -8.942707758396864, 3.0, 5.239182971243281, 2.057292241603136, 3.0, 4.161057971243281, -9.942707758396864, 3.0], "f": [0, 1, 2, 1, 3, 2]}, "centroids": [[-0.2661342835635878, -3.053361626341939, 3.0]]}, "mtl": 0}], "featureCount": 1, "startIndex": 0}