{"type": "block", "layer": 0, "block": 0, "features": [{"geom": {"polygons": [[[[-11.096394649270223, -11.096394648775458], [-11.096394649270223, -4.12467541731894], [-7.422532777301967, -4.6754001043736935], [-8.67193399000098, -11.096394648775458], [-11.096394649270223, -11.096394648775458]]]], "centroids": [[-9.566268655995373, -7.510660421103239, 3.0]], "h": 3.0}, "mtl": {"face": 0}}, {"geom": {"polygons": [[[[-11.096394649270223, -0.5470344480127096], [-11.096394649270223, -0.5411648042500019], [-10.256319625739707, 3.7761970553547144], [11.096394649270223, 0.5753508452326059], [11.096394649270223, 0.5677813962101936], [10.445217154920101, -3.7761970553547144], [-11.096394649270223, -0.5470344480127096]]]], "centroids": [[0.04667622671695426, 0.0038958899676799774, 3.0]], "h": 3.0}, "mtl": {"face": 0}}, {"geom": {"polygons": [[[[-11.096394649270223, -4.12467541731894], [-11.096394649270223, -0.5470344480127096], [-8.476414504140848, -0.9397785943001509], [-9.15282446864876, -4.416023354977369], [-11.096394649270223, -4.12467541731894]]]], "centroids": [[-9.947152270789957, -2.419750638306141, 3.0]], "h": 3.0}, "mtl": {"face": 0}}], "featureCount": 3, "startIndex": 0}