{"type": "block", "layer": 1, "block": 0, "features": [{"geom": {"triangles": {"v": [-10.25031962536741, 3.7641970552504063, 3.0, -16.96906962536741, -30.235802944749594, 3.0, 13.64030537463259, -34.235802944749594, 3.0, 19.79655537463259, -0.23580294474959373, 3.0, 21.15593037463259, -1.2358029447495937, 3.0], "f": [0, 1, 2, 0, 2, 3, 3, 2, 4]}, "centroids": [[1.8596613745612558, -15.498670764267445, 3.0]]}, "mtl": 0}], "featureCount": 1, "startIndex": 0}