{"type": "block", "layer": 1, "block": 0, "features": [{"geom": {"triangles": {"v": [-4.57304604339879, 2.630353730171919, 3.0, -7.38554604339879, -14.369646269828081, 3.0, 5.25507895660121, 1.6303537301719189, 3.0, 2.67695395660121, -15.369646269828081, 3.0], "f": [0, 1, 2, 1, 3, 2]}, "centroids": [[-1.0074111820722464, -6.4672392923384905, 3.0]]}, "mtl": 0}], "featureCount": 1, "startIndex": 0}