{"type": "block", "layer": 1, "block": 0, "features": [{"geom": {"triangles": {"v": [-28.264348116557812, 10.75110175088048, 3.0, -35.77997311655781, -15.24889824911952, 3.0, -22.170598116557812, 12.75110175088048, 3.0, -25.248723116557812, 12.75110175088048, 3.0, -23.045598116557812, 12.75110175088048, 3.0, -29.233098116557812, -23.24889824911952, 3.0, -2.0924731165578123, -31.24889824911952, 3.0, 22.298151883442188, -6.24889824911952, 3.0, 6.376276883442188, -33.24889824911952, 3.0, 25.282526883442188, -10.24889824911952, 3.0, 25.360651883442188, -9.24889824911952, 3.0, 15.438776883442188, -34.24889824911952, 3.0], "f": [0, 1, 2, 2, 3, 0, 4, 3, 2, 2, 1, 5, 5, 6, 2, 7, 2, 6, 7, 6, 8, 7, 8, 9, 7, 9, 10, 9, 8, 11]}, "centroids": [[-6.490634734742343, -11.892536444589496, 3.0]]}, "mtl": 0}], "featureCount": 1, "startIndex": 0}