{"type": "block", "layer": 1, "block": 0, "features": [{"geom": {"triangles": {"v": [-20.84714534433442, 1.51366813108325, 3.0, -21.09714534433442, -0.48633186891674995, 3.0, -6.815895344334422, -1.48633186891675, 3.0, 1.1528546556655783, -5.48633186891675, 3.0, 2.7778546556655783, 4.51366813108325, 3.0, -5.253395344334422, 6.51366813108325, 3.0], "f": [0, 1, 2, 2, 1, 3, 2, 3, 4, 5, 2, 4]}, "centroids": [[-4.777846843469888, 0.16388556733727455, 3.0]]}, "mtl": 0}], "featureCount": 1, "startIndex": 0}