{"type": "block", "layer": 0, "block": 0, "features": [{"geom": {"polygons": [[[[-4.2129716977942735, -3.491110200062394], [-4.2129716977942735, -3.4896136727184057], [-2.041328889608849, 4.038762921467423], [4.2129716977942735, 3.3052526265382767], [4.2129716977942735, 3.3037353847175837], [3.1157241087057628, -0.5187629498541355], [2.217724116955651, -4.038762921467423], [-4.2129716977942735, -3.491110200062394]]]], "centroids": [[0.012665681482758373, -0.055252835154533386, 3.0]], "h": 3.0}, "mtl": {"face": 0}}], "featureCount": 1, "startIndex": 0}