{"type": "block", "layer": 0, "block": 0, "features": [{"geom": {"polygons": [[[[-6.819903307798086, -4.136094983667135], [-6.819903307798086, -4.133548578247428], [-6.658085366245359, -3.562953621149063], [-2.925285366247408, 5.01804637722671], [6.819903307798086, 3.1344172339886427], [6.819903307798086, 3.1314474176615477], [5.960746870463481, -0.4434220753610134], [-0.10642231011297554, 0.7090065032243729], [-2.564565391774522, -5.0180463790893555], [-6.819903307798086, -4.136094983667135]]]], "centroids": [[-0.6629044324508868, 0.6288748290389776, 3.0]], "h": 3.0}, "mtl": {"face": 0}}, {"geom": {"polygons": [[[[-6.819903307798086, -4.136094983667135], [-6.819903307798086, -4.133548578247428], [-6.658085366245359, -3.562953621149063], [-2.925285366247408, 5.01804637722671], [6.819903307798086, 3.1344172339886427], [6.819903307798086, 3.1314474176615477], [5.960746870463481, -0.4434220753610134], [-0.10642231011297554, 0.7090065032243729], [-2.564565391774522, -5.0180463790893555], [-6.819903307798086, -4.136094983667135]]]], "centroids": [[-0.6629044324508868, 0.6288748290389776, 6.0]], "h": 6.0}, "mtl": {"face": 1}}], "featureCount": 2, "startIndex": 0}