{"type": "block", "layer": 0, "block": 0, "features": [{"geom": {"polygons": [[[[-4.6106459242873825, -3.6035759039223194], [-0.33041013922775164, 5.810842955484986], [-0.32877275231294334, 5.810842955484986], [4.610645924258279, 3.720427520573139], [0.2768766215303913, -5.810842955484986], [0.2753259766323026, -5.810842955484986], [-4.6106459242873825, -3.6035759039223194]]]], "centroids": [[-0.008301262249005958, 0.027054985985159874, 3.0]], "h": 3.0}, "mtl": {"face": 0}}, {"geom": {"polygons": [[[[-4.610645932407351, -3.603575922548771], [-0.33041013922775164, 5.810842955484986], [-0.32877275234204717, 5.810842955484986], [5.347705139691243, 3.408496031537652], [1.1556914482498541, -5.810842955484986], [0.27532597703975625, -5.810842955484986], [-4.610645932407351, -3.603575922548771]]]], "centroids": [[0.3588184225081932, -0.12084971368312836, 6.0]], "h": 6.0}, "mtl": {"face": 1}}], "featureCount": 2, "startIndex": 0}