{"type": "block", "layer": 0, "block": 0, "features": [{"geom": {"polygons": [[[[-2.9695979803509545, -0.9123576357960701], [-2.9695979803509545, -0.9113025572150946], [-1.889364297821885, 2.575402023270726], [2.9695979803509545, 1.070022203028202], [2.9695979803509545, 1.0686101522296667], [2.1497508465254214, -2.575402023270726], [-2.9695979803509545, -0.9123576357960701]]]], "centroids": [[0.06873150574392639, 0.020249955356121063, 3.0]], "h": 3.0}, "mtl": {"face": 0}}], "featureCount": 1, "startIndex": 0}