{"type": "block", "layer": 0, "block": 0, "features": [{"geom": {"polygons": [[[[-3.2468341062776744, -2.124404087662697], [-3.2468341062776744, -2.1220683343708515], [-2.5096248518384527, 3.060756403952837], [3.2468341062776744, 2.241952946409583], [3.2468341062776744, 2.2395975179970264], [2.501519977930002, -3.060756403952837], [-3.2468341062776744, -2.124404087662697]]]], "centroids": [[0.00851476748357527, 0.027133595198392868, 3.0]], "h": 3.0}, "mtl": {"face": 0}}, {"geom": {"polygons": [[[[2.3652450781373773, 2.7777997758239508], [2.4331398828944657, 3.2468341067433357], [3.2468341062776744, 3.2468341067433357], [3.2468341062776744, 2.6655637435615063], [2.3652450781373773, 2.7777997758239508]]]], "centroids": [[2.8371937521151267, 2.9794392101466656, 3.0]], "h": 3.0}, "mtl": {"face": 0}}, {"geom": {"polygons": [[[[-3.2468341062776744, -2.124404087662697], [-3.2468341062776744, -2.1220683343708515], [-2.5096248518384527, 3.060756403952837], [3.2468341062776744, 2.241952946409583], [3.2468341062776744, 2.2395975179970264], [2.501519977930002, -3.060756403952837], [-3.2468341062776744, -2.124404087662697]]]], "centroids": [[0.00851476748357527, 0.027133595198392868, 6.0]], "h": 6.0}, "mtl": {"face": 1}}, {"geom": {"polygons": [[[[2.3652450781373773, 2.7777997758239508], [2.4331398828944657, 3.2468341067433357], [3.2468341062776744, 3.2468341067433357], [3.2468341062776744, 2.6655637435615063], [2.3652450781373773, 2.7777997758239508]]]], "centroids": [[2.8371937521151267, 2.9794392101466656, 6.0]], "h": 6.0}, "mtl": {"face": 1}}], "featureCount": 4, "startIndex": 0}