{"type": "block", "layer": 1, "block": 0, "features": [{"geom": {"triangles": {"v": [-7.21093425602885, 3.976579261943698, 3.0, -7.10155925602885, -4.023420738056302, 3.0, 0.02344074397115037, 1.976579261943698, 3.0, 2.3984407439711504, -9.023420738056302, 3.0, 6.75781574397115, -1.023420738056302, 3.0, 7.17969074397115, -1.023420738056302, 3.0, -6.83593425602885, -10.023420738056302, 3.0, 0.8671907439711504, -11.023420738056302, 3.0, 0.7109407439711504, -12.023420738056302, 3.0], "f": [0, 1, 2, 2, 1, 3, 2, 3, 4, 2, 4, 5, 1, 6, 3, 3, 6, 7, 7, 6, 8]}, "centroids": [[-1.450926572579192, -3.5993267819285393, 3.0]]}, "mtl": 0}], "featureCount": 1, "startIndex": 0}