{"type": "block", "layer": 1, "block": 0, "features": [{"geom": {"triangles": {"v": [-2.5445401598117314, 2.888007678091526, 3.0, -6.216415159811731, -20.111992321908474, 3.0, 2.1742098401882686, -3.111992321908474, 3.0, 3.1585848401882686, 0.888007678091526, 3.0, 0.17420984018826857, -21.111992321908474, 3.0], "f": [0, 1, 2, 0, 2, 3, 1, 4, 2]}, "centroids": [[-1.4859486947534606, -9.808684835210443, 3.0]]}, "mtl": 0}], "featureCount": 1, "startIndex": 0}