{"type": "block", "layer": 0, "block": 0, "features": [{"geom": {"polygons": [[[[1.581440232024761, -6.547482604160905], [2.1284553244768176, -4.106144515797496], [5.72209622169612, -4.68858982808888], [5.302064753690502, -6.547482604160905], [1.581440232024761, -6.547482604160905]]]], "centroids": [[3.6010449415189214, -5.465661866590381, 6.0]], "h": 6.0}, "mtl": {"face": 0}}, {"geom": {"polygons": [[[[-5.779379942861851, -5.360981879755855], [-4.885811804560944, -1.0653504375368357], [-4.497092283505481, -1.1280445009469986], [-4.601836157991784, -0.6505982968956232], [-4.647825279389508, -0.23046168126165867], [-4.652304082585033, 0.18416631780564785], [-4.607384161354275, 0.6606518682092428], [-4.5140922837890685, 1.1371374186128378], [-4.30603630997939, 1.7130686566233635], [-4.087067675514845, 2.1496280264109373], [-3.8270922837255057, 2.548137417063117], [-4.129453044530237, 2.596903232857585], [-3.569092283345526, 5.3671374171972275], [-3.437491161748767, 5.708446267992258], [-3.240722802322125, 6.049755118787289], [-2.996506238967413, 6.355983210727572], [-2.7710258528823033, 6.547482604160905], [1.1867311596288346, 6.547482604160905], [1.1769077162025496, 6.452137418091297], [1.8699077162018511, 6.520137418061495], [2.759907716215821, 6.491137417033315], [3.3897422715090215, 6.330409096553922], [3.7046595491701737, 6.219395477324724], [4.022501870116685, 6.090527193620801], [4.3138705421297345, 5.96627988293767], [4.600894481816795, 5.840066919103265], [5.182212136860471, 5.524137418717146], [5.129092283779755, 5.271678877994418], [3.1220194408961106, -4.2671780698001385], [2.1284553244768176, -4.106144515797496], [1.581440232024761, -6.547482604160905], [1.5772335017391015, -6.547482604160905], [-5.129092283779755, -5.4658625815063715], [-5.779379942861851, -5.360981879755855]]]], "centroids": [[-0.2969970060221385, 0.30487777665257454, 12.0]], "h": 12.0}, "mtl": {"face": 1}}, {"geom": {"polygons": [[[[-5.129092283779755, -5.4658625815063715], [-2.84009228379, 5.298137417063117], [-0.9690729315916542, 6.547482604160905], [-0.9649644774326589, 6.547482604160905], [5.129092283779755, 5.271678877994418], [3.1220194412744604, -4.2671780698001385], [2.1284553244768176, -4.106144515797496], [1.581440232024761, -6.547482604160905], [1.5772335017391015, -6.547482604160905], [-5.129092283779755, -5.4658625815063715]]]], "centroids": [[-0.029948125797091052, 0.05405261553823948, 3.0]], "h": 3.0}, "mtl": {"face": 2}}, {"geom": {"polygons": [[[[1.581440232024761, -6.547482604160905], [2.1284553244768176, -4.106144515797496], [3.1220194410998374, -4.2671780698001385], [5.129092283779755, 5.271678877994418], [6.547482603316894, 4.974735852330923], [6.547482603316894, -1.0357568860054016], [5.302064753661398, -6.547482604160905], [1.581440232024761, -6.547482604160905]]]], "centroids": [[4.773712740367046, -1.558311976492405, 3.0]], "h": 3.0}, "mtl": {"face": 2}}, {"geom": {"polygons": [[[[-5.779379942861851, -5.360981879755855], [-4.885811804560944, -1.0653504375368357], [-4.497092283505481, -1.1280445009469986], [-4.601836157991784, -0.6505982968956232], [-4.647825279389508, -0.23046168126165867], [-4.652304082585033, 0.18416631780564785], [-4.607384161354275, 0.6606518682092428], [-4.5140922837890685, 1.1371374186128378], [-4.30603630997939, 1.7130686566233635], [-4.087067675514845, 2.1496280264109373], [-3.8270922837837134, 2.548137417063117], [-4.129453044530237, 2.596903232857585], [-3.569092283345526, 5.3671374171972275], [-3.437491161748767, 5.708446267992258], [-3.240722802322125, 6.049755118787289], [-2.996506238967413, 6.355983210727572], [-2.7710258528823033, 6.547482604160905], [1.1867311596288346, 6.547482604160905], [1.1769077162025496, 6.452137418091297], [1.8699077162018511, 6.520137418061495], [2.759907716215821, 6.491137417033315], [3.3897422715090215, 6.330409096553922], [3.7046595491701737, 6.219395477324724], [4.022501870116685, 6.090527193620801], [4.3138705421297345, 5.96627988293767], [4.600894481816795, 5.840066919103265], [5.182212136860471, 5.524137418717146], [5.129092283779755, 5.271678877994418], [3.1220194408961106, -4.2671780698001385], [2.1284553244768176, -4.106144515797496], [1.581440232024761, -6.547482604160905], [1.5772335017391015, -6.547482604160905], [-5.129092283779755, -5.4658625815063715], [-5.779379942861851, -5.360981879755855]]]], "centroids": [[-0.2969970059930347, 0.30487777665257454, 6.0]], "h": 6.0}, "mtl": {"face": 0}}, {"geom": {"polygons": [[[[-5.779379942861851, -5.360981879755855], [-4.885811804560944, -1.0653504375368357], [-4.497092283505481, -1.1280445009469986], [-4.601836157991784, -0.6505982968956232], [-4.647825279389508, -0.23046168126165867], [-4.652304082585033, 0.18416631780564785], [-4.607384161354275, 0.6606518682092428], [-4.5140922837890685, 1.1371374186128378], [-4.30603630997939, 1.7130686566233635], [-4.087067675514845, 2.1496280264109373], [-3.8270922837255057, 2.548137417063117], [-4.129453044530237, 2.596903232857585], [-3.569092283345526, 5.3671374171972275], [-3.437491161748767, 5.708446267992258], [-3.240722802322125, 6.049755118787289], [-2.996506238967413, 6.355983210727572], [-2.7710258528823033, 6.547482604160905], [1.1867311596288346, 6.547482604160905], [1.1769077162025496, 6.452137418091297], [1.8699077162018511, 6.520137418061495], [2.759907716215821, 6.491137417033315], [3.3897422715090215, 6.330409096553922], [3.7046595491701737, 6.219395477324724], [4.022501870116685, 6.090527193620801], [4.3138705421297345, 5.96627988293767], [4.600894481816795, 5.840066919103265], [5.182212136860471, 5.524137418717146], [5.129092283779755, 5.271678877994418], [3.1220194408961106, -4.2671780698001385], [2.1284553244768176, -4.106144515797496], [1.581440232024761, -6.547482604160905], [1.5772335017391015, -6.547482604160905], [-5.129092283779755, -5.4658625815063715], [-5.779379942861851, -5.360981879755855]]]], "centroids": [[-0.2969970060221385, 0.30487777665257454, 9.0]], "h": 9.0}, "mtl": {"face": 3}}, {"geom": {"polygons": [[[[1.581440232024761, -6.547482604160905], [2.1284553244768176, -4.106144515797496], [5.72209622169612, -4.68858982808888], [5.302064753690502, -6.547482604160905], [1.581440232024761, -6.547482604160905]]]], "centroids": [[3.6010449415189214, -5.465661866590381, 9.0]], "h": 9.0}, "mtl": {"face": 3}}], "featureCount": 7, "startIndex": 0}