{"type": "block", "layer": 1, "block": 0, "features": [{"geom": {"triangles": {"v": [-24.51912939787144, 7.357662584632635, 3.0, -25.28475439787144, 2.357662584632635, 3.0, 8.277745602128562, 1.3576625846326351, 3.0, 7.293370602128562, -4.642337415367365, 3.0], "f": [0, 1, 2, 1, 3, 2]}, "centroids": [[-8.563101457431912, 1.60283781029284, 3.0]]}, "mtl": 0}], "featureCount": 1, "startIndex": 0}