{"type": "block", "layer": 1, "block": 0, "features": [{"geom": {"triangles": {"v": [-0.39537232217844576, 7.472434503957629, 3.0, -3.5828723221784458, -0.5275654960423708, 3.0, 9.682752677821554, -6.527565496042371, 3.0, 13.182752677821554, 0.4724345039576292, 3.0], "f": [0, 1, 2, 0, 2, 3]}, "centroids": [[4.699380785838002, 0.4172443840652704, 3.0]]}, "mtl": 0}], "featureCount": 1, "startIndex": 0}