{"type": "block", "layer": 0, "block": 0, "features": [{"geom": {"polygons": [[[[-3.103235516551649, -4.397583220154047], [-1.0724937491759192, 5.27110786922276], [-1.069875742221484, 5.27110786922276], [3.1032355165225454, 4.3937024138867855], [0.9944985536276363, -5.27110786922276], [0.9919121498824097, -5.27110786922276], [-3.103235516551649, -4.397583220154047]]]], "centroids": [[-0.015924334671581164, 0.013624845072627068, 3.0]], "h": 3.0}, "mtl": {"face": 0}}], "featureCount": 1, "startIndex": 0}