{"type": "block", "layer": 1, "block": 0, "features": [{"geom": {"triangles": {"v": [-1.075860516692046, 4.909416779875755, 3.0, -3.107110516692046, -4.090583220124245, 3.0, 16.314764483307954, -8.090583220124245, 3.0, 18.596014483307954, 0.9094167798757553, 3.0], "f": [0, 1, 2, 0, 2, 3]}, "centroids": [[7.694204381929012, -1.6244588382542133, 3.0]]}, "mtl": 0}], "featureCount": 1, "startIndex": 0}