{"type": "block", "layer": 1, "block": 0, "features": [{"geom": {"triangles": {"v": [-12.999639771704096, -54.510499998927116, 3.0, -13.937139771704096, -57.510499998927116, 3.0, 3.5941102282959037, -62.510499998927116, 3.0, -7.499639771704096, -34.510499998927116, 3.0, -4.405889771704096, -24.510499998927116, 3.0, 21.969110228295904, -6.510499998927116, 3.0, -1.4215147717040963, -15.510499998927116, 3.0, 1.7347352282959037, -5.510499998927116, 3.0, 19.640985228295904, -2.5104999989271164, 3.0, 4.375360228295904, 3.4895000010728836, 3.0, -4.374639771704096, -3.5104999989271164, 3.0, -1.7496397717040963, 5.489500001072884, 3.0, 5.969110228295904, 8.489500001072884, 3.0], "f": [0, 1, 2, 3, 0, 2, 4, 3, 2, 5, 4, 2, 5, 6, 4, 7, 6, 5, 8, 7, 5, 9, 7, 8, 10, 7, 9, 11, 10, 9, 12, 9, 8]}, "centroids": [[4.161684193240944, -27.437568459659815, 3.0]]}, "mtl": 0}], "featureCount": 1, "startIndex": 0}