{"type": "block", "layer": 0, "block": 0, "features": [{"geom": {"polygons": [[[[-4.17561624236987, -1.0045997928828], [-4.17561624236987, -1.002635220065713], [-3.1198064887721557, 3.597192831337452], [4.17561624236987, 1.060432417318225], [4.17561624236987, 1.0581156481057405], [3.280374508933164, -3.597192831337452], [-4.17561624236987, -1.0045997928828]]]], "centroids": [[0.0383715862990357, 0.005559889599680901, 3.0]], "h": 3.0}, "mtl": {"face": 0}}], "featureCount": 1, "startIndex": 0}