{"type": "block", "layer": 1, "block": 0, "features": [{"geom": {"triangles": {"v": [-2.320296697813319, 3.8997632563114166, 3.0, -4.367171697813319, -3.1002367436885834, 3.0, 2.820328302186681, -6.100236743688583, 3.0, 6.882828302186681, 8.899763256311417, 3.0, -0.30467169781331904, 11.899763256311417, 3.0], "f": [0, 1, 2, 0, 2, 3, 4, 0, 3]}, "centroids": [[1.2569459360965993, 2.731961688026786, 3.0]]}, "mtl": 0}], "featureCount": 1, "startIndex": 0}