{"type": "block", "layer": 0, "block": 0, "features": [{"geom": {"polygons": [[[[-4.179693133744877, -4.564434956759214], [-3.8134904224425554, -2.8177343998104334], [-2.0803792494989466, -3.169915897771716], [-0.2536641065380536, 5.819484405219555], [-0.2506216180336196, 5.819484405219555], [4.179693133744877, 4.937721537426114], [1.9534098760050256, -5.819484405219555], [1.9504466778307687, -5.819484405219555], [-2.4362880946719088, -4.921369643881917], [-4.179693133744877, -4.564434956759214]]]], "centroids": [[0.6226304144074675, -0.2222082819789648, 3.0]], "h": 3.0}, "mtl": {"face": 0}}], "featureCount": 1, "startIndex": 0}