{"type": "block", "layer": 1, "block": 0, "features": [{"geom": {"triangles": {"v": [-22.60518107531243, 10.276747941970825, 3.0, -24.85518107531243, -0.7232520580291748, 3.0, -3.52705607531243, -4.723252058029175, 3.0, -1.30830607531243, 6.276747941970825, 3.0, 1.95731892468757, -5.723252058029175, 3.0, 4.17606892468757, 5.276747941970825, 3.0], "f": [0, 1, 2, 0, 2, 3, 3, 2, 4, 3, 4, 5]}, "centroids": [[-10.343785342003684, 2.3005424942821264, 3.0]]}, "mtl": 0}], "featureCount": 1, "startIndex": 0}