{"type": "block", "layer": 0, "block": 0, "features": [{"geom": {"polygons": [[[[-4.359090499026934, -0.9973159711807966], [-4.359090499026934, -0.9954188503324986], [-3.413513116625836, 2.889260558411479], [4.359090499026934, 0.9973159674555063], [4.359090499026934, 0.9954188466072083], [3.41351311764447, -2.889260558411479], [-4.359090499026934, -0.9973159711807966]]]], "centroids": [[-3.4924596548080444e-10, 1.862645149230957e-09, 3.0]], "h": 3.0}, "mtl": {"face": 0}}, {"geom": {"polygons": [[[[-4.359090499026934, 1.2176886536180973], [-4.359090499026934, 3.11942539177835], [-3.9220777856826317, 3.013051275163889], [-4.359090499026934, 1.2176886536180973]]]], "centroids": [[-4.213419594598236, 2.450055105611682, 3.0]], "h": 3.0}, "mtl": {"face": 0}}, {"geom": {"polygons": [[[[3.8407926207000855, -4.3590904995799065], [4.359090499026934, -1.7526960037648678], [4.359090499026934, -4.3590904995799065], [3.8407926207000855, -4.3590904995799065]]]], "centroids": [[4.186324539565248, -3.4902923330664635, 3.0]], "h": 3.0}, "mtl": {"face": 0}}], "featureCount": 3, "startIndex": 0}