{"type": "block", "layer": 1, "block": 0, "features": [{"geom": {"triangles": {"v": [-8.1910498085781, 4.206979425624013, 3.0, -10.1441748085781, -3.793020574375987, 3.0, 9.0277001914219, 0.20697942562401295, 3.0, 7.4808251914219, -7.793020574375987, 3.0], "f": [0, 1, 2, 1, 3, 2]}, "centroids": [[-0.479327608976746, -1.9459349531680346, 3.0]]}, "mtl": 0}], "featureCount": 1, "startIndex": 0}