{"type": "block", "layer": 1, "block": 0, "features": [{"geom": {"triangles": {"v": [-13.160016587818973, 6.832779735326767, 3.0, -14.753766587818973, -1.167220264673233, 3.0, 4.480608412181027, -5.167220264673233, 3.0, 6.230608412181027, 2.832779735326767, 3.0], "f": [0, 1, 2, 0, 2, 3]}, "centroids": [[-4.289022519253194, 1.0569565426558256, 3.0]]}, "mtl": 0}], "featureCount": 1, "startIndex": 0}