{"type": "block", "layer": 1, "block": 0, "features": [{"geom": {"triangles": {"v": [-14.475861797167454, 10.950344387441874, 3.0, -16.928986797167454, -1.0496556125581264, 3.0, 2.633513202832546, -5.0496556125581264, 3.0, 5.149138202832546, 5.9503443874418736, 3.0], "f": [0, 1, 2, 0, 2, 3]}, "centroids": [[-5.904181626217905, 2.86252374202013, 3.0]]}, "mtl": 0}], "featureCount": 1, "startIndex": 0}