{"type": "block", "layer": 0, "block": 0, "features": [{"geom": {"polygons": [[[[-5.241235340567073, 2.2087529990822077], [-0.695409061096143, 5.674093289300799], [-0.6942209799599368, 5.674093289300799], [5.241235340537969, -1.9173392448574305], [0.7484707674302626, -5.674093289300799], [0.7473610215820372, -5.674093289300799], [-5.241235340567073, 2.2087529990822077]]]], "centroids": [[0.014886292134178802, 0.049680087715387344, 3.0]], "h": 3.0}, "mtl": {"face": 0}}, {"geom": {"polygons": [[[[-5.674093289242592, -5.674093289300799], [-5.674093289242592, -2.9249744210392237], [-3.665088510053465, -5.674093289300799], [-5.674093289242592, -5.674093289300799]]]], "centroids": [[-5.004425029503182, -4.757720332592726, 3.0]], "h": 3.0}, "mtl": {"face": 0}}, {"geom": {"polygons": [[[[-5.63887302466901, 1.905628813430667], [-0.695409061096143, 5.674093289300799], [-0.6942209799599368, 5.674093289300799], [5.241235340537969, -1.9173392448574305], [0.7484707671683282, -5.674093289300799], [0.11943996956688352, -5.674093289300799], [-5.63887302466901, 1.905628813430667]]]], "centroids": [[-0.18420478998450562, -0.09728324599564075, 6.0]], "h": 6.0}, "mtl": {"face": 1}}, {"geom": {"polygons": [[[[-5.674093289242592, -5.674093289300799], [-5.674093289242592, -2.9249744210392237], [-3.665088510053465, -5.674093289300799], [-5.674093289242592, -5.674093289300799]]]], "centroids": [[-5.004425029503182, -4.757720332592726, 6.0]], "h": 6.0}, "mtl": {"face": 1}}], "featureCount": 4, "startIndex": 0}