{"type": "block", "layer": 1, "block": 0, "features": [{"geom": {"triangles": {"v": [-0.6910146593581885, 5.51766075566411, 3.0, -12.066014659358189, -3.48233924433589, 3.0, 5.2464853406418115, -1.4823392443358898, 3.0, -5.8941396593581885, -11.48233924433589, 3.0], "f": [0, 1, 2, 1, 3, 2]}, "centroids": [[-3.4070771605183836, -2.6731958854943514, 3.0]]}, "mtl": 0}], "featureCount": 1, "startIndex": 0}