{"type": "block", "layer": 1, "block": 0, "features": [{"geom": {"triangles": {"v": [-1.7919686215172987, 15.380606982856989, 3.0, -4.198218621517299, -10.619393017143011, 3.0, 4.598656378482701, 14.380606982856989, 3.0, 2.1924063784827013, -11.619393017143011, 3.0], "f": [0, 1, 2, 1, 3, 2]}, "centroids": [[0.19613182451575994, 2.0163501407951117, 3.0]]}, "mtl": 0}], "featureCount": 1, "startIndex": 0}