{"type": "block", "layer": 0, "block": 0, "features": [{"geom": {"polygons": [[[[-6.080249999300577, -5.532500011846423], [-0.503284278587671, 8.275672340765595], [-0.5011179279536009, 8.275672340765595], [6.080249999300577, 5.3024999890476465], [0.4929905253229663, -8.275672340765595], [0.49066742870491, -8.275672340765595], [-6.080249999300577, -5.532500011846423]]]], "centroids": [[-0.0039923228905536234, -0.038831381127238274, 3.0]], "h": 3.0}, "mtl": {"face": 0}}, {"geom": {"polygons": [[[[-6.773049999610521, -5.888500010594726], [-4.755724915099563, -0.8833849634975195], [-4.8911740483599715, -0.8184098396450281], [-3.9229541914828587, 1.5840251594781876], [-3.7869538867962547, 1.5201991125941277], [-1.0641422283952124, 8.275672340765595], [-0.5011179271386936, 8.275672340765595], [6.080249999300577, 5.3024999890476465], [0.4929905755852815, -8.275672340765595], [-0.7506200677307788, -8.275672340765595], [-3.018419674714096, -7.290192676708102], [-3.0589499758498278, -7.381610916927457], [-6.773049999610521, -5.888500010594726]]]], "centroids": [[-0.3582523894147016, -0.15581678040325642, 6.0]], "h": 6.0}, "mtl": {"face": 1}}, {"geom": {"polygons": [[[[-6.773049999610521, -5.888500010594726], [-4.755724915099563, -0.8833849634975195], [-4.8911740483599715, -0.8184098396450281], [-3.9229541914828587, 1.5840251594781876], [-3.7869538867962547, 1.5201991125941277], [-1.0641422283952124, 8.275672340765595], [-0.5011179271386936, 8.275672340765595], [6.080249999300577, 5.3024999890476465], [0.4929905755852815, -8.275672340765595], [-0.7506200677307788, -8.275672340765595], [-3.018419674714096, -7.290192676708102], [-3.0589499758498278, -7.381610916927457], [-6.773049999610521, -5.888500010594726]]]], "centroids": [[-0.3582523894147016, -0.15581678040325642, 9.0]], "h": 9.0}, "mtl": {"face": 2}}, {"geom": {"polygons": [[[[-7.004211650491925, -6.061006234958768], [-4.8911740483599715, -0.8184098396450281], [-3.9229541914828587, 1.5840251594781876], [-1.225867792207282, 8.275672340765595], [-0.5011179271386936, 8.275672340765595], [6.080249999300577, 5.3024999890476465], [0.4929905755852815, -8.275672340765595], [-1.4564311518042814, -8.275672340765595], [-7.004211650491925, -6.061006234958768]]]], "centroids": [[-0.46219347647274844, -0.2273533921688795, 12.0]], "h": 12.0}, "mtl": {"face": 3}}], "featureCount": 4, "startIndex": 0}