{"type": "block", "layer": 1, "block": 0, "features": [{"geom": {"triangles": {"v": [-10.504890074837022, 7.753770727664232, 3.0, -11.754890074837022, -0.24622927233576775, 3.0, 11.745109925162978, 2.7537707276642323, 3.0, 10.307609925162978, -5.246229272335768, 3.0], "f": [0, 1, 2, 1, 3, 2]}, "centroids": [[-0.09085778289590962, 1.5164598375558853, 3.0]]}, "mtl": 0}], "featureCount": 1, "startIndex": 0}