{"type": "block", "layer": 1, "block": 0, "features": [{"geom": {"triangles": {"v": [5.002625076187542, 4.38487009331584, 3.0, -12.966124923812458, 7.38487009331584, 3.0, -14.200499923812458, -2.6151299066841602, 3.0, 3.4245000761875417, -5.61512990668416, 3.0], "f": [0, 1, 2, 0, 2, 3]}, "centroids": [[-4.695375886454713, 0.700290147215128, 3.0]]}, "mtl": 0}], "featureCount": 1, "startIndex": 0}