{"type": "block", "layer": 1, "block": 0, "features": [{"geom": {"triangles": {"v": [-16.452311009605182, 0.06818102858960629, 3.0, -17.014811009605182, -1.9318189714103937, 3.0, 5.125813990394818, -6.931818971410394, 3.0, -15.405436009605182, 3.0681810285896063, 3.0, -12.952311009605182, 7.068181028589606, 3.0, -7.217936009605182, 11.068181028589606, 3.0, 8.578938990394818, 8.068181028589606, 3.0], "f": [0, 1, 2, 3, 0, 2, 4, 3, 2, 5, 4, 2, 6, 5, 2]}, "centroids": [[-3.545502677356126, 2.2424588724970818, 3.0]]}, "mtl": 0}], "featureCount": 1, "startIndex": 0}