{"type": "block", "layer": 0, "block": 0, "features": [{"geom": {"polygons": [[[[-3.5684298827836756, -2.3200156707316637], [-2.3019469472346827, 3.577043753117323], [-2.300204741390189, 3.577043753117323], [3.5684298827836756, 2.316401492804289], [2.307219271286158, -3.577043753117323], [2.305471042258432, -3.577043753117323], [-3.5684298827836756, -2.3200156707316637]]]], "centroids": [[0.0008644709596410394, -0.0011825338006019592, 3.0]], "h": 3.0}, "mtl": {"face": 0}}, {"geom": {"polygons": [[[[-3.5684298827836756, -2.3200156707316637], [-2.3019469472346827, 3.577043753117323], [-2.300204741390189, 3.577043753117323], [3.5684298827836756, 2.316401492804289], [2.307219271286158, -3.577043753117323], [2.305471042258432, -3.577043753117323], [-3.5684298827836756, -2.3200156707316637]]]], "centroids": [[0.0008644709596410394, -0.0011825338006019592, 6.0]], "h": 6.0}, "mtl": {"face": 1}}], "featureCount": 2, "startIndex": 0}