{"type": "block", "layer": 1, "block": 0, "features": [{"geom": {"triangles": {"v": [0.37070488277822733, -12.339598506689072, 3.0, -2.3011701172217727, 3.6604014933109283, 3.0, -6.535545117221773, -16.33959850668907, 3.0, 3.5738298827782273, 2.6604014933109283, 3.0, -0.6449201172217727, -17.33959850668907, 3.0], "f": [0, 1, 2, 1, 0, 3, 0, 2, 4]}, "centroids": [[-1.47920575356693, -6.904054872691631, 3.0]]}, "mtl": 0}], "featureCount": 1, "startIndex": 0}