{"type": "block", "layer": 1, "block": 0, "features": [{"geom": {"triangles": {"v": [-10.487599997431971, 7.042615007609129, 3.0, -12.237599997431971, -3.957384992390871, 3.0, 1.8249000025680289, -6.957384992390871, 3.0, 12.231150002568029, 1.042615007609129, 3.0, 11.356150002568029, -2.957384992390871, 3.0, 9.559275002568029, -6.957384992390871, 3.0, 7.637400002568029, -7.957384992390871, 3.0, 2.153025002568029, -7.957384992390871, 3.0], "f": [0, 1, 2, 0, 2, 3, 2, 4, 3, 2, 5, 4, 2, 6, 5, 2, 7, 6]}, "centroids": [[-0.37304964486975223, -1.1712444368749857, 3.0]]}, "mtl": 0}], "featureCount": 1, "startIndex": 0}