{"type": "block", "layer": 1, "block": 0, "features": [{"geom": {"triangles": {"v": [-7.9877294094185345, -4.269875202327967, 3.0, -8.237729409418534, -5.269875202327967, 3.0, -3.9408544094185345, -7.269875202327967, 3.0, -5.5658544094185345, 4.730124797672033, 3.0, 4.3560205905814655, 8.730124797672033, 3.0, -3.3939794094185345, 11.730124797672033, 3.0, -0.8002294094185345, -9.269875202327967, 3.0, -4.0658544094185345, -7.269875202327967, 3.0], "f": [0, 1, 2, 3, 0, 2, 3, 2, 4, 5, 3, 4, 2, 6, 4, 2, 7, 6]}, "centroids": [[-1.9907194516563322, 1.6110442243516445, 3.0]]}, "mtl": 0}], "featureCount": 1, "startIndex": 0}