{"type": "block", "layer": 1, "block": 0, "features": [{"geom": {"triangles": {"v": [-7.077736893086694, 6.049565609544516, 3.0, -7.874611893086694, -3.9504343904554844, 3.0, 16.750388106913306, 3.0495656095445156, 3.0, 15.891013106913306, -6.950434390455484, 3.0], "f": [0, 1, 2, 1, 3, 2]}, "centroids": [[4.431316573958611, -0.38302689604461193, 3.0]]}, "mtl": 0}], "featureCount": 1, "startIndex": 0}