{"type": "block", "layer": 0, "block": 0, "features": [{"geom": {"polygons": [[[[-6.002971447451273, -4.2056849244982], [-3.7800324406125583, 6.374873166903853], [-3.7771228330675513, 6.374873166903853], [6.002971447480377, 4.1284466572105885], [3.854028552537784, -6.29968492500484], [3.8374492087750696, -6.374873166903853], [3.83441730204504, -6.374873166903853], [-6.002971447451273, -4.2056849244982]]]], "centroids": [[0.007177339924965054, -0.02149055153131485, 3.0]], "h": 3.0}, "mtl": {"face": 0}}, {"geom": {"polygons": [[[[-6.141294569970341, -4.846683248877525], [-6.002971447451273, -4.2056849244982], [-3.7800324409035966, 6.374873166903853], [-3.7771228333585896, 6.374873166903853], [0.16602356726070866, 5.469157092273235], [0.34737775300163776, 6.342717366293073], [6.183422426547622, 5.004117462784052], [6.002971447480377, 4.1284466572105885], [3.854028552537784, -6.29968492500484], [3.8374492087750696, -6.374873166903853], [0.940436666511232, -6.374873166903853], [-6.141294569970341, -4.846683248877525]]]], "centroids": [[0.06381024909205735, -0.03597033582627773, 6.0]], "h": 6.0}, "mtl": {"face": 1}}, {"geom": {"polygons": [[[[-2.291835654323222, -5.677370563149452], [-2.154446246306179, -5.054301952943206], [0.16602356726070866, 5.469157092273235], [0.34737775300163776, 6.342717366293073], [6.183422387490282, 5.004117276519537], [3.854028552537784, -6.29968492500484], [3.8374492088332772, -6.374873166903853], [0.9404366675589699, -6.374873166903853], [-2.291835654323222, -5.677370563149452]]]], "centroids": [[1.9719592846522573, -0.28001837246119976, 9.0]], "h": 9.0}, "mtl": {"face": 2}}, {"geom": {"polygons": [[[[-6.141294569970341, -4.846683248877525], [-6.002971447451273, -4.2056849244982], [-3.7800324409035966, 6.374873166903853], [-3.7771228333585896, 6.374873166903853], [0.16602356726070866, 5.469157092273235], [-2.2918356544396374, -5.677370563149452], [-6.141294569970341, -4.846683248877525]]]], "centroids": [[-3.0067359216336627, 0.356745645403862, 9.0]], "h": 9.0}, "mtl": {"face": 2}}], "featureCount": 4, "startIndex": 0}