{"type": "block", "layer": 1, "block": 0, "features": [{"geom": {"triangles": {"v": [-1.9048464474617504, 15.429315075278282, 3.0, -5.99859644746175, -4.570684924721718, 3.0, 7.89202855253825, 13.429315075278282, 3.0, 3.8607785525382496, -6.570684924721718, 3.0, 3.8295285525382496, -6.570684924721718, 3.0], "f": [0, 1, 2, 1, 3, 2, 1, 4, 3]}, "centroids": [[0.956291882932419, 4.4817188791930676, 3.0]]}, "mtl": 0}], "featureCount": 1, "startIndex": 0}