{"type": "block", "layer": 1, "block": 0, "features": [{"geom": {"triangles": {"v": [-16.194352983118733, 8.42857882939279, 3.0, -18.256852983118733, -1.5714211706072092, 3.0, 3.5243970168812666, 4.428578829392791, 3.0, 1.4150220168812666, -5.571421170607209, 3.0], "f": [0, 1, 2, 1, 3, 2]}, "centroids": [[-7.3662707297480665, 1.6056871190667152, 3.0]]}, "mtl": 0}], "featureCount": 1, "startIndex": 0}