{"type": "block", "layer": 1, "block": 0, "features": [{"geom": {"triangles": {"v": [-14.418709398683859, -0.8409177493304014, 3.0, -12.528084398683859, -8.840917749330401, 3.0, -3.137459398683859, 1.1590822506695986, 3.0, 11.893790601316141, -3.8409177493304014, 3.0, 1.550040601316141, 2.1590822506695986, 3.0, 10.737540601316141, 4.159082250669599, 3.0], "f": [0, 1, 2, 2, 1, 3, 4, 2, 3, 5, 4, 3]}, "centroids": [[-1.041809116024524, -2.3913728054612875, 3.0]]}, "mtl": 0}], "featureCount": 1, "startIndex": 0}