{"type": "block", "layer": 0, "block": 0, "features": [{"geom": {"polygons": [[[[-3.620830813422799, -1.742591381072998], [-3.620830813422799, 3.45601449534297], [-2.692872242332669, 3.331210508942604], [-3.620830813422799, -1.742591381072998]]]], "centroids": [[-3.3115112897357903, 1.681544540449977, 3.0]], "h": 3.0}, "mtl": {"face": 0}}, {"geom": {"polygons": [[[[-3.620830813422799, -1.7446146588772535], [-3.620830813422799, -1.742591381072998], [-2.840107067284407, 2.526174210011959], [3.620830813422799, 1.6572229117155075], [3.620830813422799, 1.6550360601395369], [2.912696110928664, -2.526174210011959], [-3.620830813422799, -1.7446146588772535]]]], "centroids": [[0.0055076122807804495, -0.02334427833557129, 3.0]], "h": 3.0}, "mtl": {"face": 0}}], "featureCount": 2, "startIndex": 0}