{"type": "block", "layer": 1, "block": 0, "features": [{"geom": {"triangles": {"v": [-12.533032067294698, 1.1831742096692324, 3.0, -12.845532067294698, -0.8168257903307676, 3.0, 11.529467932705302, -3.8168257903307676, 3.0, 11.810717932705302, -0.8168257903307676, 3.0, -9.845532067294698, 10.183174209669232, 3.0, 12.451342932705302, 7.183174209669232, 3.0], "f": [0, 1, 2, 3, 0, 2, 4, 0, 3, 4, 3, 5]}, "centroids": [[0.21239160472759977, 3.3038881681859493, 3.0]]}, "mtl": 0}], "featureCount": 1, "startIndex": 0}