{"type": "block", "layer": 0, "block": 0, "features": [{"geom": {"polygons": [[[[-4.2732631405233406, 0.1364481057971716], [-4.2732631405233406, 0.13850573636591434], [-3.530309490422951, 3.6085872873663902], [4.2732631405233406, 3.2316079325973988], [4.2732631405233406, 3.230180211365223], [2.1961343441798817, -3.6085872873663902], [-2.5159242518711835, -2.5711255371570587], [-1.7481224246148486, -0.22714021615684032], [-4.2732631405233406, 0.1364481057971716]]]], "centroids": [[0.08052007056539878, 0.5106137897819281, 3.0]], "h": 3.0}, "mtl": {"face": 0}}, {"geom": {"polygons": [[[[-3.1184750201937277, -4.273263139650226], [-2.5159242518711835, -2.5711255371570587], [2.1961343441798817, -3.6085872873663902], [1.9942533249850385, -4.273263139650226], [-3.1184750201937277, -4.273263139650226]]]], "centroids": [[-0.7218946559878532, -3.644415682181716, 3.0]], "h": 3.0}, "mtl": {"face": 0}}, {"geom": {"polygons": [[[[-4.2732631405233406, 0.1364481057971716], [-4.2732631405233406, 0.13850573636591434], [-3.530309490422951, 3.6085872873663902], [4.2732631405233406, 3.2316079325973988], [4.2732631405233406, 3.230180211365223], [2.1961343441798817, -3.6085872873663902], [-2.5159242518711835, -2.5711255371570587], [-1.7481224246148486, -0.22714021615684032], [-4.2732631405233406, 0.1364481057971716]]]], "centroids": [[0.08052007056539878, 0.5106137897819281, 6.0]], "h": 6.0}, "mtl": {"face": 1}}, {"geom": {"polygons": [[[[-3.1184750201937277, -4.273263139650226], [-2.5159242518711835, -2.5711255371570587], [2.1961343441798817, -3.6085872873663902], [1.9942533249850385, -4.273263139650226], [-3.1184750201937277, -4.273263139650226]]]], "centroids": [[-0.7218946559878532, -3.644415682181716, 6.0]], "h": 6.0}, "mtl": {"face": 1}}], "featureCount": 4, "startIndex": 0}