{"type": "block", "layer": 1, "block": 0, "features": [{"geom": {"triangles": {"v": [-17.467573581350734, -15.684254189953208, 3.0, -12.670698581350734, -19.684254189953208, 3.0, -6.2019485813507345, 0.31574581004679203, 3.0, 4.2511764186492655, -31.684254189953208, 3.0, 14.157426418649266, 3.315745810046792, 3.0, 19.376176418649266, -0.684254189953208, 3.0, 24.485551418649266, -3.684254189953208, 3.0, 6.9230514186492655, 8.315745810046792, 3.0, 0.8761764186492655, 9.315745810046792, 3.0, 3.4074264186492655, 10.315745810046792, 3.0, 2.0949264186492655, 11.315745810046792, 3.0], "f": [0, 1, 2, 3, 2, 1, 3, 4, 2, 5, 4, 3, 6, 5, 3, 7, 2, 4, 8, 2, 7, 9, 8, 7, 10, 8, 9]}, "centroids": [[3.37472759411321, -10.000979417935014, 3.0]]}, "mtl": 0}], "featureCount": 1, "startIndex": 0}