{"type": "block", "layer": 1, "block": 0, "features": [{"geom": {"triangles": {"v": [-15.247795227041934, 5.317886922508478, 3.0, -16.700920227041934, -1.6821130774915218, 3.0, -15.075920227041934, -1.6821130774915218, 3.0, 5.220954772958066, 3.317886922508478, 3.0, 4.111579772958066, -5.682113077491522, 3.0], "f": [0, 1, 2, 0, 2, 3, 2, 4, 3]}, "centroids": [[-5.087027390312869, 0.47189970314502716, 3.0]]}, "mtl": 0}], "featureCount": 1, "startIndex": 0}