{"type": "block", "layer": 0, "block": 0, "features": [{"geom": {"polygons": [[[[-3.9665492624626495, -5.8153351079672575], [-2.6773492624633946, 0.4066648930311203], [-1.198506527551217, 6.8279820289462805], [-1.1957714392337948, 6.8279820289462805], [3.9665492624335457, 5.460485350340605], [1.2761873996059876, -6.8279820289462805], [1.2725050041917711, -6.8279820289462805], [-3.9665492624626495, -5.8153351079672575]]]], "centroids": [[-0.01056062220595777, -0.08212458714842796, 3.0]], "h": 3.0}, "mtl": {"face": 0}}], "featureCount": 1, "startIndex": 0}