{"type": "block", "layer": 1, "block": 0, "features": [{"geom": {"triangles": {"v": [-12.21580381100648, 8.911783836781979, 3.0, -14.27830381100648, -0.08821616321802139, 3.0, -2.434553811006481, 6.911783836781979, 3.0, 5.299821188993519, -5.088216163218021, 3.0, 7.315446188993519, 4.911783836781979, 3.0], "f": [0, 1, 2, 2, 1, 3, 4, 2, 3]}, "centroids": [[-3.464160546514904, 2.309738015756011, 3.0]]}, "mtl": 0}], "featureCount": 1, "startIndex": 0}