{"type": "block", "layer": 1, "block": 0, "features": [{"geom": {"triangles": {"v": [-4.4308549512934405, 3.573056096211076, 3.0, -8.46210495129344, -16.426943903788924, 3.0, 1.3660200487065595, -18.426943903788924, 3.0, 5.3660200487065595, 1.5730560962110758, 3.0], "f": [0, 1, 2, 0, 2, 3]}, "centroids": [[-1.5428035865479615, -7.598977057263255, 3.0]]}, "mtl": 0}], "featureCount": 1, "startIndex": 0}