{"type": "block", "layer": 1, "block": 0, "features": [{"geom": {"triangles": {"v": [-4.99277148078545, 10.403110343962908, 3.0, -9.27402148078545, -8.596889656037092, 3.0, -2.55527148078545, -9.596889656037092, 3.0, 6.05410351921455, 8.403110343962908, 3.0, 1.85097851921455, -10.596889656037092, 3.0], "f": [0, 1, 2, 3, 0, 2, 3, 2, 4]}, "centroids": [[-1.6052170706971083, -0.06337191164493561, 3.0]]}, "mtl": 0}], "featureCount": 1, "startIndex": 0}