{"type": "block", "layer": 1, "block": 0, "features": [{"geom": {"triangles": {"v": [-1.8818940150958952, 9.52200062572956, 3.0, -6.069394015095895, -9.47799937427044, 3.0, 1.1337309849041048, -11.47799937427044, 3.0, 5.899355984904105, 7.522000625729561, 3.0, 1.6337309849041048, -11.47799937427044, 3.0], "f": [0, 1, 2, 3, 0, 2, 3, 2, 4]}, "centroids": [[-0.10368918496533297, -0.985085379332304, 3.0]]}, "mtl": 0}], "featureCount": 1, "startIndex": 0}