{"type": "block", "layer": 1, "block": 0, "features": [{"geom": {"triangles": {"v": [3.6555474924098235, 6.350488841533661, 3.0, -3.6569525075901765, 4.350488841533661, 3.0, 3.6242974924098235, -4.649511158466339, 3.0, 6.0774224924098235, -3.649511158466339, 3.0, 13.327422492409823, -1.6495111584663391, 3.0, 10.921172492409823, 8.350488841533661, 3.0, -1.2663275075901765, -5.649511158466339, 3.0], "f": [0, 1, 2, 0, 2, 3, 0, 3, 4, 5, 0, 4, 1, 6, 2]}, "centroids": [[4.843936827091966, 1.2571765407919884, 3.0]]}, "mtl": 0}], "featureCount": 1, "startIndex": 0}