{"type": "block", "layer": 0, "block": 0, "features": [{"geom": {"polygons": [[[[-4.631613371166168, -4.53038695640862], [-4.263621730526211, -0.054665522649884224], [-3.064713371160906, -0.17868695594370365], [-2.7370666503557004, 5.298978852108121], [-2.7312279438774567, 5.298978852108121], [4.631613371166168, 4.627042174339294], [3.7171868631849065, -5.298978852108121], [3.7113854954077397, -5.298978852108121], [-4.631613371166168, -4.53038695640862]]]], "centroids": [[0.2547885368403513, -0.14382829703390598, 3.0]], "h": 3.0}, "mtl": {"face": 0}}, {"geom": {"polygons": [[[[-4.631613371166168, -4.53038695640862], [-4.263621730526211, -0.054665522649884224], [-3.064713371160906, -0.17868695594370365], [-2.7370666503557004, 5.298978852108121], [-2.7312279438774567, 5.298978852108121], [4.631613371166168, 4.627042174339294], [3.7171868631849065, -5.298978852108121], [3.7113854954077397, -5.298978852108121], [-4.631613371166168, -4.53038695640862]]]], "centroids": [[0.2547885368403513, -0.14382829703390598, 6.0]], "h": 6.0}, "mtl": {"face": 1}}], "featureCount": 2, "startIndex": 0}