{"type": "block", "layer": 0, "block": 0, "features": [{"geom": {"polygons": [[[[-3.048025298776338, -4.79372308216989], [-1.497108115319861, 5.491727691143751], [-1.4929299969226122, 5.491727691143751], [3.048025298747234, 4.8827334474772215], [1.4294054318161216, -5.491727691143751], [1.4257994992949534, -5.491727691143751], [-3.048025298776338, -4.79372308216989]]]], "centroids": [[-0.011860325757879764, 0.0318324938416481, 3.0]], "h": 3.0}, "mtl": {"face": 0}}], "featureCount": 1, "startIndex": 0}