{"type": "block", "layer": 1, "block": 0, "features": [{"geom": {"triangles": {"v": [-15.281973737233784, 8.352666467428207, 3.0, -17.016348737233784, 0.3526664674282074, 3.0, 2.796151262766216, -3.6473335325717926, 3.0, 4.718026262766216, 4.352666467428207, 3.0], "f": [0, 1, 2, 0, 2, 3]}, "centroids": [[-6.20052108168602, 2.2765066251158714, 3.0]]}, "mtl": 0}], "featureCount": 1, "startIndex": 0}