{"type": "block", "layer": 1, "block": 0, "features": [{"geom": {"triangles": {"v": [-12.531939507345669, 6.351409908384085, 3.0, -13.422564507345669, 0.3514099083840847, 3.0, 13.421185492654331, -0.6485900916159153, 3.0, 13.233685492654331, -3.6485900916159153, 3.0, 13.171185492654331, -6.648590091615915, 3.0], "f": [0, 1, 2, 1, 3, 2, 1, 4, 3]}, "centroids": [[0.17214960377896205, 0.04030791483819485, 3.0]]}, "mtl": 0}], "featureCount": 1, "startIndex": 0}