{"type": "block", "layer": 1, "block": 0, "features": [{"geom": {"triangles": {"v": [-14.312086367164738, 13.516270618885756, 3.0, -17.37458636716474, -0.48372938111424446, 3.0, -6.6714613671647385, 11.516270618885756, 3.0, 1.6566636328352615, -0.48372938111424446, 3.0, -0.030836367164738476, 10.516270618885756, 3.0, 1.7347886328352615, -2.4837293811142445, 3.0, 1.7504136328352615, -4.4837293811142445, 3.0], "f": [0, 1, 2, 3, 2, 1, 4, 2, 3, 3, 1, 5, 6, 5, 1]}, "centroids": [[-7.411929257796146, 4.4654150158166885, 3.0]]}, "mtl": 0}], "featureCount": 1, "startIndex": 0}