{"type": "block", "layer": 0, "block": 0, "features": [{"geom": {"polygons": [[[[-9.666723059868673, -2.9388926904648542], [-9.666723059868673, -2.932286759838462], [-8.259689828846604, 6.416289858520031], [-1.3075285101367626, 5.427779980003834], [-1.866614656348247, 0.9132790677249432], [9.666723059868673, -1.4900427497923374], [9.666723059868673, -1.4954317435622215], [8.749653313105227, -6.416289860382676], [-9.666723059868673, -2.9388926904648542]]]], "centroids": [[-1.2972114287840668, -0.6970920097082853, 3.0]], "h": 3.0}, "mtl": {"face": 0}}, {"geom": {"polygons": [[[[8.749653313105227, -6.416289860382676], [9.494863336032722, -2.4176051318645477], [9.666723059868673, -2.452744262292981], [9.666723059868673, -6.589451815932989], [8.749653313105227, -6.416289860382676]]]], "centroids": [[9.35196552920388, -4.932714829221368, 3.0]], "h": 3.0}, "mtl": {"face": 0}}, {"geom": {"polygons": [[[[8.735092220566003, 3.999845653772354], [8.386313251277898, 1.6672592218965292], [-1.597437985270517, 3.086823048070073], [-1.307528510078555, 5.427779980003834], [8.735092220566003, 3.999845653772354]]]], "centroids": [[3.5542662018851843, 3.546571835875511, 3.0]], "h": 3.0}, "mtl": {"face": 0}}, {"geom": {"polygons": [[[[-9.666723059868673, -2.9388926904648542], [-9.666723059868673, -2.932286759838462], [-8.259689828846604, 6.416289858520031], [-1.3075285101367626, 5.427779980003834], [-1.866614656348247, 0.9132790677249432], [9.666723059868673, -1.4900427497923374], [9.666723059868673, -1.4954317435622215], [8.749653313105227, -6.416289860382676], [-9.666723059868673, -2.9388926904648542]]]], "centroids": [[-1.2972114287840668, -0.6970920097082853, 6.0]], "h": 6.0}, "mtl": {"face": 1}}], "featureCount": 4, "startIndex": 0}