{"type": "block", "layer": 1, "block": 0, "features": [{"geom": {"triangles": {"v": [4.758388372603804, 3.3184985294938087, 3.0, -7.350986627396196, 5.318498529493809, 3.0, -7.663486627396196, -2.6815014705061913, 3.0, 2.945888372603804, -4.681501470506191, 3.0, -7.257236627396196, -6.681501470506191, 3.0, 1.6177633726038039, -9.681501470506191, 3.0], "f": [0, 1, 2, 0, 2, 3, 2, 4, 3, 4, 5, 3]}, "centroids": [[-1.9084972195269074, -1.6450014039874077, 3.0]]}, "mtl": 0}], "featureCount": 1, "startIndex": 0}