{"type": "block", "layer": 1, "block": 0, "features": [{"geom": {"triangles": {"v": [-8.48916584032122, 9.481167908757925, 3.0, -10.36416584032122, -0.518832091242075, 3.0, 11.37020915967878, 5.481167908757925, 3.0, 9.37020915967878, -4.518832091242075, 3.0], "f": [0, 1, 2, 1, 3, 2]}, "centroids": [[0.521877372317249, 2.563748486340046, 3.0]]}, "mtl": 0}], "featureCount": 1, "startIndex": 0}