{"type": "block", "layer": 0, "block": 0, "features": [{"geom": {"polygons": [[[[-4.490237882680958, -4.490237882360816], [-4.490237882680958, -2.33633366599679], [-1.9837661517376546, -2.7344483230262995], [-2.2626464393979404, -4.490237882360816], [-4.490237882680958, -4.490237882360816]]]], "centroids": [[-3.3428022395528387, -3.488632757216692, 3.0]], "h": 3.0}, "mtl": {"face": 0}}, {"geom": {"polygons": [[[[-4.490237882680958, -0.8516682032495737], [-4.490237882680958, -0.8488622009754181], [-4.024964168231236, 1.9964229390025139], [-0.5852477359003387, 1.5265157986432314], [4.490237882680958, 0.8331426717340946], [4.490237882680958, 0.8297941442579031], [4.104142221214715, -1.996422940865159], [-4.490237882680958, -0.8516682032495737]]]], "centroids": [[0.012293892737943679, -0.0057324375957250595, 3.0]], "h": 3.0}, "mtl": {"face": 0}}], "featureCount": 2, "startIndex": 0}