{"type": "block", "layer": 1, "block": 0, "features": [{"geom": {"triangles": {"v": [3.422744740964845, 0.7589999996125698, 3.0, -0.6866302590351552, 19.75899999961257, 3.0, -7.452255259035155, -19.24100000038743, 3.0, 5.703994740964845, 9.75899999961257, 3.0, 7.453994740964845, 17.75899999961257, 3.0, 3.922744740964845, 0.7589999996125698, 3.0, -3.858505259035155, -18.24100000038743, 3.0, 2.266494740964845, -8.24100000038743, 3.0, -1.9678802590351552, -16.24100000038743, 3.0, -2.514755259035155, -18.24100000038743, 3.0, -4.202255259035155, -19.24100000038743, 3.0, -4.514755259035155, -19.24100000038743, 3.0], "f": [0, 1, 2, 3, 1, 0, 1, 3, 4, 3, 0, 5, 6, 0, 2, 6, 7, 0, 7, 6, 8, 6, 9, 8, 10, 6, 2, 2, 11, 10]}, "centroids": [[-0.1252356120676268, 1.3146316725760698, 3.0]]}, "mtl": 0}], "featureCount": 1, "startIndex": 0}