{"type": "block", "layer": 1, "block": 0, "features": [{"geom": {"triangles": {"v": [-14.881837912951596, 7.621292477473617, 3.0, -16.600587912951596, -0.3787075225263834, 3.0, -11.303712912951596, -1.3787075225263834, 3.0, 4.696287087048404, 3.6212924774736166, 3.0, 3.071287087048404, -4.378707522526383, 3.0], "f": [0, 1, 2, 0, 2, 3, 2, 4, 3]}, "centroids": [[-5.93341484744451, 1.6413076035678387, 3.0]]}, "mtl": 0}], "featureCount": 1, "startIndex": 0}