{"type": "block", "layer": 1, "block": 0, "features": [{"geom": {"triangles": {"v": [14.378840685938485, 1.6811077669262886, 3.0, -1.824284314061515, 3.6811077669262886, 3.0, 4.363215685938485, -4.318892233073711, 3.0, 12.644465685938485, -5.318892233073711, 3.0, -1.371159314061515, -3.3188922330737114, 3.0], "f": [0, 1, 2, 0, 2, 3, 1, 4, 2]}, "centroids": [[6.021910743089393, -0.6464571300894022, 3.0]]}, "mtl": 0}], "featureCount": 1, "startIndex": 0}