{"type": "block", "layer": 0, "block": 0, "features": [{"geom": {"polygons": [[[[-6.444102697569178, -4.0343251042068005], [-6.444102697569178, -4.031122026965022], [-4.38630873998045, 5.851226007565856], [6.444102697569178, 3.7718977220356464], [6.444102697569178, 3.7687516808509827], [4.39274717218359, -5.851226009428501], [-6.444102697569178, -4.0343251042068005]]]], "centroids": [[-0.021154580113943666, -0.05785163305699825, 3.0]], "h": 3.0}, "mtl": {"face": 0}}, {"geom": {"polygons": [[[[-6.444102697569178, -4.0343251042068005], [-6.444102697569178, -4.031122026965022], [-4.386308739893138, 5.851226007565856], [6.444102697569178, 3.7718977220356464], [6.444102697569178, 0.9524130057543516], [5.981747172161704, -1.119226010516286], [5.431939095404232, -0.9778615478426218], [5.127107767300913, -2.407389748841524], [5.684288260265021, -2.5042260102927685], [5.64474717216217, -2.7012260109186172], [4.9427471721719485, -5.937226010486484], [4.39274717218359, -5.851226009428501], [-6.444102697569178, -4.0343251042068005]]]], "centroids": [[0.17526090014143847, -0.11465822719037533, 6.0]], "h": 6.0}, "mtl": {"face": 1}}], "featureCount": 2, "startIndex": 0}