{"type": "block", "layer": 1, "block": 0, "features": [{"geom": {"triangles": {"v": [-2.531649998156354, 8.494670920073986, 3.0, -5.219149998156354, -2.505329079926014, 3.0, 5.218350001843646, 6.494670920073986, 3.0, 3.749600001843646, -9.505329079926014, 3.0, 3.405850001843646, -12.505329079926014, 3.0], "f": [0, 1, 2, 1, 3, 2, 1, 4, 3]}, "centroids": [[0.5099285205360502, -0.39869815297424793, 3.0]]}, "mtl": 0}], "featureCount": 1, "startIndex": 0}