{"type": "block", "layer": 0, "block": 0, "features": [{"geom": {"polygons": [[[[-6.3708405622746795, -2.549089977517724], [-0.4193187989294529, 6.683422824367881], [-0.4177746001223568, 6.683422824367881], [6.3708405622746795, 2.6077179834246635], [0.4520057088811882, -6.683422824367881], [0.4504770853673108, -6.683422824367881], [-6.3708405622746795, -2.549089977517724]]]], "centroids": [[0.0062084891251288354, 0.007873669266700745, 3.0]], "h": 3.0}, "mtl": {"face": 0}}, {"geom": {"polygons": [[[[-4.874610225146171, -0.22800870053470135], [-0.4193187989294529, 6.683422824367881], [0.8509434135339689, 6.683422824367881], [4.280412075924687, 4.592091236263514], [4.4558555322291795, 4.480318658053875], [4.589812075922964, 4.320091234520078], [4.629679461795604, 4.1770831029862165], [4.635312075930415, 4.030091235414147], [4.603889074991457, 3.8539907839149237], [4.530526106304023, 3.7125940676778555], [6.3708405622746795, 2.6077179834246635], [2.027903357986361, -4.209644231945276], [-4.874610225146171, -0.22800870053470135]]]], "centroids": [[0.8418168881908059, 1.41550406627357, 6.0]], "h": 6.0}, "mtl": {"face": 1}}, {"geom": {"polygons": [[[[-6.3708405622746795, -2.549089977517724], [-4.874610225146171, -0.22800870053470135], [2.027903357986361, -4.209644231945276], [0.4520057088811882, -6.683422824367881], [0.4504770853673108, -6.683422824367881], [-6.3708405622746795, -2.549089977517724]]]], "centroids": [[-2.157018282538047, -3.4386245161294937, 6.0]], "h": 6.0}, "mtl": {"face": 1}}, {"geom": {"polygons": [[[[-1.6206906201259699, 4.819751454517245], [2.1702795421879273, 2.5431154035031796], [3.9273998602002393, 5.3076121639460325], [4.780094364716206, 4.777593461796641], [5.005627098027617, 4.460884433239698], [5.048947368515655, 4.114555021747947], [5.018645200354513, 3.92394389398396], [6.586538707400905, 2.9463119618594646], [2.027903357986361, -4.209644231945276], [-4.874610225146171, -0.22800870053470135], [-1.6206906201259699, 4.819751454517245]]]], "centroids": [[0.9111247077817097, 0.7533229421824217, 9.0]], "h": 9.0}, "mtl": {"face": 2}}], "featureCount": 4, "startIndex": 0}