{"type": "block", "layer": 0, "block": 0, "features": [{"geom": {"polygons": [[[[-4.260037208616268, -4.234074585139751], [-2.104493374528829, 5.574695939198136], [-2.1017994991561864, 5.574695939198136], [4.260037208616268, 4.195313116535544], [2.111496133642504, -5.574695939198136], [2.1087249552074354, -5.574695939198136], [-4.260037208616268, -4.234074585139751]]]], "centroids": [[-0.00029273529071360826, -0.0090592410415411, 6.0]], "h": 6.0}, "mtl": {"face": 0}}, {"geom": {"polygons": [[[[-4.260037208616268, -4.234074585139751], [-2.104493374528829, 5.574695939198136], [-2.1017994991561864, 5.574695939198136], [4.260037208616268, 4.195313116535544], [2.111496133642504, -5.574695939198136], [2.1087249552074354, -5.574695939198136], [-4.260037208616268, -4.234074585139751]]]], "centroids": [[-0.00029273529071360826, -0.0090592410415411, 3.0]], "h": 3.0}, "mtl": {"face": 1}}], "featureCount": 2, "startIndex": 0}