{"type": "block", "layer": 1, "block": 0, "features": [{"geom": {"triangles": {"v": [-2.8810246280627325, 6.440090049058199, 3.0, -4.9278996280627325, -3.559909950941801, 3.0, 14.665850371937267, -7.559909950941801, 3.0, 16.712725371937267, 2.440090049058199, 3.0], "f": [0, 1, 2, 0, 2, 3]}, "centroids": [[5.89367987413425, -0.4916070569306612, 3.0]]}, "mtl": 0}], "featureCount": 1, "startIndex": 0}