{"type": "block", "layer": 1, "block": 0, "features": [{"geom": {"triangles": {"v": [-1.9308559111668728, 7.760349351912737, 3.0, -3.477730911166873, -2.239650648087263, 3.0, 21.241019088833127, -5.239650648087263, 3.0, 22.866019088833127, 3.760349351912737, 3.0], "f": [0, 1, 2, 0, 2, 3]}, "centroids": [[9.671611029742053, 1.0734109431505203, 3.0]]}, "mtl": 0}], "featureCount": 1, "startIndex": 0}