{"type": "block", "layer": 1, "block": 0, "features": [{"geom": {"triangles": {"v": [-7.447374999988824, 6.5650000013411045, 3.0, -8.962999999988824, -4.4349999986588955, 3.0, 8.974500000011176, 4.5650000013411045, 3.0, 7.865125000011176, -7.4349999986588955, 3.0], "f": [0, 1, 2, 1, 3, 2]}, "centroids": [[0.09889335022307932, -0.009865924715995789, 3.0]]}, "mtl": 0}], "featureCount": 1, "startIndex": 0}