{"type": "block", "layer": 1, "block": 0, "features": [{"geom": {"triangles": {"v": [-1.99796023638919, 3.1346359942108393, 3.0, -3.49796023638919, -4.865364005789161, 3.0, 8.93953976361081, -7.865364005789161, 3.0, 11.78328976361081, 0.13463599421083927, 3.0, 10.14266476361081, -7.865364005789161, 3.0], "f": [0, 1, 2, 0, 2, 3, 2, 4, 3]}, "centroids": [[4.115222944878042, -2.255869932472706, 3.0]]}, "mtl": 0}], "featureCount": 1, "startIndex": 0}