{"type": "block", "layer": 0, "block": 0, "features": [{"geom": {"polygons": [[[[-7.720493128028465, -2.385539075359702], [-7.720493128028465, -2.3821483571082354], [-5.867662594449939, 5.343904834240675], [7.720493128028465, 2.32113946788013], [7.720493128028465, 1.114088473841548], [7.527084404107882, 0.3197806738317013], [7.720493128028465, 0.27267665416002274], [7.720493128028465, 0.2693182844668627], [7.484633960353676, -0.6991109158843756], [7.638546323287301, -0.7365957330912352], [7.416966805583797, -1.6463994327932596], [7.263053071772447, -1.6089140232652426], [7.026421719696373, -2.5805137865245342], [6.929405344533734, -2.556885786354542], [6.218895067140693, -5.473682705312967], [-7.720493128028465, -2.385539075359702]]]], "centroids": [[0.1834579879650846, -0.07727425545454025, 6.0]], "h": 6.0}, "mtl": {"face": 0}}, {"geom": {"polygons": [[[[-7.720493128028465, -2.385539075359702], [-7.720493128028465, -2.3821483571082354], [-5.867662594449939, 5.343904834240675], [7.720493128028465, 2.3211394660174847], [7.720493128028465, -0.4001227989792824], [6.471230502007529, -5.529585309326649], [6.316527840215713, -5.495312351733446], [-7.720493128028465, -2.385539075359702]]]], "centroids": [[0.24941725557437167, -0.10669694282114506, 15.0]], "h": 15.0}, "mtl": {"face": 1}}, {"geom": {"polygons": [[[[-7.720493128028465, -2.385539075359702], [-7.720493128028465, -2.3821483571082354], [-5.867662594449939, 5.343904834240675], [7.511230726959184, 2.367691120132804], [7.041284457081929, 0.43809555657207966], [7.720493128028465, 0.27267665416002274], [7.720493128028465, 0.2693182844668627], [7.026421719870996, -2.5805137865245342], [6.346445408271393, -2.4149079266935587], [5.633098426886136, -5.34390483237803], [-7.720493128028465, -2.385539075359702]]]], "centroids": [[0.02005422205547802, -0.022551272064447403, 3.0]], "h": 3.0}, "mtl": {"face": 2}}, {"geom": {"polygons": [[[[-7.720493128028465, -2.385539075359702], [-7.720493128028465, -2.3821483571082354], [-5.867662594449939, 5.343904834240675], [7.720493128028465, 2.32113946788013], [7.720493128028465, 1.114088473841548], [7.527084404107882, 0.3197806738317013], [7.720493128028465, 0.27267665416002274], [7.720493128028465, 0.2693182844668627], [7.484633960353676, -0.6991109158843756], [7.638546323287301, -0.7365957330912352], [7.416966805583797, -1.6463994327932596], [7.263053071685135, -1.6089140232652426], [7.026421719870996, -2.5805137865245342], [6.929405344533734, -2.556885786354542], [6.218895067140693, -5.473682705312967], [-7.720493128028465, -2.385539075359702]]]], "centroids": [[0.18345798799418844, -0.0772742535918951, 9.0]], "h": 9.0}, "mtl": {"face": 3}}, {"geom": {"polygons": [[[[-7.720493128028465, -2.385539075359702], [-7.720493128028465, -2.3821483571082354], [-5.867662594449939, 5.343904834240675], [7.720493128028465, 2.32113946788013], [7.720493128028465, 1.114088473841548], [7.527084404107882, 0.3197806738317013], [7.720493128028465, 0.27267665416002274], [7.720493128028465, 0.2693182956427336], [7.484633240004769, -0.6991107407957315], [7.638546323287301, -0.7365957330912352], [7.416966805583797, -1.6463994327932596], [7.263053071685135, -1.6089140232652426], [7.026421719870996, -2.5805137865245342], [6.929405344533734, -2.556885786354542], [6.218895067140693, -5.473682705312967], [-7.720493128028465, -2.385539075359702]]]], "centroids": [[0.18345796389621682, -0.07727425545454025, 12.0]], "h": 12.0}, "mtl": {"face": 4}}], "featureCount": 5, "startIndex": 0}