{"type": "block", "layer": 0, "block": 0, "features": [{"geom": {"polygons": [[[[-2.2735351723677013, -0.7754195481538773], [-2.2735351723677013, -0.774332869797945], [-1.738420224894071, 1.6665329448878765], [2.2735351723677013, 0.7915436904877424], [2.2735351723677013, 0.7902692630887032], [1.8174597616889514, -1.6665329467505217], [-2.2735351723677013, -0.7754195481538773]]]], "centroids": [[0.018810413050232455, 9.075924754142761e-05, 3.0]], "h": 3.0}, "mtl": {"face": 0}}], "featureCount": 1, "startIndex": 0}