{"type": "block", "layer": 0, "block": 0, "features": [{"geom": {"polygons": [[[[-4.339200090005761, -1.7520175389945507], [-4.339200090005761, 4.3392000906169415], [4.339200090005761, 4.3392000906169415], [4.339200090005761, -4.3392000906169415], [3.831735486193793, -4.3392000906169415], [-3.80158038038644, -2.749226476997137], [-4.339200090005761, -1.7520175389945507]]]], "centroids": [[0.17942915466846898, 0.3933039829134941, 6.0]], "h": 6.0}, "mtl": {"face": 0}}, {"geom": {"polygons": [[[[3.2054109181044623, -4.2087404653429985], [4.339200090005761, 1.4823340773582458], [4.339200090005761, -4.3392000906169415], [3.831735483574448, -4.3392000906169415], [3.2054109181044623, -4.2087404653429985]]], [[[-4.339200090005761, 3.414554936811328], [-4.339200090005761, 4.3392000906169415], [4.339200090005761, 4.3392000906169415], [4.339200090005761, 1.484608868137002], [-4.339200090005761, 3.414554936811328]]]], "centroids": [[3.959590547980042, -2.374472701922059, 9.0], [0.7386344154656399, 3.312260387465358, 9.0]], "h": 9.0}, "mtl": {"face": 1}}, {"geom": {"polygons": [[[[-4.339200090005761, 0.27824818156659603], [-4.339200090005761, 0.28111170046031475], [-3.711424901470309, 3.2749471496790648], [4.339200090005761, 1.484608868137002], [4.339200090005761, 1.4823340773582458], [3.391443405445898, -3.2749471478164196], [-3.143580380390631, -1.9092264752835035], [-4.339200090005761, 0.27824818156659603]]]], "centroids": [[-0.039727793366182595, 0.01860530860722065, 3.0]], "h": 3.0}, "mtl": {"face": 2}}, {"geom": {"polygons": [[[[3.3914434053876903, -3.2749471478164196], [4.339200090005761, 1.4823340773582458], [4.339200090005761, -3.4730138946324587], [3.3914434053876903, -3.2749471478164196]]], [[[-3.711424901470309, 3.2749471496790648], [-3.488262472470524, 4.3392000906169415], [4.339200090005761, 4.3392000906169415], [4.339200090005761, 1.484608868137002], [-3.711424901470309, 3.2749471496790648]]]], "centroids": [[4.023281195142772, -1.7552089858800173, 3.0], [0.9614981791237369, 3.2860714606940746, 3.0]], "h": 3.0}, "mtl": {"face": 2}}], "featureCount": 4, "startIndex": 0}