{"type": "block", "layer": 1, "block": 0, "features": [{"geom": {"triangles": {"v": [-4.179017758113332, 6.817128762602806, 3.0, -5.819642758113332, -5.182871237397194, 3.0, 5.820982241886668, 4.817128762602806, 3.0, 4.102232241886668, -7.182871237397194, 3.0], "f": [0, 1, 2, 1, 3, 2]}, "centroids": [[-0.0140474371437449, 0.014104126021265984, 3.0]]}, "mtl": 0}], "featureCount": 1, "startIndex": 0}