{"type": "block", "layer": 0, "block": 0, "features": [{"geom": {"polygons": [[[[-4.566119688679464, -1.5162943173199892], [-1.4703541292692535, 4.7292327135801315], [-1.4690500329015777, 4.7292327135801315], [4.56611968865036, 2.0606582537293434], [1.1989365515473764, -4.7292327135801315], [1.1978534971713088, -4.7292327135801315], [-4.566119688679464, -1.5162943173199892]]]], "centroids": [[-0.026687712350394577, 0.11571082659065723, 3.0]], "h": 3.0}, "mtl": {"face": 0}}, {"geom": {"polygons": [[[[-4.566119688679464, -1.5162943173199892], [-1.4703541292692535, 4.7292327135801315], [-1.4690500329015777, 4.7292327135801315], [4.566119682975113, 2.0606582425534725], [1.1989365515473764, -4.7292327135801315], [1.1978534971713088, -4.7292327135801315], [-4.566119688679464, -1.5162943173199892]]]], "centroids": [[-0.026687714649597183, 0.11571082472801208, 6.0]], "h": 6.0}, "mtl": {"face": 1}}], "featureCount": 2, "startIndex": 0}