{"type": "block", "layer": 0, "block": 0, "features": [{"geom": {"polygons": [[[[-8.308526752050966, -1.516191253438592], [-8.308526752050966, -1.513047395274043], [-6.2278423125098925, 5.445499999448657], [3.113357692840509, 5.4764999989420176], [8.308526752050966, 4.073724366724491], [8.308526752050966, 4.070416482165456], [7.126357746397844, -0.31649981066584587], [2.597541017952608, 0.9516548104584217], [0.931357680063229, -5.4764999989420176], [0.49235767836216837, -5.35049999691546], [-4.147642307099886, -3.343500003218651], [-8.308526752050966, -1.516191253438592]]]], "centroids": [[-0.684368874237407, 1.1763904988765717, 3.0]], "h": 3.0}, "mtl": {"face": 0}}, {"geom": {"polygons": [[[[-8.308526752050966, -1.516191253438592], [-8.308526752050966, 0.9396969228982925], [-7.9949987775762565, 2.110747726634145], [-7.280386600003112, 1.9254182558506727], [-6.2278423125098925, 5.445499999448657], [3.113357692840509, 5.4764999989420176], [8.308526752050966, 4.073724366724491], [8.308526752050966, 4.070416482165456], [7.126357746397844, -0.31649981066584587], [2.597541017952608, 0.9516548104584217], [0.931357680063229, -5.4764999989420176], [0.49235767836216837, -5.35049999691546], [-4.147642313153483, -3.3435000125318766], [-8.308526752050966, -1.516191253438592]]]], "centroids": [[-0.7927061569062062, 1.1702776793390512, 6.0]], "h": 6.0}, "mtl": {"face": 1}}, {"geom": {"polygons": [[[[-8.308526752050966, -1.516191253438592], [-8.308526752050966, 0.9396969098597765], [-7.994998772453982, 2.1107477247714996], [-7.050642312329728, 5.419499998912215], [-6.227842307387618, 5.445499997586012], [3.1133576979627833, 5.476499997079372], [8.308526752050966, 4.073724366724491], [8.308526752050966, 4.070416459813714], [7.126357751520118, -0.316499812528491], [2.597541023074882, 0.9516548085957766], [0.9313576851855032, -5.476500000804663], [0.49235768348444253, -5.350499998778105], [-4.147642307099886, -3.343500003218651], [-8.308526752050966, -1.516191253438592]]]], "centroids": [[-0.939053436886752, 1.2296601478010416, 9.0]], "h": 9.0}, "mtl": {"face": 2}}, {"geom": {"polygons": [[[[-8.308526752050966, -1.516191253438592], [-8.308526752050966, 0.9396969098597765], [-7.994998772453982, 2.1107477247714996], [-7.050642312329728, 5.419499998912215], [-6.227842307387618, 5.445499997586012], [3.1133576979627833, 5.476499997079372], [8.308526752050966, 4.073724366724491], [8.308526752050966, 4.070416459813714], [7.126357751520118, -0.316499812528491], [2.597541023074882, 0.9516548085957766], [0.9313576851855032, -5.476500000804663], [0.49235768348444253, -5.350499998778105], [-4.147642313153483, -3.3435000125318766], [-8.308526752050966, -1.516191253438592]]]], "centroids": [[-0.9390534383128397, 1.2296601422131062, 12.0]], "h": 12.0}, "mtl": {"face": 3}}], "featureCount": 4, "startIndex": 0}