{"type": "block", "layer": 0, "block": 0, "features": [{"geom": {"polygons": [[[[-4.4037976226827595, -2.0364682599902153], [-3.3818795798288193, 6.288944689556956], [-3.375561364402529, 6.288944689556956], [2.452797622710932, 5.701573647558689], [4.403797622711863, 1.9775736462324858], [3.661587334354408, -6.288944689556956], [3.6549344467639457, -6.288944689556956], [-2.208002364204731, -5.729923257604241], [-1.8196930564299691, -2.307677397504449], [-4.4037976226827595, -2.0364682599902153]]]], "centroids": [[0.21075584131176583, 0.1523154340684414, 3.0]], "h": 3.0}, "mtl": {"face": 0}}, {"geom": {"polygons": [[[[-4.4037976226827595, -2.0364682599902153], [-1.8196930564299691, -2.307677397504449], [-2.208002364204731, -5.729923257604241], [-4.82651124347467, -5.480252720415592], [-4.4037976226827595, -2.0364682599902153]]]], "centroids": [[-3.316469222831074, -3.8918872512876987, 3.0]], "h": 3.0}, "mtl": {"face": 0}}, {"geom": {"polygons": [[[[-4.82651124347467, -5.480252720415592], [-3.4976838553266134, 5.345504676923156], [-2.853783139202278, 6.236360862851143], [0.6392443570948672, 5.88434012979269], [0.6442450728209224, 6.073071209713817], [3.6110976226918865, 5.765573646873236], [5.302297622693004, 2.4455736465752125], [5.270097622706089, 1.5635736472904682], [4.816706089768559, 1.5925325322896242], [4.607297622715123, -1.2194263525307178], [4.967097622691654, -1.260426353663206], [4.799197622691281, -3.165426352992654], [4.410609553888207, -3.1474458016455173], [4.073056826862739, -6.288944689556956], [3.6549344467639457, -6.288944689556956], [-4.82651124347467, -5.480252720415592]]]], "centroids": [[0.26342388699413277, -0.12968839332461357, 6.0]], "h": 6.0}, "mtl": {"face": 1}}, {"geom": {"polygons": [[[[-4.826511243794812, -5.480252720415592], [-3.4976838553266134, 5.345504676923156], [-2.853783139202278, 6.236360862851143], [0.6392443570948672, 5.88434012979269], [0.6442450728209224, 6.073071209713817], [3.6110976226918865, 5.765573646873236], [5.302297622693004, 2.4455736465752125], [5.270097622706089, 1.5635736472904682], [4.816706089768559, 1.5925325322896242], [4.607297622715123, -1.2194263525307178], [4.967097622691654, -1.260426353663206], [4.799197622691281, -3.165426352992654], [4.410609553888207, -3.1474458016455173], [4.073056826862739, -6.288944689556956], [3.6549344467639457, -6.288944689556956], [-4.826511243794812, -5.480252720415592]]]], "centroids": [[0.26342388687771745, -0.12968839146196842, 9.0]], "h": 9.0}, "mtl": {"face": 2}}], "featureCount": 4, "startIndex": 0}