{"type": "block", "layer": 1, "block": 0, "features": [{"geom": {"triangles": {"v": [4.408222622703761, 2.434573646634817, 3.0, -3.388652377296239, 6.434573646634817, 3.0, -5.388652377296239, -9.565426353365183, 3.0, 2.455097622703761, 5.434573646634817, 3.0, 3.251972622703761, -10.565426353365183, 3.0], "f": [0, 1, 2, 3, 1, 0, 2, 4, 0]}, "centroids": [[-0.3324692056630738, -2.5749091878533363, 3.0]]}, "mtl": 0}], "featureCount": 1, "startIndex": 0}