{"type": "block", "layer": 0, "block": 0, "features": [{"geom": {"polygons": [[[[-2.2667942109983414, -7.023298855870962], [-1.2280646333529148, 4.284162372350693], [-0.3599088325863704, 4.21417460590601], [-0.09539951998158358, 7.312460031360388], [-0.08684198427363299, 7.312460031360388], [2.2667942109983414, 7.109842155128717], [1.9546479157870635, 4.060165809467435], [0.7906152050709352, -7.312460031360388], [0.7828275160281919, -7.312460031360388], [-2.2667942109983414, -7.023298855870962]]]], "centroids": [[0.00699094997253269, -0.2585610169917345, 3.0]], "h": 3.0}, "mtl": {"face": 0}}], "featureCount": 1, "startIndex": 0}