{"type": "block", "layer": 0, "block": 0, "features": [{"geom": {"polygons": [[[[-7.376328030222794, -3.3685967307537794], [-7.376328030222794, -3.3634935691952705], [-6.058646588207921, 5.543655725196004], [5.265965736150974, 3.7683442756533623], [7.376328030222794, 1.0682881157845259], [7.376328030222794, 1.0623575933277607], [6.399065736157354, -5.543655725196004], [-7.376328030222794, -3.3685967307537794]]]], "centroids": [[0.016148055932717398, -0.06127900443971157, 3.0]], "h": 3.0}, "mtl": {"face": 0}}, {"geom": {"polygons": [[[[-7.376328030222794, -3.3685967307537794], [-7.376328030222794, -3.3634935691952705], [-6.058646588207921, 5.543655725196004], [-5.9708377679635305, 6.137218210846186], [-1.1793569420988206, 5.386078080162406], [-1.2671657622850034, 4.792515596374869], [0.7087026193621568, 4.482767088338733], [0.7965114395774435, 5.0763295739889145], [5.592859052994754, 4.324426498264074], [5.4651922367629595, 3.513448355719447], [7.1404118103091605, 1.3701258823275566], [7.376328030222794, 1.3331462666392326], [7.376328030222794, -3.03761101141572], [6.991751601250144, -5.6372375674545765], [6.399065736157354, -5.543655725196004], [-7.376328030222794, -3.3685967307537794]]]], "centroids": [[0.15643329889280722, 0.09560833312571049, 6.0]], "h": 6.0}, "mtl": {"face": 1}}, {"geom": {"polygons": [[[[-7.327259215671802, 1.068166172131896], [-6.563620357250329, 6.230146223679185], [5.592859052994754, 4.324426498264074], [7.376328030222794, 2.042606731876731], [7.376328030222794, -3.03761101141572], [6.991751601250144, -5.6372375674545765], [6.399065736099146, -5.543655725196004], [1.7565723113366403, -4.8106315191835165], [2.1966116862313356, -0.40790389850735664], [-6.734324081946397, 0.9762693140655756], [-7.327259215671802, 1.068166172131896]]]], "centroids": [[1.1607670978992246, 1.1468474362045527, 9.0]], "h": 9.0}, "mtl": {"face": 2}}], "featureCount": 3, "startIndex": 0}