{"type": "block", "layer": 1, "block": 0, "features": [{"geom": {"triangles": {"v": [-14.669909263844602, 6.411344274878502, 3.0, -16.419909263844602, -1.588655725121498, 3.0, 5.267590736155398, 3.411344274878502, 3.0, 6.392590736155398, -5.588655725121498, 3.0, 7.376965736155398, 1.411344274878502, 3.0], "f": [0, 1, 2, 2, 1, 3, 4, 2, 3]}, "centroids": [[-4.395671487087384, 0.6536240428686142, 3.0]]}, "mtl": 0}], "featureCount": 1, "startIndex": 0}