{"type": "block", "layer": 1, "block": 0, "features": [{"geom": {"triangles": {"v": [-13.932732811605092, -14.51403090171516, 3.0, -14.182732811605092, -15.51403090171516, 3.0, -12.995232811605092, -14.51403090171516, 3.0, -1.7452328116050921, -20.51403090171516, 3.0, 1.9735171883949079, 1.4859690982848406, 3.0, -8.307732811605092, 3.4859690982848406, 3.0], "f": [0, 1, 2, 2, 1, 3, 2, 3, 4, 5, 2, 4]}, "centroids": [[-5.367052406218136, -7.946249656379223, 3.0]]}, "mtl": 0}], "featureCount": 1, "startIndex": 0}