{"type": "block", "layer": 0, "block": 0, "features": [{"geom": {"polygons": [[[[-5.672824390407186, -2.8605643287301064], [-5.672824390407186, 1.696523142978549], [-4.88332054176135, 5.228710502386093], [-3.911064531566808, 4.994791178032756], [5.672824390407186, 2.8382862973958254], [5.672824390407186, 2.83545427583158], [4.0301454012223985, -4.994791176170111], [-5.672824390407186, -2.8605643287301064]]]], "centroids": [[-0.3203953478077892, 0.1336008608341217, 6.0]], "h": 6.0}, "mtl": {"face": 0}}, {"geom": {"polygons": [[[[-5.672824390407186, -2.8605643287301064], [-5.672824390407186, 1.696523142978549], [-4.88332054176135, 5.228710502386093], [-3.911064531566808, 4.994791178032756], [5.672824390407186, 2.8382862973958254], [5.672824390407186, 2.83545427583158], [4.0301454012223985, -4.994791176170111], [-5.672824390407186, -2.8605643287301064]]]], "centroids": [[-0.3203953478077892, 0.1336008608341217, 9.0]], "h": 9.0}, "mtl": {"face": 1}}, {"geom": {"polygons": [[[[-5.672824390407186, -2.8605643287301064], [-5.672824390407186, -2.8579107373952866], [-3.911064531566808, 4.994791178032756], [5.672824390407186, 2.8382862973958254], [5.672824390407186, 2.83545427583158], [4.0301454012223985, -4.994791176170111], [-5.672824390407186, -2.8605643287301064]]]], "centroids": [[0.023399893543682992, -0.011896541342139244, 3.0]], "h": 3.0}, "mtl": {"face": 2}}], "featureCount": 3, "startIndex": 0}