{"type": "block", "layer": 1, "block": 0, "features": [{"geom": {"triangles": {"v": [-15.91768452594988, 12.046318769454956, 3.0, -18.13643452594988, 9.046318769454956, 3.0, -9.65205952594988, 8.046318769454956, 3.0, 6.9416904740501195, -6.953681230545044, 3.0, 3.6604404740501195, 1.046318769454956, 3.0, 10.01981547405012, -1.953681230545044, 3.0, 3.8010654740501195, 2.046318769454956, 3.0], "f": [0, 1, 2, 2, 1, 3, 4, 2, 3, 4, 3, 5, 6, 4, 5]}, "centroids": [[-3.3893422833061777, 2.322188161313534, 3.0]]}, "mtl": 0}], "featureCount": 1, "startIndex": 0}