{"type": "block", "layer": 1, "block": 0, "features": [{"geom": {"triangles": {"v": [11.056880289397668, -18.271351542323828, 3.0, -0.8024947106023319, 3.7286484576761723, 3.0, -5.083744710602332, -28.271351542323828, 3.0, 6.931880289397668, 0.7286484576761723, 3.0, 14.619380289397668, -24.271351542323828, 3.0, 20.306880289397668, -28.271351542323828, 3.0, 0.6350052893976681, -66.27135154232383, 3.0, 41.10375528939767, -55.27135154232383, 3.0, 44.55688028939767, -45.27135154232383, 3.0, 36.49438028939767, -28.271351542323828, 3.0, 45.18188028939767, -43.27135154232383, 3.0, 49.07250528939767, -30.271351542323828, 3.0, 40.02563028939767, -59.27135154232383, 3.0, 41.01000528939767, -57.27135154232383, 3.0, 39.49438028939767, -63.27135154232383, 3.0, 23.416255289397668, -107.27135154232383, 3.0, -2.177494710602332, -95.27135154232383, 3.0, -4.474369710602332, -91.27135154232383, 3.0], "f": [0, 1, 2, 3, 1, 0, 0, 2, 4, 4, 2, 5, 5, 2, 6, 7, 5, 6, 8, 5, 7, 5, 8, 9, 9, 8, 10, 9, 10, 11, 12, 7, 6, 13, 7, 12, 12, 6, 14, 6, 15, 14, 6, 16, 15, 17, 16, 6]}, "centroids": [[16.82957120364881, -55.42935430817306, 3.0]]}, "mtl": 0}], "featureCount": 1, "startIndex": 0}