{"type": "block", "layer": 1, "block": 0, "features": [{"geom": {"triangles": {"v": [-5.133859634981491, 5.6159574538469315, 3.0, -6.758859634981491, -2.3840425461530685, 3.0, 15.38176536501851, -7.3840425461530685, 3.0, 17.60051536501851, 3.6159574538469315, 3.0, -4.383859634981491, 8.615957453846931, 3.0], "f": [0, 1, 2, 3, 0, 2, 4, 0, 3]}, "centroids": [[5.462934495822992, 0.8085871934890747, 3.0]]}, "mtl": 0}], "featureCount": 1, "startIndex": 0}