{"type": "block", "layer": 0, "block": 0, "features": [{"geom": {"polygons": [[[[-6.256874183251057, -2.394651787355542], [-6.256874183251057, -2.26490206643939], [-6.229061637364794, 3.499596431851387], [6.180499932175735, 2.5304035805165768], [6.256874183251057, -3.4505929574370384], [6.256874183251057, -3.4995414037257433], [1.8224999321682844, -3.1095964200794697], [-6.256874183251057, -2.394651787355542]]]], "centroids": [[0.010093500604853034, 0.027524618431925774, 3.0]], "h": 3.0}, "mtl": {"face": 0}}, {"geom": {"polygons": [[[[1.4690864793083165, 6.256874183192849], [6.053546023817034, 6.256874183192849], [6.180499932175735, 2.5304035805165768], [1.5723990430124104, 2.8902985230088234], [1.4690864793083165, 6.256874183192849]]]], "centroids": [[3.8577257747820113, 4.48132299631834, 3.0]], "h": 3.0}, "mtl": {"face": 0}}, {"geom": {"polygons": [[[[1.4690864793083165, 6.256874183192849], [6.053546023817034, 6.256874183192849], [6.180499932175735, 2.5304035805165768], [1.5723990430124104, 2.8902985230088234], [1.4690864793083165, 6.256874183192849]]]], "centroids": [[3.8577257747820113, 4.48132299631834, 6.0]], "h": 6.0}, "mtl": {"face": 1}}], "featureCount": 3, "startIndex": 0}