{"type": "block", "layer": 1, "block": 0, "features": [{"geom": {"triangles": {"v": [-5.327642463729717, -5.387783620506525, 3.0, -5.358892463729717, -6.387783620506525, 3.0, 4.500482536270283, -6.387783620506525, 3.0, -3.312017463729717, 8.612216379493475, 3.0, 5.672357536270283, 7.612216379493475, 3.0], "f": [0, 1, 2, 3, 0, 2, 3, 2, 4]}, "centroids": [[0.33810045060818084, 1.0675225500017405, 3.0]]}, "mtl": 0}], "featureCount": 1, "startIndex": 0}