{"type": "block", "layer": 1, "block": 0, "features": [{"geom": {"triangles": {"v": [-25.460717928479426, 7.890488781034946, 3.0, -25.726342928479426, 5.890488781034946, 3.0, -9.929467928479426, 3.8904887810349464, 3.0, 4.023657071520574, 4.890488781034946, 3.0, 3.1174070715205744, -5.109511218965054, 3.0, -10.898217928479426, -4.109511218965054, 3.0], "f": [0, 1, 2, 0, 2, 3, 2, 4, 3, 2, 5, 4]}, "centroids": [[-5.929541453806451, 1.2927690912038088, 3.0]]}, "mtl": 0}], "featureCount": 1, "startIndex": 0}