{"type": "block", "layer": 1, "block": 0, "features": [{"geom": {"triangles": {"v": [-2.498173522646539, 5.148457560688257, 3.0, -7.060673522646539, -22.851542439311743, 3.0, -0.5137985226465389, -24.851542439311743, 3.0, 7.220576477353461, 4.148457560688257, 3.0, 8.767451477353461, -26.851542439311743, 3.0, 13.720576477353461, 4.148457560688257, 3.0, 7.501826477353461, 5.148457560688257, 3.0, -0.6544235226465389, -24.851542439311743, 3.0], "f": [0, 1, 2, 0, 2, 3, 3, 2, 4, 3, 4, 5, 6, 3, 5, 2, 7, 4]}, "centroids": [[3.3730258166324347, -10.212054615840316, 3.0]]}, "mtl": 0}], "featureCount": 1, "startIndex": 0}