{"type": "block", "layer": 0, "block": 0, "features": [{"geom": {"polygons": [[[[-5.4927826235070825, -5.262529641389847], [-4.459840306575643, 6.653804909437895], [-4.455278599722078, 6.653804909437895], [-3.816782623383915, 6.559470361098647], [5.492782623477979, 5.205776508897543], [3.767555995291332, -6.653804909437895], [3.76303213724168, -6.653804909437895], [-5.4927826235070825, -5.262529641389847]]]], "centroids": [[-0.1617948214407079, 0.05586274154484272, 3.0]], "h": 3.0}, "mtl": {"face": 0}}, {"geom": {"polygons": [[[[-5.941671934357146, -5.193096054717898], [-5.603782623336883, -1.269529640674591], [-5.564838232967304, -1.1629301849752665], [-5.504205794684822, -1.0669936630874872], [-5.42463478402351, -0.9860704690217972], [-5.329733478283742, -0.9238301981240511], [-5.223805332643678, -0.8830952383577824], [-5.111653831118019, -0.8657127805054188], [-5.06415635306621, -0.3177675362676382], [-5.238521252962528, 0.0872996561229229], [-5.344277015683474, 0.5154331251978874], [-5.378574631555239, 0.9550991598516703], [-5.340490139235044, 1.3944533672183752], [-5.2310495167039335, 1.8216597568243742], [-5.053201041999273, 2.225209590047598], [-4.8117358679301105, 2.594231430441141], [-4.779586117423605, 2.9651206620037556], [-4.890764962387038, 3.0764326974749565], [-4.984584887453821, 3.202721754088998], [-5.059053424629383, 3.341305812820792], [-5.112589073454728, 3.4892417415976524], [-5.144054887932725, 3.643387798219919], [-5.152782623481471, 3.800470359623432], [-4.886471398815047, 6.653804909437895], [-4.455278595443815, 6.653804909437895], [-3.816782623383915, 6.559470361098647], [5.888619763631141, 5.14821825735271], [5.407086183549836, 1.8380521107465029], [5.50604459393071, 1.8236565198749304], [4.272818760451628, -6.653804909437895], [3.7630321054311935, -6.653804909437895], [-5.492782630812144, -5.262529723346233], [-5.941671934357146, -5.193096054717898]]]], "centroids": [[-0.1090992613171693, 0.02535957470536232, 6.0]], "h": 6.0}, "mtl": {"face": 1}}], "featureCount": 2, "startIndex": 0}