{"type": "block", "layer": 0, "block": 0, "features": [{"geom": {"polygons": [[[[-3.5276244473061524, -3.221292894333601], [-1.8381424887629692, 4.4188595451414585], [-1.8360845897113904, 4.4188595451414585], [3.5276244473061524, 3.209589408710599], [1.8407258109073155, -4.4188595451414585], [1.8386478094325867, -4.4188595451414585], [-3.5276244473061524, -3.221292894333601]]]], "centroids": [[-3.958921297453344e-05, -0.002771567553281784, 3.0]], "h": 3.0}, "mtl": {"face": 0}}, {"geom": {"polygons": [[[[-3.527624447189737, -3.221292894333601], [-1.8381424889084883, 4.4188595451414585], [-1.8360845811839681, 4.4188595451414585], [3.527624447568087, 3.209589410573244], [1.8407258107326925, -4.4188595451414585], [1.8386478180473205, -4.4188595451414585], [-3.527624447189737, -3.221292894333601]]]], "centroids": [[-3.9589067455381155e-05, -0.002771565690636635, 6.0]], "h": 6.0}, "mtl": {"face": 1}}], "featureCount": 2, "startIndex": 0}