{"type": "block", "layer": 1, "block": 0, "features": [{"geom": {"triangles": {"v": [-1.8419803021824919, 4.745201224461198, 3.0, -3.529480302182492, -3.254798775538802, 3.0, 17.517394697817508, -0.25479877553880215, 3.0, 15.939269697817508, -7.254798775538802, 3.0], "f": [0, 1, 2, 1, 3, 2]}, "centroids": [[7.0113807554589584, -1.57925583422184, 3.0]]}, "mtl": 0}], "featureCount": 1, "startIndex": 0}