{"type": "block", "layer": 1, "block": 0, "features": [{"geom": {"triangles": {"v": [-5.6997668138938025, 17.114271208643913, 3.0, -9.481016813893802, -2.8857287913560867, 3.0, 5.8783581861061975, 15.114271208643913, 3.0, 1.9252331861061975, -4.885728791356087, 3.0], "f": [0, 1, 2, 1, 3, 2]}, "centroids": [[-1.8367501173052005, 5.9859430734068155, 3.0]]}, "mtl": 0}], "featureCount": 1, "startIndex": 0}