{"type": "block", "layer": 0, "block": 0, "features": [{"geom": {"polygons": [[[[6.537695647944929, -9.658487070351839], [9.658487070468254, -4.830961564555764], [9.658487070468254, -9.658487070351839], [6.537695647944929, -9.658487070351839]]]], "centroids": [[8.618223262950778, -8.049311900511384, 3.0]], "h": 3.0}, "mtl": {"face": 0}}, {"geom": {"polygons": [[[[-6.528826372290496, -7.188634978607297], [2.57568378810538, 9.658487070351839], [2.577919494739035, 9.658487070351839], [6.528826372290496, 7.431504353880882], [-2.727796154737007, -9.658487070351839], [-2.7298051254765596, -9.658487070351839], [-6.528826372290496, -7.188634978607297]]]], "centroids": [[-0.03014640571200289, 0.06349632702767849, 3.0]], "h": 3.0}, "mtl": {"face": 0}}], "featureCount": 2, "startIndex": 0}