{"type": "block", "layer": 1, "block": 0, "features": [{"geom": {"triangles": {"v": [-12.327944196324097, -14.080546984449029, 3.0, -21.937319196324097, -28.08054698444903, 3.0, -9.031069196324097, -16.08054698444903, 3.0, -7.734194196324097, -38.08054698444903, 3.0, -3.796694196324097, -9.080546984449029, 3.0, 17.687680803675903, 0.919453015550971, 3.0, 2.578305803675903, 9.919453015550971, 3.0, -6.531069196324097, -7.080546984449029, 3.0], "f": [0, 1, 2, 2, 1, 3, 2, 3, 4, 5, 4, 3, 6, 4, 5, 7, 4, 6]}, "centroids": [[-1.8871447166893631, -14.252765081822872, 3.0]]}, "mtl": 0}], "featureCount": 1, "startIndex": 0}