{"type": "block", "layer": 1, "block": 0, "features": [{"geom": {"triangles": {"v": [-6.728856824774994, 5.044571990147233, 3.0, -7.572606824774994, -3.955428009852767, 3.0, -6.244481824774994, -3.955428009852767, 3.0, -0.5882318247749936, 4.044571990147233, 3.0, 5.911768175225006, -4.955428009852767, 3.0, 7.036768175225006, 3.044571990147233, 3.0], "f": [0, 1, 2, 0, 2, 3, 3, 2, 4, 5, 3, 4]}, "centroids": [[-0.34475429594749585, -0.15127653628587723, 3.0]]}, "mtl": 0}], "featureCount": 1, "startIndex": 0}