{"type": "block", "layer": 0, "block": 0, "features": [{"geom": {"polygons": [[[[-4.738954435102642, 6.862589932978153], [3.0243303507741075, 7.9617037512362], [3.0300459167629015, 7.9617037512362], [4.738954435102642, -6.912499999627471], [-3.204717048938619, -7.9617037512362], [-3.210827644332312, -7.9617037512362], [-4.738954435102642, 6.862589932978153]]]], "centroids": [[-0.03898910651332699, -0.03923860564827919, 3.0]], "h": 3.0}, "mtl": {"face": 0}}, {"geom": {"polygons": [[[[-4.738954435102642, 6.862589932978153], [3.0243303507741075, 7.9617037512362], [3.0300459167629015, 7.9617037512362], [4.738954435102642, -6.912499999627471], [4.778482489811722, -7.410935083404183], [0.6521975823852699, -7.9617037512362], [-3.210827644332312, -7.9617037512362], [-4.738954435102642, 6.862589932978153]]]], "centroids": [[0.003120614623185247, -0.2285282090306282, 6.0]], "h": 6.0}, "mtl": {"face": 1}}], "featureCount": 2, "startIndex": 0}