{"type": "block", "layer": 1, "block": 0, "features": [{"geom": {"triangles": {"v": [-0.1582239834824577, 9.919173939153552, 3.0, -5.642598983482458, -5.080826060846448, 3.0, 2.7636510165175423, -8.080826060846448, 3.0, 7.685526016517542, 7.919173939153552, 3.0], "f": [0, 1, 2, 3, 0, 2]}, "centroids": [[1.1576899701030925, 1.1294359993189573, 3.0]]}, "mtl": 0}], "featureCount": 1, "startIndex": 0}