{"type": "block", "layer": 1, "block": 0, "features": [{"geom": {"triangles": {"v": [-6.21360096798162, 4.0860793720930815, 3.0, -7.16672596798162, -0.9139206279069185, 3.0, 11.47389903201838, 0.08607937209308147, 3.0, 10.45827403201838, -4.9139206279069185, 3.0], "f": [0, 1, 2, 1, 3, 2]}, "centroids": [[2.1081908108317293, -0.38636854104697704, 3.0]]}, "mtl": 0}], "featureCount": 1, "startIndex": 0}