{"type": "block", "layer": 0, "block": 0, "features": [{"geom": {"polygons": [[[[-4.082477135088993, -4.085073823109269], [-1.519978490046924, 5.513167344033718], [-1.5176203077717219, 5.513167344033718], [4.082477135118097, 4.11662308499217], [1.766010418854421, -5.513167344033718], [1.763620664482005, -5.513167344033718], [-4.082477135088993, -4.085073823109269]]]], "centroids": [[0.05165986530482769, -0.025234023109078407, 3.0]], "h": 3.0}, "mtl": {"face": 0}}], "featureCount": 1, "startIndex": 0}