{"type": "block", "layer": 1, "block": 0, "features": [{"geom": {"triangles": {"v": [-1.3072771758306772, 8.715806718915701, 3.0, -5.619777175830677, -10.284193281084299, 3.0, 1.0364728241693228, -11.284193281084299, 3.0, 5.052097824169323, 7.715806718915701, 3.0], "f": [0, 1, 2, 3, 0, 2]}, "centroids": [[-0.2216004217916634, -1.3340144008398056, 3.0]]}, "mtl": 0}], "featureCount": 1, "startIndex": 0}