{"type": "block", "layer": 1, "block": 0, "features": [{"geom": {"triangles": {"v": [1.2080069001531228, 16.52564467675984, 3.0, -0.9638680998468772, -1.474355323240161, 3.0, 9.942381900153123, -2.474355323240161, 3.0, 12.879881900153123, 14.525644676759839, 3.0, 16.083006900153123, 13.525644676759839, 3.0, 16.145506900153123, 14.525644676759839, 3.0, 13.973631900153123, -2.474355323240161, 3.0], "f": [0, 1, 2, 0, 2, 3, 4, 3, 2, 3, 4, 5, 4, 2, 6]}, "centroids": [[7.511426953918999, 6.804581765085459, 3.0]]}, "mtl": 0}], "featureCount": 1, "startIndex": 0}