{"type": "block", "layer": 0, "block": 0, "features": [{"geom": {"polygons": [[[[-7.58038729216787, -4.095360830426216], [-7.58038729216787, -3.3920718915760517], [-0.6348419279092923, 7.510756378993392], [-0.5904842020827346, 7.580387292429805], [1.2858606677909847, 7.580387292429805], [7.58038729216787, 6.159257050603628], [7.58038729216787, 5.558002965524793], [2.0199638904305175, -3.1182855293154716], [0.05371163846575655, -1.9250327982008457], [-0.6207592389546335, -2.9774533584713936], [1.3454930133011658, -4.1707060895860195], [-0.8396891827287618, -7.580387292429805], [-1.8366208012448624, -7.580387292429805], [-7.58038729216787, -4.095360830426216]]]], "centroids": [[-0.27373036844073795, 0.570831784978509, 12.0]], "h": 12.0}, "mtl": {"face": 0}}, {"geom": {"polygons": [[[[-7.58038729216787, -3.3937219381332397], [-7.58038729216787, -3.3920718915760517], [-0.7837901170132682, 7.276943705976009], [-0.6348419279092923, 7.510756378993392], [-0.5085570786613971, 7.482973450794816], [-0.674853160220664, 7.209854684770107], [2.8660454067285173, 5.029185900464654], [3.831345406739274, 6.528185900300741], [4.035945406736573, 6.37918590195477], [7.58038729216787, 5.559361252933741], [7.58038729216787, 5.558002965524793], [2.0199638904305175, -3.1182855293154716], [0.05371163846575655, -1.9250327982008457], [-0.6207592389546335, -2.9774533584713936], [1.3454930133011658, -4.1707060895860195], [-0.7950644148222636, -7.510756380856037], [-7.58038729216787, -3.3937219381332397]]]], "centroids": [[-0.3493899907625746, 0.36234735883772373, 3.0]], "h": 3.0}, "mtl": {"face": 1}}, {"geom": {"polygons": [[[[-7.58038729216787, -5.129233423620462], [-7.58038729216787, -3.3937219381332397], [-6.153405203804141, -4.25955168902874], [-6.955176863993984, -5.518723078072071], [-7.58038729216787, -5.129233423620462]]]], "centroids": [[-7.040649141097674, -4.4786258190870285, 3.0]], "h": 3.0}, "mtl": {"face": 1}}, {"geom": {"polygons": [[[[-7.58038729216787, -3.3937219381332397], [-7.58038729216787, -3.3920718915760517], [-0.6348419279092923, 7.510756378993392], [-0.5904842020827346, 7.580387292429805], [1.2858606677909847, 7.580387292429805], [7.58038729216787, 6.159257050603628], [7.58038729216787, 5.558002965524793], [2.0199638904305175, -3.1182855293154716], [0.05371163846575655, -1.9250327982008457], [-0.6207592389546335, -2.9774533584713936], [1.3454930133011658, -4.1707060895860195], [-0.8396891827287618, -7.580387292429805], [-1.8366208015067969, -7.580387292429805], [-4.141792915441329, -6.181725660338998], [-3.8372886205033865, -5.6648690067231655], [-7.58038729216787, -3.3937219381332397]]]], "centroids": [[-0.1543755017046351, 0.6878098528832197, 6.0]], "h": 6.0}, "mtl": {"face": 2}}, {"geom": {"polygons": [[[[-7.58038729216787, -3.3937219381332397], [-7.58038729216787, -3.3920718915760517], [-0.6348419279092923, 7.510756378993392], [-0.5904842020827346, 7.580387292429805], [1.2858606677909847, 7.580387292429805], [7.58038729216787, 6.159257050603628], [7.58038729216787, 5.558002965524793], [2.0199638904305175, -3.1182855293154716], [0.05371163846575655, -1.9250327982008457], [-0.6207592389546335, -2.9774533584713936], [1.3454930133011658, -4.1707060895860195], [-0.8396891827287618, -7.580387292429805], [-1.8366208015067969, -7.580387292429805], [-4.141792915441329, -6.181725660338998], [-3.8372886205033865, -5.6648690067231655], [-7.58038729216787, -3.3937219381332397]]]], "centroids": [[-0.1543755017046351, 0.6878098528832197, 9.0]], "h": 9.0}, "mtl": {"face": 3}}], "featureCount": 5, "startIndex": 0}