{"type": "block", "layer": 1, "block": 0, "features": [{"geom": {"triangles": {"v": [-1.6385795932728797, -8.454814098775387, 3.0, -0.6385795932728797, 7.545185901224613, 3.0, -8.37295459327288, -4.454814098775387, 3.0, 4.03329540672712, 6.545185901224613, 3.0, 7.58017040672712, 5.545185901224613, 3.0, 3.8301704067271203, 6.545185901224613, 3.0], "f": [0, 1, 2, 0, 3, 1, 3, 0, 4, 3, 5, 1]}, "centroids": [[-0.6542914182064123, -0.12847106531262398, 3.0]]}, "mtl": 0}], "featureCount": 1, "startIndex": 0}