{"type": "block", "layer": 1, "block": 0, "features": [{"geom": {"triangles": {"v": [-7.380102274357341, -15.086992038413882, 3.0, -8.020727274357341, -20.086992038413882, 3.0, -6.817602274357341, -22.086992038413882, 3.0, 1.6823977256426588, -23.086992038413882, 3.0, 3.0730227256426588, -13.086992038413882, 3.0, -6.755102274357341, -11.086992038413882, 3.0, 3.7761477256426588, -8.086992038413882, 3.0, -5.973852274357341, -7.086992038413882, 3.0, 4.479272725642659, -3.0869920384138823, 3.0, -5.208227274357341, -2.0869920384138823, 3.0, 5.198022725642659, 1.9130079615861177, 3.0, -4.426977274357341, 2.9130079615861177, 3.0], "f": [0, 1, 2, 0, 2, 3, 4, 0, 3, 5, 0, 4, 5, 4, 6, 7, 5, 6, 7, 6, 8, 9, 7, 8, 9, 8, 10, 11, 9, 10]}, "centroids": [[-1.4473489583760966, -9.839214254170656, 3.0]]}, "mtl": 0}], "featureCount": 1, "startIndex": 0}