{"type": "block", "layer": 0, "block": 0, "features": [{"geom": {"polygons": [[[[-5.241905084811151, 2.002541694790125], [-1.019475682405755, 5.754874994978309], [-1.018352719314862, 5.754874994978309], [5.241905084811151, -1.8255522269755602], [0.9466064127045684, -5.754874994978309], [0.9455182002275251, -5.754874994978309], [-5.241905084811151, 2.002541694790125]]]], "centroids": [[-0.0059649770555552095, 0.02280932478606701, 3.0]], "h": 3.0}, "mtl": {"face": 0}}, {"geom": {"polygons": [[[[2.11082448597881, 5.754874994978309], [5.754874994250713, 5.754874994978309], [5.754874994250713, 1.2787268105894327], [2.11082448597881, 5.754874994978309]]]], "centroids": [[4.5401914915128145, 4.262825600802898, 3.0]], "h": 3.0}, "mtl": {"face": 0}}, {"geom": {"polygons": [[[[-5.241905084811151, 2.002541694790125], [-1.019475682405755, 5.754874994978309], [-1.018352719314862, 5.754874994978309], [5.241905086033512, -1.8255522288382053], [0.946606409503147, -5.754874994978309], [0.9455182005476672, -5.754874994978309], [-5.241905084811151, 2.002541694790125]]]], "centroids": [[-0.005964976939139888, 0.02280932478606701, 6.0]], "h": 6.0}, "mtl": {"face": 1}}, {"geom": {"polygons": [[[[2.11082448597881, 5.754874994978309], [5.754874994250713, 5.754874994978309], [5.754874994250713, 1.2787268105894327], [2.11082448597881, 5.754874994978309]]]], "centroids": [[4.5401914915128145, 4.262825600802898, 6.0]], "h": 6.0}, "mtl": {"face": 1}}], "featureCount": 4, "startIndex": 0}