{"type": "block", "layer": 1, "block": 0, "features": [{"geom": {"triangles": {"v": [6.163919915386941, 12.074541695415974, 3.0, -5.242330084613059, 2.0745416954159737, 3.0, 12.242044915386941, 5.074541695415974, 3.0, 0.9451699153869413, -5.925458304584026, 3.0], "f": [0, 1, 2, 1, 3, 2]}, "centroids": [[3.508029647084186, 3.2215815503150225, 3.0]]}, "mtl": 0}], "featureCount": 1, "startIndex": 0}