{"type": "block", "layer": 0, "block": 0, "features": [{"geom": {"polygons": [[[[-5.123845939175226, -4.13114221021533], [-5.123845939175226, -4.125050213187933], [-4.345653451222461, 5.0528423227369785], [-0.06196899790666066, 4.659895334392786], [-0.4311834663094487, 0.7438580747693777], [5.123845939175226, 0.22011506371200085], [5.123845939175226, 0.2145522516220808], [4.634372248779982, -5.052842320874333], [-5.123845939175226, -4.13114221021533]]]], "centroids": [[-0.5888736769556999, -0.766217902302742, 3.0]], "h": 3.0}, "mtl": {"face": 0}}, {"geom": {"polygons": [[[[-5.123845939175226, -4.13114221021533], [-5.123845939175226, -4.125050213187933], [-4.345653451222461, 5.0528423227369785], [-0.06196899790666066, 4.659895334392786], [-0.4311834663094487, 0.7438580747693777], [5.123845939175226, 0.22011506371200085], [5.123845939175226, 0.2145522516220808], [4.634372248779982, -5.052842320874333], [-5.123845939175226, -4.13114221021533]]]], "centroids": [[-0.5888736769556999, -0.766217902302742, 6.0]], "h": 6.0}, "mtl": {"face": 1}}, {"geom": {"polygons": [[[[-5.123845939175226, -4.13114221021533], [-5.123845939175226, -4.125050213187933], [-4.345653451222461, 5.0528423227369785], [-0.06196899790666066, 4.659895334392786], [-0.4311834663094487, 0.7438580747693777], [5.123845939175226, 0.22011506371200085], [5.123845939175226, 0.2145522516220808], [4.634372248779982, -5.052842320874333], [-5.123845939175226, -4.13114221021533]]]], "centroids": [[-0.5888736769556999, -0.766217902302742, 9.0]], "h": 9.0}, "mtl": {"face": 2}}, {"geom": {"polygons": [[[[-5.123845939175226, -4.13114221021533], [-5.123845939175226, -4.125050213187933], [-4.5234122378751636, 2.956380244344473], [-2.961137776816031, 2.8080701995640993], [-2.753568144136807, 4.9067986235022545], [-0.06196899790666066, 4.659895334392786], [-0.4311834663094487, 0.7438580747693777], [5.123845939175226, 0.22011506371200085], [5.123845939175226, 0.2145522516220808], [4.634372248779982, -5.052842320874333], [-5.123845939175226, -4.13114221021533]]]], "centroids": [[-0.4331772208388429, -1.0056603997945786, 12.0]], "h": 12.0}, "mtl": {"face": 3}}], "featureCount": 4, "startIndex": 0}