{"type": "block", "layer": 1, "block": 0, "features": [{"geom": {"triangles": {"v": [-6.065174989111256, 13.109500050544739, 3.0, -2.549549989111256, -12.890499949455261, 3.0, 1.2317000108887441, 12.109500050544739, 3.0, 0.35670001088874415, -13.890499949455261, 3.0, 6.075450010888744, 12.109500050544739, 3.0], "f": [0, 1, 2, 1, 3, 2, 2, 3, 4]}, "centroids": [[-0.42783885647077113, 2.405280338600278, 3.0]]}, "mtl": 0}], "featureCount": 1, "startIndex": 0}