{"type": "block", "layer": 1, "block": 0, "features": [{"geom": {"triangles": {"v": [-3.4537151128752157, 1.6030689869076014, 3.0, -4.438090112875216, -2.3969310130923986, 3.0, 9.530659887124784, -7.396931013092399, 3.0, 11.811909887124784, -0.39693101309239864, 3.0, -2.3599651128752157, 5.603068986907601, 3.0], "f": [0, 1, 2, 3, 0, 2, 4, 0, 3]}, "centroids": [[3.5892941697966307, -1.3575050849467516, 3.0]]}, "mtl": 0}], "featureCount": 1, "startIndex": 0}