{"type": "block", "layer": 1, "block": 0, "features": [{"geom": {"triangles": {"v": [-13.31498914200347, 8.607191495597363, 3.0, -13.62748914200347, 7.6071914955973625, 3.0, -12.56498914200347, 4.6071914955973625, 3.0, 13.29438585799653, 3.6071914955973625, 3.0, -11.39311414200347, 1.6071914955973625, 3.0, 11.76313585799653, -3.3928085044026375, 3.0], "f": [0, 1, 2, 2, 3, 0, 4, 3, 2, 5, 3, 4]}, "centroids": [[-0.01328644939349033, 2.6633883118629456, 3.0]]}, "mtl": 0}], "featureCount": 1, "startIndex": 0}