{"type": "block", "layer": 0, "block": 0, "features": [{"geom": {"polygons": [[[[-2.652933444478549, 1.363461161032319], [1.2621654387912713, 3.248079964891076], [1.2629250479512848, 3.248079964891076], [2.652933444507653, -2.077558431774378], [-0.9059621170163155, -3.248079964891076], [-0.9070727508224081, -3.248079964891076], [-2.652933444478549, 1.363461161032319]]]], "centroids": [[0.10254731783061288, -0.10858597606420517, 3.0]], "h": 3.0}, "mtl": {"face": 0}}], "featureCount": 1, "startIndex": 0}