{"type": "block", "layer": 1, "block": 0, "features": [{"geom": {"triangles": {"v": [-22.615048537554685, 8.675019258633256, 3.0, -24.068173537554685, -0.32498074136674404, 3.0, 4.681826462445315, 3.675019258633256, 3.0, 3.384951462445315, -5.324980741366744, 3.0], "f": [0, 1, 2, 1, 3, 2]}, "centroids": [[-9.87348177889362, 1.6458300724625587, 3.0]]}, "mtl": 0}], "featureCount": 1, "startIndex": 0}