{"type": "block", "layer": 0, "block": 0, "features": [{"geom": {"polygons": [[[[-3.126455741323298, -2.2530287075787783], [-2.101617259933846, 3.3826329968869686], [-2.099955595564097, 3.3826329968869686], [3.126455741323298, 2.2776890862733126], [1.8917691158130765, -3.3826329968869686], [1.8901929217390716, -3.3826329968869686], [-3.126455741323298, -2.2530287075787783]]]], "centroids": [[-0.04375473078107461, 0.023093072697520256, 3.0]], "h": 3.0}, "mtl": {"face": 0}}, {"geom": {"polygons": [[[[-3.126455741323298, -2.2530287075787783], [-2.101617259933846, 3.3826329968869686], [-2.099955595564097, 3.3826329968869686], [3.126455741323298, 2.2776890862733126], [1.8917691158130765, -3.3826329968869686], [1.8901929217390716, -3.3826329968869686], [-3.126455741323298, -2.2530287075787783]]]], "centroids": [[-0.04375473078107461, 0.023093072697520256, 6.0]], "h": 6.0}, "mtl": {"face": 1}}], "featureCount": 2, "startIndex": 0}