{"type": "block", "layer": 1, "block": 0, "features": [{"geom": {"triangles": {"v": [-2.098930741311051, 3.2019712924957275, 3.0, -3.130180741311051, -1.7980287075042725, 3.0, 20.74481925868895, -1.7980287075042725, 3.0, 19.61981925868895, -7.7980287075042725, 3.0], "f": [0, 1, 2, 1, 3, 2]}, "centroids": [[8.882629316329258, -1.9433586727827787, 3.0]]}, "mtl": 0}], "featureCount": 1, "startIndex": 0}