{"type": "block", "layer": 1, "block": 0, "features": [{"geom": {"triangles": {"v": [8.455559887865093, 14.316857220605016, 3.0, -1.3725651121349074, 16.316857220605016, 3.0, -5.435065112134907, -3.6831427793949842, 3.0, 4.221184887865093, -5.683142779394984, 3.0], "f": [0, 1, 2, 0, 2, 3]}, "centroids": [[1.4741596151143312, 5.587179349735379, 3.0]]}, "mtl": 0}], "featureCount": 1, "startIndex": 0}