{"type": "block", "layer": 0, "block": 0, "features": [{"geom": {"polygons": [[[[-3.1442926194285974, -0.5117346998304129], [-3.1442926194285974, -0.5100444238632917], [-2.727759809262352, 1.648511204868555], [3.1442926194285974, 0.4135434217751026], [3.1442926194285974, 0.4118476938456297], [2.746708666207269, -1.64851120300591], [-3.1442926194285974, -0.5117346998304129]]]], "centroids": [[-0.01806216486147605, -0.01995222084224224, 3.0]], "h": 3.0}, "mtl": {"face": 0}}], "featureCount": 1, "startIndex": 0}