{"type": "block", "layer": 1, "block": 0, "features": [{"geom": {"triangles": {"v": [-2.3861547762935515, 8.073148041963577, 3.0, -4.4174047762935515, -0.9268519580364227, 3.0, 17.03572022370645, 4.073148041963577, 3.0, 15.004470223706448, -4.926851958036423, 3.0], "f": [0, 1, 2, 1, 3, 2]}, "centroids": [[6.3092842767364345, 1.557545131072402, 3.0]]}, "mtl": 0}], "featureCount": 1, "startIndex": 0}