{"type": "block", "layer": 1, "block": 0, "features": [{"geom": {"triangles": {"v": [-3.1745766327367164, 4.734884548932314, 3.0, -4.737076632736716, -3.265115451067686, 3.0, 16.762923367263284, 0.7348845489323139, 3.0, 15.044173367263284, -7.265115451067686, 3.0], "f": [0, 1, 2, 1, 3, 2]}, "centroids": [[6.015448774327524, -1.2643928453326225, 3.0]]}, "mtl": 0}], "featureCount": 1, "startIndex": 0}