{"type": "block", "layer": 0, "block": 0, "features": [{"geom": {"polygons": [[[[-7.664384871110087, -5.443076644092798], [-4.5059260831039865, -0.5147289857268333], [-0.6932264012284577, -3.018593657761812], [-0.17196120179141872, -2.1176586896181107], [2.7913648099347483, -3.953580740839243], [0.07813292444916442, -8.146152606233954], [0.07629866470233537, -8.146152606233954], [-3.1406003593292553, -6.14099333062768], [-4.1495965579815675, -7.703531865030527], [-7.664384871110087, -5.443076644092798]]]], "centroids": [[-2.532256397389574, -4.540219256654382, 9.0]], "h": 9.0}, "mtl": {"face": 0}}, {"geom": {"polygons": [[[[-4.5059260831039865, -0.5147289857268333], [-1.3289919628296047, 4.442446928471327], [5.287915057910141, -0.09583220817148685], [2.7913648099347483, -3.953580740839243], [-0.17196120179141872, -2.1176586896181107], [-0.6932264012284577, -3.018593657761812], [-4.5059260831039865, -0.5147289857268333]]]], "centroids": [[0.3354551240627188, 0.029637789353728294, 9.0]], "h": 9.0}, "mtl": {"face": 0}}, {"geom": {"polygons": [[[[-7.664384871110087, -5.443076644092798], [1.0446234065748286, 8.146152606233954], [1.0463253823982086, 8.146152606233954], [7.664384871139191, 3.5763642340898514], [0.07813292444916442, -8.146152606233954], [0.07629866470233537, -8.146152606233954], [-3.1406003593292553, -6.14099333062768], [-4.1495965579815675, -7.703531865030527], [-7.664384871110087, -5.443076644092798]]]], "centroids": [[0.13950151414610445, -0.4332461580634117, 3.0]], "h": 3.0}, "mtl": {"face": 1}}, {"geom": {"polygons": [[[[-7.884848888439592, -5.787080919370055], [-1.3289919628296047, 4.442446928471327], [5.287915057910141, -0.09583220817148685], [0.0781329240417108, -8.146152606233954], [-0.874061494396301, -8.146152606233954], [-2.9668492137861904, -6.740582391619682], [-3.590746755042346, -7.734920544549823], [-3.8222645178611856, -7.926022244617343], [-4.140646755055059, -8.078920545056462], [-4.504951830167556, -8.002005197107792], [-4.808146755065536, -7.858920546248555], [-7.884848888439592, -5.787080919370055]]]], "centroids": [[-1.238046331651276, -2.487375693395734, 6.0]], "h": 6.0}, "mtl": {"face": 2}}], "featureCount": 4, "startIndex": 0}