{"type": "block", "layer": 1, "block": 0, "features": [{"geom": {"triangles": {"v": [-1.5701366815483198, 2.473262432962656, 3.0, -2.8513866815483198, -3.526737567037344, 3.0, 5.39861331845168, -6.526737567037344, 3.0, -1.0857616815483198, 5.473262432962656, 3.0, 16.53923831845168, -0.526737567037344, 3.0, 15.67986331845168, -9.526737567037344, 3.0], "f": [0, 1, 2, 3, 0, 2, 3, 2, 4, 2, 5, 4]}, "centroids": [[7.044067718205042, -2.2950793989002705, 3.0]]}, "mtl": 0}], "featureCount": 1, "startIndex": 0}