{"type": "block", "layer": 0, "block": 0, "features": [{"geom": {"polygons": [[[[-4.68323632501415, -0.3976743780076504], [-4.68323632501415, -0.3953623045235872], [-4.124863772885874, 2.2439568527042866], [4.68323632501415, 0.39767436869442463], [4.68323632501415, 0.3953622952103615], [4.124863774719415, -2.2439568527042866], [-4.68323632501415, -0.3976743780076504]]]], "centroids": [[-2.153683453798294e-09, -1.862645149230957e-09, 3.0]], "h": 3.0}, "mtl": {"face": 0}}, {"geom": {"polygons": [[[[-4.68323632501415, -4.683236325159669], [-4.68323632501415, -3.6888186782598495], [0.046775783848715946, -4.683236325159669], [-4.68323632501415, -4.683236325159669]]]], "centroids": [[-3.106565622059861, -4.351763775572181, 3.0]], "h": 3.0}, "mtl": {"face": 0}}], "featureCount": 2, "startIndex": 0}