{"type": "block", "layer": 1, "block": 0, "features": [{"geom": {"triangles": {"v": [-2.780367566505447, 7.247383926063776, 3.0, -19.717867566505447, -18.752616073936224, 3.0, -0.18661756650544703, -29.752616073936224, 3.0, 16.282132433494553, -4.752616073936224, 3.0], "f": [0, 1, 2, 0, 2, 3]}, "centroids": [[-1.6490085503610317, -11.53289196640253, 3.0]]}, "mtl": 0}], "featureCount": 1, "startIndex": 0}