{"type": "block", "layer": 1, "block": 0, "features": [{"geom": {"triangles": {"v": [-2.837306115310639, 10.002437617629766, 3.0, -3.946681115310639, -1.9975623823702335, 3.0, 2.990818884689361, -2.9975623823702335, 3.0, 6.959568884689361, 15.002437617629766, 3.0, -2.071681115310639, 17.002437617629766, 3.0], "f": [0, 1, 2, 0, 2, 3, 4, 0, 3]}, "centroids": [[1.036523959832266, 7.302295355126262, 3.0]]}, "mtl": 0}], "featureCount": 1, "startIndex": 0}