{"type": "block", "layer": 1, "block": 0, "features": [{"geom": {"triangles": {"v": [-4.817922805552371, -2.985942058265209, 3.0, -4.958547805552371, -2.985942058265209, 3.0, -4.755422805552371, -2.985942058265209, 3.0, -4.380422805552371, -2.985942058265209, 3.0, -2.427297805552371, -3.985942058265209, 3.0, 2.525827194447629, -1.9859420582652092, 3.0, 0.29145219444762915, 12.01405794173479, 3.0, 6.400827194447629, 7.014057941734791, 3.0, 6.400827194447629, 10.01405794173479, 3.0, -2.036672805552371, -3.985942058265209, 3.0, 1.3539521944476292, -4.985942058265209, 3.0, 0.6820771944476292, -5.985942058265209, 3.0, 1.0727021944476292, -5.985942058265209, 3.0], "f": [0, 1, 2, 3, 0, 2, 4, 0, 3, 0, 4, 5, 6, 0, 5, 7, 6, 5, 8, 6, 7, 4, 9, 5, 5, 9, 10, 11, 10, 9, 10, 11, 12]}, "centroids": [[0.9466097038239241, 3.211404014378786, 3.0]]}, "mtl": 0}], "featureCount": 1, "startIndex": 0}