{"type": "block", "layer": 1, "block": 0, "features": [{"geom": {"triangles": {"v": [-11.554898130212678, 6.835400000214577, 3.0, -12.914273130212678, -1.1645999997854233, 3.0, 12.913851869787322, 0.8354000002145767, 3.0, -1.0548981302126776, 15.835400000214577, 3.0, -8.148648130212678, 18.835400000214577, 3.0, -9.570523130212678, 18.835400000214577, 3.0, -0.8673981302126776, 18.835400000214577, 3.0, 15.773226869787322, 13.835400000214577, 3.0, 11.398226869787322, -6.164599999785423, 3.0], "f": [0, 1, 2, 3, 0, 2, 4, 0, 3, 5, 0, 4, 4, 3, 6, 7, 3, 2, 1, 8, 2]}, "centroids": [[1.114430826390162, 6.421805500984192, 3.0]]}, "mtl": 0}], "featureCount": 1, "startIndex": 0}