{"type": "block", "layer": 0, "block": 0, "features": [{"geom": {"polygons": [[[[-10.61334732969408, -1.7582302391529083], [-10.61334732969408, -1.7532267794013023], [-8.878081008035224, 6.042691182345152], [10.61334732969408, 1.7245439682155848], [10.61334732969408, -0.879268703982234], [10.21940877000452, -1.1276911832392216], [9.790443486446748, -2.878197528421879], [10.076602084154729, -3.3892327081412077], [9.48369905052823, -5.803101606667042], [9.048327863652958, -6.107486279681325], [8.75540877005551, -6.042691182345152], [-10.61334732969408, -1.7582302391529083]]]], "centroids": [[0.17626106026000343, -0.06692690774798393, 6.0]], "h": 6.0}, "mtl": {"face": 0}}, {"geom": {"polygons": [[[[-10.61334732969408, -1.7582302391529083], [-10.61334732969408, -1.7532267794013023], [-8.878081008035224, 6.042691182345152], [10.61334732969408, 1.7245439682155848], [10.61334732969408, 1.7198740635067225], [8.75540877005551, -6.042691182345152], [-10.61334732969408, -1.7582302391529083]]]], "centroids": [[-0.031003647774923593, -0.0039925891906023026, 3.0]], "h": 3.0}, "mtl": {"face": 1}}, {"geom": {"polygons": [[[[-10.61334732969408, -1.7582302391529083], [-10.61334732969408, -1.7532267794013023], [-8.878081008035224, 6.042691182345152], [10.61334732969408, 1.7245439682155848], [10.61334732969408, -0.879268703982234], [10.21940877000452, -1.1276911832392216], [9.790443486446748, -2.878197528421879], [10.076602084154729, -3.3892327081412077], [9.48369905052823, -5.803101606667042], [9.048327863652958, -6.107486279681325], [8.75540877005551, -6.042691182345152], [-10.61334732969408, -1.7582302391529083]]]], "centroids": [[0.17626106026000343, -0.06692690774798393, 9.0]], "h": 9.0}, "mtl": {"face": 2}}, {"geom": {"polygons": [[[[1.2020439351908863, -0.6160209681838751], [2.1366155088471714, 3.6024861726909876], [10.61334732969408, 1.7245439682155848], [10.61334732969408, -1.8236481118947268], [10.409366550069535, -2.6558188628405333], [1.2020439351908863, -0.6160209681838751]]]], "centroids": [[6.127281780267367, 0.47134197875857353, 12.0]], "h": 12.0}, "mtl": {"face": 3}}], "featureCount": 4, "startIndex": 0}