{"type": "block", "layer": 1, "block": 0, "features": [{"geom": {"triangles": {"v": [-3.936454266193323, -12.394892126321793, 3.0, -4.545829266193323, -15.394892126321793, 3.0, 19.376045733806677, -20.394892126321793, 3.0, -2.467704266193323, -5.394892126321793, 3.0, 23.110420733806677, -2.3948921263217926, 3.0, -0.9208292661933228, 2.6051078736782074, 3.0], "f": [0, 1, 2, 3, 0, 2, 3, 2, 4, 5, 3, 4]}, "centroids": [[9.26452601418714, -8.899980520829558, 3.0]]}, "mtl": 0}], "featureCount": 1, "startIndex": 0}