{"type": "block", "layer": 1, "block": 0, "features": [{"geom": {"triangles": {"v": [-4.3450932610430755, 1.6984245236963034, 3.0, -1.9544682610430755, -13.301575476303697, 3.0, 3.6705317389569245, 2.6984245236963034, 3.0, 5.9986567389569245, -12.301575476303697, 3.0], "f": [0, 1, 2, 2, 1, 3]}, "centroids": [[0.8439458922366612, -5.233544610440731, 3.0]]}, "mtl": 0}], "featureCount": 1, "startIndex": 0}