{"type": "block", "layer": 0, "block": 0, "features": [{"geom": {"polygons": [[[[-7.309269000514178, -4.500008326023817], [-7.309269000514178, -4.496269846335053], [-4.9129999996803235, 7.221155665814877], [7.309269000514178, 4.601312354207039], [7.309269000514178, 4.597684536129236], [4.820289707451593, -7.221155663952231], [-7.309269000514178, -4.500008326023817]]]], "centroids": [[-0.012001851690001786, 0.028651520609855652, 3.0]], "h": 3.0}, "mtl": {"face": 0}}], "featureCount": 1, "startIndex": 0}