{"type": "block", "layer": 1, "block": 0, "features": [{"geom": {"triangles": {"v": [-4.906749999674503, 7.617155663669109, 3.0, -7.312999999674503, -4.382844336330891, 3.0, 7.312000000325497, 4.617155663669109, 3.0, 4.827625000325497, -7.382844336330891, 3.0], "f": [0, 1, 2, 1, 3, 2]}, "centroids": [[-0.011987035133643076, 0.02864885702729225, 3.0]]}, "mtl": 0}], "featureCount": 1, "startIndex": 0}