{"type": "block", "layer": 0, "block": 0, "features": [{"geom": {"polygons": [[[[-5.500104157021269, -2.3641032315790653], [-5.500104157021269, -2.36131945066154], [-4.289975328050787, 3.511048164218664], [5.500104157021269, 1.4760399963706732], [5.500104157021269, 1.4732877053320408], [4.480054657469736, -3.4185773245990276], [0.2131001312227454, -2.531845523044467], [0.010214604844804853, -3.511048164218664], [-5.500104157021269, -2.3641032315790653]]]], "centroids": [[-0.1794185000762809, -0.2063481081277132, 3.0]], "h": 3.0}, "mtl": {"face": 0}}, {"geom": {"polygons": [[[[-5.500104157021269, -5.5001041572541], [-5.500104157021269, -4.8552087265998125], [-3.4784159586997703, -5.2931475061923265], [-3.5216548800235614, -5.5001041572541], [-5.500104157021269, -5.5001041572541]]]], "centroids": [[-4.6685950596875045, -5.2675290163606405, 3.0]], "h": 3.0}, "mtl": {"face": 0}}, {"geom": {"polygons": [[[[-5.500104157021269, -2.3641032315790653], [-5.500104157021269, -2.36131945066154], [-4.289975323888939, 3.511048184707761], [5.500104157021269, 1.476039843633771], [5.500104157021269, 1.473287709057331], [4.480054657295113, -3.4185773245990276], [0.2131001312227454, -2.531845523044467], [0.010214604873908684, -3.511048164218664], [-5.500104157021269, -2.3641032315790653]]]], "centroids": [[-0.1794185344770085, -0.2063481342047453, 6.0]], "h": 6.0}, "mtl": {"face": 1}}], "featureCount": 3, "startIndex": 0}