{"type": "block", "layer": 1, "block": 0, "features": [{"geom": {"triangles": {"v": [-8.314707324607298, -16.32344271801412, 3.0, -4.783457324607298, -17.32344271801412, 3.0, -4.283457324607298, 3.676557281985879, 3.0, 5.497792675392702, 1.676557281985879, 3.0, 1.4040426753927022, -18.32344271801412, 3.0], "f": [0, 1, 2, 2, 1, 3, 1, 4, 3]}, "centroids": [[-1.4245257157308515, -7.316386690363288, 3.0]]}, "mtl": 0}], "featureCount": 1, "startIndex": 0}