{"type": "block", "layer": 0, "block": 0, "features": [{"geom": {"polygons": [[[[-7.901751361787319, -1.1735338680446148], [-7.901751361787319, -1.1695102993398905], [-7.787458384089405, -0.6121363267302513], [-6.916458384075668, 3.6388636734336615], [-5.723458385793492, 3.485863672569394], [7.611541615944589, 0.6218636725097895], [7.901751361787319, 0.5420809257775545], [7.901751361787319, 0.5377228371798992], [7.235541615926195, -2.9531363267451525], [7.098837674653623, -3.6388636734336615], [-4.731385553313885, -1.0980493258684874], [-4.8798959269188344, -1.8225472886115313], [-7.901751361787319, -1.1735338680446148]]]], "centroids": [[-0.12329793345998041, 0.006943104788661003, 3.0]], "h": 3.0}, "mtl": {"face": 0}}, {"geom": {"polygons": [[[[-7.901751361787319, -1.1735338680446148], [-7.901751361787319, -1.1695102993398905], [-7.787458384089405, -0.6121363267302513], [-6.916458384075668, 3.6388636734336615], [-5.723458385793492, 3.485863672569394], [7.611541615944589, 0.6218636725097895], [7.901751361787319, 0.5420809257775545], [7.901751361787319, 0.5377228371798992], [7.235541615926195, -2.9531363267451525], [7.098837674653623, -3.6388636734336615], [-4.731385553313885, -1.0980493258684874], [-4.8798959269188344, -1.8225472886115313], [-7.901751361787319, -1.1735338680446148]]]], "centroids": [[-0.12329793345998041, 0.006943104788661003, 6.0]], "h": 6.0}, "mtl": {"face": 1}}], "featureCount": 2, "startIndex": 0}