{"type": "block", "layer": 1, "block": 0, "features": [{"geom": {"triangles": {"v": [-7.795083384087775, -0.4251363258808851, 3.0, -8.888833384087775, -6.425136325880885, 3.0, -1.857583384087775, -6.425136325880885, 3.0, -5.716958384087775, 3.574863674119115, 3.0, -6.920083384087775, 3.574863674119115, 3.0, -0.4357083840877749, -6.425136325880885, 3.0, 7.611166615912225, 0.5748636741191149, 3.0, 7.236166615912225, -3.425136325880885, 3.0, 7.908041615912225, 0.5748636741191149, 3.0, 6.423666615912225, -7.425136325880885, 3.0], "f": [0, 1, 2, 3, 0, 2, 4, 0, 3, 3, 2, 5, 5, 6, 3, 6, 5, 7, 6, 7, 8, 7, 5, 9]}, "centroids": [[-0.6504427367763128, -2.034258710220456, 3.0]]}, "mtl": 0}], "featureCount": 1, "startIndex": 0}