{"type": "block", "layer": 1, "block": 0, "features": [{"geom": {"triangles": {"v": [17.683610524254618, -2.9331755228340626, 3.0, -1.5976394757453818, 2.0668244771659374, 3.0, -3.691389475745382, -6.933175522834063, 3.0, 18.011735524254618, -0.9331755228340626, 3.0, 15.933610524254618, -10.933175522834063, 3.0], "f": [0, 1, 2, 1, 0, 3, 0, 2, 4]}, "centroids": [[7.204701692535309, -4.397315496578813, 3.0]]}, "mtl": 0}], "featureCount": 1, "startIndex": 0}