{"type": "block", "layer": 1, "block": 0, "features": [{"geom": {"triangles": {"v": [-12.203236492758151, 3.4177566170692444, 3.0, -14.125111492758151, -6.582243382930756, 3.0, 7.312388507241849, -0.5822433829307556, 3.0, 5.390513507241849, -10.582243382930756, 3.0], "f": [0, 1, 2, 1, 3, 2]}, "centroids": [[-3.4020865576458164, -3.487903166562319, 3.0]]}, "mtl": 0}], "featureCount": 1, "startIndex": 0}