{"type": "block", "layer": 1, "block": 0, "features": [{"geom": {"triangles": {"v": [6.709615632047644, 10.15781501494348, 3.0, -3.368509367952356, 11.15781501494348, 3.0, -5.352884367952356, -1.8421849850565195, 3.0, 4.459615632047644, -3.8421849850565195, 3.0], "f": [0, 1, 2, 0, 2, 3]}, "centroids": [[0.611798725934932, 4.064722895622253, 3.0]]}, "mtl": 0}], "featureCount": 1, "startIndex": 0}