{"type": "block", "layer": 1, "block": 0, "features": [{"geom": {"triangles": {"v": [-9.765817073057406, -6.8515731282532215, 3.0, -10.718942073057406, -10.851573128253222, 3.0, 4.562307926942594, -14.851573128253222, 3.0, -2.1876920730574057, 8.148426871746778, 3.0, -5.750192073057406, 8.148426871746778, 3.0, 18.359182926942594, -3.8515731282532215, 3.0, 10.718557926942594, 13.148426871746778, 3.0, 3.0466829269425943, 15.148426871746778, 3.0, -0.42206707305740565, 15.148426871746778, 3.0, 22.171682926942594, 14.148426871746778, 3.0, 11.531057926942594, 17.14842687174678, 3.0, 15.218557926942594, -17.85157312825322, 3.0], "f": [0, 1, 2, 3, 0, 2, 4, 0, 3, 3, 2, 5, 6, 3, 5, 7, 3, 6, 8, 3, 7, 6, 5, 9, 10, 6, 9, 2, 11, 5]}, "centroids": [[6.491513010143535, -0.40914873592555523, 3.0]]}, "mtl": 0}], "featureCount": 1, "startIndex": 0}