{"type": "block", "layer": 0, "block": 0, "features": [{"geom": {"polygons": [[[[-6.383217134251026, -2.531799715012312], [-6.383217134251026, -0.07613170705735683], [-6.262894638144644, 0.4003031589090824], [-5.577001716126688, 0.7855229545384645], [-5.252377893397352, 2.1201254073530436], [-5.66889463813277, 2.71830315887928], [-5.099894638144178, 4.971303159371018], [-4.477855519100558, 5.304363252595067], [6.383217134251026, 2.531799713149667], [6.383217134251026, 2.5290122032165527], [4.477855519275181, -5.304363252595067], [-6.383217134251026, -2.531799715012312]]]], "centroids": [[-0.15662419077125378, 0.054844677448272705, 9.0]], "h": 9.0}, "mtl": {"face": 0}}, {"geom": {"polygons": [[[[-6.383217134251026, -2.531799715012312], [-6.383217134251026, -2.529012205079198], [-4.477855519100558, 5.304363252595067], [6.383217134251026, 2.531799713149667], [6.383217134251026, 2.5290122032165527], [4.477855519275181, -5.304363252595067], [-6.383217134251026, -2.531799715012312]]]], "centroids": [[-1.7462298274040222e-10, -1.862645149230957e-09, 3.0]], "h": 3.0}, "mtl": {"face": 1}}, {"geom": {"polygons": [[[[-6.383217134251026, -2.531799715012312], [-6.383217134251026, -1.2826202418655157], [-5.919948176888283, 0.592913057655096], [-5.577001716126688, 0.7855229545384645], [-5.252377893397352, 2.1201254073530436], [-5.460636265750509, 2.4192142840474844], [-4.788875078549609, 5.137833205983043], [-4.477855519100558, 5.304363252595067], [6.383217134251026, 2.531799713149667], [6.383217134251026, 2.5290122032165527], [4.477855519275181, -5.304363252595067], [-6.383217134251026, -2.531799715012312]]]], "centroids": [[-0.09554506285348907, 0.027641264721751213, 6.0]], "h": 6.0}, "mtl": {"face": 2}}], "featureCount": 3, "startIndex": 0}