{"type": "block", "layer": 1, "block": 0, "features": [{"geom": {"triangles": {"v": [-0.3164622192271054, 5.936483953148127, 3.0, -11.269587219227105, -4.063516046851873, 3.0, 6.058537780772895, -3.0635160468518734, 3.0, -5.082087219227105, -12.063516046851873, 3.0], "f": [0, 1, 2, 1, 3, 2]}, "centroids": [[-2.617095102526946, -3.0598132703453302, 3.0]]}, "mtl": 0}], "featureCount": 1, "startIndex": 0}