{"type": "block", "layer": 0, "block": 0, "features": [{"geom": {"polygons": [[[[-3.5198686934891157, -0.3704642653465271], [-3.5198686934891157, -0.3683036081492901], [-2.9507737837266177, 2.893321128562093], [3.5198686934891157, 1.349748108536005], [3.5198686934891157, 1.3478763103485107], [2.684779285977129, -2.893321130424738], [-3.5198686934891157, -0.3704642653465271]]]], "centroids": [[0.07555753015913069, 0.2033434733748436, 3.0]], "h": 3.0}, "mtl": {"face": 0}}, {"geom": {"polygons": [[[[-0.9076084733533207, 3.144724925979972], [-0.8337428747909144, 3.5198686942458153], [3.5198686934891157, 3.5198686942458153], [3.5198686934891157, 2.27295714430511], [-0.9076084733533207, 3.144724925979972]]]], "centroids": [[1.712734293047106, 3.074073225259781, 3.0]], "h": 3.0}, "mtl": {"face": 0}}, {"geom": {"polygons": [[[[-3.5198686934891157, -0.3704642653465271], [-3.5198686934891157, -0.3683036081492901], [-2.9507737837266177, 2.893321128562093], [3.5198686934891157, 1.349748108536005], [3.5198686934891157, 1.3478763103485107], [2.684779285977129, -2.893321130424738], [-3.5198686934891157, -0.3704642653465271]]]], "centroids": [[0.07555753015913069, 0.2033434733748436, 6.0]], "h": 6.0}, "mtl": {"face": 1}}, {"geom": {"polygons": [[[[-0.9076084733533207, 3.144724925979972], [-0.8337428747909144, 3.5198686942458153], [3.5198686934891157, 3.5198686942458153], [3.5198686934891157, 2.27295714430511], [-0.9076084733533207, 3.144724925979972]]]], "centroids": [[1.712734293047106, 3.074073225259781, 6.0]], "h": 6.0}, "mtl": {"face": 1}}], "featureCount": 4, "startIndex": 0}