{"type": "block", "layer": 1, "block": 0, "features": [{"geom": {"triangles": {"v": [-1.0707438960089348, 18.380381926894188, 3.0, -4.961368896008935, -0.6196180731058121, 3.0, 8.210506103991065, 16.380381926894188, 3.0, 4.148006103991065, -2.619618073105812, 3.0], "f": [0, 1, 2, 1, 3, 2]}, "centroids": [[1.5861898915609345, 7.940441705286503, 3.0]]}, "mtl": 0}], "featureCount": 1, "startIndex": 0}