{"type": "block", "layer": 1, "block": 0, "features": [{"geom": {"triangles": {"v": [-8.91886890985188, 2.52325077354908, 3.0, -10.49699390985188, -9.47674922645092, 3.0, -4.981368909851881, -10.47674922645092, 3.0, 4.612381090148119, 0.5232507735490799, 3.0, 2.5498810901481193, -11.47674922645092, 3.0, 2.9248810901481193, -11.47674922645092, 3.0], "f": [0, 1, 2, 0, 2, 3, 2, 4, 3, 4, 5, 3]}, "centroids": [[-2.9007831120397896, -4.4791245218366385, 3.0]]}, "mtl": 0}], "featureCount": 1, "startIndex": 0}