{"type": "block", "layer": 0, "block": 0, "features": [{"geom": {"polygons": [[[[-4.792370369512355, 2.5661582853645086], [-4.792370369512355, 2.5992881134152412], [3.338850345549872, 2.4142990186810493], [4.729450345621444, 2.4002990182489157], [4.792370369512355, -2.5615031477063894], [4.792370369512355, -2.5992889869958162], [-4.720546655560611, -2.4001781828701496], [-4.792370369512355, 2.5661582853645086]]]], "centroids": [[0.0006243908428587019, -0.003311028704047203, 3.0]], "h": 3.0}, "mtl": {"face": 0}}, {"geom": {"polygons": [[[[-4.792370369512355, 2.5661582853645086], [-4.792370369512355, 2.5992881134152412], [3.338850345549872, 2.4142990186810493], [4.729450345621444, 2.4002990182489157], [4.792370369512355, -2.5615031477063894], [4.792370369512355, -2.5992889869958162], [-4.720546655560611, -2.4001781828701496], [-4.792370369512355, 2.5661582853645086]]]], "centroids": [[0.0006243908428587019, -0.003311028704047203, 6.0]], "h": 6.0}, "mtl": {"face": 1}}], "featureCount": 2, "startIndex": 0}