{"type": "block", "layer": 1, "block": 0, "features": [{"geom": {"triangles": {"v": [4.636150849342812, 0.9374358635395765, 3.0, -13.848224150657188, 10.937435863539577, 3.0, -15.957599150657188, 0.9374358635395765, 3.0, 5.589275849342812, 6.9374358635395765, 3.0, 3.636150849342812, -3.0625641364604235, 3.0], "f": [0, 1, 2, 1, 0, 3, 0, 2, 4]}, "centroids": [[-5.098513716744492, 4.088915143162012, 3.0]]}, "mtl": 0}], "featureCount": 1, "startIndex": 0}