{"type": "block", "layer": 1, "block": 0, "features": [{"geom": {"triangles": {"v": [-1.3690136155346408, 11.397180132567883, 3.0, -4.228388615534641, -2.6028198674321175, 3.0, 3.349736384465359, -4.6028198674321175, 3.0, 6.880986384465359, 14.397180132567883, 3.0], "f": [0, 1, 2, 0, 2, 3]}, "centroids": [[1.2979926235566381, 4.7254220228642225, 3.0]]}, "mtl": 0}], "featureCount": 1, "startIndex": 0}