{"type": "block", "layer": 1, "block": 0, "features": [{"geom": {"triangles": {"v": [-3.471595547016477, 19.535318471491337, 3.0, -5.455970547016477, -1.4646815285086632, 3.0, 1.5596544529835228, -2.464681528508663, 3.0, 3.590904452983523, 18.535318471491337, 3.0, 1.5909044529835228, -2.464681528508663, 3.0], "f": [0, 1, 2, 0, 2, 3, 2, 4, 3]}, "centroids": [[-0.936678097670665, 8.722635181620717, 3.0]]}, "mtl": 0}], "featureCount": 1, "startIndex": 0}