{"type": "block", "layer": 0, "block": 0, "features": [{"geom": {"polygons": [[[[-0.9150911044853274, 4.3503953125327826], [4.052030623366591, 4.3503953125327826], [3.4787240523437504, 2.7632585503160954], [-0.9150911044853274, 4.3503953125327826]]]], "centroids": [[2.2052211904374417, 3.82134972512722, 3.0]], "h": 3.0}, "mtl": {"face": 0}}, {"geom": {"polygons": [[[[-3.4787240523437504, -2.742973569780588], [-0.9164527421817183, 4.3503953125327826], [-0.9150911037286278, 4.3503953125327826], [3.4787240523146465, 2.7632585503160954], [0.9091253881633747, -4.3503953125327826], [0.9077809226000682, -4.3503953125327826], [-3.4787240523437504, -2.742973569780588]]]], "centroids": [[-0.0007868960965424776, 0.004691062495112419, 3.0]], "h": 3.0}, "mtl": {"face": 0}}], "featureCount": 2, "startIndex": 0}