{"type": "block", "layer": 0, "block": 0, "features": [{"geom": {"polygons": [[[[-2.7720235532033257, -3.368735758587718], [-1.6230856317270081, 3.9588683154433966], [-1.621222584566567, 3.9588683154433966], [2.772023553174222, 2.9930546693503857], [2.370263455581153, 0.4242828041315079], [0.9052477545919828, 0.7463526632636786], [0.16934354128898121, -3.9588683154433966], [0.16730959044070914, -3.9588683154433966], [-2.7720235532033257, -3.368735758587718]]]], "centroids": [[-0.3472631727636326, 0.2680160626769066, 3.0]], "h": 3.0}, "mtl": {"face": 0}}], "featureCount": 1, "startIndex": 0}