{"type": "block", "layer": 0, "block": 0, "features": [{"geom": {"polygons": [[[[-8.447603983047884, 0.3226734958589077], [-8.447603983047884, 0.32709572091698647], [-7.069448827882297, 5.3770000003278255], [-3.411880868981825, 4.3976009003818035], [-4.064317790325731, 2.0165985822677612], [8.447603983047884, -1.1459036003798246], [8.447603983047884, -1.1493522301316261], [7.444814096903428, -4.98924320563674], [7.34355117182713, -5.3770000003278255], [-7.143448827904649, -1.7249999977648258], [-8.447603983047884, 0.3226734958589077]]]], "centroids": [[-0.6885206968872808, -0.6514851115643978, 3.0]], "h": 3.0}, "mtl": {"face": 0}}, {"geom": {"polygons": [[[[-8.447603983047884, 0.3226734958589077], [-8.447603983047884, 0.32709572091698647], [-7.069448827882297, 5.3770000003278255], [-2.4868875593529083, 4.149912374094129], [-2.882486825110391, 2.7062010020017624], [8.447603983047884, -0.14997982792556286], [8.447603983047884, -1.1493522301316261], [7.343551171798026, -5.3770000003278255], [-7.143448827904649, -1.7249999977648258], [-8.447603983047884, 0.3226734958589077]]]], "centroids": [[-0.3435796311823651, -0.38529383949935436, 6.0]], "h": 6.0}, "mtl": {"face": 1}}], "featureCount": 2, "startIndex": 0}