{"type": "block", "layer": 0, "block": 0, "features": [{"geom": {"polygons": [[[[-6.115732094825944, 1.00680772960186], [-6.115732094825944, 1.0132037959992886], [-5.811312228121096, 4.171648912131786], [-3.5134106994373724, 3.9351196717470884], [6.115732094825944, 2.9708196371793747], [6.115732094825944, 2.9647278860211372], [5.391936309519224, -4.171648912131786], [-4.924430305371061, -3.0349296033382416], [-4.531628428405384, 0.8768342956900597], [-6.115732094825944, 1.00680772960186]]]], "centroids": [[0.2352483703289181, 0.10613116063177586, 3.0]], "h": 3.0}, "mtl": {"face": 0}}, {"geom": {"polygons": [[[[-6.115732094825944, 1.00680772960186], [-6.115732094825944, 1.0132037959992886], [-5.811312228121096, 4.171648912131786], [-3.5134106994373724, 3.9351196717470884], [6.115732094825944, 2.9708196371793747], [6.115732094825944, 2.9647278860211372], [5.391936309519224, -4.171648912131786], [-4.924430305371061, -3.0349296033382416], [-4.531628428405384, 0.8768342956900597], [-6.115732094825944, 1.00680772960186]]]], "centroids": [[0.2352483703289181, 0.10613116063177586, 6.0]], "h": 6.0}, "mtl": {"face": 1}}], "featureCount": 2, "startIndex": 0}