{"type": "block", "layer": 1, "block": 0, "features": [{"geom": {"triangles": {"v": [-6.875872824341059, 3.4047777205705643, 3.0, -8.500872824341059, -4.595222279429436, 3.0, 6.577252175658941, -4.595222279429436, 3.0, 7.499127175658941, 4.404777720570564, 3.0, 6.811627175658941, -4.595222279429436, 3.0, 7.796002175658941, 4.404777720570564, 3.0], "f": [0, 1, 2, 3, 0, 2, 3, 2, 4, 4, 5, 3]}, "centroids": [[-0.07126519121811725, -0.22564678639173508, 3.0]]}, "mtl": 0}], "featureCount": 1, "startIndex": 0}