{"type": "block", "layer": 1, "block": 0, "features": [{"geom": {"triangles": {"v": [-1.1391423981986009, 3.2903929203748703, 3.0, -14.3735173981986, 1.2903929203748703, 3.0, -15.1235173981986, -3.7096070796251297, 3.0, -5.732892398198601, 8.29039292037487, 3.0, -9.8422673981986, 13.29039292037487, 3.0, 1.5796076018013991, -8.70960707962513, 3.0, 3.563982601801399, -0.7096070796251297, 3.0], "f": [0, 1, 2, 3, 1, 0, 4, 1, 3, 2, 5, 0, 6, 0, 5]}, "centroids": [[-6.163236953347223, 0.6513448376208544, 3.0]]}, "mtl": 0}], "featureCount": 1, "startIndex": 0}