{"type": "block", "layer": 0, "block": 0, "features": [{"geom": {"polygons": [[[[-6.439044664148241, -5.365773322060704], [-3.3441317967080977, 8.524123480543494], [-3.339678242249647, 8.524123480543494], [4.940539177769097, 6.868513707071543], [6.439044664148241, 6.551796173676848], [3.1367908569809515, -8.524123480543494], [3.1325910589657724, -8.524123480543494], [-2.510961355699692, -7.325263898819685], [-2.3296251781866886, -6.164812654256821], [-6.439044664148241, -5.365773322060704]]]], "centroids": [[0.03389418846927583, 0.2277034129947424, 3.0]], "h": 3.0}, "mtl": {"face": 0}}, {"geom": {"polygons": [[[[-6.498878883983707, -5.634307907894254], [-6.439044664148241, -5.365773322060704], [-3.3441317967080977, 8.524123480543494], [-3.33967824105639, 8.524123480543494], [4.940498734882567, 6.868522254750133], [6.439044664148241, 6.551796173676848], [3.1367908569809515, -8.524123480543494], [-0.07351447944529355, -8.524123480543494], [-0.3233958749915473, -8.118975976482034], [-0.2893616735818796, -7.7971982173621655], [-2.510961355699692, -7.325263898819685], [-2.37608673539944, -6.462140923365951], [-2.801399654505076, -6.722771055996418], [-6.125273792073131, -6.075180657207966], [-6.498878883983707, -5.634307907894254]]]], "centroids": [[-0.03328480970230885, 0.05598588101565838, 6.0]], "h": 6.0}, "mtl": {"face": 1}}, {"geom": {"polygons": [[[[-6.49887888377998, -5.634307907894254], [-6.439095181005541, -5.3660000413656235], [-3.3441317967080977, 8.524123480543494], [-3.339678242249647, 8.524123480543494], [4.940539177769097, 6.868513707071543], [6.439044664148241, 6.551796173676848], [3.1367908569809515, -8.524123480543494], [-0.07351447944529355, -8.524123480543494], [-0.3233958749915473, -8.118975976482034], [-0.2893616735818796, -7.7971982173621655], [-2.510961355699692, -7.325263898819685], [-2.37608673539944, -6.462140923365951], [-2.801399654505076, -6.722771055996418], [-6.125273792073131, -6.075180657207966], [-6.49887888377998, -5.634307907894254]]]], "centroids": [[-0.03328483732184395, 0.055985789746046066, 9.0]], "h": 9.0}, "mtl": {"face": 2}}], "featureCount": 3, "startIndex": 0}