{"type": "block", "layer": 1, "block": 0, "features": [{"geom": {"triangles": {"v": [-3.343520875001559, 8.432024024426937, 3.0, -6.671645875001559, -6.567975975573063, 3.0, 4.937729124998441, 6.432024024426937, 3.0, 3.140854124998441, -8.567975975573063, 3.0, 6.437729124998441, 6.432024024426937, 3.0], "f": [0, 1, 2, 1, 3, 2, 2, 3, 4]}, "centroids": [[-0.10648236679844558, 0.02322266809642315, 3.0]]}, "mtl": 0}], "featureCount": 1, "startIndex": 0}