{"type": "block", "layer": 1, "block": 0, "features": [{"geom": {"triangles": {"v": [-12.278057335992344, 0.6981738172471523, 3.0, -11.996807335992344, -1.3018261827528477, 3.0, 8.862567664007656, 3.6981738172471523, 3.0, -11.528057335992344, -3.3018261827528477, 3.0, 7.768817664007656, -12.301826182752848, 3.0, -10.543682335992344, -10.301826182752848, 3.0, -9.043682335992344, -15.301826182752848, 3.0], "f": [0, 1, 2, 1, 3, 2, 2, 3, 4, 4, 3, 5, 5, 6, 4]}, "centroids": [[-1.2547604293504264, -5.592509543523192, 3.0]]}, "mtl": 0}], "featureCount": 1, "startIndex": 0}