{"type": "block", "layer": 1, "block": 0, "features": [{"geom": {"triangles": {"v": [-7.2815500044380315, 7.002500029280782, 3.0, 7.2809499955619685, 1.0025000292807817, 3.0, 7.6403249955619685, 4.002500029280782, 3.0, -4.8440500044380315, -4.997499970719218, 3.0, 6.4684499955619685, -6.997499970719218, 3.0], "f": [0, 1, 2, 0, 3, 1, 3, 4, 1]}, "centroids": [[0.421254335262347, 0.01164182461798191, 3.0]]}, "mtl": 0}], "featureCount": 1, "startIndex": 0}