{"type": "block", "layer": 1, "block": 0, "features": [{"geom": {"triangles": {"v": [-1.3620532985660248, 5.081494169309735, 3.0, -3.4401782985660248, -3.9185058306902647, 3.0, 16.091071701433975, -8.918505830690265, 3.0, 18.137946701433975, 1.0814941693097353, 3.0], "f": [0, 1, 2, 0, 2, 3]}, "centroids": [[7.346454696467845, -1.5624571815133095, 3.0]]}, "mtl": 0}], "featureCount": 1, "startIndex": 0}