{"type": "block", "layer": 0, "block": 0, "features": [{"geom": {"polygons": [[[[-2.7368728938745335, 1.4229733385145664], [-2.7368728938745335, 2.7368728946894407], [-2.4733693603193387, 2.7368728946894407], [-2.7368728938745335, 1.4229733385145664]]]], "centroids": [[-2.6490383826603647, 2.2989063765853643, 3.0]], "h": 3.0}, "mtl": {"face": 0}}, {"geom": {"polygons": [[[[-2.7368728938745335, -2.7368728946894407], [-2.7368728938745335, -2.2444496881216764], [-2.655752519785892, -1.8197986893355846], [1.5351308351673651, -2.7368728946894407], [-2.7368728938745335, -2.7368728946894407]]]], "centroids": [[-1.3002041829167865, -2.4295247923582792, 3.0]], "h": 3.0}, "mtl": {"face": 0}}, {"geom": {"polygons": [[[[-2.655752519785892, -1.8197986893355846], [-1.8791313908004668, 2.7368728946894407], [-1.8756266850687098, 2.7368728946894407], [2.655752519785892, 2.3782002441585064], [1.5364415596413892, -2.7368728946894407], [1.5351308351673651, -2.7368728946894407], [-2.655752519785892, -1.8197986893355846]]]], "centroids": [[-0.03709177966811694, 0.1540372483432293, 3.0]], "h": 3.0}, "mtl": {"face": 0}}, {"geom": {"polygons": [[[[-2.655752519785892, -1.8197986893355846], [-1.8791313908004668, 2.7368728946894407], [-1.8756266850687098, 2.7368728946894407], [2.655752519785892, 2.3782002441585064], [1.5364415596413892, -2.7368728946894407], [1.5351308351673651, -2.7368728946894407], [-2.655752519785892, -1.8197986893355846]]]], "centroids": [[-0.03709177966811694, 0.1540372483432293, 6.0]], "h": 6.0}, "mtl": {"face": 1}}], "featureCount": 4, "startIndex": 0}