{"type": "block", "layer": 1, "block": 0, "features": [{"geom": {"triangles": {"v": [-2.6442632746184245, 6.177177993580699, 3.0, -4.6598882746184245, -3.822822006419301, 3.0, 16.949486725381576, 1.177177993580699, 3.0, 14.855736725381576, -8.822822006419301, 3.0], "f": [0, 1, 2, 1, 3, 2]}, "centroids": [[6.149577406380558, -1.3316922131925821, 3.0]]}, "mtl": 0}], "featureCount": 1, "startIndex": 0}