{"type": "block", "layer": 1, "block": 0, "features": [{"geom": {"triangles": {"v": [-4.100605092651676, 1.7646500002592802, 3.0, -5.069355092651676, -8.23534999974072, 3.0, 18.915019907348324, -10.23534999974072, 3.0, 19.821269907348324, -0.2353499997407198, 3.0], "f": [0, 1, 2, 0, 2, 3]}, "centroids": [[7.399274516355945, -3.901361530646682, 3.0]]}, "mtl": 0}], "featureCount": 1, "startIndex": 0}