{"type": "block", "layer": 0, "block": 0, "features": [{"geom": {"polygons": [[[[2.288292686105706, 4.923255041241646], [4.923255041852826, 4.923255041241646], [4.923255041852826, 3.695092150941491], [2.288292686105706, 4.923255041241646]]]], "centroids": [[4.0449342565843835, 4.513867411762476, 3.0]], "h": 3.0}, "mtl": {"face": 0}}, {"geom": {"polygons": [[[[-3.915476265217876, -2.422260394319892], [-0.4917121851176489, 4.923255041241646], [-0.49036942509701476, 4.923255041241646], [3.361796943092486, 3.219513477757573], [2.2604880434228107, 0.8858489394187927], [3.915476264694007, 0.13963920436799526], [1.6326920636347495, -4.923255041241646], [1.631378034624504, -4.923255041241646], [-3.915476265217876, -2.422260394319892]]]], "centroids": [[0.22775871341582388, -0.16602211631834507, 6.0]], "h": 6.0}, "mtl": {"face": 1}}, {"geom": {"polygons": [[[[-3.915476264694007, -2.422260394319892], [-0.4917121851176489, 4.923255041241646], [-0.49036942509701476, 4.923255041241646], [3.361796943092486, 3.219513477757573], [2.2604880434228107, 0.8858489394187927], [3.915476264694007, 0.13963920436799526], [1.6326920552237425, -4.923255041241646], [1.631378036167007, -4.923255041241646], [-3.915476264694007, -2.422260394319892]]]], "centroids": [[0.2277587125718128, -0.16602211259305477, 3.0]], "h": 3.0}, "mtl": {"face": 0}}], "featureCount": 3, "startIndex": 0}