{"type": "block", "layer": 1, "block": 0, "features": [{"geom": {"triangles": {"v": [4.014774719835259, 14.981288995593786, 3.0, -4.344600280164741, -3.0187110044062138, 3.0, 1.217899719835259, -6.018711004406214, 3.0, 9.342899719835259, 11.981288995593786, 3.0], "f": [0, 1, 2, 3, 0, 2]}, "centroids": [[2.530519246356562, 4.338401272892952, 3.0]]}, "mtl": 0}], "featureCount": 1, "startIndex": 0}