{"type": "block", "layer": 1, "block": 0, "features": [{"geom": {"triangles": {"v": [-16.500566923990846, 8.42488120123744, 3.0, -17.969316923990846, -0.5751187987625599, 3.0, 5.311933076009154, 3.42488120123744, 3.0, 3.4838080760091543, -5.57511879876256, 3.0], "f": [0, 1, 2, 1, 3, 2]}, "centroids": [[-6.358627470122883, 1.6978009082376957, 3.0]]}, "mtl": 0}], "featureCount": 1, "startIndex": 0}