{"type": "block", "layer": 1, "block": 0, "features": [{"geom": {"triangles": {"v": [-2.2276290247391444, 10.115861721336842, 3.0, -4.774504024739144, -1.8841382786631584, 3.0, 21.756745975260856, 5.115861721336842, 3.0, 19.303620975260856, -6.884138278663158, 3.0], "f": [0, 1, 2, 1, 3, 2]}, "centroids": [[8.526151676342124, 1.6979253105819225, 3.0]]}, "mtl": 0}], "featureCount": 1, "startIndex": 0}