{"type": "block", "layer": 0, "block": 0, "features": [{"geom": {"polygons": [[[[4.25122530083172, -3.5698756091296673], [4.794424604886444, -0.6653915252536535], [5.225012340088142, -0.7538342457264662], [5.225012340088142, -3.770383756607771], [4.25122530083172, -3.5698756091296673]]]], "centroids": [[4.856414916750509, -2.3807321712374687, 3.0]], "h": 3.0}, "mtl": {"face": 0}}, {"geom": {"polygons": [[[[-5.225012340088142, -1.618665762245655], [-5.225012340088142, -1.61605179682374], [-4.143797887052642, 3.5698756091296673], [5.225012340088142, 1.639860775321722], [5.225012340088142, 1.6369590386748314], [4.25122530083172, -3.5698756091296673], [-5.225012340088142, -1.618665762245655]]]], "centroids": [[0.025746788625838235, 0.00039537250995635986, 3.0]], "h": 3.0}, "mtl": {"face": 0}}], "featureCount": 2, "startIndex": 0}