{"type": "block", "layer": 1, "block": 0, "features": [{"geom": {"triangles": {"v": [-3.169534893357195, 7.949441833421588, 3.0, -5.232034893357195, -2.050558166578412, 3.0, 16.346090106642805, 3.949441833421588, 3.0, 14.439840106642805, -6.050558166578412, 3.0], "f": [0, 1, 2, 1, 3, 2]}, "centroids": [[5.5855951361882035, 1.2630735784769058, 3.0]]}, "mtl": 0}], "featureCount": 1, "startIndex": 0}