{"type": "block", "layer": 1, "block": 0, "features": [{"geom": {"triangles": {"v": [-3.1261400715447962, 6.0824328400194645, 3.0, -5.188640071544796, -3.9175671599805355, 3.0, 16.545734928455204, 2.0824328400194645, 3.0, 14.483234928455204, -7.9175671599805355, 3.0], "f": [0, 1, 2, 1, 3, 2]}, "centroids": [[5.6903556874895, -1.1077843438833952, 3.0]]}, "mtl": 0}], "featureCount": 1, "startIndex": 0}