{"type": "block", "layer": 0, "block": 0, "features": [{"geom": {"polygons": [[[[-10.610856138227973, -1.8817850444465876], [-10.610856138227973, -1.8764913622289896], [-8.967595691472525, 5.934804532676935], [-8.111917329282733, 5.72946422919631], [10.610856138227973, 1.4481328800320625], [10.610856138227973, 1.4430913142859936], [9.387533605680801, -4.089001281186938], [7.164168709074147, -3.579647244885564], [6.643368138495134, -5.93480453453958], [2.056659536086954, -4.857386097311974], [2.8818112533190288, -1.1258961725980043], [3.965974323073169, -1.3742687348276377], [4.547157228022115, 1.2539487294852734], [-0.8838633036648389, 2.4981494583189487], [-1.5357938930392265, -0.4500022269785404], [-1.1160166267654859, -0.5432279724627733], [-1.8662438975297846, -3.9358955789357424], [-10.610856138227973, -1.8817850444465876]]]], "centroids": [[-0.6018222376878839, 0.15153227373957634, 3.0]], "h": 3.0}, "mtl": {"face": 0}}, {"geom": {"polygons": [[[[-10.610856138227973, -1.8817850463092327], [-10.610856138227973, 1.506797881796956], [-9.632917329290649, 6.0944642294198275], [-8.111917329282733, 5.72946422919631], [10.610856138227973, 1.4481328800320625], [10.610856138227973, 1.4430913142859936], [9.387533605680801, -4.089001281186938], [7.164168709074147, -3.579647244885564], [6.643368138495134, -5.93480453453958], [2.056659536086954, -4.857386097311974], [2.8818112533190288, -1.1258961725980043], [3.965974323073169, -1.3742687348276377], [4.547157228022115, 1.2539487294852734], [-0.8838633036648389, 2.4981494583189487], [-1.5357938930392265, -0.4500022269785404], [-1.1160166267654859, -0.5432279724627733], [-1.8662438975297846, -3.9358955789357424], [-10.610856138227973, -1.8817850463092327]]]], "centroids": [[-0.9181648090307135, 0.242139695212245, 12.0]], "h": 12.0}, "mtl": {"face": 1}}, {"geom": {"polygons": [[[[-10.610856138227973, -1.8817850463092327], [-10.610856138227973, 1.506797881796956], [-9.632917329290649, 6.0944642294198275], [-8.111917329282733, 5.72946422919631], [10.610856138227973, 1.4481328800320625], [10.610856138227973, 1.4430913142859936], [9.387533605680801, -4.089001281186938], [7.164168709074147, -3.579647244885564], [6.643368138495134, -5.93480453453958], [2.056659536086954, -4.857386097311974], [2.8818112533190288, -1.1258961725980043], [3.965974323073169, -1.3742687348276377], [4.547157228022115, 1.2539487294852734], [-0.8838633036648389, 2.4981494583189487], [-1.5357938930392265, -0.4500022269785404], [-1.1160166267654859, -0.5432279724627733], [-1.8662438975297846, -3.9358955789357424], [-10.610856138227973, -1.8817850463092327]]]], "centroids": [[-0.9181648090307135, 0.242139695212245, 6.0]], "h": 6.0}, "mtl": {"face": 2}}, {"geom": {"polygons": [[[[-10.610856138227973, -1.8817850463092327], [-10.610856138227973, 1.506797881796956], [-9.632917329290649, 6.0944642294198275], [-8.111917329282733, 5.72946422919631], [10.610856138227973, 1.4481328800320625], [10.610856138227973, 1.4430913142859936], [9.387533605680801, -4.089001281186938], [7.164168709074147, -3.579647244885564], [6.643368138495134, -5.93480453453958], [2.056659536086954, -4.857386097311974], [2.8818112533190288, -1.1258961725980043], [3.965974323073169, -1.3742687348276377], [4.547157228022115, 1.2539487294852734], [-0.8838633036648389, 2.4981494583189487], [-1.5357938930392265, -0.4500022269785404], [-1.1160166267654859, -0.5432279724627733], [-1.8662438975297846, -3.9358955789357424], [-10.610856138227973, -1.8817850463092327]]]], "centroids": [[-0.9181648090307135, 0.242139695212245, 9.0]], "h": 9.0}, "mtl": {"face": 3}}], "featureCount": 4, "startIndex": 0}