{"type": "block", "layer": 0, "block": 0, "features": [{"geom": {"polygons": [[[[-4.688187071500579, 1.8196242917329073], [-4.688187071500579, 1.834058791399002], [4.556284537859028, 2.1346578001976013], [4.688187071500579, -1.9218067564070225], [4.688187071500579, -1.9362412616610527], [-1.411834633036051, -2.1346578001976013], [-4.600997842091601, -0.861749667674303], [-4.688187071500579, 1.8196242917329073]]]], "centroids": [[0.2147102988383267, 0.05209232307970524, 3.0]], "h": 3.0}, "mtl": {"face": 0}}, {"geom": {"polygons": [[[[-4.6009978420624975, -0.861749667674303], [-1.4118346364994068, -2.1346578001976013], [-4.5562813662108965, -2.236937804147601], [-4.6009978420624975, -0.861749667674303]]]], "centroids": [[-3.5230379482673015, -1.7444484233856201, 3.0]], "h": 3.0}, "mtl": {"face": 0}}, {"geom": {"polygons": [[[[-4.688187071500579, 1.8196242917329073], [-4.688187071500579, 1.834058791399002], [4.556284537859028, 2.1346578001976013], [4.688187071500579, -1.9218067564070225], [4.688187071500579, -1.9362412616610527], [-1.4118346346949693, -2.1346578001976013], [-4.600997842091601, -0.861749667674303], [-4.688187071500579, 1.8196242917329073]]]], "centroids": [[0.21471029878011905, 0.05209232307970524, 6.0]], "h": 6.0}, "mtl": {"face": 1}}, {"geom": {"polygons": [[[[-4.6009978420624975, -0.861749667674303], [-1.4118346364994068, -2.1346578001976013], [-4.5562813662108965, -2.236937804147601], [-4.6009978420624975, -0.861749667674303]]]], "centroids": [[-3.5230379482673015, -1.7444484233856201, 6.0]], "h": 6.0}, "mtl": {"face": 1}}], "featureCount": 4, "startIndex": 0}