{"type": "block", "layer": 1, "block": 0, "features": [{"geom": {"triangles": {"v": [17.64720918124658, 2.2615799978375435, 3.0, -6.337165818753419, 4.2615799978375435, 3.0, -7.274665818753419, -5.7384200021624565, 3.0, 16.69408418124658, -7.7384200021624565, 3.0], "f": [0, 1, 2, 0, 2, 3]}, "centroids": [[5.151308463566238, -1.594637993723154, 3.0]]}, "mtl": 0}], "featureCount": 1, "startIndex": 0}