{"type": "block", "layer": 1, "block": 0, "features": [{"geom": {"triangles": {"v": [-3.463411521137459, 2.106258349493146, 3.0, -5.307161521137459, -2.893741650506854, 3.0, 11.67721347886254, 0.10625834949314594, 3.0, 7.552213478862541, -10.893741650506854, 3.0, 10.27096347886254, -14.893741650506854, 3.0, 6.958463478862541, -11.893741650506854, 3.0], "f": [0, 1, 2, 2, 1, 3, 3, 4, 2, 1, 5, 3]}, "centroids": [[4.396223077230388, -4.449852146208286, 3.0]]}, "mtl": 0}], "featureCount": 1, "startIndex": 0}