{"type": "block", "layer": 0, "block": 0, "features": [{"geom": {"polygons": [[[[-5.938187826686772, -1.828013176098466], [-5.938187826686772, -1.8251157812774181], [-4.6876691784127615, 4.017603786662221], [5.938187826686772, 1.7965945061296225], [5.938187826686772, 1.7936956342309713], [4.694394039048348, -4.017603788524866], [-0.3697627491201274, -2.978081811219454], [-5.938187826686772, -1.828013176098466]]]], "centroids": [[-0.0032401952194049954, -0.0076720137149095535, 3.0]], "h": 3.0}, "mtl": {"face": 0}}, {"geom": {"polygons": [[[[-5.938187826686772, -1.828013177961111], [-5.938187826686772, 2.6593840699642897], [-5.606387540290598, 4.2096336632966995], [5.938187826686772, 1.7965945079922676], [5.938187826686772, -3.0499506648629904], [5.768781201652018, -4.238143773749471], [-0.3697627491201274, -2.978081811219454], [-5.938187826686772, -1.828013177961111]]]], "centroids": [[0.007131902559194714, -0.014359500259160995, 6.0]], "h": 6.0}, "mtl": {"face": 1}}], "featureCount": 2, "startIndex": 0}