{"type": "block", "layer": 1, "block": 0, "features": [{"geom": {"triangles": {"v": [-16.239602956629824, 6.306069325655699, 3.0, -17.505227956629824, 0.3060693256556988, 3.0, -0.3646029566298239, -2.6939306743443012, 3.0, 7.697897043370176, 1.3060693256556988, 3.0, 6.479147043370176, -4.693930674344301, 3.0], "f": [0, 1, 2, 3, 0, 2, 3, 2, 4]}, "centroids": [[-4.914655916072661, 1.0123024173080921, 3.0]]}, "mtl": 0}], "featureCount": 1, "startIndex": 0}