{"type": "block", "layer": 0, "block": 0, "features": [{"geom": {"polygons": [[[[-3.2852011666982435, -0.6587468907237053], [-3.2852011666982435, -0.6573853362351656], [-2.492734316183487, 2.3911770936101675], [3.2852011666982435, 0.7405344378203154], [3.2852011666982435, 0.739052053540945], [2.5445261830172967, -2.3911770917475224], [-3.2852011666982435, -0.6587468907237053]]]], "centroids": [[0.021941456972854212, 0.014627804979681969, 3.0]], "h": 3.0}, "mtl": {"face": 0}}, {"geom": {"polygons": [[[[-3.2852011666982435, -0.6573853362351656], [-3.2852011666982435, 2.617569303140044], [-2.492734316329006, 2.3911770936101675], [-3.2852011666982435, -0.6573853362351656]]]], "centroids": [[-3.021045549889095, 1.4504536874592304, 3.0]], "h": 3.0}, "mtl": {"face": 0}}, {"geom": {"polygons": [[[[-3.2852011666982435, -0.6573853362351656], [-3.2852011666982435, 2.617569303140044], [-2.492734316329006, 2.3911770936101675], [-3.2852011666982435, -0.6573853362351656]]]], "centroids": [[-3.021045549889095, 1.4504536874592304, 6.0]], "h": 6.0}, "mtl": {"face": 1}}, {"geom": {"polygons": [[[[-3.2852011666982435, -0.6573853362351656], [-3.2852011666982435, 2.617569303140044], [-2.4927343164454214, 2.3911770936101675], [-3.2852011666982435, -0.6573853362351656]]]], "centroids": [[-3.0210455499764066, 1.4504536874592304, 9.0]], "h": 9.0}, "mtl": {"face": 2}}], "featureCount": 4, "startIndex": 0}