{"type": "block", "layer": 1, "block": 0, "features": [{"geom": {"triangles": {"v": [-7.664090747188311, 3.4550786949694157, 3.0, -9.882840747188311, -20.544921305030584, 3.0, 1.726534252811689, -2.5449213050305843, 3.0, 2.398409252811689, 2.4550786949694157, 3.0, 0.07028425281168893, -21.544921305030584, 3.0], "f": [0, 1, 2, 0, 2, 3, 1, 4, 2]}, "centroids": [[-3.8037813215341885, -9.10212473385036, 3.0]]}, "mtl": 0}], "featureCount": 1, "startIndex": 0}