{"type": "block", "layer": 0, "block": 0, "features": [{"geom": {"polygons": [[[[-4.949491789593594, -1.4899178836494684], [-4.949491789593594, -1.4874548837542534], [-3.921361986838747, 3.404607877135277], [4.949491789593594, 1.3592126052826643], [4.949491789593594, 1.356951953843236], [3.851450332906097, -3.404607878997922], [-4.949491789593594, -1.4899178836494684]]]], "centroids": [[-0.03325219196267426, -0.02464810386300087, 3.0]], "h": 3.0}, "mtl": {"face": 0}}, {"geom": {"polygons": [[[[-4.949491789593594, -2.2153794821351767], [-4.949491789593594, -1.4874548837542534], [-3.921361986838747, 3.404607877135277], [4.949491789593594, 1.3592126052826643], [4.949491789593594, -0.4517735317349434], [4.554309192666551, -0.3567224871367216], [4.293196404381888, -1.4890150409191847], [4.700694336352171, -1.5766912810504436], [4.290013211721089, -3.3578101955354214], [4.197013211727608, -3.8198101948946714], [3.682013211713638, -4.139810195192695], [0.2800132117117755, -3.387810194864869], [0.30001321170129813, -3.229810195043683], [-1.5939867882989347, -2.8198101948946714], [-1.6199867882824037, -2.942810194566846], [-4.949491789593594, -2.2153794821351767]]]], "centroids": [[0.026035557850264013, -0.4093169644474983, 6.0]], "h": 6.0}, "mtl": {"face": 1}}, {"geom": {"polygons": [[[[-4.949491789593594, -2.2153794821351767], [-4.949491789593594, -1.4874548837542534], [-3.921361986838747, 3.404607877135277], [4.949491789593594, 1.3592126052826643], [4.949491789593594, -0.4517735317349434], [4.554309192666551, -0.3567224871367216], [4.293196404381888, -1.4890150409191847], [4.700694336352171, -1.5766912810504436], [4.290013211721089, -3.3578101955354214], [4.197013211727608, -3.8198101948946714], [3.682013211713638, -4.139810195192695], [0.2800132117117755, -3.387810194864869], [0.30001321170129813, -3.229810195043683], [-1.5939867882989347, -2.8198101948946714], [-1.6199867882824037, -2.942810194566846], [-4.949491789593594, -2.2153794821351767]]]], "centroids": [[0.026035557850264013, -0.4093169644474983, 9.0]], "h": 9.0}, "mtl": {"face": 2}}, {"geom": {"polygons": [[[[-4.949491789593594, -2.2153794821351767], [-4.949491789593594, -1.4874548837542534], [-3.921361986838747, 3.404607877135277], [4.949491789593594, 1.3592126052826643], [4.949491789593594, -0.4517735317349434], [4.554309192666551, -0.3567224871367216], [4.293196404381888, -1.4890150409191847], [4.700694336352171, -1.5766912810504436], [4.290013211721089, -3.3578101955354214], [4.197013211727608, -3.8198101948946714], [3.682013211713638, -4.139810195192695], [0.2800132117117755, -3.387810194864869], [0.30001321170129813, -3.229810195043683], [-1.5939867882989347, -2.8198101948946714], [-1.6199867882824037, -2.942810194566846], [-4.949491789593594, -2.2153794821351767]]]], "centroids": [[0.026035557850264013, -0.4093169644474983, 12.0]], "h": 12.0}, "mtl": {"face": 3}}], "featureCount": 4, "startIndex": 0}