{"type": "block", "layer": 1, "block": 0, "features": [{"geom": {"triangles": {"v": [-2.889361788285896, 8.30218980461359, 3.0, -4.951861788285896, -1.6978101953864098, 3.0, 16.751263211714104, 4.30218980461359, 3.0, 14.720013211714104, -5.69781019538641, 3.0], "f": [0, 1, 2, 1, 3, 2]}, "centroids": [[5.92487818209338, 1.2901928331702948, 3.0]]}, "mtl": 0}], "featureCount": 1, "startIndex": 0}