{"type": "block", "layer": 0, "block": 0, "features": [{"geom": {"polygons": [[[[-4.391660159424646, -0.9122353009879589], [-4.391660159424646, -0.9104823917150497], [-2.9306491724273656, 4.252034138888121], [4.391660159424646, 0.9846174009144306], [4.391660159424646, 0.9828749466687441], [2.9049003585532773, -4.252034138888121], [2.260403198946733, -3.9570333771407604], [-4.391660159424646, -0.9122353009879589]]]], "centroids": [[0.0023653331445530057, 0.014428190886974335, 3.0]], "h": 3.0}, "mtl": {"face": 0}}, {"geom": {"polygons": [[[[-4.391660159424646, -0.9122353009879589], [-4.391660159424646, -0.9104823917150497], [-2.9306491724273656, 4.252034138888121], [4.391660159424646, 0.9846174009144306], [4.391660159424646, 0.9828749466687441], [2.9049003585532773, -4.252034138888121], [2.260403198946733, -3.9570333771407604], [-4.391660159424646, -0.9122353009879589]]]], "centroids": [[0.0023653331445530057, 0.014428190886974335, 6.0]], "h": 6.0}, "mtl": {"face": 1}}], "featureCount": 2, "startIndex": 0}