{"type": "block", "layer": 1, "block": 0, "features": [{"geom": {"triangles": {"v": [-0.3649743694695644, 13.808965737000108, 3.0, -4.396224369469564, -1.1910342629998922, 3.0, 6.963150630530436, 9.808965737000108, 3.0, 2.9006506305304356, -4.191034262999892, 3.0], "f": [0, 1, 2, 1, 3, 2]}, "centroids": [[1.2846481842861976, 4.561318328604102, 3.0]]}, "mtl": 0}], "featureCount": 1, "startIndex": 0}