{"type": "block", "layer": 0, "block": 0, "features": [{"geom": {"polygons": [[[[-5.471046869177371, -1.7188751865178347], [-5.471046869177371, -1.7148109655827284], [-4.806417750602122, 3.1288875080645084], [5.471046869177371, 1.6936664171516895], [5.471046869177371, 1.6905688624829054], [4.5981952160655055, -3.1288875062018633], [-5.471046869177371, -1.7188751865178347]]]], "centroids": [[-0.05007691896753386, 0.0018263887614011765, 3.0]], "h": 3.0}, "mtl": {"face": 0}}, {"geom": {"polygons": [[[[-5.471046869177371, -1.7188751865178347], [-5.471046869177371, -1.7148109655827284], [-4.806417750602122, 3.1288875080645084], [5.471046869177371, 1.6936664171516895], [5.471046869177371, 1.6905688624829054], [4.5981952160655055, -3.1288875062018633], [-5.471046869177371, -1.7188751865178347]]]], "centroids": [[-0.05007691896753386, 0.0018263887614011765, 6.0]], "h": 6.0}, "mtl": {"face": 1}}], "featureCount": 2, "startIndex": 0}