{"type": "block", "layer": 1, "block": 0, "features": [{"geom": {"triangles": {"v": [-11.621031137823593, 4.05073994025588, 3.0, -12.652281137823593, -0.9492600597441196, 3.0, 4.597718862176407, -2.9492600597441196, 3.0, 5.472718862176407, 2.0507399402558804, 3.0], "f": [0, 1, 2, 0, 2, 3]}, "centroids": [[-3.551906801701989, 0.4791940115392208, 3.0]]}, "mtl": 0}], "featureCount": 1, "startIndex": 0}