{"type": "block", "layer": 0, "block": 0, "features": [{"geom": {"polygons": [[[[-8.097749944543466, -2.7344051972031593], [-8.097749944543466, -2.729091312736273], [-6.948859799769707, 4.66269819997251], [8.097749944543466, 2.593160606920719], [8.097749944543466, 2.587671911343932], [7.005800264974823, -4.66269819997251], [-8.097749944543466, -2.7344051972031593]]]], "centroids": [[-0.010988598107360303, -0.03339903987944126, 3.0]], "h": 3.0}, "mtl": {"face": 0}}, {"geom": {"polygons": [[[[-8.097749944543466, -2.7344051972031593], [-8.097749944543466, -2.729091312736273], [-6.948859799769707, 4.66269819997251], [8.097749944543466, 2.593160606920719], [8.097749944543466, 2.587671911343932], [7.005800264974823, -4.66269819997251], [-8.097749944543466, -2.7344051972031593]]]], "centroids": [[-0.010988598107360303, -0.03339903987944126, 6.0]], "h": 6.0}, "mtl": {"face": 1}}], "featureCount": 2, "startIndex": 0}