{"type": "block", "layer": 1, "block": 0, "features": [{"geom": {"triangles": {"v": [-6.944059799716342, 4.464698197320104, 3.0, -8.100309799716342, -2.5353018026798964, 3.0, 8.212190200283658, 2.4646981973201036, 3.0, 7.946565200283658, -4.535301802679896, 3.0], "f": [0, 1, 2, 1, 3, 2]}, "centroids": [[0.2500764002033975, -0.10016052052378654, 3.0]]}, "mtl": 0}], "featureCount": 1, "startIndex": 0}