{"type": "block", "layer": 0, "block": 0, "features": [{"geom": {"polygons": [[[[-5.496895680465968, 0.2731344476342201], [-5.496895680465968, 0.2751232571899891], [-3.810045985970646, 5.390291167423129], [5.496895680465968, -3.3128380198031664], [5.496895680465968, -3.3142180051654577], [4.178849227464525, -5.390291167423129], [-5.496895680465968, 0.2731344476342201]]]], "centroids": [[-0.45328128468827344, -0.31867332197725773, 3.0]], "h": 3.0}, "mtl": {"face": 0}}], "featureCount": 1, "startIndex": 0}