{"type": "block", "layer": 0, "block": 0, "features": [{"geom": {"polygons": [[[[-3.214011628209846, -0.535306204110384], [-2.7251882026612293, 1.804416997358203], [-0.588609727768926, 3.2195747327059507], [-0.5858997324830852, 3.2195747327059507], [1.6572514025319833, 2.894791865721345], [3.214011628209846, 0.621290098875761], [2.7142106565006543, -1.8644952811300755], [0.626893023494631, -3.2195747327059507], [0.6248730132356286, -3.2195747327059507], [-1.813419939542655, -2.7044230587780476], [-3.214011628209846, -0.535306204110384]]]], "centroids": [[0.012177522206911817, 0.013231048360466957, 3.0]], "h": 3.0}, "mtl": {"face": 0}}, {"geom": {"polygons": [[[[-3.2195747329096776, -1.448443902656436], [-3.2195747329096776, 1.8829585779458284], [-3.172598878009012, 2.107805611565709], [-1.4940708145149983, 3.2195747327059507], [2.040844034316251, 3.2195747327059507], [3.2195747329096776, 1.4981495048850775], [3.2195747329096776, -1.8875846732407808], [3.162929468904622, -2.1693127546459436], [1.9425611175247468, -2.961571704596281], [1.6703038489504252, -2.542196001857519], [0.626893023494631, -3.2195747327059507], [0.6248730132356286, -3.2195747327059507], [-1.813419939542655, -2.7044230587780476], [-2.5137157837452833, -1.6198646314442158], [-2.9337616176635493, -1.891086857765913], [-3.2195747329096776, -1.448443902656436]]]], "centroids": [[0.056600926152896136, 0.13673403672873974, 6.0]], "h": 6.0}, "mtl": {"face": 1}}], "featureCount": 2, "startIndex": 0}