{"type": "block", "layer": 1, "block": 0, "features": [{"geom": {"triangles": {"v": [-29.917466908489587, 22.57746042124927, 3.0, -34.22996690848959, 1.5774604212492704, 3.0, -10.479966908489587, 18.57746042124927, 3.0, 5.035658091510413, -6.42253957875073, 3.0, 9.301283091510413, 14.57746042124927, 3.0], "f": [0, 1, 2, 2, 1, 3, 2, 3, 4]}, "centroids": [[-12.449960906116758, 7.950222598388791, 3.0]]}, "mtl": 0}], "featureCount": 1, "startIndex": 0}