{"type": "block", "layer": 1, "block": 0, "features": [{"geom": {"triangles": {"v": [-0.4505610760534182, 5.005472358316183, 3.0, -3.513061076053418, -2.994527641683817, 3.0, 10.924438923946582, -0.9945276416838169, 3.0, 11.455688923946582, 0.00547235831618309, 3.0, 8.221313923946582, -7.994527641683817, 3.0], "f": [0, 1, 2, 0, 2, 3, 1, 4, 2]}, "centroids": [[3.9467178362829145, -1.5858225263655186, 3.0]]}, "mtl": 0}], "featureCount": 1, "startIndex": 0}