{"type": "block", "layer": 1, "block": 0, "features": [{"geom": {"triangles": {"v": [4.089916657831054, -5.82598240673542, 3.0, -4.519458342168946, 5.17401759326458, 3.0, -7.628833342168946, -12.82598240673542, 3.0, -0.6288333421689458, 4.17401759326458, 3.0, 5.574291657831054, 3.1740175932645798, 3.0, 2.199291657831054, -15.82598240673542, 3.0], "f": [0, 1, 2, 3, 1, 0, 3, 0, 4, 2, 5, 0]}, "centroids": [[-1.0800303647702094, -5.195686049759388, 3.0]]}, "mtl": 0}], "featureCount": 1, "startIndex": 0}