{"type": "block", "layer": 1, "block": 0, "features": [{"geom": {"triangles": {"v": [0.20926197635708377, 4.343873042613268, 3.0, -11.040738023642916, -7.656126957386732, 3.0, 5.724886976357084, -1.656126957386732, 3.0, -5.462613023642916, -13.656126957386732, 3.0], "f": [0, 1, 2, 1, 3, 2]}, "centroids": [[-2.6385948811657727, -4.577528024092317, 3.0]]}, "mtl": 0}], "featureCount": 1, "startIndex": 0}