{"type": "block", "layer": 0, "block": 0, "features": [{"geom": {"polygons": [[[[-4.407051162124844, -4.407051162794232], [-4.407051162124844, -0.42036332190036774], [3.868697490746854, -2.1536755468696356], [3.3967397503438406, -4.407051162794232], [-4.407051162124844, -4.407051162794232]]]], "centroids": [[-0.7440600169938989, -2.7890610229223967, 3.0]], "h": 3.0}, "mtl": {"face": 0}}, {"geom": {"polygons": [[[[-4.407051162124844, -4.407051162794232], [-4.407051162124844, 2.223709946498275], [-4.398649679351365, 2.263191856443882], [-3.875578049075557, 2.1536755468696356], [4.407051162124844, 0.41890600696206093], [4.407051162124844, 0.41670932434499264], [3.3967397503729444, -4.407051162794232], [-4.407051162124844, -4.407051162794232]]]], "centroids": [[-0.4533826315018814, -1.4426327235996723, 6.0]], "h": 6.0}, "mtl": {"face": 1}}, {"geom": {"polygons": [[[[-4.407051162124844, -0.42036332190036774], [-4.407051162124844, -0.4181382115930319], [-3.875578049075557, 2.1536755468696356], [4.407051162124844, 0.41890600696206093], [4.407051162124844, 0.41670932434499264], [3.868697490746854, -2.1536755468696356], [-4.407051162124844, -0.42036332190036774]]]], "centroids": [[-0.0016872122650966048, -0.00018517114222049713, 3.0]], "h": 3.0}, "mtl": {"face": 0}}], "featureCount": 3, "startIndex": 0}