{"type": "block", "layer": 1, "block": 0, "features": [{"geom": {"triangles": {"v": [-1.3479534604121, 3.616687573492527, 3.0, -2.7698284604121, -3.383312426507473, 3.0, 7.3239215395879, 1.616687573492527, 3.0, 14.6832965395879, -6.383312426507473, 3.0, 16.0895465395879, 0.616687573492527, 3.0], "f": [0, 1, 2, 2, 1, 3, 2, 3, 4]}, "centroids": [[6.623766149074072, -1.3932499010115862, 3.0]]}, "mtl": 0}], "featureCount": 1, "startIndex": 0}