{"type": "block", "layer": 0, "block": 0, "features": [{"geom": {"polygons": [[[[-5.387499781238148, -5.485954716801643], [-4.652898867963813, 2.647466443479061], [-2.3768992586701643, 2.4320177882909775], [-2.2634832718176767, 3.6301442869007587], [-1.6021955217584036, 3.569361802190542], [-1.3428766514989547, 6.390641577541828], [-1.3358644679246936, 6.390641577541828], [0.8504172893008217, 6.189688760787249], [0.4692087809089571, 2.162602035328746], [5.387499781267252, 1.6970311403274536], [4.622002002550289, -6.390641577541828], [4.614875203813426, -6.390641577541828], [-5.387499781238148, -5.485954716801643]]]], "centroids": [[-0.06996310918475501, -1.241119610145688, 3.0]], "h": 3.0}, "mtl": {"face": 0}}, {"geom": {"polygons": [[[[2.6025706960354, 1.9606556240469217], [3.072081502265064, 6.390641577541828], [5.831749751552707, 6.390641577541828], [5.387499781267252, 1.6970311403274536], [2.6025706960354, 1.9606556240469217]]], [[[-1.3358644679246936, 6.390641577541828], [-0.21724019080284052, 6.390641577541828], [-0.2270779698737897, 6.288727097213268], [-1.3358644679246936, 6.390641577541828]]], [[[-4.652898867963813, 2.647466443479061], [-4.314819747582078, 6.390641577541828], [-1.3428766514989547, 6.390641577541828], [-1.6021955218457151, 3.569361802190542], [-2.2634832718176767, 3.6301442869007587], [-2.3768992586701643, 2.4320177882909775], [-4.652898867963813, 2.647466443479061]]]], "centroids": [[4.235996294912184, 4.1020627953112125, 3.0], [-0.593394209514372, 6.356670083478093, 3.0], [-3.062746523937676, 4.557690748944879, 3.0]], "h": 3.0}, "mtl": {"face": 0}}, {"geom": {"polygons": [[[[-5.438648953277152, -6.052272768691182], [-5.387499781238148, -5.485954716801643], [-4.652898867963813, 2.647466443479061], [-2.3768992586701643, 2.4320177882909775], [-2.2634832718176767, 3.6301442869007587], [-1.6021955218457151, 3.569361802190542], [-1.3428766514989547, 6.390641577541828], [-1.3358644679246936, 6.390641577541828], [0.8504172893008217, 6.189688760787249], [0.46920878102537245, 2.162602037191391], [5.387499781267252, 1.6970311403274536], [4.622002002550289, -6.390641577541828], [-1.8619015277654398, -6.390641577541828], [-5.438648953277152, -6.052272768691182]]]], "centroids": [[-0.13914343921351247, -1.4401982501149178, 6.0]], "h": 6.0}, "mtl": {"face": 1}}, {"geom": {"polygons": [[[[-5.4680394422321115, -6.377681056037545], [-5.387499781238148, -5.485954716801643], [-4.652898867963813, 2.647466443479061], [-2.3768992586701643, 2.4320177882909775], [-2.2634832718176767, 3.6301442869007587], [-1.6021955217584036, 3.569361802190542], [-1.3428766514989547, 6.390641577541828], [-1.3358644679246936, 6.390641577541828], [0.8504172893008217, 6.189688760787249], [0.46920878102537245, 2.162602037191391], [5.387499781267252, 1.6970311403274536], [4.622002002550289, -6.390641577541828], [-5.324581466120435, -6.390641577541828], [-5.4680394422321115, -6.377681056037545]]]], "centroids": [[-0.1651999692840036, -1.4708247669041157, 9.0]], "h": 9.0}, "mtl": {"face": 2}}, {"geom": {"polygons": [[[[-5.468039442348527, -6.37768105790019], [-5.387499781354563, -5.4859547186642885], [-4.652898868080229, 2.647466441616416], [-2.3768992587865796, 2.4320177864283323], [-2.263483271934092, 3.6301442850381136], [-1.602195521874819, 3.569361800327897], [-1.342876651440747, 6.390641577541828], [-1.3358644883264787, 6.390641577541828], [0.8504172891844064, 6.1896887589246035], [0.4692087809089571, 2.162602035328746], [5.3874997811508365, 1.6970311384648085], [4.622002002608497, -6.390641577541828], [-5.324581486842362, -6.390641577541828], [-5.468039442348527, -6.37768105790019]]]], "centroids": [[-0.16519996934221126, -1.470824770629406, 12.0]], "h": 12.0}, "mtl": {"face": 3}}], "featureCount": 5, "startIndex": 0}