{"type": "block", "layer": 1, "block": 0, "features": [{"geom": {"triangles": {"v": [6.75671336974483, 15.733804596588016, 3.0, -3.35266163025517, 16.733804596588016, 3.0, -5.52453663025517, -7.266195403411984, 3.0, 4.47546336974483, -8.266195403411984, 3.0], "f": [0, 1, 2, 0, 2, 3]}, "centroids": [[0.5897896598617081, 4.570782655850053, 3.0]]}, "mtl": 0}], "featureCount": 1, "startIndex": 0}