{"type": "block", "layer": 1, "block": 0, "features": [{"geom": {"triangles": {"v": [10.62423134004348, 6.823729587718844, 3.0, 1.5461063400434796, 27.823729587718844, 3.0, -5.81326865995652, -2.1762704122811556, 3.0, 19.56173134004348, 43.823729587718844, 3.0, 6.15548134004348, 47.823729587718844, 3.0, 8.37423134004348, -5.176270412281156, 3.0], "f": [0, 1, 2, 1, 0, 3, 4, 1, 3, 0, 2, 5]}, "centroids": [[6.957380991399987, 21.184506917372346, 3.0]]}, "mtl": 0}], "featureCount": 1, "startIndex": 0}