{"type": "block", "layer": 0, "block": 0, "features": [{"geom": {"polygons": [[[[-11.5188799072057, -6.957733644172549], [-11.5188799072057, -6.949237706139684], [-9.171551358362194, 10.006418738514185], [11.5188799072057, 7.142050722613931], [11.5188799072057, 7.135128332301974], [8.598965301644057, -10.006418738514185], [-11.5188799072057, -6.957733644172549]]]], "centroids": [[-0.11135455124895088, 0.07937691174447536, 3.0]], "h": 3.0}, "mtl": {"face": 0}}], "featureCount": 1, "startIndex": 0}