{"type": "block", "layer": 1, "block": 0, "features": [{"geom": {"triangles": {"v": [-9.176522904483136, 10.468981282785535, 3.0, -11.817147904483136, -9.531018717214465, 3.0, -1.5358979044831358, -11.531018717214465, 3.0, 12.542227095516864, 7.468981282785535, 3.0, 8.401602095516864, -12.531018717214465, 3.0], "f": [0, 1, 2, 3, 0, 2, 3, 2, 4]}, "centroids": [[0.0750719427887816, -1.1416033804416656, 3.0]]}, "mtl": 0}], "featureCount": 1, "startIndex": 0}