{"type": "block", "layer": 1, "block": 0, "features": [{"geom": {"triangles": {"v": [-3.324824999901466, 5.845071813091636, 3.0, -5.418574999901466, -3.1549281869083643, 3.0, 3.300175000098534, -5.154928186908364, 3.0, 5.409550000098534, 4.845071813091636, 3.0], "f": [0, 1, 2, 0, 2, 3]}, "centroids": [[-0.016144900902872905, 0.5647897757589817, 3.0]]}, "mtl": 0}], "featureCount": 1, "startIndex": 0}