{"type": "block", "layer": 0, "block": 0, "features": [{"geom": {"polygons": [[[[-6.0567290695616975, -2.105922533199191], [-6.0567290695616975, -2.102506283670664], [-5.419980657054111, 1.3701494801789522], [0.7631308860727586, 0.23640992864966393], [1.4735374157025944, 4.110763339325786], [6.0567290695616975, 3.209355792030692], [6.0567290695616975, 3.2059351224452257], [4.714334802236408, -4.110763341188431], [-6.0567290695616975, -2.105922533199191]]]], "centroids": [[0.8546144633437507, -0.3728549536317587, 3.0]], "h": 3.0}, "mtl": {"face": 0}}, {"geom": {"polygons": [[[[-6.0567290695616975, -2.102506283670664], [-6.0567290695616975, 5.591792184859514], [-4.695000724721467, 5.323971787467599], [-5.419980657054111, 1.3701494801789522], [-6.0567290695616975, -2.102506283670664]]]], "centroids": [[-5.602819938590983, 2.9377546664327383, 3.0]], "h": 3.0}, "mtl": {"face": 0}}, {"geom": {"polygons": [[[[-6.0567290695616975, -2.105922533199191], [-6.0567290695616975, -2.102506283670664], [-5.419980657054111, 1.3701494801789522], [0.7631308860727586, 0.23640992864966393], [1.473537415789906, 4.110763339325786], [6.0567290695616975, 3.209355792030692], [6.0567290695616975, 3.2059351224452257], [4.714334802236408, -4.110763341188431], [-6.0567290695616975, -2.105922533199191]]]], "centroids": [[0.8546144633437507, -0.37285495176911354, 6.0]], "h": 6.0}, "mtl": {"face": 1}}], "featureCount": 3, "startIndex": 0}