{"type": "block", "layer": 1, "block": 0, "features": [{"geom": {"triangles": {"v": [-9.048165197775234, 6.575236659497023, 3.0, -10.501290197775234, -1.4247633405029774, 3.0, 6.0612098022247665, 3.5752366594970226, 3.0, 4.7174598022247665, -4.424763340502977, 3.0], "f": [0, 1, 2, 1, 3, 2]}, "centroids": [[-2.221352722699521, 1.0018209964036942, 3.0]]}, "mtl": 0}], "featureCount": 1, "startIndex": 0}