{"type": "block", "layer": 0, "block": 0, "features": [{"geom": {"polygons": [[[[-5.086977184022544, -2.8390588480979204], [-0.12442552886204794, 6.666820552200079], [-0.12182300866697915, 6.666820552200079], [5.086977184022544, 5.12632467225194], [-1.2367385253019165, -6.666820552200079], [-1.2377665367966983, -6.666820552200079], [-5.086977184022544, -2.8390588480979204]]]], "centroids": [[-0.24504373961826786, 0.5445910822600126, 3.0]], "h": 3.0}, "mtl": {"face": 0}}, {"geom": {"polygons": [[[[-5.086977184168063, -2.8390588480979204], [-0.12442552900756709, 6.666820552200079], [-0.1218230088124983, 6.666820552200079], [5.086977183877025, 5.12632467225194], [-1.2367385254474357, -6.666820552200079], [-1.2377665369422175, -6.666820552200079], [-5.086977184168063, -2.8390588480979204]]]], "centroids": [[-0.24504373973468319, 0.5445910822600126, 6.0]], "h": 6.0}, "mtl": {"face": 1}}], "featureCount": 2, "startIndex": 0}