{"type": "block", "layer": 1, "block": 0, "features": [{"geom": {"triangles": {"v": [-16.62852281596861, 11.790324673056602, 3.0, -17.09727281596861, 9.790324673056602, 3.0, -5.7691478159686085, -2.2096753269433975, 3.0, 5.0902271840313915, 4.7903246730566025, 3.0, -1.2378978159686085, -6.2096753269433975, 3.0], "f": [0, 1, 2, 0, 2, 3, 2, 4, 3]}, "centroids": [[-5.068151906249113, 3.469739440828562, 3.0]]}, "mtl": 0}], "featureCount": 1, "startIndex": 0}