{"type": "block", "layer": 1, "block": 0, "features": [{"geom": {"triangles": {"v": [22.03948609661893, 2.679036231711507, 3.0, -1.8198889033810701, 5.679036231711507, 3.0, -2.71051390338107, -4.320963768288493, 3.0, 21.13323609661893, -7.320963768288493, 3.0], "f": [0, 1, 2, 0, 2, 3]}, "centroids": [[9.654054776474368, -0.8865628149360418, 3.0]]}, "mtl": 0}], "featureCount": 1, "startIndex": 0}