{"type": "block", "layer": 0, "block": 0, "features": [{"geom": {"polygons": [[[[-4.542751170345582, 1.4474145974963903], [-3.805328268412268, 5.3975743893533945], [-3.802532967471052, 5.3975743893533945], [4.542751170374686, 3.725712399929762], [4.350205835653469, 2.8260096181184053], [3.3082396794925444, -2.0427650697529316], [2.5902771531546023, -5.3975743893533945], [2.5876477399433497, -5.3975743893533945], [-2.1034395332972053, -4.390245916321874], [-1.0443170627695508, 0.7465505860745907], [-4.542751170345582, 1.4474145974963903]]]], "centroids": [[0.3245279175171163, 0.49654432386159897, 3.0]], "h": 3.0}, "mtl": {"face": 0}}, {"geom": {"polygons": [[[[-4.542751170345582, 1.4474145974963903], [-3.805328268412268, 5.3975743893533945], [-3.802532967471052, 5.3975743893533945], [4.542751170374686, 3.725712399929762], [4.350205835653469, 2.8260096181184053], [3.3082396794925444, -2.0427650697529316], [2.5902771531546023, -5.3975743893533945], [2.5876477399433497, -5.3975743893533945], [-2.1034395332972053, -4.390245916321874], [-1.0443170627695508, 0.7465505860745907], [-4.542751170345582, 1.4474145974963903]]]], "centroids": [[0.3245279175171163, 0.49654432386159897, 6.0]], "h": 6.0}, "mtl": {"face": 1}}], "featureCount": 2, "startIndex": 0}