{"type": "block", "layer": 1, "block": 0, "features": [{"geom": {"triangles": {"v": [-16.704089076374657, 7.649698104709387, 3.0, -18.594714076374657, -0.3503018952906132, 3.0, 3.3115359236253425, -2.350301895290613, 3.0, 4.3427859236253425, 2.649698104709387, 3.0, 4.5459109236253425, 3.649698104709387, 3.0, 2.5927859236253425, -5.350301895290613, 3.0], "f": [0, 1, 2, 0, 2, 3, 0, 3, 4, 1, 5, 2]}, "centroids": [[-6.98469745539478, 1.3534669801592827, 3.0]]}, "mtl": 0}], "featureCount": 1, "startIndex": 0}