{"type": "block", "layer": 0, "block": 0, "features": [{"geom": {"polygons": [[[[-8.070192900457187, -5.214861376211047], [-8.070192900457187, -5.210557706654072], [-5.490580764220795, 8.002691820263863], [8.070192900457187, 5.773440858349204], [8.070192900457187, 5.76943545229733], [5.200000000069849, -8.002691820263863], [-8.070192900457187, -5.214861376211047]]]], "centroids": [[-0.020817694399738684, 0.14486555941402912, 3.0]], "h": 3.0}, "mtl": {"face": 0}}, {"geom": {"polygons": [[[[-8.070192900457187, -6.061751263216138], [-8.070192900457187, -5.210557706654072], [-5.490580764220795, 8.002691820263863], [8.070192900457187, 5.773440858349204], [8.070192900457187, 2.647890681400895], [5.822181273455499, -7.727548213675618], [5.90209848608356, -7.744522411376238], [5.833742058632197, -8.070192899554968], [5.528875246731332, -8.070192899554968], [5.200000000069849, -8.002691820263863], [5.185351916588843, -8.070192899554968], [2.2267091287940275, -8.070192899554968], [-7.241537280933699, -6.136655446141958], [-7.26551511787693, -6.236470201984048], [-8.070192900457187, -6.061751263216138]]]], "centroids": [[0.1377526402939111, -0.21894699521362782, 6.0]], "h": 6.0}, "mtl": {"face": 1}}, {"geom": {"polygons": [[[[-8.070192900457187, -6.061751263216138], [-8.070192900457187, -5.210557706654072], [-5.490580764220795, 8.002691820263863], [8.070192900457187, 5.773440858349204], [8.070192900457187, 2.647890681400895], [5.822181273455499, -7.727548213675618], [5.90209848608356, -7.744522411376238], [5.833742058632197, -8.070192899554968], [5.528875246731332, -8.070192899554968], [5.200000000069849, -8.002691820263863], [5.185351916588843, -8.070192899554968], [2.2267091287940275, -8.070192899554968], [-7.241537280933699, -6.136655446141958], [-7.26551511787693, -6.236470201984048], [-8.070192900457187, -6.061751263216138]]]], "centroids": [[0.1377526402939111, -0.21894699521362782, 9.0]], "h": 9.0}, "mtl": {"face": 2}}, {"geom": {"polygons": [[[[-8.070192900457187, -6.061751263216138], [-8.070192900457187, -5.210557706654072], [-5.490580764220795, 8.002691820263863], [8.070192900457187, 5.773440858349204], [8.070192900457187, 2.647890681400895], [5.822181273455499, -7.727548213675618], [5.90209848608356, -7.744522411376238], [5.833742058632197, -8.070192899554968], [5.528875246731332, -8.070192899554968], [5.200000000069849, -8.002691820263863], [5.185351916588843, -8.070192899554968], [2.2267091287940275, -8.070192899554968], [-7.241537280933699, -6.136655446141958], [-7.26551511787693, -6.236470201984048], [-8.070192900457187, -6.061751263216138]]]], "centroids": [[0.1377526402939111, -0.21894699521362782, 12.0]], "h": 12.0}, "mtl": {"face": 3}}, {"geom": {"polygons": [[[[-8.070192900457187, -6.061751263216138], [-8.070192900457187, -5.210557706654072], [-5.490580764220795, 8.002691820263863], [8.070192900457187, 5.773440858349204], [8.070192900457187, 2.647890681400895], [5.822181273455499, -7.727548213675618], [5.90209848608356, -7.744522411376238], [5.833742058632197, -8.070192899554968], [5.528875246731332, -8.070192899554968], [5.200000000069849, -8.002691820263863], [5.185351916588843, -8.070192899554968], [2.2267091287940275, -8.070192899554968], [-7.241537280933699, -6.136655446141958], [-7.26551511787693, -6.236470201984048], [-8.070192900457187, -6.061751263216138]]]], "centroids": [[0.1377526402939111, -0.21894699521362782, 15.0]], "h": 15.0}, "mtl": {"face": 4}}, {"geom": {"polygons": [[[[-8.070192900457187, -6.061751263216138], [-8.070192900457187, -5.210557706654072], [-5.490580764220795, 8.002691820263863], [8.070192900457187, 5.773440858349204], [8.070192900457187, 2.647890681400895], [5.822181273455499, -7.727548213675618], [5.90209848608356, -7.744522411376238], [5.833742058632197, -8.070192899554968], [5.528875246731332, -8.070192899554968], [5.200000000069849, -8.002691820263863], [5.185351916588843, -8.070192899554968], [2.2267091287940275, -8.070192899554968], [-7.241537280933699, -6.136655446141958], [-7.26551511787693, -6.236470201984048], [-8.070192900457187, -6.061751263216138]]]], "centroids": [[0.1377526402939111, -0.21894699521362782, 18.0]], "h": 18.0}, "mtl": {"face": 5}}], "featureCount": 6, "startIndex": 0}