{"type": "block", "layer": 1, "block": 0, "features": [{"geom": {"triangles": {"v": [3.8934339485131204, -1.9324228763580322, 3.0, -14.57531605148688, 5.067577123641968, 3.0, -15.30969105148688, -2.9324228763580322, 3.0, 4.14343394851312, 1.0675771236419678, 3.0, 4.34655894851312, 3.0675771236419678, 3.0, 3.5965589485131204, -3.9324228763580322, 3.0], "f": [0, 1, 2, 1, 0, 3, 1, 3, 4, 0, 2, 5]}, "centroids": [[-5.477726185839856, 0.5071444511413574, 3.0]]}, "mtl": 0}], "featureCount": 1, "startIndex": 0}