{"type": "block", "layer": 0, "block": 0, "features": [{"geom": {"polygons": [[[[-5.734000101452693, -3.762533647939563], [-5.538000098633347, -3.18353365175426], [-1.831767926341854, 6.246908897534013], [-1.8298966838628985, 6.246908897534013], [5.538000101019861, 3.4154664650559425], [1.9662308460392524, -6.246908897534013], [0.935825234890217, -6.246908897534013], [-1.4389668600342702, -5.261666042730212], [-1.5177018501854036, -5.445515984669328], [-5.734000101452693, -3.762533647939563]]]], "centroids": [[-0.07673298544250429, -0.1817384846508503, 6.0]], "h": 6.0}, "mtl": {"face": 0}}, {"geom": {"polygons": [[[[-5.734000101452693, -3.762533647939563], [-5.538000098633347, -3.18353365175426], [-1.831767926341854, 6.246908897534013], [-1.8298966838628985, 6.246908897534013], [5.538000101019861, 3.4154664650559425], [1.9662308460392524, -6.246908897534013], [0.935825234890217, -6.246908897534013], [-1.4389668600342702, -5.261666042730212], [-1.5177018501854036, -5.445515984669328], [-5.734000101452693, -3.762533647939563]]]], "centroids": [[-0.07673298544250429, -0.1817384846508503, 9.0]], "h": 9.0}, "mtl": {"face": 1}}, {"geom": {"polygons": [[[[-5.538000101019861, -3.183533649891615], [-1.831767929455964, 6.246908897534013], [-1.829896681389073, 6.246908897534013], [5.538000101019861, 3.4154664650559425], [1.9662308429542463, -6.246908897534013], [1.9644698229094502, -6.246908897534013], [-5.538000101019861, -3.183533649891615]]]], "centroids": [[0.03579619061201811, 0.03327567130327225, 3.0]], "h": 3.0}, "mtl": {"face": 2}}], "featureCount": 3, "startIndex": 0}