{"type": "block", "layer": 1, "block": 0, "features": [{"geom": {"triangles": {"v": [-1.83275010145735, 6.311466351151466, 3.0, -5.53587510145735, -2.6885336488485336, 3.0, 5.54224989854265, 3.3114663511514664, 3.0, 1.96412489854265, -6.688533648848534, 3.0], "f": [0, 1, 2, 1, 3, 2]}, "centroids": [[0.035806644504191354, 0.03329982981085777, 3.0]]}, "mtl": 0}], "featureCount": 1, "startIndex": 0}