{"type": "block", "layer": 0, "block": 0, "features": [{"geom": {"polygons": [[[[3.1159412059932947, -0.4069364704191685], [4.02919056621613, 3.591020653024316], [4.950336661655456, 3.3899760227650404], [4.950336661655456, -0.8161948341876268], [3.1159412059932947, -0.4069364704191685]]]], "centroids": [[4.236373199004447, 1.2126838490366936, 3.0]], "h": 3.0}, "mtl": {"face": 0}}, {"geom": {"polygons": [[[[-4.0291905660997145, -3.549168238416314], [-2.2012970431824215, 4.9503366611897945], [-2.198922197363572, 4.9503366611897945], [4.029190566128818, 3.591020653024316], [2.078096829733113, -4.9503366611897945], [2.0758266228076536, -4.9503366611897945], [-4.0291905660997145, -3.549168238416314]]]], "centroids": [[-0.024040533491643146, 0.02206355147063732, 3.0]], "h": 3.0}, "mtl": {"face": 0}}, {"geom": {"polygons": [[[[-4.0291905660997145, -3.549168238416314], [-2.2012970431824215, 4.9503366611897945], [-2.198922197363572, 4.9503366611897945], [4.029190566128818, 3.591020653024316], [2.078096829733113, -4.9503366611897945], [2.0758266228076536, -4.9503366611897945], [-4.0291905660997145, -3.549168238416314]]]], "centroids": [[-0.024040533491643146, 0.02206355147063732, 6.0]], "h": 6.0}, "mtl": {"face": 1}}], "featureCount": 3, "startIndex": 0}