{"type": "block", "layer": 1, "block": 0, "features": [{"geom": {"triangles": {"v": [-2.203065566602163, 4.8468317575752735, 3.0, -4.031190566602163, -3.1531682424247265, 3.0, 15.609434433397837, 0.8468317575752735, 3.0, 13.703184433397837, -7.1531682424247265, 3.0], "f": [0, 1, 2, 1, 3, 2]}, "centroids": [[5.804740490304539, -1.294084157794714, 3.0]]}, "mtl": 0}], "featureCount": 1, "startIndex": 0}