{"type": "block", "layer": 0, "block": 0, "features": [{"geom": {"polygons": [[[[-4.868840371171245, -3.990713953971863], [-4.868840371171245, -3.985504673793912], [-4.035673403122928, 4.847347680479288], [4.868840371171245, 4.099395841360092], [4.868840371171245, 4.094354912638664], [3.9980440397921484, -4.847347678616643], [-4.868840371171245, -3.990713953971863]]]], "centroids": [[6.220379145815969e-05, 0.028586072847247124, 3.0]], "h": 3.0}, "mtl": {"face": 0}}, {"geom": {"polygons": [[[[-4.868840371171245, -3.990713953971863], [-4.868840371171245, -3.985504673793912], [-4.035672655736562, 4.847355600446463], [-4.033646084892098, 4.868840370327234], [1.271382464125054, 4.868840370327234], [1.3083265968598425, 4.830347681418061], [1.344713302794844, 4.868840370327234], [4.61486097733723, 4.868840370327234], [4.868840371171245, 4.542677361518145], [4.868840371171245, 4.094354912638664], [3.998044039850356, -4.847347678616643], [-4.868840371171245, -3.990713953971863]]]], "centroids": [[0.0747055567917414, 0.22019032947719097, 6.0]], "h": 6.0}, "mtl": {"face": 1}}, {"geom": {"polygons": [[[[-4.868840371171245, -3.990713953971863], [-4.868840371171245, -3.985504673793912], [-4.0356726557947695, 4.847355600446463], [-4.0336460849503055, 4.868840370327234], [1.271382464125054, 4.868840370327234], [1.3083265968598425, 4.830347681418061], [1.344713302794844, 4.868840370327234], [4.61486097733723, 4.868840370327234], [4.868840371171245, 4.542677361518145], [4.868840371171245, 4.094354912638664], [3.998044039850356, -4.847347678616643], [-4.868840371171245, -3.990713953971863]]]], "centroids": [[0.07470555682084523, 0.22019032761454582, 9.0]], "h": 9.0}, "mtl": {"face": 2}}], "featureCount": 3, "startIndex": 0}