{"type": "block", "layer": 1, "block": 0, "features": [{"geom": {"triangles": {"v": [-4.034298403130379, 4.996347680687904, 3.0, -5.534298403130379, -11.003652319312096, 3.0, 4.871951596869621, 3.9963476806879044, 3.0, 13.325076596869621, -13.003652319312096, 3.0, 14.793826596869621, 2.9963476806879044, 3.0], "f": [0, 1, 2, 2, 1, 3, 2, 3, 4]}, "centroids": [[4.630705694842618, -3.88461278937757, 3.0]]}, "mtl": 0}], "featureCount": 1, "startIndex": 0}