{"type": "block", "layer": 0, "block": 0, "features": [{"geom": {"polygons": [[[[-4.854600000020582, -4.000240121036768], [-2.625900000013644, 3.52075987868011], [-1.7860669785004575, 5.8787796050310135], [-1.7838753732503392, 5.8787796050310135], [4.854599999991478, 3.9097598772495985], [4.17269999999553, 1.6107598785310984], [1.8068325240747072, -5.8787796050310135], [1.8045626546954736, -5.8787796050310135], [-4.854600000020582, -4.000240121036768]]]], "centroids": [[-0.013978704490000382, -0.0071562509983778, 3.0]], "h": 3.0}, "mtl": {"face": 0}}, {"geom": {"polygons": [[[[-5.878779604769079, -5.8787796050310135], [-5.878779604769079, -5.640117455273867], [-5.256500000017695, -3.8652401212602854], [-4.854600000020582, -4.000240121036768], [1.8045626546954736, -5.8787796050310135], [-5.878779604769079, -5.8787796050310135]]]], "centroids": [[-3.1379945777589455, -5.212663106620312, 3.0]], "h": 3.0}, "mtl": {"face": 0}}, {"geom": {"polygons": [[[[-4.854600000020582, -4.000240121036768], [-2.625900000013644, 3.52075987868011], [-1.7860669785004575, 5.8787796050310135], [-1.7838753732503392, 5.8787796050310135], [4.854599999991478, 3.9097598772495985], [4.17269999999553, 1.6107598785310984], [1.8068325240747072, -5.8787796050310135], [1.8045626546954736, -5.8787796050310135], [-4.854600000020582, -4.000240121036768]]]], "centroids": [[-0.013978704490000382, -0.0071562509983778, 6.0]], "h": 6.0}, "mtl": {"face": 1}}], "featureCount": 3, "startIndex": 0}