{"type": "block", "layer": 1, "block": 0, "features": [{"geom": {"triangles": {"v": [-5.251400000008289, -3.971240121871233, 3.0, -7.048275000008289, -8.971240121871233, 3.0, -4.860775000008289, -3.971240121871233, 3.0, 0.09234999999171123, -10.971240121871233, 3.0, 4.170474999991711, 2.028759878128767, 3.0, -2.6264000000082888, 3.028759878128767, 3.0, -1.7826500000082888, 6.028759878128767, 3.0, 4.857974999991711, 4.028759878128767, 3.0], "f": [0, 1, 2, 2, 1, 3, 2, 3, 4, 5, 2, 4, 6, 5, 4, 6, 4, 7]}, "centroids": [[-0.9474821630865335, -2.7461648751050234, 3.0]]}, "mtl": 0}], "featureCount": 1, "startIndex": 0}