{"type": "block", "layer": 1, "block": 0, "features": [{"geom": {"triangles": {"v": [-16.26737551225233, 7.235551495105028, 3.0, -18.09550051225233, 0.23555149510502815, 3.0, 1.513874487747671, -4.764448504894972, 3.0, 3.232624487747671, 3.235551495105028, 3.0], "f": [0, 1, 2, 0, 2, 3]}, "centroids": [[-7.439627068350092, 1.6025224924087524, 3.0]]}, "mtl": 0}], "featureCount": 1, "startIndex": 0}