{"type": "block", "layer": 0, "block": 0, "features": [{"geom": {"polygons": [[[[-6.094259614736075, -1.7188558410853148], [-6.094259614736075, -1.7174606192857027], [-3.75232698614127, 3.3120638839900494], [6.094259614736075, 1.3760354537516832], [6.094259614736075, 1.3728628363460302], [5.1589152259984985, -3.3120638839900494], [-6.094259614736075, -1.7188558410853148]]]], "centroids": [[0.2368121724575758, -0.11605445481836796, 3.0]], "h": 3.0}, "mtl": {"face": 0}}, {"geom": {"polygons": [[[[5.1589152259984985, -3.3120638839900494], [6.094259614736075, 1.3728628363460302], [6.094259614736075, -3.444488575682044], [5.1589152259984985, -3.3120638839900494]]]], "centroids": [[5.782478151813848, -1.7945632077753544, 3.0]], "h": 3.0}, "mtl": {"face": 0}}, {"geom": {"polygons": [[[[5.1589152259984985, -3.3120638839900494], [6.094259614736075, 1.3728628363460302], [6.094259614736075, -3.444488575682044], [5.1589152259984985, -3.3120638839900494]]]], "centroids": [[5.782478151813848, -1.7945632077753544, 6.0]], "h": 6.0}, "mtl": {"face": 1}}], "featureCount": 3, "startIndex": 0}