{"type": "block", "layer": 1, "block": 0, "features": [{"geom": {"triangles": {"v": [-93.95776951691369, 129.2229041159153, 3.0, -95.22339451691369, 123.2229041159153, 3.0, -93.27026951691369, 119.2229041159153, 3.0, -83.80151951691369, 133.2229041159153, 3.0, -83.98901951691369, 107.2229041159153, 3.0, -81.55151951691369, 104.2229041159153, 3.0, -48.332769516913686, 114.2229041159153, 3.0, -81.87964451691369, 134.2229041159153, 3.0, -48.457769516913686, 125.2229041159153, 3.0, -80.08276951691369, 138.2229041159153, 3.0, -56.176519516913686, 144.2229041159153, 3.0, -49.473394516913686, 137.2229041159153, 3.0, -49.973394516913686, 143.2229041159153, 3.0, -62.207769516913686, 147.2229041159153, 3.0, -55.973394516913686, 145.2229041159153, 3.0, -79.20776951691369, 142.2229041159153, 3.0, -78.47339451691369, 147.2229041159153, 3.0, -78.28589451691369, 150.2229041159153, 3.0, -79.25464451691369, 102.2229041159153, 3.0, -47.395269516913686, 110.2229041159153, 3.0, -77.75464451691369, 95.2229041159153, 3.0, -77.25464451691369, 93.2229041159153, 3.0, -44.082769516913686, 106.2229041159153, 3.0, -77.53589451691369, 89.2229041159153, 3.0, -41.864019516913686, 104.2229041159153, 3.0, -37.801519516913686, 100.2229041159153, 3.0, -32.910894516913686, 93.2229041159153, 3.0, -74.02026951691369, 73.2229041159153, 3.0, -71.80151951691369, 63.2229041159153, 3.0, -28.707769516913686, 89.2229041159153, 3.0, -22.207769516913686, 81.2229041159153, 3.0, -69.81714451691369, 56.2229041159153, 3.0, -68.11401951691369, 50.2229041159153, 3.0, -16.473394516913686, 74.2229041159153, 3.0, -66.42651951691369, 45.2229041159153, 3.0, -8.004644516913686, 64.2229041159153, 3.0, -66.11401951691369, 40.2229041159153, 3.0, -3.379644516913686, 58.2229041159153, 3.0, -36.582769516913686, 0.22290411591529846, 3.0, 2.510980483086314, 51.2229041159153, 3.0, 18.026605483086314, 33.2229041159153, 3.0, 21.026605483086314, 26.2229041159153, 3.0, 24.417230483086314, 18.2229041159153, 3.0, 24.542230483086314, 1.2229041159152985, 3.0, 25.260980483086314, 3.2229041159152985, 3.0, 22.510980483086314, -9.777095884084702, 3.0, 21.698480483086314, -14.777095884084702, 3.0, -51.129644516913686, 4.2229041159152985, 3.0, -66.16089451691369, 34.2229041159153, 3.0, -66.84839451691369, 22.2229041159153, 3.0, -57.770269516913686, 6.2229041159152985, 3.0, -67.39526951691369, 19.2229041159153, 3.0, -68.64526951691369, 9.222904115915298, 3.0, -78.41089451691369, 84.2229041159153, 3.0, -79.39526951691369, 78.2229041159153, 3.0, -80.39526951691369, 73.2229041159153, 3.0, -92.89526951691369, 116.2229041159153, 3.0, -92.81714451691369, 110.2229041159153, 3.0, -89.28589451691369, 133.2229041159153, 3.0, -92.17651951691369, 131.2229041159153, 3.0], "f": [0, 1, 2, 2, 3, 0, 3, 2, 4, 3, 4, 5, 6, 3, 5, 6, 7, 3, 8, 7, 6, 8, 9, 7, 8, 10, 9, 10, 8, 11, 12, 10, 11, 10, 13, 9, 13, 10, 14, 9, 13, 15, 16, 15, 13, 17, 16, 13, 18, 6, 5, 6, 18, 19, 19, 18, 20, 21, 19, 20, 21, 22, 19, 22, 21, 23, 23, 24, 22, 25, 24, 23, 26, 25, 23, 26, 23, 27, 28, 26, 27, 26, 28, 29, 30, 29, 28, 30, 28, 31, 30, 31, 32, 32, 33, 30, 32, 34, 33, 33, 34, 35, 35, 34, 36, 36, 37, 35, 37, 36, 38, 37, 38, 39, 39, 38, 40, 40, 38, 41, 41, 38, 42, 42, 38, 43, 42, 43, 44, 43, 38, 45, 38, 46, 45, 36, 47, 38, 47, 36, 48, 47, 48, 49, 50, 47, 49, 49, 51, 50, 51, 52, 50, 23, 53, 27, 53, 54, 27, 54, 55, 27, 4, 2, 56, 4, 56, 57, 3, 58, 0, 58, 59, 0]}, "centroids": [[-37.3958378941752, 57.58851588703692, 3.0]]}, "mtl": 0}], "featureCount": 1, "startIndex": 0}