{"type": "block", "layer": 1, "block": 0, "features": [{"geom": {"triangles": {"v": [-3.098955583933275, 6.001897770911455, 3.0, -5.130205583933275, -3.998102229088545, 3.0, 16.447919416066725, 2.001897770911455, 3.0, 14.416669416066725, -7.998102229088545, 3.0], "f": [0, 1, 2, 1, 3, 2]}, "centroids": [[5.658688895055093, -1.2237974386662245, 3.0]]}, "mtl": 0}], "featureCount": 1, "startIndex": 0}