{"type": "block", "layer": 0, "block": 0, "features": [{"geom": {"polygons": [[[[-12.833216550643556, 1.9527135770767927], [-12.833216550643556, 1.9578678607940674], [9.510018381493865, 5.531977344304323], [10.731450852268608, 5.727362362667918], [11.317636441846844, 2.119165373966098], [12.711821031698491, 2.3003232330083847], [12.833216550643556, -1.8375895358622074], [12.833216550643556, -1.8815459683537483], [-10.841493633051869, -5.727362362667918], [-12.833216550643556, 1.9527135770767927]]]], "centroids": [[0.05285805728635751, 0.009938286617398262, 3.0]], "h": 3.0}, "mtl": {"face": 0}}, {"geom": {"polygons": [[[[-12.833216550643556, -1.37166228890419], [-12.833216550643556, 1.9578678589314222], [9.510018381493865, 5.531977344304323], [10.731450852268608, 5.727362362667918], [11.317636441846844, 2.119165373966098], [12.711821031727595, 2.3003232330083847], [12.833216550643556, -1.8375895358622074], [12.833216550643556, -1.8815459683537483], [-10.841493633051869, -5.727362362667918], [-11.512652710138354, -5.8363874685019255], [-11.589499151683412, -5.4893632009625435], [-12.284596102312207, -2.279552584514022], [-12.833216550643556, -1.37166228890419]]]], "centroids": [[-0.21165960651705973, -0.04431232996284962, 6.0]], "h": 6.0}, "mtl": {"face": 1}}, {"geom": {"polygons": [[[[-12.833216550643556, -1.37166228890419], [-12.833216550643556, 1.9578678589314222], [9.510018381493865, 5.531977344304323], [10.7314508522104, 5.727362362667918], [11.317636441846844, 2.119165373966098], [12.711821031669388, 2.3003232330083847], [12.833216550643556, -1.8375895358622074], [12.833216550643556, -1.8815459683537483], [-10.841493633051869, -5.727362362667918], [-11.512652710138354, -5.8363874685019255], [-11.589499151683412, -5.4893632009625435], [-12.284596101759234, -2.279552586376667], [-12.833216550643556, -1.37166228890419]]]], "centroids": [[-0.21165960654616356, -0.04431232996284962, 9.0]], "h": 9.0}, "mtl": {"face": 2}}, {"geom": {"polygons": [[[[-12.833216550643556, -1.37166228890419], [-12.833216550643556, 1.9578678607940674], [9.510018381493865, 5.531977344304323], [10.731450852152193, 5.727362362667918], [11.317636441846844, 2.119165373966098], [12.711821031727595, 2.3003232330083847], [12.833216550643556, -1.8375895358622074], [12.833216550643556, -1.8815459683537483], [-10.841493633051869, -5.727362362667918], [-11.512652710138354, -5.8363874685019255], [-11.589499151683412, -5.4893632009625435], [-12.284596101759234, -2.279552586376667], [-12.833216550643556, -1.37166228890419]]]], "centroids": [[-0.2116596070700325, -0.04431232810020447, 12.0]], "h": 12.0}, "mtl": {"face": 3}}, {"geom": {"polygons": [[[[3.5434862259135116, 4.577547995373607], [10.731450852268608, 5.727362362667918], [11.317636441846844, 2.119165373966098], [12.711821031669388, 2.3003232330083847], [12.833216550643556, -1.8375895321369171], [12.833216550643556, -1.8815459683537483], [4.80425792382448, -3.1858027186244726], [4.148351838084636, 0.8519319426268339], [3.5434862259135116, 4.577547995373607]]]], "centroids": [[8.103647502779495, 1.2004810012876987, 15.0]], "h": 15.0}, "mtl": {"face": 4}}], "featureCount": 5, "startIndex": 0}