{"type": "block", "layer": 1, "block": 0, "features": [{"geom": {"triangles": {"v": [12.597124999359949, 5.965662553906441, 3.0, -12.840375000640051, 1.9656625539064407, 3.0, 12.831499999359949, -2.0343374460935593, 3.0, -10.840375000640051, -6.034337446093559, 3.0], "f": [0, 1, 2, 2, 1, 3]}, "centroids": [[0.41803947155131027, 0.1377876941114664, 3.0]]}, "mtl": 0}], "featureCount": 1, "startIndex": 0}