{"type": "block", "layer": 0, "block": 0, "features": [{"geom": {"polygons": [[[[-2.140792857419001, -2.108176376670599], [-2.096792857424589, -1.379176378250122], [-1.8021185358811636, 2.5021976958960295], [-1.797933755617123, 2.5021976958960295], [2.140792857419001, 2.2655944768339396], [1.7897406145348214, -2.5021976958960295], [1.7872274876281153, -2.5021976958960295], [-2.140792857419001, -2.108176376670599]]]], "centroids": [[0.005534781550522894, 0.03811579756438732, 3.0]], "h": 3.0}, "mtl": {"face": 0}}, {"geom": {"polygons": [[[[-1.797933755646227, 2.5021976958960295], [2.502197695604991, 2.5021976958960295], [2.502197695604991, 2.243884526193142], [-1.797933755646227, 2.5021976958960295]]]], "centroids": [[1.0688205452170223, 2.4160933066159487, 3.0]], "h": 3.0}, "mtl": {"face": 0}}, {"geom": {"polygons": [[[[-1.797933755646227, 2.5021976958960295], [2.502197695604991, 2.5021976958960295], [2.502197695604991, 2.243884526193142], [-1.797933755646227, 2.5021976958960295]]]], "centroids": [[1.0688205452170223, 2.4160933066159487, 6.0]], "h": 6.0}, "mtl": {"face": 1}}], "featureCount": 3, "startIndex": 0}