{"type": "block", "layer": 1, "block": 0, "features": [{"geom": {"triangles": {"v": [-4.5861425473704, 2.749785277992487, 3.0, -8.1642675473704, -14.250214722007513, 3.0, 1.4607324526295997, -16.250214722007513, 3.0, 5.1638574526296, 1.749785277992487, 3.0, 3.6013574526295997, 3.749785277992487, 3.0, 4.3044824526296, 3.749785277992487, 3.0, 4.9919824526296, 2.749785277992487, 3.0, 5.2263574526296, 1.749785277992487, 3.0], "f": [0, 1, 2, 2, 3, 0, 0, 3, 4, 5, 4, 3, 6, 5, 3, 6, 3, 7]}, "centroids": [[-1.3013969666790217, -6.041657265275717, 3.0]]}, "mtl": 0}], "featureCount": 1, "startIndex": 0}