{"type": "block", "layer": 0, "block": 0, "features": [{"geom": {"polygons": [[[[-4.440529410057934, 7.992229742929339], [1.7294607091171201, 9.000417651608586], [1.7351120423409157, 9.000417651608586], [4.44052941002883, -8.073506217449903], [-1.9350962745666038, -9.000417651608586], [-1.9414200883184094, -9.000417651608586], [-4.440529410057934, 7.992229742929339]]]], "centroids": [[-0.04164234973723069, -0.06262465752661228, 3.0]], "h": 3.0}, "mtl": {"face": 0}}, {"geom": {"polygons": [[[[6.2355946792522445, -7.445475636050105], [7.8333096073474735, 8.423114558681846], [9.000417652423494, 8.314681734889746], [9.000417652423494, -7.702347794547677], [6.2355946792522445, -7.445475636050105]]]], "centroids": [[7.963333130843239, -0.6822165232151747, 3.0]], "h": 3.0}, "mtl": {"face": 0}}, {"geom": {"polygons": [[[[-1.9350962745666038, -9.000417651608586], [1.575519045785768, -8.490031747147441], [1.6497207875654567, -9.000417651608586], [-1.9350962745666038, -9.000417651608586]]]], "centroids": [[0.43004785288940184, -8.830289015546441, 3.0]], "h": 3.0}, "mtl": {"face": 0}}, {"geom": {"polygons": [[[[7.748697884991998, -9.000417651608586], [7.878978012682637, -7.598157897591591], [9.000417652423494, -7.702347794547677], [9.000417652423494, -9.000417651608586], [7.748697884991998, -9.000417651608586]]]], "centroids": [[8.39852359748329, -8.336834255605936, 3.0]], "h": 3.0}, "mtl": {"face": 0}}], "featureCount": 4, "startIndex": 0}