{"type": "block", "layer": 1, "block": 0, "features": [{"geom": {"triangles": {"v": [-5.7016820018179715, 16.801315039396286, 3.0, 3.5639429981820285, -46.198684960603714, 3.0, 14.751442998182029, 14.801315039396286, 3.0, 9.032692998182029, -47.198684960603714, 3.0, 5.2983179981820285, -61.198684960603714, 3.0, 7.5639429981820285, -62.198684960603714, 3.0, 5.9701929981820285, -62.198684960603714, 3.0], "f": [0, 1, 2, 1, 3, 2, 1, 4, 3, 3, 4, 5, 4, 6, 5]}, "centroids": [[5.317192916147178, -12.524500953033566, 3.0]]}, "mtl": 0}], "featureCount": 1, "startIndex": 0}