{"type": "block", "layer": 1, "block": 0, "features": [{"geom": {"triangles": {"v": [-1.7715126347029582, 6.37077927403152, 3.0, -4.146512634702958, -5.62922072596848, 3.0, 16.634737365297042, 2.37077927403152, 3.0, 18.494112365297042, -9.62922072596848, 3.0], "f": [0, 1, 2, 2, 1, 3]}, "centroids": [[7.312484739231877, -1.7510225530713797, 3.0]]}, "mtl": 0}], "featureCount": 1, "startIndex": 0}