{"type": "block", "layer": 0, "block": 0, "features": [{"geom": {"polygons": [[[[-5.106331299728481, -2.9575383570045233], [-5.106331299728481, -2.9551001731306314], [-3.3973419839749113, 4.825574789196253], [5.106331299728481, 2.9406020678579807], [5.106331299728481, 2.93826293759048], [3.3251127054390963, -4.825574789196253], [-5.106331299728481, -2.9575383570045233]]]], "centroids": [[-0.01689349173102528, 0.001325078308582306, 3.0]], "h": 3.0}, "mtl": {"face": 0}}, {"geom": {"polygons": [[[[-5.106331299728481, -2.9575383570045233], [-5.106331299728481, 0.6807249095290899], [-4.158857529197121, 4.994376668706536], [-3.3973419839749113, 4.825574789196253], [5.106331299728481, 2.9406020678579807], [5.106331299728481, 2.93826293759048], [3.3251127054390963, -4.825574789196253], [-5.106331299728481, -2.9575383570045233]]]], "centroids": [[-0.3047335177252535, 0.11850725300610065, 6.0]], "h": 6.0}, "mtl": {"face": 1}}], "featureCount": 2, "startIndex": 0}