{"type": "block", "layer": 1, "block": 0, "features": [{"geom": {"triangles": {"v": [-4.392139804898761, 3.202536066994071, 3.0, -7.939014804898761, -15.797463933005929, 3.0, 5.232860195101239, 1.202536066994071, 3.0, 5.264110195101239, 1.202536066994071, 3.0, 1.8578601951012388, -17.79746393300593, 3.0], "f": [0, 1, 2, 0, 2, 3, 1, 4, 2]}, "centroids": [[-1.301130933512468, -7.215746784582734, 3.0]]}, "mtl": 0}], "featureCount": 1, "startIndex": 0}