{"type": "block", "layer": 0, "block": 0, "features": [{"geom": {"polygons": [[[[-4.435588285850827, -7.809286739677191], [-4.354387506900821, -6.472932253032923], [-3.5077875069109723, 7.4550677463412285], [-3.486235027346993, 7.809286739677191], [-3.157095816306537, 7.809286739677191], [0.7007354856468737, 7.800131255760789], [0.6697219326451886, 5.788375040516257], [4.435635742236627, 5.760665813460946], [3.905903622886399, -7.016842320561409], [-4.427422670822125, -7.809286739677191], [-4.435588285850827, -7.809286739677191]]]], "centroids": [[-0.07656451471848413, -0.2912589814513922, 3.0]], "h": 3.0}, "mtl": {"face": 0}}, {"geom": {"polygons": [[[[-4.435588285850827, -7.809286739677191], [-4.354387506900821, -6.472932253032923], [-3.5077875069109723, 7.4550677463412285], [-3.486235027346993, 7.809286739677191], [-3.157095821807161, 7.809286739677191], [-0.7618789474363439, 7.803602362051606], [4.519812493090285, 7.791067745536566], [3.905903622886399, -7.016842320561409], [-4.427422670822125, -7.809286739677191], [-4.435588285850827, -7.809286739677191]]]], "centroids": [[0.08787808017223142, 0.14617153070867062, 6.0]], "h": 6.0}, "mtl": {"face": 1}}], "featureCount": 2, "startIndex": 0}