{"type": "block", "layer": 0, "block": 0, "features": [{"geom": {"polygons": [[[[-4.909006458445219, -0.12016453966498375], [-4.909006458445219, -0.1191575713455677], [-1.7361299273616169, 4.371703011915088], [4.909006458445219, 0.051510272547602654], [4.909006458445219, 0.050497397780418396], [1.7792703472077847, -4.371703013777733], [-4.909006458445219, -0.12016453966498375]]]], "centroids": [[0.0026710454549174756, -0.011647531762719154, 3.0]], "h": 3.0}, "mtl": {"face": 0}}, {"geom": {"polygons": [[[[-1.708291433606064, -4.909006457775831], [-0.3744697100191843, -3.002634570002556], [1.7792703472077847, -4.371703013777733], [1.3990030967979692, -4.909006457775831], [-1.708291433606064, -4.909006457775831]]]], "centroids": [[0.028675952984485775, -4.234017377719283, 3.0]], "h": 3.0}, "mtl": {"face": 0}}, {"geom": {"polygons": [[[[-4.909006458445219, -0.12016453966498375], [-4.909006458445219, -0.1191575713455677], [-1.7361299270414747, 4.371703011915088], [4.909006458445219, 0.051510272547602654], [4.909006458445219, 0.050497397780418396], [1.7792703475279268, -4.371703013777733], [-4.909006458445219, -0.12016453966498375]]]], "centroids": [[0.0026710455713327974, -0.011647526174783707, 6.0]], "h": 6.0}, "mtl": {"face": 1}}], "featureCount": 3, "startIndex": 0}