{"type": "block", "layer": 1, "block": 0, "features": [{"geom": {"triangles": {"v": [-1.7323799273581244, 4.2307030111551285, 3.0, -15.919879927358124, -15.769296988844872, 3.0, -9.576129927358124, -20.76929698884487, 3.0, 4.908245072641876, 0.23070301115512848, 3.0], "f": [0, 1, 2, 3, 0, 2]}, "centroids": [[-5.568248564610258, -7.92930618301034, 3.0]]}, "mtl": 0}], "featureCount": 1, "startIndex": 0}