{"type": "block", "layer": 1, "block": 0, "features": [{"geom": {"triangles": {"v": [-3.0835669903317466, 2.6634524799883366, 3.0, -3.6304419903317466, -2.3365475200116634, 3.0, 10.744558009668253, 1.6634524799883366, 3.0, 10.291433009668253, -3.3365475200116634, 3.0], "f": [0, 1, 2, 1, 3, 2]}, "centroids": [[3.58025211293716, -0.35440664924681187, 3.0]]}, "mtl": 0}], "featureCount": 1, "startIndex": 0}