{"type": "block", "layer": 1, "block": 0, "features": [{"geom": {"triangles": {"v": [0.15585273900069296, 13.694447964429855, 3.0, -4.062897260999307, -6.305552035570145, 3.0, 9.999602739000693, 11.694447964429855, 3.0, 15.515227739000693, -10.305552035570145, 3.0, 19.702727739000693, 8.694447964429855, 3.0], "f": [0, 1, 2, 2, 1, 3, 2, 3, 4]}, "centroids": [[7.822803980438039, 1.4429574515670538, 3.0]]}, "mtl": 0}], "featureCount": 1, "startIndex": 0}