{"type": "block", "layer": 0, "block": 0, "features": [{"geom": {"polygons": [[[[-4.747963399626315, -2.469279509037733], [-4.747963399626315, -2.393123883754015], [-4.711567861842923, 3.4402302522212267], [4.747963399626315, 2.8747714292258024], [4.747963399626315, 2.8527228999882936], [4.612261756497901, -3.440230254083872], [-4.747963399626315, -2.469279509037733]]]], "centroids": [[0.02825224556727335, 0.10210998728871346, 3.0]], "h": 3.0}, "mtl": {"face": 0}}, {"geom": {"polygons": [[[[-4.747963399626315, -2.469279509037733], [-4.747963399626315, -2.393123883754015], [-4.711567861842923, 3.4402302522212267], [4.747963399626315, 2.8747714292258024], [4.747963399626315, 2.8527228999882936], [4.612261756497901, -3.440230254083872], [-4.747963399626315, -2.469279509037733]]]], "centroids": [[0.02825224556727335, 0.10210998728871346, 6.0]], "h": 6.0}, "mtl": {"face": 1}}], "featureCount": 2, "startIndex": 0}