{"type": "block", "layer": 0, "block": 0, "features": [{"geom": {"polygons": [[[[-3.2544999998644926, -3.2487962767481804], [-2.1525608592492063, 4.006803000345826], [-2.1499569200677797, 4.006803000345826], [3.2544999998644926, 3.155203726142645], [2.297089926432818, -4.006803000345826], [2.294103090185672, -4.006803000345826], [-3.2544999998644926, -3.2487962767481804]]]], "centroids": [[0.026998508110409603, -0.03643735311925411, 3.0]], "h": 3.0}, "mtl": {"face": 0}}, {"geom": {"polygons": [[[[-3.254500002018176, -3.2487962935119867], [-2.1525608588708565, 4.006803000345826], [-2.149957028537756, 4.006803000345826], [3.2544999998644926, 3.155203726142645], [2.297090072854189, -4.006803000345826], [2.2941030283400323, -4.006803000345826], [-3.254500002018176, -3.2487962935119867]]]], "centroids": [[0.026998540968634188, -0.03643738478422165, 6.0]], "h": 6.0}, "mtl": {"face": 1}}], "featureCount": 2, "startIndex": 0}