{"type": "block", "layer": 1, "block": 0, "features": [{"geom": {"triangles": {"v": [-13.264968166535255, 10.72867588698864, 3.0, -15.311843166535255, 0.7286758869886398, 3.0, 6.219406833464745, 5.72867588698864, 3.0, 4.203781833464745, -3.27132411301136, 3.0], "f": [0, 1, 2, 1, 3, 2]}, "centroids": [[-4.572983983845916, 3.4860885366797447, 3.0]]}, "mtl": 0}], "featureCount": 1, "startIndex": 0}