{"type": "block", "layer": 0, "block": 0, "features": [{"geom": {"polygons": [[[[-0.9522734791680705, -0.791822349652648], [-0.7862910689727869, 0.9998235106468201], [-0.7855526047933381, 0.9998235106468201], [0.9522734791680705, 0.7615223433822393], [0.7522541062789969, -0.9998235106468201], [0.7514237329014577, -0.9998235106468201], [-0.9522734791680705, -0.791822349652648]]]], "centroids": [[-0.010247642290778458, -0.004153894260525703, 3.0]], "h": 3.0}, "mtl": {"face": 0}}], "featureCount": 1, "startIndex": 0}