{"type": "block", "layer": 1, "block": 0, "features": [{"geom": {"triangles": {"v": [-0.7885156502306927, 0.561086293309927, 3.0, -1.8978906502306927, -11.438913706690073, 3.0, 6.633359349769307, -0.438913706690073, 3.0, 5.570859349769307, -11.438913706690073, 3.0], "f": [0, 1, 2, 1, 3, 2]}, "centroids": [[2.3654389801376965, -5.419393694028258, 3.0]]}, "mtl": 0}], "featureCount": 1, "startIndex": 0}