{"type": "block", "layer": 0, "block": 0, "features": [{"geom": {"polygons": [[[[-2.693620642530732, -5.302320631220937], [-1.069868392602075, 5.914264924824238], [-1.0656948276155163, 5.914264924824238], [2.693620642501628, 5.370328785851598], [1.168074403918581, -5.914264924824238], [1.1642655386240222, -5.914264924824238], [-2.693620642530732, -5.302320631220937]]]], "centroids": [[0.022390315658412874, -0.009163560345768929, 3.0]], "h": 3.0}, "mtl": {"face": 0}}], "featureCount": 1, "startIndex": 0}