{"type": "block", "layer": 1, "block": 0, "features": [{"geom": {"triangles": {"v": [-21.38116154493764, 8.277499999850988, 3.0, -22.78741154493764, -1.7225000001490116, 3.0, -11.41241154493764, 7.277499999850988, 3.0, 1.6344634550623596, -5.722500000149012, 3.0, -2.3655365449376404, 5.277499999850988, 3.0, 3.3375884550623596, 4.277499999850988, 3.0], "f": [0, 1, 2, 3, 2, 1, 4, 2, 3, 4, 3, 5]}, "centroids": [[-9.784324966953136, 1.4867534432560205, 3.0]]}, "mtl": 0}], "featureCount": 1, "startIndex": 0}