{"type": "block", "layer": 1, "block": 0, "features": [{"geom": {"triangles": {"v": [-1.6089335695724003, 5.0914387460798025, 3.0, -3.3589335695724003, -3.9085612539201975, 3.0, 3.3598164304275997, 4.0914387460798025, 3.0, 1.5941914304275997, -4.9085612539201975, 3.0], "f": [0, 1, 2, 1, 3, 2]}, "centroids": [[-0.006056642072508112, -0.013861384242773056, 3.0]]}, "mtl": 0}], "featureCount": 1, "startIndex": 0}