{"type": "block", "layer": 0, "block": 0, "features": [{"geom": {"polygons": [[[[-4.406700496794656, -1.7497675698250532], [-4.406700496794656, -1.7473557014018297], [-3.519761284609558, 2.9695014394819736], [4.406700496794656, 1.4790408313274384], [4.406700496794656, 1.476826163008809], [3.48749490416958, -2.9695014376193285], [-4.406700496794656, -1.7497675698250532]]]], "centroids": [[-0.044174518377985805, -0.05736492946743965, 3.0]], "h": 3.0}, "mtl": {"face": 0}}, {"geom": {"polygons": [[[[-2.5048427148140036, 4.406700497493148], [0.5245287547004409, 4.406700497493148], [0.4165027134877164, 3.8573822248727083], [-2.5048427148140036, 4.406700497493148]]]], "centroids": [[-0.5212704155419488, 4.223594406619668, 3.0]], "h": 3.0}, "mtl": {"face": 0}}, {"geom": {"polygons": [[[[-4.406700496794656, -1.7497675716876984], [-4.406700496794656, -1.7473557032644749], [-3.3719233132433146, 3.7557227332144976], [4.406700496794656, 2.293061001226306], [4.406700496794656, 1.476826161146164], [3.48749490416958, -2.9695014376193285], [-4.406700496794656, -1.7497675716876984]]]], "centroids": [[0.03223233169410378, 0.3331190999597311, 6.0]], "h": 6.0}, "mtl": {"face": 1}}], "featureCount": 3, "startIndex": 0}