{"type": "block", "layer": 1, "block": 0, "features": [{"geom": {"triangles": {"v": [0.9833884100662544, 26.74834231287241, 3.0, -4.407236589933746, -1.2516576871275902, 3.0, 3.4833884100662544, -3.25165768712759, 3.0, 9.389638410066254, 25.74834231287241, 3.0], "f": [0, 1, 2, 0, 2, 3]}, "centroids": [[2.3910186279099435, 12.097554692998528, 3.0]]}, "mtl": 0}], "featureCount": 1, "startIndex": 0}