{"type": "block", "layer": 1, "block": 0, "features": [{"geom": {"triangles": {"v": [-2.417072387645021, 18.290759187191725, 3.0, -4.557697387645021, -5.709240812808275, 3.0, 5.473552612354979, -6.709240812808275, 3.0, 7.536052612354979, 17.290759187191725, 3.0], "f": [0, 1, 2, 0, 2, 3]}, "centroids": [[1.5021350579336286, 5.8936183881014585, 3.0]]}, "mtl": 0}], "featureCount": 1, "startIndex": 0}