{"type": "block", "layer": 1, "block": 0, "features": [{"geom": {"triangles": {"v": [-3.965107294730842, 0.4471799246966839, 3.0, -4.933857294730842, -6.552820075303316, 3.0, 2.941142705269158, -7.552820075303316, 3.0, 6.972392705269158, 21.447179924696684, 3.0, -0.8713572947308421, 23.447179924696684, 3.0], "f": [0, 1, 2, 0, 2, 3, 4, 0, 3]}, "centroids": [[0.9938642102351878, 7.5578439719974995, 3.0]]}, "mtl": 0}], "featureCount": 1, "startIndex": 0}