{"type": "block", "layer": 1, "block": 0, "features": [{"geom": {"triangles": {"v": [-3.8039053161046468, 5.422230310738087, 3.0, -5.850780316104647, -4.577769689261913, 3.0, 15.711719683895353, 1.4222303107380867, 3.0, 13.742969683895353, -8.577769689261913, 3.0], "f": [0, 1, 2, 1, 3, 2]}, "centroids": [[4.9320039900776464, -1.6312202233821154, 3.0]]}, "mtl": 0}], "featureCount": 1, "startIndex": 0}