{"type": "block", "layer": 1, "block": 0, "features": [{"geom": {"triangles": {"v": [-8.226784280617721, 4.822666849941015, 3.0, -16.55490928061772, -1.1773331500589848, 3.0, 29.36696571938228, -7.177333150058985, 3.0, 30.69509071938228, -0.17733315005898476, 3.0], "f": [0, 1, 2, 0, 2, 3]}, "centroids": [[8.746725443459582, -1.2292062062770128, 3.0]]}, "mtl": 0}], "featureCount": 1, "startIndex": 0}