{"type": "block", "layer": 0, "block": 0, "features": [{"geom": {"polygons": [[[[-6.919761889032088, -0.9017718285322189], [-6.919761889032088, -0.8982502110302448], [-5.8209122910921, 4.433425130322576], [6.919761889032088, 1.6537019442766905], [6.919761889032088, 1.6503285393118858], [5.613216822326649, -4.433425130322576], [-1.8230245025770273, -3.022423291578889], [-1.6444976655184291, -2.150200752541423], [-6.919761889032088, -0.9017718285322189]]]], "centroids": [[0.1369223143265117, 0.060107920318841934, 3.0]], "h": 3.0}, "mtl": {"face": 0}}, {"geom": {"polygons": [[[[-6.919761889032088, -0.9017718285322189], [-6.919761889032088, -0.8982502110302448], [-5.820912291237619, 4.433425130322576], [6.919761889032088, 1.6537019461393356], [6.919761889032088, -3.385649297386408], [6.759684221469797, -4.105159131810069], [6.70864586380776, -4.191276749596], [6.574628566362662, -4.3397333566099405], [6.406313912710175, -4.4477619510143995], [6.215529089327902, -4.507771546021104], [6.01568021858111, -4.515545366331935], [5.613216822326649, -4.433425130322576], [-1.8230245025770273, -3.022423291578889], [-1.6444976655184291, -2.150200752541423], [-6.919761889032088, -0.9017718285322189]]]], "centroids": [[0.43605625454802066, -0.05416694097220898, 6.0]], "h": 6.0}, "mtl": {"face": 1}}], "featureCount": 2, "startIndex": 0}