{"type": "block", "layer": 1, "block": 0, "features": [{"geom": {"triangles": {"v": [-7.165875000006054, 2.85490445792675, 3.0, -12.150250000006054, -10.14509554207325, 3.0, -6.869000000006054, -10.14509554207325, 3.0, -1.2908750000060536, -11.14509554207325, 3.0, 3.5684999999939464, 0.8549044579267502, 3.0, 6.865374999993946, 8.85490445792675, 3.0, 1.4747499999939464, 17.85490445792675, 3.0, 8.974749999993946, 14.85490445792675, 3.0, -0.3221250000060536, 18.85490445792675, 3.0, 1.7247499999939464, 18.85490445792675, 3.0, 0.021624999993946403, 19.85490445792675, 3.0], "f": [0, 1, 2, 0, 2, 3, 0, 3, 4, 5, 0, 4, 5, 6, 0, 6, 5, 7, 8, 0, 6, 8, 6, 9, 10, 8, 9]}, "centroids": [[-1.3973815001372714, 3.0995971485972404, 3.0]]}, "mtl": 0}], "featureCount": 1, "startIndex": 0}