{"type": "block", "layer": 0, "block": 0, "features": [{"geom": {"polygons": [[[[-0.627980477118399, 7.166028395295143], [2.9928442091913894, 7.166028395295143], [7.166028395848116, -3.383172057569027], [7.166028395848116, -4.886498128995299], [4.2450576343690045, -5.905274210497737], [-0.627980477118399, 7.166028395295143]]]], "centroids": [[3.545633492525667, 0.891357071697712, 3.0]], "h": 3.0}, "mtl": {"face": 0}}, {"geom": {"polygons": [[[[-5.676298597129062, 7.166028395295143], [-4.3606335946242325, 7.166028395295143], [-4.2881565472634975, 6.97161796875298], [-3.7307551896956284, 7.166028395295143], [-0.6303024625231046, 7.166028395295143], [-4.245057634660043, 5.905274208635092], [0.6279804769728798, -7.166028395295143], [-0.3343729273765348, -7.166028395295143], [-5.676298597129062, 7.166028395295143]]]], "centroids": [[-2.624208833120065, 1.0379049070179462, 3.0]], "h": 3.0}, "mtl": {"face": 0}}, {"geom": {"polygons": [[[[-4.245057634660043, 5.905274208635092], [-0.6303024622611701, 7.166028395295143], [-0.6279804769728798, 7.166028395295143], [4.245057634689147, -5.905274210497737], [0.630302462115651, -7.166028395295143], [0.6279804768273607, -7.166028395295143], [-4.245057634660043, 5.905274208635092]]]], "centroids": [[-2.9103830456733704e-11, 0.0, 3.0]], "h": 3.0}, "mtl": {"face": 0}}], "featureCount": 3, "startIndex": 0}