{"type": "block", "layer": 1, "block": 0, "features": [{"geom": {"triangles": {"v": [-7.057255791965872, 4.729000465944409, 3.0, -8.057255791965872, -2.2709995340555906, 3.0, 8.989619208034128, 2.7290004659444094, 3.0, 8.583369208034128, -4.270999534055591, 3.0], "f": [0, 1, 2, 1, 3, 2]}, "centroids": [[0.584110323281493, -0.10123794339597225, 3.0]]}, "mtl": 0}], "featureCount": 1, "startIndex": 0}