{"type": "block", "layer": 0, "block": 0, "features": [{"geom": {"polygons": [[[[-3.124054768093629, -4.54549340903759], [-1.0909268076939043, 5.401803478598595], [-1.0881419118668418, 5.401803478598595], [3.1240547681227326, 4.550955947488546], [1.109717540704878, -5.401803478598595], [1.106938927579904, -5.401803478598595], [-3.124054768093629, -4.54549340903759]]]], "centroids": [[0.003991228004451841, -0.0023983530700206757, 3.0]], "h": 3.0}, "mtl": {"face": 0}}, {"geom": {"polygons": [[[[1.109717540704878, -5.401803478598595], [1.594387538090814, -3.007068468257785], [4.727738746703835, -3.6412268672138453], [4.371415956586134, -5.401803478598595], [1.109717540704878, -5.401803478598595]]]], "centroids": [[2.869483812391991, -4.354910455644131, 3.0]], "h": 3.0}, "mtl": {"face": 0}}], "featureCount": 2, "startIndex": 0}