{"type": "block", "layer": 1, "block": 0, "features": [{"geom": {"triangles": {"v": [3.7038135754410177, 11.017602033913136, 3.0, -6.858686424558982, -5.9823979660868645, 3.0, 12.047563575441018, 6.0176020339131355, 3.0, 1.5006885754410177, -10.982397966086864, 3.0], "f": [0, 1, 2, 1, 3, 2]}, "centroids": [[2.5914836103329435, -0.03520842827856541, 3.0]]}, "mtl": 0}], "featureCount": 1, "startIndex": 0}