{"type": "block", "layer": 0, "block": 0, "features": [{"geom": {"polygons": [[[[-6.400932712800568, -3.35216342844069], [-6.400932712800568, -3.347810974344611], [-5.0475728691671975, 5.593959454447031], [6.400932712800568, 0.26126792654395103], [6.400932712800568, 0.25763485580682755], [5.27767550261342, -5.593959456309676], [-6.400932712800568, -3.35216342844069]]]], "centroids": [[-0.3309391801303718, -0.6302132718265057, 3.0]], "h": 3.0}, "mtl": {"face": 0}}, {"geom": {"polygons": [[[[-6.400932712800568, -3.9508572444319725], [-6.400932712800568, -0.2311444040387869], [-6.280920358141884, -0.2503776252269745], [-5.890949567547068, 2.3395610358566046], [-6.137818857474485, 2.376732500270009], [-5.606428249273449, 5.85427319817245], [-5.0475728691671975, 5.593959454447031], [6.400932712800568, 0.26126792654395103], [6.400932712800568, 0.25763485580682755], [5.277675504767103, -5.593959445133805], [5.147073923435528, -6.247875412926078], [0.857609579252312, -5.391173856332898], [0.9114271308353636, -5.096040545031428], [-2.3885728691820987, -4.41904054582119], [-2.4513083042111248, -4.712407663464546], [-6.400932712800568, -3.9508572444319725]]]], "centroids": [[-0.5348652754328214, -0.7874754201620817, 6.0]], "h": 6.0}, "mtl": {"face": 1}}, {"geom": {"polygons": [[[[-3.4110928417067043, 1.841060720384121], [-2.2845728692191187, 4.306959453970194], [6.400932712800568, 0.26126792654395103], [6.400932712800568, 0.25763485580682755], [5.277675504767103, -5.593959445133805], [5.147073923435528, -6.247875412926078], [0.857609579252312, -5.391173856332898], [0.9114271308353636, -5.096040545031428], [1.79760488026659, -0.7676917519420385], [-3.4110928417067043, 1.841060720384121]]]], "centroids": [[2.321889526792802, -0.9374130498617887, 9.0]], "h": 9.0}, "mtl": {"face": 2}}], "featureCount": 3, "startIndex": 0}