{"type": "block", "layer": 1, "block": 0, "features": [{"geom": {"triangles": {"v": [-5.055072869174182, 5.194959454238415, 3.0, -6.398822869174182, -3.8050405457615852, 3.0, 7.991802130825818, -0.8050405457615852, 3.0, 9.960552130825818, -6.805040545761585, 3.0, 11.257427130825818, -0.8050405457615852, 3.0], "f": [0, 1, 2, 2, 1, 3, 2, 3, 4]}, "centroids": [[1.6565660543274134, -1.24717665463686, 3.0]]}, "mtl": 0}], "featureCount": 1, "startIndex": 0}