{"type": "block", "layer": 0, "block": 0, "features": [{"geom": {"polygons": [[[[-5.479974472196773, -6.171715227887034], [-2.7674692173022777, 6.949056748300791], [-2.763240247120848, 6.949056748300791], [5.479974472196773, 5.546751722693443], [2.807618105056463, -5.386891018599272], [-1.10672286504996, -4.5988326873630285], [-1.6184490607702173, -6.949056748300791], [-1.6220495246525388, -6.949056748300791], [-5.479974472196773, -6.171715227887034]]]], "centroids": [[-0.17122339419438504, 0.27213395945727825, 3.0]], "h": 3.0}, "mtl": {"face": 0}}, {"geom": {"polygons": [[[[-5.479974472371396, -6.171715227887034], [-2.767469218088081, 6.949056748300791], [1.188585872791009, 6.949056748300791], [1.0774383673560806, 6.295694788917899], [1.6352104722463991, 6.200808672234416], [1.7526236533012707, 6.8910023514181376], [5.646621635823976, 6.228569902479649], [2.8076180960342754, -5.386891016736627], [-1.1065871661121491, -4.598209457471967], [-1.6184490609448403, -6.949056748300791], [-1.6220495248271618, -6.949056748300791], [-5.479974472371396, -6.171715227887034]]]], "centroids": [[-0.07099058720632456, 0.5089118964970112, 6.0]], "h": 6.0}, "mtl": {"face": 1}}], "featureCount": 2, "startIndex": 0}