{"type": "block", "layer": 1, "block": 0, "features": [{"geom": {"triangles": {"v": [-2.7614005425130017, 7.146751724183559, 3.0, -8.667650542513002, -21.85324827581644, 3.0, -1.4176505425130017, -22.85324827581644, 3.0, 5.472974457486998, 5.146751724183559, 3.0], "f": [0, 1, 2, 0, 2, 3]}, "centroids": [[-1.7747448005247861, -7.62571993842721, 3.0]]}, "mtl": 0}], "featureCount": 1, "startIndex": 0}