{"type": "block", "layer": 1, "block": 0, "features": [{"geom": {"triangles": {"v": [-16.136873352865223, -2.341638159006834, 3.0, -17.308748352865223, -5.341638159006834, 3.0, 3.285001647134777, -8.341638159006834, 3.0, -9.386873352865223, 3.658361840993166, 3.0, -13.449373352865223, 3.658361840993166, 3.0, -16.511873352865223, -1.341638159006834, 3.0, 4.831876647134777, 1.658361840993166, 3.0], "f": [0, 1, 2, 0, 2, 3, 3, 4, 0, 5, 0, 4, 6, 3, 2]}, "centroids": [[-5.62742738329689, -1.926418973132968, 3.0]]}, "mtl": 0}], "featureCount": 1, "startIndex": 0}