{"type": "block", "layer": 1, "block": 0, "features": [{"geom": {"triangles": {"v": [-7.7876285376551095, 8.182817053049803, 3.0, -9.75637853765511, -0.8171829469501972, 3.0, 9.75924646234489, 1.1828170530498028, 3.0, 8.22799646234489, -7.817182946950197, 3.0], "f": [0, 1, 2, 1, 3, 2]}, "centroids": [[0.12512355897342786, 0.047412509098649025, 3.0]]}, "mtl": 0}], "featureCount": 1, "startIndex": 0}