{"type": "block", "layer": 0, "block": 0, "features": [{"geom": {"polygons": [[[[-5.013282538449857, -1.1441076006740332], [-5.013282538449857, -1.1427106074988842], [-2.8154163967701606, 4.221767220646143], [5.013282538449857, -0.33594032004475594], [5.013282538449857, -0.3379712160676718], [3.893532051501097, -4.221767222508788], [-5.013282538449857, -1.1441076006740332]]]], "centroids": [[0.0062696746026631445, -0.27513615414500237, 3.0]], "h": 3.0}, "mtl": {"face": 0}}, {"geom": {"polygons": [[[[-2.0592114538594615, -5.013282539322972], [-1.1161778619280085, -2.490712672472], [3.8935320514137857, -4.221767222508788], [3.6653275806456804, -5.013282539322972], [-2.0592114538594615, -5.013282539322972]]]], "centroids": [[0.6234999634325504, -4.111236445605755, 3.0]], "h": 3.0}, "mtl": {"face": 0}}, {"geom": {"polygons": [[[[-5.013282538449857, -1.1441076006740332], [-5.013282538449857, -1.1427106074988842], [-2.8154163967701606, 4.221767220646143], [5.013282538449857, -0.33594032004475594], [5.013282538449857, -0.3379712160676718], [3.893532051501097, -4.221767222508788], [-5.013282538449857, -1.1441076006740332]]]], "centroids": [[0.0062696746026631445, -0.27513615414500237, 6.0]], "h": 6.0}, "mtl": {"face": 1}}, {"geom": {"polygons": [[[[-2.272332420805469, -5.013282539322972], [-1.8936452028574422, -3.892013233155012], [-1.660842721699737, -3.947665186598897], [-1.1161778619280085, -2.490712672472], [3.893532052548835, -4.221767222508788], [4.338583866978297, -4.468232173472643], [4.169307856442174, -5.013282539322972], [-2.272332420805469, -5.013282539322972]]]], "centroids": [[0.6730002796684857, -4.139115495607257, 6.0]], "h": 6.0}, "mtl": {"face": 1}}], "featureCount": 4, "startIndex": 0}