{"type": "block", "layer": 0, "block": 0, "features": [{"geom": {"polygons": [[[[-5.538114584982395, -5.538114584982395], [-5.538114584982395, -2.810423020273447], [-1.0857075148960575, -3.650197133421898], [-1.356486698554363, -5.538114584982395], [-5.538114584982395, -5.538114584982395]]]], "centroids": [[-3.5048571602383163, -4.3577724155038595, 3.0]], "h": 3.0}, "mtl": {"face": 0}}, {"geom": {"polygons": [[[[-5.538114584982395, -5.538114584982395], [-5.538114584982395, -2.810423020273447], [-1.0857075148669537, -3.650197133421898], [-1.3564866985252593, -5.538114584982395], [-5.538114584982395, -5.538114584982395]]]], "centroids": [[-3.5048571602383163, -4.3577724155038595, 6.0]], "h": 6.0}, "mtl": {"face": 1}}, {"geom": {"polygons": [[[[-0.3181086248077918, -0.8259784672409296], [0.4032773851067759, 3.9526357389986515], [5.538114584982395, 3.1774719022214413], [5.538114584982395, -0.2562363054603338], [5.521537904365687, -0.26627384312450886], [5.423738404148025, -0.30492490716278553], [5.32085071617621, -0.3266681954264641], [5.215775423479499, -0.3308907262980938], [5.111474781355355, -0.31747346371412277], [5.010889206401771, -0.28679465875029564], [4.887952751276316, -1.0937122907489538], [4.995887891680468, -1.1022938266396523], [5.100865016342141, -1.1288162805140018], [5.199923592590494, -1.1725316755473614], [5.290270000841701, -1.2322071623057127], [5.369356319395592, -1.3061597924679518], [5.434952180163236, -1.392303977161646], [5.48520766873844, -1.4882103018462658], [5.518705495313043, -1.5911740474402905], [5.534500964393374, -1.6982914600521326], [5.532148617028724, -1.8065416514873505], [5.055237128894078, -4.808448456227779], [-0.17666984163224697, -3.8216518722474575], [0.261279057682259, -0.9204112123697996], [-0.3181086248077918, -0.8259784672409296]]]], "centroids": [[2.721042354009114, -0.37122855708003044, 9.0]], "h": 9.0}, "mtl": {"face": 2}}, {"geom": {"polygons": [[[[-0.3181086248077918, -0.8259784672409296], [0.4032773848157376, 3.9526357389986515], [5.538114584982395, 3.1774719059467316], [5.538114584982395, -0.2562363054603338], [5.521537905762671, -0.26627384312450886], [5.42373840478831, -0.30492490343749523], [5.320850716379937, -0.3266681879758835], [5.215775423770538, -0.3308907151222229], [5.1114747826359235, -0.31747344695031643], [5.010889209836023, -0.28679463639855385], [4.8016119530948345, -1.6604271214455366], [-0.3181086248077918, -0.8259784672409296]]]], "centroids": [[2.708914799586637, 1.1496408861130476, 12.0]], "h": 12.0}, "mtl": {"face": 3}}, {"geom": {"polygons": [[[[-5.538114584982395, -2.810423020273447], [-5.538114584982395, -2.8067554123699665], [-4.375279352185316, 4.674014866352081], [0.9837219542823732, 3.86501083150506], [5.538114584982395, 3.1774719059467316], [5.538114584982395, 3.1737528815865517], [4.342482322332216, -4.674014864489436], [-0.17666984230163507, -3.821651875972748], [-2.68039775264333, -3.3494205959141254], [-5.538114584982395, -2.810423020273447]]]], "centroids": [[0.030634031136287376, 0.08364643901586533, 3.0]], "h": 3.0}, "mtl": {"face": 0}}, {"geom": {"polygons": [[[[-0.41358064324595034, -5.538114584982395], [-0.17666984230163507, -3.821651875972748], [4.342482322274009, -4.674014864489436], [4.20501207318739, -5.538114584982395], [-0.41358064324595034, -5.538114584982395]]]], "centroids": [[1.7385328837262932, -4.869011614471674, 3.0]], "h": 3.0}, "mtl": {"face": 0}}, {"geom": {"polygons": [[[[-0.4135806431877427, -5.538114584982395], [-0.1766698422434274, -3.821651875972748], [4.342482322332216, -4.674014864489436], [4.205012073245598, -5.538114584982395], [-0.4135806431877427, -5.538114584982395]]]], "centroids": [[1.738532883755397, -4.869011614471674, 6.0]], "h": 6.0}, "mtl": {"face": 1}}, {"geom": {"polygons": [[[[-5.538114584982395, -2.810423020273447], [-5.538114584982395, -2.8067554123699665], [-4.375279352185316, 4.674014866352081], [0.9837219542823732, 3.86501083150506], [5.538114584982395, 3.1774719059467316], [5.538114584982395, -0.2562363054603338], [5.521537905384321, -0.26627384312450886], [5.4237384049920365, -0.30492490716278553], [5.320850716816494, -0.3266681954264641], [5.215775423857849, -0.33089072816073895], [5.111474781500874, -0.31747346371412277], [5.010889206401771, -0.28679465875029564], [4.887952751072589, -1.0937122907489538], [4.995887891476741, -1.1022938266396523], [5.100865016167518, -1.1288162805140018], [5.199923592474079, -1.1725316755473614], [5.29027000075439, -1.2322071623057127], [5.369356319337385, -1.3061597924679518], [5.434952180105029, -1.3923039752990007], [5.48520766873844, -1.4882103018462658], [5.518705495283939, -1.5911740474402905], [5.534500964393374, -1.6982914600521326], [5.532148617028724, -1.8065416514873505], [5.0552371289231814, -4.808448456227779], [4.342482322332216, -4.674014864489436], [-0.17666984230163507, -3.821651875972748], [0.2612790577695705, -0.9204112123697996], [-2.237303029105533, -0.5131744369864464], [-2.68039775264333, -3.3494205959141254], [-5.538114584982395, -2.810423020273447]]]], "centroids": [[0.39276888367021456, 0.20836400240659714, 6.0]], "h": 6.0}, "mtl": {"face": 1}}], "featureCount": 8, "startIndex": 0}