{"type": "block", "layer": 1, "block": 0, "features": [{"geom": {"triangles": {"v": [3.1739823223324493, -11.70601486414671, 3.0, -6.669767677667551, -9.70601486414671, 3.0, -8.21664267766755, -19.70601486414671, 3.0, 4.345857322332449, -4.706014864146709, 3.0, -5.544767677667551, -2.7060148641467094, 3.0, 5.533357322332449, 3.2939851358532906, 3.0, -4.372892677667551, 4.293985135853291, 3.0, 1.6896073223324493, -21.70601486414671, 3.0], "f": [0, 1, 2, 1, 0, 3, 4, 1, 3, 4, 3, 5, 6, 4, 5, 0, 2, 7]}, "centroids": [[-1.3351414542994462, -8.42183736525476, 3.0]]}, "mtl": 0}], "featureCount": 1, "startIndex": 0}