{"type": "block", "layer": 1, "block": 0, "features": [{"geom": {"triangles": {"v": [-17.450110875826795, 6.4636930003762245, 3.0, -18.356360875826795, -3.5363069996237755, 3.0, 5.471764124173205, -5.5363069996237755, 3.0, 6.549889124173205, 4.4636930003762245, 3.0], "f": [0, 1, 2, 0, 2, 3]}, "centroids": [[-5.939549872739008, 0.5484982933849096, 3.0]]}, "mtl": 0}], "featureCount": 1, "startIndex": 0}