{"type": "block", "layer": 0, "block": 0, "features": [{"geom": {"polygons": [[[[-4.557514782791259, -2.9290558099746704], [-2.7688828078389633, 4.705516565591097], [-2.7666638101509307, 4.705516565591097], [4.557514782820363, 3.071012834087014], [2.7356250349257607, -4.705516565591097], [2.7335833104443736, -4.705516565591097], [-4.557514782791259, -2.9290558099746704]]]], "centroids": [[0.002906841895310208, 0.03287039324641228, 3.0]], "h": 3.0}, "mtl": {"face": 0}}, {"geom": {"polygons": [[[[-4.557514782791259, -2.9290558099746704], [-2.7688828076643404, 4.705516565591097], [-2.7666635842469987, 4.705516565591097], [4.705516566027654, 3.038162484765053], [4.705516566027654, 1.1699659880250692], [4.5038115341740195, 0.3214893862605095], [4.466684992308728, 0.1449135821312666], [4.417625986941857, 0.025901949033141136], [4.280816714541288, -0.08871669322252274], [4.111883882724214, -0.14630061760544777], [3.7697085409308784, -1.6068371906876564], [3.8516845643753186, -1.6877238266170025], [3.9430977926240303, -1.8413558509200811], [3.9508581108239014, -2.004521209746599], [3.3502221891249064, -4.705516565591097], [2.7335833099496085, -4.705516565591097], [-4.557514782791259, -2.9290558099746704]]]], "centroids": [[0.22776979181799106, -0.03930084779858589, 6.0]], "h": 6.0}, "mtl": {"face": 1}}, {"geom": {"polygons": [[[[-4.557514782791259, -2.9290558099746704], [-2.7688828076643404, 4.705516565591097], [-2.7666635842469987, 4.705516565591097], [4.705516566027654, 3.038162484765053], [4.705516566027654, 1.1699659880250692], [4.5038115341740195, 0.3214893862605095], [4.466684992308728, 0.1449135821312666], [4.417625986941857, 0.025901949033141136], [4.280816714541288, -0.08871669322252274], [4.111883882724214, -0.14630061760544777], [3.7697085409308784, -1.6068371906876564], [3.8516845643753186, -1.6877238266170025], [3.9430977926240303, -1.8413558509200811], [3.9508581108239014, -2.004521209746599], [3.3502221891249064, -4.705516565591097], [2.7335833099496085, -4.705516565591097], [-4.557514782791259, -2.9290558099746704]]]], "centroids": [[0.22776979181799106, -0.03930084779858589, 9.0]], "h": 9.0}, "mtl": {"face": 2}}, {"geom": {"polygons": [[[[-4.557514782791259, -2.9290558099746704], [-2.7688828076643404, 4.705516565591097], [-2.7666635842469987, 4.705516565591097], [4.705516566027654, 3.038162484765053], [4.705516566027654, 1.1699659880250692], [4.5038115341740195, 0.3214893862605095], [4.466684992308728, 0.1449135821312666], [4.417625986941857, 0.025901949033141136], [4.280816714541288, -0.08871669322252274], [4.111883882724214, -0.14630061760544777], [3.7697085409308784, -1.6068371906876564], [3.8516845643753186, -1.6877238266170025], [3.9430977926240303, -1.8413558509200811], [3.9508581108239014, -2.004521209746599], [3.3502221891249064, -4.705516565591097], [2.7335833099496085, -4.705516565591097], [-4.557514782791259, -2.9290558099746704]]]], "centroids": [[0.22776979181799106, -0.03930084779858589, 12.0]], "h": 12.0}, "mtl": {"face": 3}}, {"geom": {"polygons": [[[[-4.557514785206877, -2.9290558211505413], [-2.7688828074606135, 4.705516565591097], [-2.766663636750309, 4.705516565591097], [4.705516566027654, 3.038162473589182], [4.705516566027654, 1.169965986162424], [4.5038115317584015, 0.3214893750846386], [4.4666849898931105, 0.1449135709553957], [4.417625984526239, 0.02590193785727024], [4.28081671212567, -0.08871670439839363], [4.111883880308596, -0.14630062878131866], [3.7697085385152604, -1.6068372018635273], [3.8516845619597007, -1.6877238377928734], [3.9430977902084123, -1.841355862095952], [3.9508581084082834, -2.00452122092247], [3.3502221891540103, -4.705516565591097], [2.7335833063407335, -4.705516565591097], [-4.557514785206877, -2.9290558211505413]]]], "centroids": [[0.22776978931506164, -0.03930085338652134, 15.0]], "h": 15.0}, "mtl": {"face": 4}}], "featureCount": 5, "startIndex": 0}