{"type": "block", "layer": 0, "block": 0, "features": [{"geom": {"polygons": [[[[-4.427839142939774, -2.3153193313628435], [-4.427839142939774, -2.313133653253317], [-3.096637199894758, 3.9675672370940447], [4.427839142939774, 2.371733594685793], [4.427839142939774, 2.3694207221269608], [3.163190332619706, -3.9675672370940447], [-4.427839142939774, -2.3153193313628435]]]], "centroids": [[0.019592033844674006, 0.008030926808714867, 3.0]], "h": 3.0}, "mtl": {"face": 0}}, {"geom": {"polygons": [[[[-4.427839142939774, -2.3153193313628435], [-4.427839142939774, -2.313133653253317], [-3.096637199894758, 3.9675672370940447], [4.427839142939774, 2.371733594685793], [4.427839142939774, 2.3694207221269608], [3.952174614620162, -0.014071330428123474], [4.427839142939774, -0.12077722325921059], [4.427839142939774, -1.590870564803481], [3.860670655150898, -4.119379373267293], [-4.427839142939774, -2.3153193313628435]]]], "centroids": [[0.228134824661538, -0.10801712051033974, 6.0]], "h": 6.0}, "mtl": {"face": 1}}], "featureCount": 2, "startIndex": 0}