{"type": "block", "layer": 1, "block": 0, "features": [{"geom": {"triangles": {"v": [-18.500575371464947, 1.3307620622217655, 3.0, -18.563075371464947, 0.3307620622217655, 3.0, 5.249424628535053, -4.6692379377782345, 3.0, 6.593174628535053, 2.3307620622217655, 3.0, -17.266200371464947, 7.3307620622217655, 3.0], "f": [0, 1, 2, 0, 2, 3, 4, 0, 3]}, "centroids": [[-5.957884682982694, 1.2982065510004759, 3.0]]}, "mtl": 0}], "featureCount": 1, "startIndex": 0}