{"type": "block", "layer": 0, "block": 0, "features": [{"geom": {"polygons": [[[[-4.852433523745276, -3.5245835967361927], [-2.5536523096670862, 5.223924262449145], [-2.5515037671430036, 5.223924262449145], [4.852433523716172, 3.300691632553935], [3.009189724107273, -5.223924262449145], [3.006660564104095, -5.223924262449145], [-4.852433523745276, -3.5245835967361927]]]], "centroids": [[0.08215649882913567, -0.08633237332105637, 3.0]], "h": 3.0}, "mtl": {"face": 0}}, {"geom": {"polygons": [[[[-5.223924261808861, 5.070590414106846], [-5.223924261808861, 5.223924262449145], [-5.176807072304655, 5.223924262449145], [-5.223924261808861, 5.070590414106846]]]], "centroids": [[-5.208218531974126, 5.172812979668379, 3.0]], "h": 3.0}, "mtl": {"face": 0}}, {"geom": {"polygons": [[[[-4.852433523745276, -3.5245835967361927], [-2.5536523096670862, 5.223924262449145], [-2.5515037671430036, 5.223924262449145], [4.852433523716172, 3.300691632553935], [3.009189724107273, -5.223924262449145], [3.006660564104095, -5.223924262449145], [-4.852433523745276, -3.5245835967361927]]]], "centroids": [[0.08215649882913567, -0.08633237332105637, 6.0]], "h": 6.0}, "mtl": {"face": 1}}, {"geom": {"polygons": [[[[-5.223924261808861, 5.070590414106846], [-5.223924261808861, 5.223924262449145], [-5.176807072304655, 5.223924262449145], [-5.223924261808861, 5.070590414106846]]]], "centroids": [[-5.208218531974126, 5.172812979668379, 6.0]], "h": 6.0}, "mtl": {"face": 1}}], "featureCount": 4, "startIndex": 0}