{"type": "block", "layer": 1, "block": 0, "features": [{"geom": {"triangles": {"v": [-8.984989553166088, -13.101580291986465, 3.0, -3.2974895531660877, -15.101580291986465, 3.0, -1.5631145531660877, 3.8984197080135345, 3.0, 4.155635446833912, 1.8984197080135345, 3.0], "f": [0, 1, 2, 2, 1, 3]}, "centroids": [[-2.4185879447322804, -5.431008039042354, 3.0]]}, "mtl": 0}], "featureCount": 1, "startIndex": 0}