{"type": "block", "layer": 0, "block": 0, "features": [{"geom": {"polygons": [[[[-3.0067578569287434, -2.7213857267051935], [-2.2153200308675878, 2.2155795600265265], [-0.19020259645185433, 1.8243302498012781], [0.10558939471957274, 3.6694717686623335], [0.10800830839434639, 3.6694717686623335], [3.0067578569578473, 3.2187272366136312], [1.9025205509678926, -3.6694717686623335], [1.90056221105624, -3.6694717686623335], [-3.0067578569287434, -2.7213857267051935]]]], "centroids": [[0.13362684412277304, -0.13376029022037983, 3.0]], "h": 3.0}, "mtl": {"face": 0}}, {"geom": {"polygons": [[[[-3.669471768720541, 3.5915503688156605], [-3.669471768720541, 3.6694717686623335], [-1.3471576284209732, 3.6694717686623335], [-1.3950456513557583, 3.195423571392894], [-3.669471768720541, 3.5915503688156605]]]], "centroids": [[-2.2445641924568918, 3.507854113355279, 3.0]], "h": 3.0}, "mtl": {"face": 0}}], "featureCount": 2, "startIndex": 0}