{"type": "block", "layer": 0, "block": 0, "features": [{"geom": {"polygons": [[[[-5.777569478843361, -2.9706524834036827], [-5.777569478843361, -0.2149077132344246], [-5.69074590926175, 0.1738958414644003], [-5.12358916120138, 0.41948140040040016], [-4.8173518476542085, 1.7908389326184988], [-5.222258854977554, 2.2718219328671694], [-4.720822915172903, 4.517296019941568], [-4.119269898306811, 4.9169110879302025], [-4.021147293649847, 4.897474298253655], [5.777569478843361, 2.710868239402771], [5.777569478843361, 2.7078535612672567], [4.908980928070378, -1.630075266584754], [3.7095463144942187, -1.3951583057641983], [3.0039635722059757, -4.897474298253655], [-5.777569478843361, -2.9706524834036827]]]], "centroids": [[-0.365102251409553, 0.09709372371435165, 12.0]], "h": 12.0}, "mtl": {"face": 0}}, {"geom": {"polygons": [[[[-5.777569478843361, -2.9706524834036827], [-5.777569478843361, -2.96793819591403], [-4.021147293649847, 4.897474298253655], [5.777569478843361, 2.710868239402771], [5.777569478843361, 2.7078535612672567], [4.908980928070378, -1.630075266584754], [3.7095463144942187, -1.3951583057641983], [3.0039635722059757, -4.897474298253655], [-5.777569478843361, -2.9706524834036827]]]], "centroids": [[-0.1840581127034966, 0.036977771669626236, 3.0]], "h": 3.0}, "mtl": {"face": 1}}, {"geom": {"polygons": [[[[-5.777569478843361, -2.9706524834036827], [-5.777569478843361, -0.2149077132344246], [-5.69074590926175, 0.1738958414644003], [-5.12358916120138, 0.41948140040040016], [-4.8173518476542085, 1.7908389326184988], [-5.222258854977554, 2.2718219328671694], [-4.720822915172903, 4.517296019941568], [-4.119269898306811, 4.9169110879302025], [-4.021147293649847, 4.897474298253655], [5.777569478843361, 2.710868239402771], [5.777569478843361, 2.7078535612672567], [4.908980928070378, -1.630075266584754], [3.7095463144942187, -1.3951583057641983], [3.0039635722059757, -4.897474298253655], [-5.777569478843361, -2.9706524834036827]]]], "centroids": [[-0.365102251409553, 0.09709372371435165, 6.0]], "h": 6.0}, "mtl": {"face": 2}}, {"geom": {"polygons": [[[[-5.777569478843361, -2.9706524834036827], [-5.777569478843361, -0.2149077132344246], [-5.69074590926175, 0.1738958414644003], [-5.12358916120138, 0.41948140040040016], [-4.8173518476542085, 1.7908389326184988], [-5.222258854977554, 2.2718219328671694], [-4.720822915172903, 4.517296019941568], [-4.119269898306811, 4.9169110879302025], [-4.021147293649847, 4.897474298253655], [5.777569478843361, 2.710868239402771], [5.777569478843361, 2.7078535612672567], [4.908980928070378, -1.630075266584754], [3.7095463144942187, -1.3951583057641983], [3.0039635722059757, -4.897474298253655], [-5.777569478843361, -2.9706524834036827]]]], "centroids": [[-0.365102251409553, 0.09709372371435165, 9.0]], "h": 9.0}, "mtl": {"face": 3}}], "featureCount": 4, "startIndex": 0}