{"type": "block", "layer": 1, "block": 0, "features": [{"geom": {"triangles": {"v": [-6.99553110904526, 4.8860000018030405, 3.0, -7.44865610904526, 3.8860000018030405, 3.0, 7.67634389095474, 1.8860000018030405, 3.0, -1.1049061090452597, -5.1139999981969595, 3.0, 10.77009389095474, -7.1139999981969595, 3.0, 12.42634389095474, 0.8860000018030405, 3.0, 8.83259389095474, -15.11399999819696, 3.0, 6.66071889095474, -17.11399999819696, 3.0], "f": [0, 1, 2, 1, 3, 2, 2, 3, 4, 2, 4, 5, 3, 6, 4, 3, 7, 6]}, "centroids": [[3.98919120253413, -3.9807194359600544, 3.0]]}, "mtl": 0}], "featureCount": 1, "startIndex": 0}