{"type": "block", "layer": 0, "block": 0, "features": [{"geom": {"polygons": [[[[-2.2658120075648185, -3.5025863088667393], [-0.6068822150700726, 4.025726491585374], [-0.604823355388362, 4.025726491585374], [2.2658120075939223, 3.4390911646187305], [0.6083962206612341, -4.025726491585374], [0.606096596660791, -4.025726491585374], [-2.2658120075648185, -3.5025863088667393]]]], "centroids": [[-0.0009975148423109204, -0.012883258983492851, 3.0]], "h": 3.0}, "mtl": {"face": 0}}, {"geom": {"polygons": [[[[-0.604823355388362, 4.025726491585374], [2.396062831801828, 4.025726491585374], [2.2658120075939223, 3.4390911646187305], [-0.604823355388362, 4.025726491585374]]]], "centroids": [[1.3523504946788307, 3.8301813825964928, 3.0]], "h": 3.0}, "mtl": {"face": 0}}], "featureCount": 2, "startIndex": 0}