{"type": "block", "layer": 0, "block": 0, "features": [{"geom": {"polygons": [[[[-5.35768799771904, -1.1846019364893436], [-5.35768799771904, -1.1819443684071302], [-4.430767008569092, 3.222581470385194], [1.330249958758941, 2.0202209055423737], [5.35768799771904, 1.1796691939234734], [5.35768799771904, 1.176990121603012], [4.43943189343554, -3.222581472247839], [-5.35768799771904, -1.1846019364893436]]]], "centroids": [[0.0009124729549512267, -0.0012580528855323792, 3.0]], "h": 3.0}, "mtl": {"face": 0}}, {"geom": {"polygons": [[[[0.4065078351122793, -5.357687998563051], [0.803618214209564, -3.4550453927367926], [4.247961778979516, -4.139957869425416], [3.9938033682119567, -5.357687998563051], [0.4065078351122793, -5.357687998563051]]]], "centroids": [[2.234354143642122, -4.565066808834672, 3.0]], "h": 3.0}, "mtl": {"face": 0}}, {"geom": {"polygons": [[[[-5.35768799771904, -1.1846019364893436], [-5.35768799771904, -1.1819443684071302], [-4.430767008569092, 3.222581470385194], [1.330249958758941, 2.0202209055423737], [5.35768799771904, 1.1796691939234734], [5.35768799771904, 1.176990121603012], [4.43943189343554, -3.222581472247839], [-5.35768799771904, -1.1846019364893436]]]], "centroids": [[0.0009124729549512267, -0.0012580528855323792, 6.0]], "h": 6.0}, "mtl": {"face": 1}}], "featureCount": 3, "startIndex": 0}