{"type": "block", "layer": 1, "block": 0, "features": [{"geom": {"triangles": {"v": [-5.12268116697669, 6.727309672161937, 3.0, -2.9195561669766903, -8.272690327838063, 3.0, 2.7210688330233097, 7.727309672161937, 3.0, 5.11169383302331, -7.272690327838063, 3.0], "f": [0, 1, 2, 2, 1, 3]}, "centroids": [[-0.04007102845935151, -0.2247542068362236, 3.0]]}, "mtl": 0}], "featureCount": 1, "startIndex": 0}