{"type": "block", "layer": 1, "block": 0, "features": [{"geom": {"triangles": {"v": [-2.3221954431501217, 6.389148231595755, 3.0, -4.525320443150122, -4.610851768404245, 3.0, 4.537179556849878, 5.389148231595755, 3.0, 2.3340545568498783, -6.610851768404245, 3.0], "f": [0, 1, 2, 1, 3, 2]}, "centroids": [[0.004600787797244266, 0.14062435552477837, 3.0]]}, "mtl": 0}], "featureCount": 1, "startIndex": 0}