{"type": "block", "layer": 0, "block": 0, "features": [{"geom": {"polygons": [[[[-7.709189796121791, 0.5652806125581264], [-7.709189796121791, 0.5677537936717272], [-6.243972440890502, 4.7104812897741795], [7.709189796121791, -0.596115056425333], [7.709189796121791, -0.5984548591077328], [6.1600911038403865, -4.710481287911534], [-7.709189796121791, 0.5652806125581264]]]], "centroids": [[-0.019951964204665273, -0.005742549896240234, 3.0]], "h": 3.0}, "mtl": {"face": 0}}], "featureCount": 1, "startIndex": 0}