{"type": "block", "layer": 1, "block": 0, "features": [{"geom": {"triangles": {"v": [15.316386638092808, -3.1438196413218975, 3.0, -10.902363361907192, 6.8561803586781025, 3.0, -11.964863361907192, -0.1438196413218975, 3.0, 12.660136638092808, -10.143819641321898, 3.0], "f": [0, 1, 2, 0, 2, 3]}, "centroids": [[1.2272591271903366, -1.7456636279821396, 3.0]]}, "mtl": 0}], "featureCount": 1, "startIndex": 0}