{"type": "block", "layer": 1, "block": 0, "features": [{"geom": {"triangles": {"v": [7.550624999974389, 3.1970000006258488, 3.0, -6.418125000025611, 5.197000000625849, 3.0, -7.543125000025611, -2.8029999993741512, 3.0, 6.284999999974389, -4.802999999374151, 3.0], "f": [0, 1, 2, 0, 2, 3]}, "centroids": [[-0.037750619841972366, -0.007606334984302521, 3.0]]}, "mtl": 0}], "featureCount": 1, "startIndex": 0}