{"type": "block", "layer": 1, "block": 0, "features": [{"geom": {"triangles": {"v": [6.555417948198738, -1.2692581005394459, 3.0, -4.772707051801262, 10.730741899460554, 3.0, -8.616457051801262, -8.269258100539446, 3.0, 8.617917948198738, 7.730741899460554, 3.0, 1.1335429481987376, -10.269258100539446, 3.0, 4.539792948198738, -11.269258100539446, 3.0], "f": [0, 1, 2, 1, 0, 3, 0, 2, 4, 4, 5, 0]}, "centroids": [[-0.07224774081259966, -0.03648849204182625, 3.0]]}, "mtl": 0}], "featureCount": 1, "startIndex": 0}