{"type": "block", "layer": 0, "block": 0, "features": [{"geom": {"polygons": [[[[-2.5647791860974394, -2.3925244119018316], [-2.003809954272583, 2.974285179749131], [-2.001535449497169, 2.974285179749131], [2.5647791860974394, 2.3688278440386057], [1.9470522621413693, -2.974285179749131], [1.9447121341072489, -2.974285179749131], [-2.5647791860974394, -2.3925244119018316]]]], "centroids": [[-0.01469038674258627, -2.3115426301956177e-05, 3.0]], "h": 3.0}, "mtl": {"face": 0}}], "featureCount": 1, "startIndex": 0}