{"type": "block", "layer": 1, "block": 0, "features": [{"geom": {"triangles": {"v": [-31.108848119562026, 1.6690417565405369, 3.0, -27.671348119562026, -5.330958243459463, 3.0, 6.438026880437974, 6.669041756540537, 3.0, 5.656776880437974, -3.330958243459463, 3.0], "f": [0, 1, 2, 1, 3, 2]}, "centroids": [[-10.973149554280099, -0.10635977052152157, 3.0]]}, "mtl": 0}], "featureCount": 1, "startIndex": 0}