{"type": "block", "layer": 1, "block": 0, "features": [{"geom": {"triangles": {"v": [-6.889135936828097, -4.624305719509721, 3.0, -7.451635936828097, -9.62430571950972, 3.0, 5.251489063171903, -10.62430571950972, 3.0, -6.045385936828097, 5.375694280490279, 3.0, 7.657739063171903, 15.37569428049028, 3.0, -5.545385936828097, 10.37569428049028, 3.0, -4.967260936828097, 16.37569428049028, 3.0], "f": [0, 1, 2, 3, 0, 2, 4, 3, 2, 4, 5, 3, 6, 5, 4]}, "centroids": [[0.11648811178747565, 2.833129968494177, 3.0]]}, "mtl": 0}], "featureCount": 1, "startIndex": 0}