{"type": "block", "layer": 0, "block": 0, "features": [{"geom": {"polygons": [[[[-5.5063937309605535, -1.7981489766389132], [-5.5063937309605535, -1.7947149313986301], [-4.592954066582024, 3.728487091138959], [5.5063937309605535, 1.8646674118936062], [5.5063937309605535, 1.8607807122170925], [4.693205599178327, -3.728487091138959], [-5.5063937309605535, -1.7981489766389132]]]], "centroids": [[0.03136488696327433, 0.010404357686638832, 3.0]], "h": 3.0}, "mtl": {"face": 0}}, {"geom": {"polygons": [[[[4.693205599265639, -3.728487091138959], [5.5063937309605535, 1.8607807122170925], [5.5063937309605535, -3.8823880422860384], [4.693205599265639, -3.728487091138959]]]], "centroids": [[5.235331020376179, -1.9166981410235167, 3.0]], "h": 3.0}, "mtl": {"face": 0}}, {"geom": {"polygons": [[[[4.693205599265639, -3.728487091138959], [5.5063937309605535, 1.8607807122170925], [5.5063937309605535, -3.8823880422860384], [4.693205599265639, -3.728487091138959]]]], "centroids": [[5.235331020376179, -1.9166981410235167, 6.0]], "h": 6.0}, "mtl": {"face": 1}}], "featureCount": 3, "startIndex": 0}