{"type": "block", "layer": 1, "block": 0, "features": [{"geom": {"triangles": {"v": [-6.8228499999968335, -1.5972596369683743, 3.0, -7.8697249999968335, -8.597259636968374, 3.0, 3.5677750000031665, -13.597259636968374, 3.0, 6.8334000000031665, 3.4027403630316257, 3.0, -5.4947249999968335, 5.402740363031626, 3.0], "f": [0, 1, 2, 0, 2, 3, 4, 0, 3]}, "centroids": [[-0.6019652741379105, -3.149057598784566, 3.0]]}, "mtl": 0}], "featureCount": 1, "startIndex": 0}