{"type": "block", "layer": 1, "block": 0, "features": [{"geom": {"triangles": {"v": [-4.39453378028702, -0.4440347645431757, 3.0, 1.73046621971298, -4.444034764543176, 3.0, 6.65234121971298, 16.555965235456824, 3.0, 12.74609121971298, 12.555965235456824, 3.0], "f": [0, 1, 2, 2, 1, 3]}, "centroids": [[4.178401000826852, 6.391763770952821, 3.0]]}, "mtl": 0}], "featureCount": 1, "startIndex": 0}