{"type": "block", "layer": 0, "block": 0, "features": [{"geom": {"polygons": [[[[-4.867030227091163, -6.0965292789042], [0.8976372155011632, 7.74934340082109], [0.8998213495942764, 7.74934340082109], [4.867030227091163, 6.097613647580147], [-0.8980886986828409, -7.74934340082109], [-0.9002714004891459, -7.74934340082109], [-4.867030227091163, -6.0965292789042]]]], "centroids": [[-8.696966688148677e-05, 0.0002603065222501755, 3.0]], "h": 3.0}, "mtl": {"face": 0}}, {"geom": {"polygons": [[[[-7.749343400239013, -7.74934340082109], [-7.749343400239013, -5.870566772297025], [-3.240273882780457, -7.74934340082109], [-7.749343400239013, -7.74934340082109]]]], "centroids": [[-6.2463202277431265, -7.123084524646401, 3.0]], "h": 3.0}, "mtl": {"face": 0}}, {"geom": {"polygons": [[[[-4.867030227091163, -6.0965292789042], [0.8976372155011632, 7.74934340082109], [0.8998213495942764, 7.74934340082109], [4.867030227091163, 6.097613647580147], [-0.8980886986828409, -7.74934340082109], [-0.9002714004891459, -7.74934340082109], [-4.867030227091163, -6.0965292789042]]]], "centroids": [[-8.696966688148677e-05, 0.0002603065222501755, 6.0]], "h": 6.0}, "mtl": {"face": 1}}], "featureCount": 3, "startIndex": 0}