{"type": "block", "layer": 1, "block": 0, "features": [{"geom": {"triangles": {"v": [-10.778624810074689, -9.673017788678408, 3.0, -10.341124810074689, -9.673017788678408, 3.0, -1.9348748100746889, 11.326982211321592, 3.0, -2.887999810074689, -12.673017788678408, 3.0, 6.018250189925311, 9.326982211321592, 3.0, -1.6536248100746889, 11.326982211321592, 3.0], "f": [0, 1, 2, 1, 3, 2, 2, 3, 4, 5, 2, 4]}, "centroids": [[-2.352731931838207, -0.5121553465723991, 3.0]]}, "mtl": 0}], "featureCount": 1, "startIndex": 0}