{"type": "block", "layer": 0, "block": 0, "features": [{"geom": {"polygons": [[[[-6.334366499824682, 0.5181975234299898], [-6.334366499824682, 0.5192625429481268], [1.8964948221691884, 5.222099415957928], [6.334366499824682, -1.2291785068809986], [6.334366499824682, -1.2304367423057556], [-1.161999999807449, -5.222099415957928], [-6.334366499824682, 0.5181975234299898]]]], "centroids": [[0.16053488329635002, -0.10689659602940083, 3.0]], "h": 3.0}, "mtl": {"face": 0}}, {"geom": {"polygons": [[[[-6.334366499824682, -0.40831903368234634], [-6.334366499824682, 0.5192625429481268], [1.8964948224893305, 5.222099415957928], [6.334366499824682, -1.2291785050183535], [6.334366499824682, -1.2304367441684008], [-1.161999999487307, -5.222099415957928], [-1.6209999998682179, -5.428099416196346], [-6.334366499824682, -0.40831903368234634]]]], "centroids": [[-0.06823449570219964, -0.23984401114284992, 6.0]], "h": 6.0}, "mtl": {"face": 1}}], "featureCount": 2, "startIndex": 0}