{"type": "block", "layer": 0, "block": 0, "features": [{"geom": {"polygons": [[[[-6.369411078543635, -2.645527947694063], [-6.369411078543635, -2.6423276718705893], [-4.702048083214322, 5.335624406114221], [6.369411078543635, 2.974625675007701], [6.369411078543635, 2.9704612400382757], [6.103951916913502, 1.291624404489994], [4.878148138697725, -5.335624406114221], [-6.369411078543635, -2.645527947694063]]]], "centroids": [[0.0819451259158086, 0.06048080883920193, 3.0]], "h": 3.0}, "mtl": {"face": 0}}, {"geom": {"polygons": [[[[-0.20508142784819938, -6.369411079213023], [-0.1287753713550046, -5.960035122931004], [2.933288882195484, -6.369411079213023], [-0.20508142784819938, -6.369411079213023]]]], "centroids": [[0.8664773610071279, -6.232952428981662, 3.0]], "h": 3.0}, "mtl": {"face": 0}}, {"geom": {"polygons": [[[[-6.369411078543635, -2.645527947694063], [-6.369411078543635, 1.0545428302139044], [-5.446048083133064, 5.472624406218529], [-4.702048082253896, 5.335624406114221], [6.369411078543635, 2.974625675007701], [6.369411078543635, 2.9704612400382757], [6.103951916913502, 1.291624404489994], [5.018951916921651, -4.574375594034791], [4.878148138697725, -5.335624406114221], [-6.369411078543635, -2.645527947694063]]]], "centroids": [[-0.19558715436141938, 0.16374878399074078, 6.0]], "h": 6.0}, "mtl": {"face": 1}}, {"geom": {"polygons": [[[[-6.369411078543635, -2.645527947694063], [-6.369411078543635, -2.6423276718705893], [-4.702048083214322, 5.335624406114221], [6.369411078543635, 2.974625675007701], [6.369411078543635, 2.9704612400382757], [6.103951916913502, 1.291624404489994], [4.878148138697725, -5.335624406114221], [-6.369411078543635, -2.645527947694063]]]], "centroids": [[0.0819451259158086, 0.06048080883920193, 0.0]], "h": 0.0}, "mtl": {"face": 2}}], "featureCount": 4, "startIndex": 0}