{"type": "block", "layer": 1, "block": 0, "features": [{"geom": {"triangles": {"v": [-15.629675415228121, 2.4163593724370003, 3.0, -16.30155041522812, -0.5836406275629997, 3.0, 2.948449584771879, -4.583640627563, 3.0, 4.682824584771879, 2.4163593724370003, 3.0, -14.567175415228121, 7.416359372437, 3.0], "f": [0, 1, 2, 0, 2, 3, 4, 0, 3]}, "centroids": [[-5.839353418938117, 1.330071434378624, 3.0]]}, "mtl": 0}], "featureCount": 1, "startIndex": 0}