{"type": "block", "layer": 0, "block": 0, "features": [{"geom": {"polygons": [[[[-4.407242411369225, -2.202550755813718], [-0.08361382962903008, 4.8146753422915936], [-0.08250760778901167, 4.8146753422915936], [4.407242411369225, 2.1441561076790094], [-0.14091543620452285, -4.8146753422915936], [-0.14201638856320642, -4.8146753422915936], [-4.407242411369225, -2.202550755813718]]]], "centroids": [[-0.03725453338120133, 0.008806651458144188, 3.0]], "h": 3.0}, "mtl": {"face": 0}}], "featureCount": 1, "startIndex": 0}