{"type": "block", "layer": 1, "block": 0, "features": [{"geom": {"triangles": {"v": [-14.808788443391677, 14.003053240478039, 3.0, -19.199413443391677, 7.003053240478039, 3.0, -0.136913443391677, -4.996946759521961, 3.0, 4.409961556608323, 2.003053240478039, 3.0], "f": [0, 1, 2, 0, 2, 3]}, "centroids": [[-7.379833455226617, 4.406152684241533, 3.0]]}, "mtl": 0}], "featureCount": 1, "startIndex": 0}