{"type": "block", "layer": 1, "block": 0, "features": [{"geom": {"triangles": {"v": [-8.969829852692783, 4.39671934582293, 3.0, -10.141704852692783, -0.6032806541770697, 3.0, 14.842670147307217, -0.6032806541770697, 3.0, 13.733295147307217, -5.60328065417707, 3.0], "f": [0, 1, 2, 1, 3, 2]}, "centroids": [[2.3520211254653987, -0.5141514744609594, 3.0]]}, "mtl": 0}], "featureCount": 1, "startIndex": 0}