{"type": "block", "layer": 0, "block": 0, "features": [{"geom": {"polygons": [[[[-3.472351889591664, -2.4504418186843395], [0.900384795764694, 3.708187324926257], [0.9010498347051907, 3.708187324926257], [3.472351889591664, 1.3344605285674334], [0.2753369547717739, -2.1203926634043455], [-2.6548791303648613, -3.708187324926257], [-2.655804297653958, -3.708187324926257], [-3.472351889591664, -2.4504418186843395]]]], "centroids": [[-0.017652824317337945, -0.09109547547996044, 3.0]], "h": 3.0}, "mtl": {"face": 0}}, {"geom": {"polygons": [[[[-3.472351889591664, -2.4504418186843395], [0.900384795764694, 3.708187324926257], [0.9010498347051907, 3.708187324926257], [3.472351889591664, 1.3344605285674334], [0.2753369547717739, -2.1203926634043455], [-2.6548791303648613, -3.708187324926257], [-2.655804297653958, -3.708187324926257], [-3.472351889591664, -2.4504418186843395]]]], "centroids": [[-0.017652824317337945, -0.09109547547996044, 6.0]], "h": 6.0}, "mtl": {"face": 1}}], "featureCount": 2, "startIndex": 0}