{"type": "block", "layer": 1, "block": 0, "features": [{"geom": {"triangles": {"v": [-3.807636280922452, 2.7779330536723137, 3.0, -5.776386280922452, -5.222066946327686, 3.0, 13.598613719077548, -10.222066946327686, 3.0, 15.442363719077548, -2.2220669463276863, 3.0], "f": [0, 1, 2, 0, 2, 3]}, "centroids": [[4.825771206029458, -3.713815163820982, 3.0]]}, "mtl": 0}], "featureCount": 1, "startIndex": 0}