{"type": "block", "layer": 1, "block": 0, "features": [{"geom": {"triangles": {"v": [-6.850956947397208, 14.590499341487885, 3.0, -9.257206947397208, -4.4095006585121155, 3.0, 58.43029305260279, -10.409500658512115, 3.0, 69.66466805260279, 7.5904993414878845, 3.0, 67.94591805260279, -10.409500658512115, 3.0], "f": [0, 1, 2, 3, 0, 2, 3, 2, 4]}, "centroids": [[30.143992302793777, 1.9063767418265343, 3.0]]}, "mtl": 0}], "featureCount": 1, "startIndex": 0}