{"type": "block", "layer": 1, "block": 0, "features": [{"geom": {"triangles": {"v": [1.074154898582492, 2.5417035799473524, 3.0, -15.597720101417508, 1.5417035799473524, 3.0, -17.113345101417508, -5.458296420052648, 3.0, -14.691470101417508, 5.541703579947352, 3.0, 6.527279898582492, -10.458296420052648, 3.0, 9.136654898582492, 0.5417035799473524, 3.0, 11.417904898582492, 0.5417035799473524, 3.0, 8.730404898582492, -13.458296420052648, 3.0, 6.199154898582492, -12.458296420052648, 3.0], "f": [0, 1, 2, 3, 1, 0, 4, 0, 2, 5, 0, 4, 5, 4, 6, 4, 7, 6, 4, 8, 7]}, "centroids": [[-2.6225169267563615, -2.898724749684334, 3.0]]}, "mtl": 0}], "featureCount": 1, "startIndex": 0}