{"type": "block", "layer": 0, "block": 0, "features": [{"geom": {"polygons": [[[[-2.6909417621791363, -2.4037469886243343], [-1.5936764391954057, 3.24425764195621], [-1.5919517744914629, 3.24425764195621], [2.69094176220824, 2.4079595543444157], [1.7478262791992165, -2.077744932845235], [1.4736390566104092, -3.24425764195621], [1.4719558118958957, -3.24425764195621], [-2.6909417621791363, -2.4037469886243343]]]], "centroids": [[-0.02051619256963022, 0.01091880165040493, 3.0]], "h": 3.0}, "mtl": {"face": 0}}, {"geom": {"polygons": [[[[-2.6909417621791363, -2.4037469886243343], [-1.5936764391954057, 3.24425764195621], [-1.5919517744914629, 3.24425764195621], [2.69094176220824, 2.4079595543444157], [1.7478262791992165, -2.077744932845235], [1.4736390566104092, -3.24425764195621], [1.4719558118958957, -3.24425764195621], [-2.6909417621791363, -2.4037469886243343]]]], "centroids": [[-0.02051619256963022, 0.01091880165040493, 6.0]], "h": 6.0}, "mtl": {"face": 1}}], "featureCount": 2, "startIndex": 0}