{"type": "block", "layer": 0, "block": 0, "features": [{"geom": {"polygons": [[[[-6.801838268642314, -4.141346696764231], [-6.801838268642314, -4.134301172569394], [-6.034146290709032, 4.141634471714497], [6.801838268642314, 2.950943436473608], [6.801838268642314, 2.9441436529159546], [6.661489479709417, 1.5542379040271044], [-6.801838268642314, -4.141346696764231]]]], "centroids": [[-1.403148819343187, 0.8596676867455244, 3.0]], "h": 3.0}, "mtl": {"face": 0}}, {"geom": {"polygons": [[[[-6.801838268642314, -5.13539364002645], [-6.801838268642314, -4.141346696764231], [6.661489479709417, 1.5542379040271044], [6.368518519971985, -1.347119664773345], [6.061518519971287, -1.4701196644455194], [-6.801838268642314, -5.13539364002645]]]], "centroids": [[0.9209210584522225, -1.8964946568012238, 3.0]], "h": 3.0}, "mtl": {"face": 0}}], "featureCount": 2, "startIndex": 0}