{"type": "block", "layer": 1, "block": 0, "features": [{"geom": {"triangles": {"v": [-4.638749997713603, -1.467799061909318, 3.0, -6.732499997713603, -8.467799061909318, 3.0, 0.5956250022863969, -12.467799061909318, 3.0, 4.626875002286397, 2.532200938090682, 3.0, -2.669999997713603, 5.532200938090682, 3.0], "f": [0, 1, 2, 0, 2, 3, 4, 0, 3]}, "centroids": [[-1.03402007202385, -3.407263310626149, 3.0]]}, "mtl": 0}], "featureCount": 1, "startIndex": 0}