{"type": "block", "layer": 1, "block": 0, "features": [{"geom": {"triangles": {"v": [-10.023769492807332, -11.728535499423742, 3.0, -10.664394492807332, -12.728535499423742, 3.0, -1.8518944928073324, -19.728535499423742, 3.0, 1.4137305071926676, -12.728535499423742, 3.0, 3.9449805071926676, -5.728535499423742, 3.0, -3.5550194928073324, 3.2714645005762577, 3.0, 4.741855507192668, -3.7285354994237423, 3.0, 5.304355507192668, -0.7285354994237423, 3.0, -4.320644492807332, 3.2714645005762577, 3.0], "f": [0, 1, 2, 3, 0, 2, 4, 0, 3, 4, 5, 0, 5, 4, 6, 5, 6, 7, 8, 0, 5]}, "centroids": [[-2.5655834664357826, -7.7565732803195715, 3.0]]}, "mtl": 0}], "featureCount": 1, "startIndex": 0}