{"type": "block", "layer": 1, "block": 0, "features": [{"geom": {"triangles": {"v": [-17.726919911976438, 9.456388663500547, 3.0, -19.664419911976438, -0.5436113364994526, 3.0, 5.819955088023562, 4.456388663500547, 3.0, 3.929330088023562, -5.543611336499453, 3.0], "f": [0, 1, 2, 1, 3, 2]}, "centroids": [[-6.924363701429684, 1.8179398030042648, 3.0]]}, "mtl": 0}], "featureCount": 1, "startIndex": 0}