{"type": "block", "layer": 1, "block": 0, "features": [{"geom": {"triangles": {"v": [-24.112710938294185, 7.765070693567395, 3.0, -25.409585938294185, 1.7650706935673952, 3.0, 3.9185390617058147, -4.234929306432605, 3.0, 5.293539061705815, 1.7650706935673952, 3.0, -23.690835938294185, 9.765070693567395, 3.0], "f": [0, 1, 2, 3, 0, 2, 4, 0, 3]}, "centroids": [[-10.263854251476005, 2.398802012205124, 3.0]]}, "mtl": 0}], "featureCount": 1, "startIndex": 0}