{"type": "block", "layer": 0, "block": 0, "features": [{"geom": {"polygons": [[[[-5.3775920312909875, -3.0304694399237633], [-5.3775920312909875, -3.0287327505648136], [-2.820229845412541, 4.367711775004864], [5.3775920312909875, 1.5440073050558567], [5.3775920312909875, 1.5423063542693853], [4.016128117655171, -2.2946699764579535], [-0.043485477566719055, -0.8542082849889994], [-1.4089961256540846, -4.367711775004864], [-5.3775920312909875, -3.0304694399237633]]]], "centroids": [[-0.44083074884838425, 0.11391826346516609, 3.0]], "h": 3.0}, "mtl": {"face": 0}}, {"geom": {"polygons": [[[[4.016128117538756, -2.2946699764579535], [5.3775920312909875, 1.5423063542693853], [5.3775920312909875, -2.7777545265853405], [4.016128117538756, -2.2946699764579535]]]], "centroids": [[4.923770726658404, -1.1767060495913029, 3.0]], "h": 3.0}, "mtl": {"face": 0}}, {"geom": {"polygons": [[[[-5.3775920312909875, -3.030469436198473], [-5.3775920312909875, -3.0287327505648136], [-2.8202298437827267, 4.367711778730154], [5.3775920312909875, 1.5440073050558567], [5.3775920312909875, 1.5423063542693853], [4.016128118702909, -2.294669972732663], [-0.04348547593690455, -0.8542082812637091], [-1.40899612402427, -4.367711771279573], [-5.3775920312909875, -3.030469436198473]]]], "centroids": [[-0.4408307486155536, 0.11391826346516609, 6.0]], "h": 6.0}, "mtl": {"face": 1}}], "featureCount": 3, "startIndex": 0}