{"type": "block", "layer": 1, "block": 0, "features": [{"geom": {"triangles": {"v": [-2.813754843780771, 4.156711779534817, 3.0, -5.376254843780771, -2.8432882204651833, 3.0, 21.10812015621923, -3.8432882204651833, 3.0, 19.09249515621923, -10.843288220465183, 3.0], "f": [0, 1, 2, 1, 3, 2]}, "centroids": [[7.950948603567667, -3.4499664921313524, 3.0]]}, "mtl": 0}], "featureCount": 1, "startIndex": 0}