{"type": "block", "layer": 0, "block": 0, "features": [{"geom": {"polygons": [[[[-6.501201714359922, -2.8014990892261267], [-6.501201714359922, -2.797038283199072], [-5.400928771356121, 4.586572298780084], [6.501201714359922, 2.8579078875482082], [6.501201714359922, 2.8534257728606462], [5.436851899255998, -4.329186545684934], [5.390137353533646, -4.586572298780084], [-6.501201714359922, -2.8014990892261267]]]], "centroids": [[0.006878856220282614, 0.012409087270498276, 3.0]], "h": 3.0}, "mtl": {"face": 0}}, {"geom": {"polygons": [[[[-6.501201714359922, -2.8014990892261267], [-6.501201714359922, -2.797038283199072], [-5.400928771356121, 4.586572298780084], [6.501201714359922, 2.8579078875482082], [6.501201714359922, -0.744340168312192], [6.429688472038833, -1.2837521340698004], [6.501201714359922, -1.2904047071933746], [6.501201714359922, -2.487245848402381], [6.185024271631846, -4.688388805836439], [5.390137353533646, -4.586572298780084], [-6.501201714359922, -2.8014990892261267]]]], "centroids": [[0.2539389459998347, -0.06875178590416908, 6.0]], "h": 6.0}, "mtl": {"face": 1}}, {"geom": {"polygons": [[[[-5.854887643188704, 1.540186807513237], [-5.400928771356121, 4.586572298780084], [6.501201714359922, 2.8579078875482082], [6.501201714359922, -0.744340168312192], [6.429688472038833, -1.2837521340698004], [6.501201714359922, -1.2904047071933746], [6.501201714359922, -4.335123114287853], [6.455815727968002, -4.708267990499735], [6.185024271631846, -4.688388805836439], [5.390137353533646, -4.586572298780084], [0.7544725275656674, -3.890687584877014], [1.3925237658550031, 0.45184589736163616], [-5.854887643188704, 1.540186807513237]]]], "centroids": [[1.7408264382975176, 0.48281511664390564, 9.0]], "h": 9.0}, "mtl": {"face": 2}}], "featureCount": 3, "startIndex": 0}