{"type": "block", "layer": 1, "block": 0, "features": [{"geom": {"triangles": {"v": [5.434476899245055, -4.07418654486537, 3.0, -8.409273100754945, 4.92581345513463, 3.0, -10.190523100754945, -6.07418654486537, 3.0, 6.496976899245055, 2.92581345513463, 3.0, 4.621976899245055, -9.07418654486537, 3.0], "f": [0, 1, 2, 1, 0, 3, 0, 2, 4]}, "centroids": [[-1.8187546496046707, -1.855782737955451, 3.0]]}, "mtl": 0}], "featureCount": 1, "startIndex": 0}