{"type": "block", "layer": 1, "block": 0, "features": [{"geom": {"triangles": {"v": [-0.7908032739069313, 7.953745460137725, 3.0, -2.8845532739069313, -2.046254539862275, 3.0, 16.70919672609307, -6.046254539862275, 3.0, 18.72482172609307, 3.953745460137725, 3.0], "f": [0, 1, 2, 0, 2, 3]}, "centroids": [[7.92729029597831, 1.292164035141468, 3.0]]}, "mtl": 0}], "featureCount": 1, "startIndex": 0}