{"type": "block", "layer": 1, "block": 0, "features": [{"geom": {"triangles": {"v": [-3.8853772537840996, 6.141085885465145, 3.0, -5.9478772537841, -3.858914114534855, 3.0, 3.8489977462159004, -5.858914114534855, 3.0, 5.9427477462159, 4.141085885465145, 3.0], "f": [0, 1, 2, 0, 2, 3]}, "centroids": [[-0.007245935179525986, 0.008664645254611969, 3.0]]}, "mtl": 0}], "featureCount": 1, "startIndex": 0}