{"type": "block", "layer": 0, "block": 0, "features": [{"geom": {"polygons": [[[[-5.4849877255328465, -3.456388344988227], [-5.4849877255328465, -3.4530115947127342], [-4.087045955384383, 4.939266808331013], [5.4849877255328465, 3.48022797703743], [5.4849877255328465, 3.476426037028432], [4.2434460233780555, -4.939266808331013], [-5.4849877255328465, -3.456388344988227]]]], "centroids": [[0.037316963862394914, -0.005394378677010536, 3.0]], "h": 3.0}, "mtl": {"face": 0}}, {"geom": {"polygons": [[[[-5.4849877255328465, -3.456388344988227], [-5.4849877255328465, -3.4530115947127342], [-4.087045955384383, 4.939266808331013], [5.4849877255328465, 3.48022797703743], [5.4849877255328465, 3.476426037028432], [4.2434460233780555, -4.939266808331013], [-5.4849877255328465, -3.456388344988227]]]], "centroids": [[0.037316963862394914, -0.005394378677010536, 6.0]], "h": 6.0}, "mtl": {"face": 1}}], "featureCount": 2, "startIndex": 0}