{"type": "block", "layer": 1, "block": 0, "features": [{"geom": {"triangles": {"v": [-3.330939274688717, 6.563850669190288, 3.0, -5.565314274688717, -3.4361493308097124, 3.0, 8.153435725311283, 4.563850669190288, 3.0, 15.669060725311283, -8.436149330809712, 3.0, 16.856560725311283, -2.4361493308097124, 3.0, 17.903435725311283, 2.5638506691902876, 3.0], "f": [0, 1, 2, 2, 1, 3, 2, 3, 4, 2, 4, 5]}, "centroids": [[6.185296822921373, -0.47205837070941925, 3.0]]}, "mtl": 0}], "featureCount": 1, "startIndex": 0}