{"type": "block", "layer": 1, "block": 0, "features": [{"geom": {"triangles": {"v": [-8.171979921753518, -6.604986807331443, 3.0, -1.5469799217535183, -9.604986807331443, 3.0, 1.8905200782464817, 10.395013192668557, 3.0, 8.124895078246482, 6.395013192668557, 3.0], "f": [0, 1, 2, 2, 1, 3]}, "centroids": [[0.046729307709028944, 0.06729844398796558, 3.0]]}, "mtl": 0}], "featureCount": 1, "startIndex": 0}