{"type": "block", "layer": 0, "block": 0, "features": [{"geom": {"polygons": [[[[-6.437809136114083, 2.7688069455325603], [-6.437809136114083, 6.437809135764837], [-5.624016915739048, 6.437809135764837], [-4.391485313739395, 6.082212494686246], [-4.284693155583227, 6.437809135764837], [-2.996163791453, 6.437809135764837], [-4.2663373771938495, 2.085322877392173], [-6.437809136114083, 2.7688069455325603]]]], "centroids": [[-4.969286628620466, 4.525117572396994, 3.0]], "h": 3.0}, "mtl": {"face": 0}}, {"geom": {"polygons": [[[[-5.857565177080687, -3.3673154152929783], [-2.996163791453, 6.437809135764837], [-2.993465295556234, 6.437809135764837], [1.7254987304331735, 5.227624827995896], [0.40125228540273383, 0.08023119904100895], [5.857565177051583, -1.384429631754756], [4.205587368836859, -6.437809135764837], [4.203267256409163, -6.437809135764837], [-5.857565177080687, -3.3673154152929783]]]], "centroids": [[-0.43685965827899054, -0.5991422291845083, 6.0]], "h": 6.0}, "mtl": {"face": 1}}, {"geom": {"polygons": [[[[-5.857565177080687, -3.3673154152929783], [-2.996163791453, 6.437809135764837], [-2.993465295556234, 6.437809135764837], [1.7254987304331735, 5.227624827995896], [0.40125228540273383, 0.08023119904100895], [5.857565177051583, -1.384429631754756], [4.205587368836859, -6.437809135764837], [4.203267256409163, -6.437809135764837], [-5.857565177080687, -3.3673154152929783]]]], "centroids": [[-0.43685965827899054, -0.5991422291845083, 3.0]], "h": 3.0}, "mtl": {"face": 0}}, {"geom": {"polygons": [[[[-6.437809136114083, 2.7688069455325603], [-6.437809136114083, 6.437809135764837], [-5.624016915739048, 6.437809135764837], [-4.391485313739395, 6.082212494686246], [-4.284693155612331, 6.437809135764837], [-2.996163791453, 6.437809135764837], [-4.2663373771938495, 2.085322877392173], [-6.437809136114083, 2.7688069455325603]]]], "centroids": [[-4.96928662864957, 4.5251175705343485, 6.0]], "h": 6.0}, "mtl": {"face": 1}}], "featureCount": 4, "startIndex": 0}