{"type": "block", "layer": 1, "block": 0, "features": [{"geom": {"triangles": {"v": [-2.9988762695575133, 6.309624828398228, 3.0, -8.998876269557513, 5.309624828398228, 3.0, -13.014501269557513, -0.6903751716017723, 3.0, -7.936376269557513, 8.309624828398228, 3.0, -2.9363762695575133, 6.309624828398228, 3.0, 1.7198737304424867, 5.309624828398228, 3.0, 13.016748730442487, -8.690375171601772, 3.0, 16.001123730442487, 0.3096248283982277, 3.0], "f": [0, 1, 2, 3, 1, 0, 3, 0, 4, 5, 0, 2, 5, 2, 6, 5, 6, 7]}, "centroids": [[2.0262733756389935, -0.4532688520848751, 3.0]]}, "mtl": 0}], "featureCount": 1, "startIndex": 0}