{"type": "block", "layer": 0, "block": 0, "features": [{"geom": {"polygons": [[[[-11.314369009429356, 2.090196954086423], [-11.314369009429356, 2.0935028176754713], [-9.48049941577483, 6.677999982610345], [11.314369009429356, -2.0915227960795164], [11.314369009429356, -2.0948294810950756], [9.481500562978908, -6.677999982610345], [-11.314369009429356, 2.090196954086423]]]], "centroids": [[-0.000317860278300941, -0.00010056421160697937, 3.0]], "h": 3.0}, "mtl": {"face": 0}}, {"geom": {"polygons": [[[[-11.314369009429356, 2.090196954086423], [-11.314369009429356, 2.0935028176754713], [-9.48049941577483, 6.677999982610345], [11.314369009429356, -2.0915227960795164], [11.314369009429356, -2.0948294810950756], [9.481500562978908, -6.677999982610345], [-11.314369009429356, 2.090196954086423]]]], "centroids": [[-0.000317860278300941, -0.00010056421160697937, 6.0]], "h": 6.0}, "mtl": {"face": 1}}, {"geom": {"polygons": [[[[-11.314369009429356, 4.562374111264944], [-11.314369009429356, 7.440800163894892], [-10.333803181507392, 7.032932672649622], [-11.314369009429356, 4.562374111264944]]]], "centroids": [[-10.987513733416563, 6.3453689850866795, 3.0]], "h": 3.0}, "mtl": {"face": 0}}], "featureCount": 3, "startIndex": 0}