{"type": "block", "layer": 0, "block": 0, "features": [{"geom": {"polygons": [[[[-5.245189752342412, -2.852709259837866], [-5.245189752342412, -2.847248187288642], [-4.603745447297115, 3.7714277636259794], [-1.1447078284691088, 3.4361975751817226], [-1.2522680097608827, 2.2030675504356623], [5.245189752342412, 1.6363246105611324], [5.245189752342412, 1.6308332178741693], [4.7247966889699455, -3.7714277654886246], [-5.245189752342412, -2.852709259837866]]]], "centroids": [[-0.2128344586235471, -0.3524751476943493, 3.0]], "h": 3.0}, "mtl": {"face": 0}}, {"geom": {"polygons": [[[[-4.469963632553117, 5.1518414206802845], [-4.460916844924213, 5.245189752429724], [-3.037503673840547, 5.245189752429724], [-3.061887188407127, 5.015378687530756], [-4.469963632553117, 5.1518414206802845]]]], "centroids": [[-3.6578845491458196, 5.1596073023974895, 3.0]], "h": 3.0}, "mtl": {"face": 0}}, {"geom": {"polygons": [[[[-5.245189752342412, -3.331608608365059], [-5.245189752342412, -2.847248189151287], [-4.603745446831454, 3.7714277636259794], [-1.1447078280034475, 3.4361975751817226], [-1.2522680092952214, 2.2030675504356623], [5.245189752342412, 1.6363246105611324], [5.245189752342412, 1.630833212286234], [4.679914738080697, -4.2373525239527225], [-5.245189752342412, -3.331608608365059]]]], "centroids": [[-0.218362031475408, -0.590906472876668, 6.0]], "h": 6.0}, "mtl": {"face": 1}}], "featureCount": 3, "startIndex": 0}