{"type": "block", "layer": 1, "block": 0, "features": [{"geom": {"triangles": {"v": [-4.100494162761606, -6.510316599160433, 3.0, -4.787994162761606, -11.510316599160433, 3.0, 4.743255837238394, -13.510316599160433, 3.0, 2.8526308372383937, 2.489683400839567, 3.0, -1.1942441627616063, 3.489683400839567, 3.0, 7.087005837238394, 2.489683400839567, 3.0], "f": [0, 1, 2, 3, 0, 2, 4, 0, 3, 5, 3, 2]}, "centroids": [[1.307820316258585, -5.136475382372737, 3.0]]}, "mtl": 0}], "featureCount": 1, "startIndex": 0}