{"type": "block", "layer": 0, "block": 0, "features": [{"geom": {"polygons": [[[[-3.23872649911209, -0.5197567325085402], [-3.23872649911209, -0.5190580692142248], [-0.5611295933485962, 3.1146105770021677], [3.23872649911209, 1.2046525571495295], [3.23872649911209, 1.2040571589022875], [0.005093466170364991, -3.1146105751395226], [-3.23872649911209, -0.5197567325085402]]]], "centroids": [[-0.08472922508371994, 0.14094186946749687, 3.0]], "h": 3.0}, "mtl": {"face": 0}}, {"geom": {"polygons": [[[[-0.5611295932030771, 3.1146105770021677], [-0.4696703986846842, 3.2387264985591173], [3.23872649911209, 3.2387264985591173], [3.23872649911209, 1.2046525571495295], [-0.5611295932030771, 3.1146105770021677]]]], "centroids": [[1.902633621939458, 2.5574368070811033, 3.0]], "h": 3.0}, "mtl": {"face": 0}}], "featureCount": 2, "startIndex": 0}