{"type": "block", "layer": 1, "block": 0, "features": [{"geom": {"triangles": {"v": [-1.1639755737560336, 19.23033856973052, 3.0, -5.2264755737560336, -0.7696614302694798, 3.0, 4.4297744262439664, -2.7696614302694798, 3.0, 8.648524426243966, 17.23033856973052, 3.0], "f": [0, 1, 2, 0, 2, 3]}, "centroids": [[1.6827307019557338, 8.028472770005465, 3.0]]}, "mtl": 0}], "featureCount": 1, "startIndex": 0}