{"type": "block", "layer": 0, "block": 0, "features": [{"geom": {"polygons": [[[[-4.289578497351613, 1.1356256362050772], [-4.289578497351613, 1.1365186143666506], [-2.682034451077925, 2.500627787783742], [-1.2494295107026119, 0.8763230908662081], [1.8797307749919128, 3.479163832962513], [4.289578497351613, 0.20853092335164547], [4.289578497351613, 0.20762165449559689], [-0.5467391361598857, -3.479163832962513], [-4.289578497351613, 1.1356256362050772]]]], "centroids": [[0.13379133798298426, 0.11614822037518024, 3.0]], "h": 3.0}, "mtl": {"face": 0}}], "featureCount": 1, "startIndex": 0}