{"type": "block", "layer": 1, "block": 0, "features": [{"geom": {"triangles": {"v": [6.114126942586154, 0.42903176322579384, 3.0, -13.276498057413846, 6.429031763225794, 3.0, -15.698373057413846, -4.570968236774206, 3.0, 7.754751942586154, 8.429031763225794, 3.0, 4.129751942586154, -8.570968236774206, 3.0], "f": [0, 1, 2, 1, 0, 3, 0, 2, 4]}, "centroids": [[-3.541659079841338, 0.3630508277565241, 3.0]]}, "mtl": 0}], "featureCount": 1, "startIndex": 0}