{"type": "block", "layer": 1, "block": 0, "features": [{"geom": {"triangles": {"v": [-1.5780448240693659, 5.813670091331005, 3.0, -3.624919824069366, -4.186329908668995, 3.0, 15.875080175930634, -8.186329908668995, 3.0, 18.140705175930634, 0.8136700913310051, 3.0], "f": [0, 1, 2, 0, 2, 3]}, "centroids": [[7.191234353085747, -1.5247690379619598, 3.0]]}, "mtl": 0}], "featureCount": 1, "startIndex": 0}