{"type": "block", "layer": 1, "block": 0, "features": [{"geom": {"triangles": {"v": [-21.25656773443916, 7.674062734469771, 3.0, -22.38156773443916, 1.6740627344697714, 3.0, 2.774682265560841, 1.6740627344697714, 3.0, 2.837182265560841, 2.6740627344697714, 3.0, 1.6028072655608412, -3.3259372655302286, 3.0], "f": [0, 1, 2, 0, 2, 3, 1, 4, 2]}, "centroids": [[-9.865578075376106, 2.147688616067171, 3.0]]}, "mtl": 0}], "featureCount": 1, "startIndex": 0}