{"type": "block", "layer": 1, "block": 0, "features": [{"geom": {"triangles": {"v": [-7.978093716898002, 3.05500896461308, 3.0, -8.462468716898002, -2.94499103538692, 3.0, 12.021906283101998, 1.05500896461308, 3.0, 11.475031283101998, -4.94499103538692, 3.0], "f": [0, 1, 2, 1, 3, 2]}, "centroids": [[1.7634041721466929, -0.6908570565283298, 3.0]]}, "mtl": 0}], "featureCount": 1, "startIndex": 0}