{"type": "block", "layer": 1, "block": 0, "features": [{"geom": {"triangles": {"v": [-3.46243109065108, 7.709215812385082, 3.0, -5.49368109065108, -1.2907841876149178, 3.0, 14.17819390934892, -5.290784187614918, 3.0, 16.19381890934892, 4.709215812385082, 3.0], "f": [0, 1, 2, 0, 2, 3]}, "centroids": [[5.3699218218098395, 1.4014392886310816, 3.0]]}, "mtl": 0}], "featureCount": 1, "startIndex": 0}