{"type": "block", "layer": 0, "block": 0, "features": [{"geom": {"polygons": [[[[-8.105572553729871, -3.084850199520588], [-8.105572553729871, -3.080504558980465], [-7.353283192060189, 0.7913233079016209], [-5.050683192064753, 0.3443233072757721], [-3.8022678179549985, 6.117791339755058], [8.105572553729871, 3.6164737083017826], [8.105572553729871, 3.6124387569725513], [6.064597960386891, -6.117791341617703], [-8.105572553729871, -3.084850199520588]]]], "centroids": [[0.5800692539196461, -0.08710264600813389, 3.0]], "h": 3.0}, "mtl": {"face": 0}}, {"geom": {"polygons": [[[[-8.105572553729871, -3.084850199520588], [-8.105572553729871, -3.080504558980465], [-7.353283192060189, 0.7913233079016209], [-5.050683192064753, 0.3443233072757721], [-3.8022678179549985, 6.117791339755058], [8.105572553729871, 3.6164737083017826], [8.105572553729871, 3.6124387569725513], [6.064597960386891, -6.117791341617703], [-8.105572553729871, -3.084850199520588]]]], "centroids": [[0.5800692539196461, -0.08710264600813389, 6.0]], "h": 6.0}, "mtl": {"face": 1}}], "featureCount": 2, "startIndex": 0}