{"type": "block", "layer": 0, "block": 0, "features": [{"geom": {"polygons": [[[[2.243905741284834, -3.128843093290925], [2.9406913346610963, 0.6277331337332726], [3.1797099875693675, 0.5737762544304132], [3.1797099875693675, -3.1797099877148867], [2.465332554100314, -3.1797099877148867], [2.243905741284834, -3.128843093290925]]]], "centroids": [[2.849224945559399, -1.6569719780236483, 3.0]], "h": 3.0}, "mtl": {"face": 0}}, {"geom": {"polygons": [[[[-3.1797099875693675, -1.8829122856259346], [-3.1797099875693675, -1.8812912236899137], [-2.15049386388273, 3.128843093290925], [3.1797099875693675, 1.918139722198248], [3.1797099875693675, 1.9163530431687832], [2.2439057413721457, -3.128843093290925], [-3.1797099875693675, -1.8829122856259346]]]], "centroids": [[0.02307520734029822, 0.0010532978922128677, 3.0]], "h": 3.0}, "mtl": {"face": 0}}], "featureCount": 2, "startIndex": 0}