{"type": "block", "layer": 1, "block": 0, "features": [{"geom": {"triangles": {"v": [-1.5769029903458431, 6.202160768210888, 3.0, -3.186277990345843, -1.797839231789112, 3.0, 13.594972009654157, -5.797839231789112, 3.0, 18.094972009654157, 1.202160768210888, 3.0, 14.110597009654157, -5.797839231789112, 3.0, 16.391847009654157, -6.797839231789112, 3.0], "f": [0, 1, 2, 3, 0, 2, 4, 3, 2, 3, 4, 5]}, "centroids": [[7.439883362210821, -0.21216042712330818, 3.0]]}, "mtl": 0}], "featureCount": 1, "startIndex": 0}