{"type": "block", "layer": 0, "block": 0, "features": [{"geom": {"polygons": [[[[-6.669680213293759, -0.8770569991320372], [-6.669680213293759, -0.8740782663226128], [-5.6501713242032565, 3.4598757699131966], [6.669680213293759, 0.7860649544745684], [6.669680213293759, 0.783750394359231], [5.365110167040257, -3.4598757680505514], [-6.669680213293759, -0.8770569991320372]]]], "centroids": [[-0.07552073692204431, -0.012735100463032722, 3.0]], "h": 3.0}, "mtl": {"face": 0}}, {"geom": {"polygons": [[[[1.06383163027931, -6.669680213555694], [2.265684298647102, -2.7946996353566647], [5.365110167040257, -3.4598757680505514], [4.378356250730576, -6.669680213555694], [1.06383163027931, -6.669680213555694]]]], "centroids": [[3.217725041031372, -4.894129632040858, 3.0]], "h": 3.0}, "mtl": {"face": 0}}], "featureCount": 2, "startIndex": 0}