{"type": "block", "layer": 1, "block": 0, "features": [{"geom": {"triangles": {"v": [-8.841078012483194, -10.097168765962124, 3.0, -8.466078012483194, -10.097168765962124, 3.0, -5.6535780124831945, 3.902831234037876, 3.0, 2.3932969875168055, -13.097168765962124, 3.0, 6.6745469875168055, 0.9028312340378761, 3.0], "f": [0, 1, 2, 2, 1, 3, 2, 3, 4]}, "centroids": [[-1.2921256499248557, -4.666078418493271, 3.0]]}, "mtl": 0}], "featureCount": 1, "startIndex": 0}