{"type": "block", "layer": 0, "block": 0, "features": [{"geom": {"polygons": [[[[-4.233267050527502, -4.098684936761856], [-0.9763265035871882, 5.851742126047611], [-0.9743569169077091, 5.851742126047611], [4.233267050498398, 4.137672642245889], [3.865018380136462, 2.9727568048983812], [2.281805309088668, -2.035570802167058], [1.0754520517366473, -5.851742126047611], [1.0734954671934247, -5.851742126047611], [-4.233267050527502, -4.098684936761856]]]], "centroids": [[0.019901636871509254, -0.006287148222327232, 3.0]], "h": 3.0}, "mtl": {"face": 0}}, {"geom": {"polygons": [[[[-4.233267050527502, -4.098684936761856], [-0.9763265035871882, 5.851742126047611], [-0.9743569169077091, 5.851742126047611], [4.233267050498398, 4.137672642245889], [2.281805309088668, -2.035570802167058], [1.0754520517366473, -5.851742126047611], [1.0734954671934247, -5.851742126047611], [-4.233267050527502, -4.098684936761856]]]], "centroids": [[0.019901636958820745, -0.006287148222327232, 6.0]], "h": 6.0}, "mtl": {"face": 1}}, {"geom": {"polygons": [[[[-5.851742125232704, -2.9762070178985596], [-5.851742125232704, 0.6138234604150057], [-4.779148616013117, 0.3007221519947052], [-5.851742125232704, -2.9762070178985596]]]], "centroids": [[-5.49421095548314, -0.6872204691171646, 3.0]], "h": 3.0}, "mtl": {"face": 0}}], "featureCount": 3, "startIndex": 0}