{"type": "block", "layer": 1, "block": 0, "features": [{"geom": {"triangles": {"v": [-19.093982949503697, 11.944672642275691, 3.0, -22.859607949503697, 1.944672642275691, 3.0, -17.859607949503697, -0.05532735772430897, 3.0, -13.203357949503697, -1.055327357724309, 3.0, -1.8752329495036975, 5.944672642275691, 3.0, 1.0778920504963025, -6.055327357724309, 3.0, 4.2341420504963025, 3.944672642275691, 3.0, -17.922107949503697, -0.05532735772430897, 3.0], "f": [0, 1, 2, 0, 2, 3, 0, 3, 4, 4, 3, 5, 6, 4, 5, 2, 7, 3]}, "centroids": [[-9.191480702342233, 2.9989139288663864, 3.0]]}, "mtl": 0}], "featureCount": 1, "startIndex": 0}