{"type": "block", "layer": 0, "block": 0, "features": [{"geom": {"polygons": [[[[-3.647823913168395, -3.2213398441672325], [-1.933922797034029, 4.392220890149474], [-1.9316634563729167, 4.392220890149474], [3.6478239131974988, 3.2577952221035957], [2.043912177614402, -4.392220890149474], [2.041685613890877, -4.392220890149474], [-3.647823913168395, -3.2213398441672325]]]], "centroids": [[0.025552130420692265, -0.003793591633439064, 3.0]], "h": 3.0}, "mtl": {"face": 0}}, {"geom": {"polygons": [[[[-3.647823913168395, -3.2213398441672325], [-1.933922797034029, 4.392220890149474], [-1.9316634563729167, 4.392220890149474], [3.6478239131974988, 3.2577952221035957], [2.043912177614402, -4.392220890149474], [2.041685613890877, -4.392220890149474], [-3.647823913168395, -3.2213398441672325]]]], "centroids": [[0.025552130420692265, -0.003793591633439064, 6.0]], "h": 6.0}, "mtl": {"face": 1}}], "featureCount": 2, "startIndex": 0}