{"type": "block", "layer": 1, "block": 0, "features": [{"geom": {"triangles": {"v": [-12.547057915624464, 6.887764547020197, 3.0, -14.297057915624464, -1.112235452979803, 3.0, 6.749817084375536, 2.887764547020197, 3.0, 5.156067084375536, -5.112235452979803, 3.0], "f": [0, 1, 2, 1, 3, 2]}, "centroids": [[-3.7259574600611813, 1.0706185698509216, 3.0]]}, "mtl": 0}], "featureCount": 1, "startIndex": 0}