{"type": "block", "layer": 0, "block": 0, "features": [{"geom": {"polygons": [[[[-5.372821627679514, -3.405635040253401], [-5.372821627679514, -3.4030095990747213], [-3.6893582495686132, 4.437487673014402], [5.372821627679514, 2.4070578012615442], [5.372821627679514, 2.404501188546419], [4.3969538058154285, -2.019972888752818], [-0.11089895325130783, -1.0099643673747778], [-0.860406790568959, -4.437487673014402], [-5.372821627679514, -3.405635040253401]]]], "centroids": [[-0.503891197469784, 0.2563975974917412, 6.0]], "h": 6.0}, "mtl": {"face": 0}}, {"geom": {"polygons": [[[[-5.372821627679514, -3.405635040253401], [-5.372821627679514, -3.4030095990747213], [-3.6893582495686132, 4.437487673014402], [5.372821627679514, 2.4070578012615442], [5.372821627679514, 2.404501188546419], [4.3969538058154285, -2.019972888752818], [-0.11089895325130783, -1.0099643673747778], [-0.860406790568959, -4.437487673014402], [-5.372821627679514, -3.405635040253401]]]], "centroids": [[-0.503891197469784, 0.2563975974917412, 3.0]], "h": 3.0}, "mtl": {"face": 1}}], "featureCount": 2, "startIndex": 0}