{"type": "block", "layer": 0, "block": 0, "features": [{"geom": {"polygons": [[[[-4.257952570624184, -1.8097444847226143], [-2.483305510308128, 4.2936743795871735], [-2.482129825395532, 4.2936743795871735], [4.257952570624184, 1.5394071098417044], [1.5528135289787315, -4.2936743795871735], [1.551610055641504, -4.2936743795871735], [-4.257952570624184, -1.8097444847226143]]]], "centroids": [[-0.1971569748420734, -0.0006028730422258377, 3.0]], "h": 3.0}, "mtl": {"face": 0}}], "featureCount": 1, "startIndex": 0}