{"type": "block", "layer": 1, "block": 0, "features": [{"geom": {"triangles": {"v": [-13.47890601598192, 9.142389122396708, 3.0, -15.24453101598192, 0.14238912239670753, 3.0, -9.02578101598192, 7.1423891223967075, 3.0, -11.43203101598192, -1.8576108776032925, 3.0, -8.82265601598192, -2.8576108776032925, 3.0, 4.25546898401808, 1.1423891223967075, 3.0, -1.02578101598192, -9.857610877603292, 3.0], "f": [0, 1, 2, 1, 3, 2, 2, 3, 4, 2, 4, 5, 4, 6, 5]}, "centroids": [[-5.6993066492141224, 0.20837796479463577, 3.0]]}, "mtl": 0}], "featureCount": 1, "startIndex": 0}